symbol,as_of,close,score,state,edge_context,expansion_signal,hv20_pctile,atr14_pctile,bb_width_pctile,sma_spread_pctile,tr_contraction,volume_contraction,coil_width_pctile,nr7,prior_10d_high,prior_10d_low,latest_tr_vs_prev5_median,atr14_current_pct,range_20d_pct,return_20d_pct,return_60d_pct,sma50_distance_pct,max_abs_gap_20d_pct,max_abs_gap_60d_pct,days_since_10pct_gap,avg_dollar_volume_20d,prebreakout_pivot,distance_to_pivot_pct,prior_structure_high,distance_above_prior_structure_pct,rs_63d_vs_spy_pct,rs_percentile,prebreakout_eligible,rejection_reasons,bars
BWIN,2026-10-01,31.77,89.35,COILED,NEAR_UPPER_EDGE,NONE,9.92,0.4,23.41,12.3,True,True,0.4,False,32.1,31.7,1.455,1.98,15.63,2.45,18.24,4.83,7.39,7.39,71,170457011.34,32.705,-2.86,32.59,-2.52,8.99,84.0,True,,753
PI,2026-10-01,183.87,88.83,COILED,NEAR_UPPER_EDGE,NONE,0.4,0.4,1.19,4.76,False,False,0.4,False,186.66,172.4,1.477,4.02,13.86,5.04,28.45,9.57,3.37,7.67,106,71576705.59,186.66,-1.49,185.0,-0.61,27.04,94.0,True,,753
GSAT,2026-10-01,82.88,86.29,COILED,NEAR_UPPER_EDGE,NONE,8.73,0.4,3.17,7.54,False,False,0.79,False,83.18,81.95,0.881,0.79,2.38,1.74,3.79,0.91,0.96,1.42,125,45897039.7,83.18,-0.36,84.85,-2.32,0.26,72.0,True,,753
AI,2026-10-01,11.11,84.37,COILED,NEAR_UPPER_EDGE,NONE,12.7,7.54,3.17,1.19,False,False,5.16,False,11.12,10.2,1.273,4.56,11.84,5.61,25.4,9.21,2.49,3.23,150,54371263.15,11.375,-2.33,11.82,-6.01,19.79,91.0,True,,753
NHC,2026-10-01,223.35,84.23,COILED,NEAR_LOWER_EDGE,NONE,7.14,18.65,0.4,1.59,False,False,1.98,False,228.7642,219.0633,0.927,2.8,6.73,3.07,5.78,0.01,1.42,4.78,999,23691309.86,229.4023,-2.64,238.5748,-6.38,-0.28,70.0,True,,753
CLH,2026-10-01,312.51,83.27,COILED,NEAR_LOWER_EDGE,NONE,1.59,3.57,5.56,28.57,False,False,1.98,False,322.27,308.47,1.158,1.87,5.63,-0.86,3.84,-0.66,1.03,8.99,231,118140820.31,325.92,-4.11,335.94,-6.97,4.48,78.0,True,,753
SRCE,2026-10-01,85.94,82.82,COILED,NEAR_UPPER_EDGE,NONE,9.13,4.76,8.33,13.89,False,False,4.37,False,86.49,84.16,2.88,1.71,6.0,-0.15,7.28,-1.08,0.95,3.17,999,9131824.9,88.14,-2.5,91.24,-5.81,2.38,75.0,True,,753
BXSL,2026-10-01,23.92,82.36,COILED,NEAR_LOWER_EDGE,NONE,6.75,7.54,7.54,3.97,False,False,17.86,False,24.7222,23.4725,1.224,1.64,5.35,0.05,6.85,1.3,0.68,2.36,999,33979170.53,24.7222,-3.24,24.4509,-2.17,1.04,73.0,True,,753
JOE,2026-10-01,65.16,82.19,COILED,INSIDE_COIL,NONE,18.65,11.51,7.54,11.9,False,True,9.92,False,66.83,63.15,1.159,2.36,6.02,-0.4,9.66,-0.8,1.82,3.36,999,19302308.47,67.0,-2.75,72.2023,-9.75,3.66,77.0,True,,753
GABC,2026-10-01,48.8,82.18,COILED,NEAR_LOWER_EDGE,NONE,0.4,15.08,5.16,12.7,False,False,11.9,False,49.99,48.15,1.235,1.89,5.94,-1.57,5.44,-1.9,0.94,1.88,999,6895802.33,50.51,-3.39,51.9094,-5.99,0.32,72.0,True,,753
VRNS,2026-10-01,47.45,81.63,COILED,INSIDE_COIL,NONE,8.73,19.44,2.38,5.95,False,False,9.13,False,48.79,44.62,0.891,4.05,9.73,1.48,5.28,6.4,2.66,4.45,107,86968673.41,48.79,-2.75,49.54,-4.22,7.88,83.0,True,,753
NBBK,2026-10-01,22.27,81.13,COILED,NEAR_LOWER_EDGE,NONE,0.4,3.57,1.98,32.54,False,False,18.65,False,23.165,22.03,1.597,2.09,6.96,-1.46,9.5,-1.57,1.68,4.74,111,6273607.47,23.25,-4.22,23.3995,-4.83,2.83,75.0,True,,692
AMAL,2026-10-01,47.84,80.97,COILED,NEAR_UPPER_EDGE,NONE,17.06,18.25,5.95,0.4,False,False,4.76,False,48.78,46.23,1.938,2.29,9.32,-0.62,6.58,-1.68,1.15,3.28,999,14774322.77,50.2,-4.7,51.59,-7.27,1.43,74.0,True,,753
MAIN,2026-10-01,55.66,80.95,COILED,INSIDE_COIL,NONE,10.32,7.14,8.73,15.48,False,False,9.92,False,57.4218,54.37,1.413,1.75,6.82,-2.86,10.64,-1.13,1.23,1.23,999,26349127.33,58.1679,-4.31,59.0193,-5.69,6.42,81.0,True,,753
QCRH,2026-10-01,99.26,80.95,COILED,NEAR_LOWER_EDGE,NONE,0.4,2.78,13.49,29.76,False,False,8.33,False,102.2477,97.62,1.887,2.04,7.22,-1.97,5.17,-2.4,1.09,2.44,999,10699720.5,103.7056,-4.29,107.9492,-8.05,0.02,71.0,True,,753
AMN,2026-10-01,35.86,80.62,COILED,NEAR_UPPER_EDGE,NONE,2.78,0.79,9.13,35.71,False,False,9.92,False,36.24,33.41,1.162,3.39,12.19,7.43,11.78,4.99,1.91,3.57,100,21444073.69,36.24,-1.05,37.22,-3.65,0.36,72.0,True,,753
ELPC,2026-10-01,12.37,80.44,COILED,INSIDE_COIL,NONE,3.57,16.27,2.38,20.24,False,False,13.89,False,12.74,11.96,1.16,2.32,6.75,1.06,7.85,5.43,3.29,3.82,999,6249237.94,12.795,-3.32,13.4948,-8.34,3.71,77.0,True,,691
FAST,2026-10-01,50.23,80.28,COILED,INSIDE_COIL,NONE,1.98,12.7,4.76,10.32,False,False,28.57,False,51.41,48.53,1.381,1.95,7.13,4.8,8.59,0.91,1.22,1.81,999,347677335.45,51.41,-2.3,52.92,-5.08,1.09,73.0,True,,753
HNGE,2026-10-01,97.94,80.12,COILED,NEAR_UPPER_EDGE,NONE,8.33,11.11,15.87,21.43,False,False,10.71,True,98.41,89.75,0.546,4.22,12.43,6.63,10.67,11.18,2.53,3.73,160,169282534.97,98.41,-0.48,95.57,2.48,13.69,88.0,True,,342
WSM,2026-10-01,233.39,80.08,COILED,NEAR_UPPER_EDGE,NONE,9.13,10.71,4.76,21.83,False,False,11.51,False,234.33,217.55,1.576,2.93,7.56,5.26,7.26,0.0,2.04,4.58,375,263106830.42,234.33,-0.4,254.89,-8.44,0.08,71.0,True,,753
CACI,2026-10-01,627.06,79.58,COILED,INSIDE_COIL,NONE,19.05,20.24,3.57,7.94,False,False,4.37,False,642.01,602.66,2.198,2.93,6.93,2.08,26.99,3.4,1.34,6.66,999,160951722.21,646.12,-2.95,683.39,-8.24,21.87,92.0,True,,753
GGG,2026-10-01,77.76,79.05,COILED,NEAR_UPPER_EDGE,NONE,6.75,11.51,11.51,25.0,False,False,8.33,False,78.72,75.68,1.055,1.74,4.73,0.13,6.61,-1.96,1.46,2.91,999,119000503.26,78.72,-1.22,88.5183,-12.15,0.93,73.0,True,,753
SKY,2026-10-01,87.48,79.03,COILED,INSIDE_COIL,NONE,16.67,13.1,7.54,14.29,False,False,9.13,False,90.02,83.02,2.181,3.39,11.02,1.65,10.5,0.25,2.66,4.16,339,45366947.62,90.02,-2.82,96.59,-9.43,-0.22,70.0,True,,753
NVDA,2026-10-01,230.86,78.81,COILED,NEAR_UPPER_EDGE,NONE,0.79,1.98,22.22,36.9,False,False,4.37,False,233.21,217.15,0.8,2.52,11.07,2.99,13.23,6.09,3.23,6.3,422,24586894091.86,234.4976,-1.55,236.0006,-2.18,15.79,90.0,True,,753
ARCC,2026-10-01,19.16,78.53,COILED,NEAR_LOWER_EDGE,NONE,11.9,12.7,9.52,15.48,False,False,15.48,False,19.83,18.95,1.2,1.37,4.59,-1.92,6.83,-0.17,0.7,0.7,999,93291748.87,19.83,-3.38,19.7396,-2.94,2.0,74.0,True,,753
ONC,2026-10-01,358.77,78.51,COILED,INSIDE_COIL,NONE,13.49,9.52,10.32,15.87,False,False,16.27,False,376.5,348.76,1.269,2.65,11.02,-0.83,18.85,1.73,2.73,4.75,640,141174708.04,376.5,-4.71,380.0,-5.59,17.7,91.0,True,,753
VAC,2026-10-01,103.12,78.21,COILED,INSIDE_COIL,NONE,33.33,24.6,0.4,13.49,False,True,20.63,True,107.82,96.8,0.667,3.88,10.69,3.92,10.45,-2.41,2.27,8.88,150,44104921.98,107.82,-4.36,130.3012,-20.86,0.85,73.0,True,,753
VLTO,2026-10-01,94.6,78.13,COILED,NEAR_LOWER_EDGE,NONE,28.97,20.63,1.98,0.79,False,False,9.52,False,97.4438,93.8486,0.973,1.82,6.68,-2.55,3.26,-1.84,1.88,3.1,999,168899012.76,99.1165,-4.56,102.1125,-7.36,-0.48,70.0,True,,751
TBBB,2026-10-01,52.2,77.98,COILED,INSIDE_COIL,NONE,2.38,3.57,13.1,44.05,False,False,10.71,False,54.0,50.23,0.953,3.11,9.14,5.78,27.32,9.37,1.03,8.16,999,32783314.79,54.0,-3.33,51.62,1.12,21.24,92.0,True,,663
LQDT,2026-10-01,43.64,77.58,COILED,NEAR_UPPER_EDGE,NONE,13.1,9.92,17.06,23.81,False,False,5.56,False,43.98,42.1,2.132,2.67,11.71,10.79,15.11,4.82,1.23,6.55,215,9833556.2,43.98,-0.77,44.09,-1.02,10.93,86.0,True,,753
PK,2026-10-01,15.42,77.34,COILED,NEAR_UPPER_EDGE,NONE,0.79,2.38,8.33,50.4,False,False,18.65,False,15.6496,14.5919,0.856,2.5,8.2,0.72,13.89,2.85,1.36,2.02,999,47711370.95,15.6496,-1.47,15.9399,-3.26,5.85,80.0,True,,753
DRH,2026-10-01,12.51,77.2,COILED,NEAR_UPPER_EDGE,NONE,0.4,18.25,8.73,42.06,False,False,6.75,False,12.588,11.9933,1.281,2.18,6.73,2.7,8.34,0.77,1.15,3.28,999,38272556.43,12.588,-0.62,13.6684,-8.47,1.65,74.0,True,,753
AAMI,2026-10-01,94.06,77.16,COILED,NEAR_UPPER_EDGE,NONE,9.13,40.08,2.78,8.73,False,False,7.54,False,95.89,89.09,1.751,3.49,10.97,4.61,21.67,3.74,2.21,2.8,999,44021928.74,95.89,-1.91,98.413,-4.42,26.0,93.0,True,,753
GILD,2026-10-01,147.5,77.16,COILED,NEAR_LOWER_EDGE,NONE,1.59,9.13,37.3,30.16,False,False,4.76,True,154.2,146.89,0.676,2.3,7.8,-0.86,9.21,3.63,2.66,2.66,999,877707510.35,154.2,-4.35,149.1201,-1.09,10.16,85.0,True,,753
ALLE,2026-10-01,154.28,76.87,COILED,NEAR_UPPER_EDGE,NONE,7.54,32.54,9.52,17.46,False,False,3.97,False,156.62,151.15,1.186,2.1,5.09,-0.16,14.7,-2.28,1.45,8.3,361,162539518.92,158.0088,-2.36,170.2652,-9.39,7.3,82.0,True,,753
PM,2026-10-01,188.18,76.85,COILED,NEAR_LOWER_EDGE,NONE,7.14,37.7,9.92,7.94,False,False,6.75,False,195.22,185.84,1.487,2.38,7.69,0.13,0.59,-0.99,2.16,2.64,414,844922770.96,195.49,-3.74,207.76,-9.42,0.41,72.0,True,,753
CTBI,2026-10-01,75.25,76.81,COILED,INSIDE_COIL,NONE,4.76,20.63,13.49,23.41,False,False,12.7,False,76.96,73.62,2.0,1.95,7.11,-1.45,7.05,-1.47,0.87,2.17,999,8829444.12,78.1803,-3.75,79.191,-4.98,1.55,74.0,True,,753
TSLX,2026-10-01,18.09,76.31,COILED,NEAR_LOWER_EDGE,NONE,11.11,21.03,15.48,18.25,False,False,9.52,False,18.55,17.74,0.857,1.97,7.17,1.74,9.95,1.02,1.32,2.28,999,7823476.6,18.55,-2.48,18.9398,-4.49,4.26,77.0,True,,753
CHEF,2026-10-01,112.56,75.99,COILED,NEAR_UPPER_EDGE,NONE,41.27,19.84,2.38,4.37,False,False,4.37,False,114.57,107.73,0.627,3.25,9.54,-0.77,16.92,2.66,1.89,1.89,606,69869222.57,116.64,-3.5,117.65,-4.33,14.88,89.0,True,,753
AMTB,2026-10-01,29.36,75.65,COILED,INSIDE_COIL,NONE,13.89,35.32,1.98,2.38,False,False,25.0,False,30.24,28.59,1.634,2.7,6.81,0.69,17.76,0.92,1.69,2.9,361,10642543.62,30.24,-2.91,30.5057,-3.76,13.25,88.0,True,,753
GSL,2026-10-01,45.44,75.58,COILED,INSIDE_COIL,NONE,9.52,19.44,7.14,27.78,False,False,20.24,False,46.57,43.25,1.79,2.33,7.31,0.69,15.72,3.59,1.32,1.96,999,13263192.86,46.57,-2.43,45.45,-0.02,18.14,91.0,True,,753
PBR-A,2026-10-01,19.12,75.25,COILED,NEAR_UPPER_EDGE,NONE,19.84,50.4,1.59,2.38,False,False,13.49,True,19.49,18.36,0.717,2.51,7.64,1.65,27.88,10.47,2.9,3.25,643,135902871.6,19.7,-2.94,19.2507,-0.68,33.14,95.0,True,,753
PLUS,2026-10-01,92.89,75.2,COILED,NEAR_UPPER_EDGE,NONE,48.41,9.92,3.17,4.37,False,False,12.3,False,94.04,87.87,1.462,2.8,7.42,6.44,9.06,3.49,1.32,1.66,414,21313621.96,94.32,-1.52,97.8328,-5.05,12.46,87.0,True,,753
OBK,2026-10-01,52.62,75.02,COILED,NEAR_LOWER_EDGE,NONE,0.4,9.92,11.9,35.32,False,False,34.92,False,54.24,51.8,1.692,1.9,7.35,-2.23,4.8,-1.88,1.27,1.5,999,8813665.95,54.95,-4.24,55.316,-4.87,0.07,71.0,True,,753
CMRE,2026-10-01,15.23,75.0,COILED,INSIDE_COIL,NONE,12.7,20.63,8.33,28.17,False,False,16.27,False,15.61,14.41,2.516,2.82,8.6,-1.36,3.36,0.84,1.16,5.51,352,5439282.68,15.72,-3.12,17.7908,-14.39,4.87,78.0,True,,753
OSBC,2026-10-01,24.63,74.38,COMPRESSED,NEAR_LOWER_EDGE,NONE,0.4,15.48,25.0,36.51,False,False,13.1,False,25.34,24.29,1.511,1.94,7.55,-3.53,8.75,-2.31,1.1,1.75,999,12375107.33,25.85,-4.72,26.06,-5.49,3.49,76.0,True,,753
KO,2026-10-01,86.1,74.25,COMPRESSED,NEAR_LOWER_EDGE,NONE,6.35,19.84,9.13,27.78,False,False,30.16,False,89.36,86.07,1.043,1.41,4.77,-1.84,3.85,-1.56,1.94,5.03,999,1359609846.64,89.824,-4.15,91.9414,-6.35,0.11,71.0,True,,753
NMM,2026-10-01,91.65,74.17,COMPRESSED,INSIDE_COIL,NONE,11.11,39.29,0.79,4.76,False,False,32.54,False,95.0,87.25,1.248,2.68,8.46,0.28,20.97,6.47,2.05,3.47,999,17294590.27,95.0,-3.53,91.96,-0.34,23.73,93.0,True,,753
HIMX,2026-10-01,14.45,73.97,COMPRESSED,INSIDE_COIL,NONE,34.52,18.25,14.29,15.08,False,False,2.38,False,14.79,13.46,1.386,4.16,14.46,7.04,-3.02,4.52,6.45,6.45,101,14097447.87,14.92,-3.15,24.656,-41.39,7.05,82.0,True,,753
TS,2026-10-01,55.65,73.67,COMPRESSED,NEAR_LOWER_EDGE,NONE,14.29,44.44,3.57,21.43,False,False,4.37,False,57.05,54.66,1.223,2.23,6.95,-0.59,0.94,0.49,2.1,3.76,654,61098959.4,58.16,-4.32,64.6,-13.85,-0.03,71.0,True,,753
PBR,2026-10-01,20.98,73.31,COMPRESSED,INSIDE_COIL,NONE,32.94,48.02,3.57,3.57,False,False,8.33,True,21.43,20.2,0.644,2.72,8.91,0.58,25.26,8.89,2.68,3.51,643,447423457.35,21.99,-4.59,21.4412,-2.15,31.22,95.0,True,,753
TMP,2026-10-01,97.01,72.26,COMPRESSED,NEAR_LOWER_EDGE,NONE,5.16,42.06,2.78,12.3,False,False,39.29,False,101.0,95.64,1.391,2.41,6.94,-0.56,7.25,-1.42,1.13,4.89,999,11979742.44,101.0,-3.95,102.59,-5.44,0.5,72.0,True,,753
NPK,2026-10-01,150.12,72.02,COMPRESSED,INSIDE_COIL,NONE,21.83,25.4,19.44,17.46,False,False,13.49,False,153.86,142.61,1.49,3.04,9.4,3.75,21.77,4.67,1.2,1.89,999,16864954.45,156.66,-4.17,158.17,-5.09,19.01,91.0,True,,753
WAB,2026-10-01,287.84,71.11,COMPRESSED,INSIDE_COIL,NONE,0.79,15.87,26.59,37.3,False,False,30.95,False,293.95,276.37,1.275,2.07,7.27,2.87,11.25,-0.98,1.81,4.77,999,219985642.25,293.95,-2.08,306.3238,-6.03,7.06,82.0,True,,753
GH,2026-10-01,174.75,71.09,COMPRESSED,INSIDE_COIL,NONE,12.7,9.92,48.41,30.16,False,False,1.19,False,183.51,170.5,1.271,4.23,16.89,7.17,11.9,6.05,2.91,6.66,230,313282829.17,183.51,-4.77,176.58,-1.04,1.2,73.0,True,,753
CBL,2026-10-01,54.37,70.2,COMPRESSED,NEAR_UPPER_EDGE,NONE,4.76,43.65,13.1,19.44,False,False,30.56,False,54.565,50.92,1.052,2.58,8.12,0.94,6.02,-1.22,1.03,1.49,999,14463125.88,55.3323,-1.74,59.7064,-8.94,1.67,74.0,True,,753
IEX,2026-10-01,229.85,70.16,COMPRESSED,NEAR_UPPER_EDGE,NONE,0.79,25.4,20.63,44.44,False,False,25.4,False,233.04,220.77,1.964,2.02,5.92,2.33,5.25,0.11,1.71,5.47,999,135522119.68,233.04,-1.37,243.8,-5.72,0.2,72.0,True,,753
GMAB,2026-10-01,34.55,69.9,COMPRESSED,NEAR_LOWER_EDGE,NONE,16.67,17.46,32.14,45.24,False,False,0.4,False,35.905,34.22,1.713,2.38,10.69,0.98,16.96,6.12,1.76,5.4,999,88949946.3,35.905,-3.77,34.47,0.23,18.33,91.0,True,,753
RS,2026-10-01,393.04,69.72,COMPRESSED,INSIDE_COIL,NONE,28.17,56.35,4.37,9.92,False,False,6.75,False,404.32,381.13,1.897,2.58,6.94,-1.79,3.22,-1.67,1.25,3.25,999,109174720.64,407.64,-3.58,432.62,-9.15,3.13,76.0,True,,753
RDVT,2026-10-01,80.25,69.17,COMPRESSED,NEAR_UPPER_EDGE,NONE,17.06,9.92,17.06,42.86,False,False,37.3,False,80.9,72.44,1.016,3.5,11.68,12.28,21.28,11.49,2.41,6.28,999,15909448.95,80.9,-0.8,76.18,5.34,19.65,91.0,True,,753
HMC,2026-10-01,31.62,68.97,COMPRESSED,NEAR_LOWER_EDGE,NONE,43.65,39.29,7.94,1.59,False,False,17.46,False,33.1,31.6,0.966,1.89,6.51,-2.53,14.03,0.17,3.43,4.68,300,27697342.38,33.11,-4.5,33.45,-5.47,10.01,85.0,True,,753
STNG,2026-10-01,85.79,68.81,COMPRESSED,INSIDE_COIL,NONE,21.43,23.02,18.65,0.4,False,False,56.75,False,90.06,80.0,1.268,3.21,12.61,5.37,11.57,7.11,3.72,3.72,999,98956081.8,90.06,-4.74,86.3706,-0.67,15.34,89.0,True,,753
TSM,2026-10-01,459.2,68.77,COMPRESSED,NEAR_UPPER_EDGE,NONE,3.57,0.4,50.4,62.3,False,False,6.75,False,461.87,423.39,0.582,2.23,12.01,10.81,5.37,8.58,3.98,4.76,422,4393715383.2,461.87,-0.58,477.7184,-3.88,3.22,76.0,True,,753
BIIB,2026-10-01,222.82,68.33,COMPRESSED,INSIDE_COIL,NONE,7.54,1.98,39.29,56.35,False,False,23.02,False,230.49,214.59,1.171,2.49,9.68,0.07,11.21,3.68,2.44,4.16,999,233910327.35,230.49,-3.33,222.85,-0.01,0.27,72.0,True,,753
FRHC,2026-10-01,173.41,67.62,COMPRESSED,INSIDE_COIL,NONE,37.3,13.49,23.02,34.13,False,False,16.67,False,178.0,163.69,1.346,3.52,10.01,2.61,9.19,7.22,1.93,2.15,999,12599378.06,178.0,-2.58,176.19,-1.58,4.07,77.0,True,,753
PARR,2026-10-01,86.21,67.46,COMPRESSED,NEAR_UPPER_EDGE,NONE,11.51,43.65,18.25,11.11,False,False,41.27,False,87.72,74.23,1.432,5.17,15.65,7.55,25.73,8.54,2.72,3.62,102,79667476.27,87.72,-1.72,87.03,-0.94,44.56,97.0,True,,753
PFE,2026-10-01,28.12,66.79,COMPRESSED,INSIDE_COIL,NONE,3.17,2.78,34.52,53.97,False,False,46.83,False,28.95,27.34,1.02,1.77,6.97,-3.1,18.97,3.14,1.51,1.51,999,896295644.53,29.21,-3.73,29.09,-3.33,14.81,89.0,True,,753
ADX,2026-10-01,25.69,66.63,COMPRESSED,NEAR_LOWER_EDGE,NONE,58.73,17.46,26.98,9.13,False,False,9.13,False,26.24,25.59,0.921,1.13,4.24,-0.85,2.53,-0.56,0.99,1.37,999,6392489.47,26.3,-2.32,26.56,-3.28,-0.47,70.0,True,,753
MET,2026-10-01,94.35,66.47,COMPRESSED,NEAR_LOWER_EDGE,NONE,14.68,35.32,5.16,35.71,False,False,47.62,False,98.45,94.12,1.287,2.0,7.46,-2.15,5.37,-2.03,1.26,2.37,999,303440293.42,99.25,-4.94,100.93,-6.52,2.58,75.0,True,,753
SU,2026-10-01,69.1,65.94,COMPRESSED,NEAR_UPPER_EDGE,NONE,61.51,55.95,5.95,3.57,False,True,12.3,False,69.89,65.86,1.393,2.54,8.97,1.69,17.75,3.87,1.72,2.45,999,325455732.92,72.06,-4.11,69.3816,-0.41,23.49,93.0,True,,753
SHEL,2026-10-01,95.61,65.71,COMPRESSED,INSIDE_COIL,NONE,45.24,32.94,18.25,4.76,False,False,28.57,False,97.63,92.47,1.011,1.61,7.32,3.03,17.28,3.68,2.04,2.32,999,605712462.19,99.155,-3.58,94.7,0.96,20.79,92.0,True,,753
RAL,2026-10-01,70.8,65.48,COMPRESSED,NEAR_UPPER_EDGE,NONE,30.95,11.51,50.79,53.97,False,True,5.16,False,71.16,66.02,1.572,3.0,14.55,14.93,3.99,5.71,3.05,4.39,98,96457712.9,71.16,-0.51,75.3506,-6.04,0.82,73.0,True,,320
USA,2026-10-01,5.77,64.9,COMPRESSED,NEAR_LOWER_EDGE,NONE,23.02,3.17,35.32,51.98,False,False,33.33,False,5.93,5.77,1.25,1.01,5.03,-2.7,1.86,-2.42,1.19,1.39,999,6791049.26,6.03,-4.31,6.12,-5.72,-0.45,70.0,True,,753
LTC,2026-10-01,42.67,64.62,COMPRESSED,NEAR_LOWER_EDGE,NONE,42.86,51.59,15.48,13.89,False,False,8.73,False,43.55,41.8736,1.039,1.93,6.82,3.1,10.71,4.03,1.03,2.64,999,27865773.47,43.55,-2.02,42.4182,0.59,7.29,82.0,True,,753
SN,2026-10-01,179.78,64.58,COMPRESSED,INSIDE_COIL,NONE,37.7,29.76,21.83,49.21,False,True,34.52,True,185.0,164.04,0.614,3.58,15.57,2.58,22.73,2.94,1.49,2.24,289,353130777.52,185.0,-2.82,194.54,-7.59,15.86,90.0,True,,753
XOM,2026-10-01,163.82,63.93,COMPRESSED,NEAR_UPPER_EDGE,NONE,45.24,41.67,21.43,9.52,False,False,19.84,False,164.91,155.85,1.083,2.17,8.42,-0.2,16.83,2.35,1.69,3.06,999,2316555839.36,169.64,-3.43,168.64,-2.86,17.44,90.0,True,,753
KSS,2026-10-01,18.92,63.81,COMPRESSED,NEAR_UPPER_EDGE,NONE,31.75,8.33,45.63,30.56,False,False,29.76,False,19.24,16.31,1.326,5.01,17.43,-0.84,19.87,3.89,2.72,5.83,87,68008871.75,19.5081,-3.01,20.412,-7.31,1.88,74.0,True,,753
EXPD,2026-10-01,187.74,63.08,COMPRESSED,INSIDE_COIL,NONE,49.6,30.56,17.86,18.65,False,False,30.16,False,193.55,183.36,1.008,2.06,5.98,0.85,14.22,1.73,1.5,2.2,999,195768076.16,194.59,-3.52,192.28,-2.36,9.2,84.0,True,,753
RVMD,2026-10-01,205.89,62.74,COMPRESSED,INSIDE_COIL,NONE,18.25,31.35,30.16,32.94,False,False,42.46,False,211.51,188.18,1.122,3.67,12.05,-1.6,8.49,1.91,1.33,2.19,108,410844415.51,213.0,-3.34,224.31,-8.21,5.96,80.0,True,,753
CHCO,2026-10-01,141.39,62.38,COMPRESSED,INSIDE_COIL,NONE,17.06,11.9,50.79,50.4,False,False,27.38,False,144.8,138.39,1.757,1.78,6.19,-1.81,8.68,-1.59,0.83,1.34,999,18638106.5,146.45,-3.46,148.99,-5.1,2.7,75.0,True,,753
JOYY,2026-10-01,80.3,61.94,COMPRESSED,NEAR_UPPER_EDGE,NONE,2.78,0.4,71.03,67.06,False,False,21.03,False,80.78,75.5388,0.981,2.22,11.11,9.81,16.5,8.05,2.86,3.5,89,28569464.6,80.78,-0.59,79.3442,1.2,18.89,91.0,True,,753
OFG,2026-10-01,50.69,61.88,COMPRESSED,NEAR_LOWER_EDGE,NONE,5.95,19.84,26.98,51.98,False,False,65.08,False,52.8708,49.8419,2.474,1.87,8.11,-3.16,4.56,-2.56,0.99,3.28,999,14503109.04,53.0893,-4.52,54.0923,-6.29,0.33,72.0,True,,753
BSM,2026-10-01,14.48,61.75,COMPRESSED,NEAR_LOWER_EDGE,NONE,29.37,21.03,26.59,59.52,False,False,26.19,False,14.91,14.26,0.827,1.73,6.49,-3.08,4.49,-1.02,1.05,1.17,999,5627397.68,15.2,-4.74,15.1,-4.11,4.53,78.0,True,,753
ROST,2026-10-01,234.1,61.65,COMPRESSED,INSIDE_COIL,NONE,23.41,45.24,21.03,30.56,False,False,38.89,False,239.73,225.75,1.112,2.05,7.51,1.6,7.73,-1.45,1.01,6.49,340,439005327.73,239.73,-2.35,256.5043,-8.73,7.06,82.0,True,,753
HAS,2026-10-01,89.98,61.63,COMPRESSED,NEAR_UPPER_EDGE,NONE,18.25,46.43,28.97,31.75,False,False,32.54,False,90.74,85.37,2.074,2.65,9.8,-3.76,19.5,-1.86,1.66,3.58,660,155471236.45,94.22,-4.5,98.2,-8.37,10.27,85.0,True,,753
CRVL,2026-10-01,74.72,61.05,COMPRESSED,NEAR_UPPER_EDGE,NONE,11.11,0.4,74.6,76.19,True,False,35.32,False,75.39,69.15,1.063,2.38,14.29,6.15,18.6,10.56,1.64,1.72,999,16469143.76,75.39,-0.89,72.58,2.95,13.66,88.0,True,,753
E,2026-10-01,54.39,61.03,COMPRESSED,INSIDE_COIL,NONE,49.21,46.43,14.68,9.13,False,False,36.9,False,56.23,52.79,0.902,1.87,6.32,-0.33,13.7,0.56,2.18,6.67,999,17979736.57,56.23,-3.27,57.0789,-4.71,14.57,89.0,True,,753
EMR,2026-10-01,158.57,60.91,COMPRESSED,NEAR_UPPER_EDGE,NONE,3.97,24.6,35.32,64.68,False,False,44.05,False,160.29,146.83,1.63,2.42,10.02,6.44,16.58,2.87,2.5,2.5,999,366088572.58,160.29,-1.07,165.7878,-4.35,11.59,87.0,True,,753
ZIM,2026-10-01,29.75,60.81,COMPRESSED,INSIDE_COIL,NONE,15.87,45.24,16.67,26.19,False,False,64.68,False,30.96,27.0,0.713,3.36,13.31,6.17,20.93,7.14,5.63,5.93,157,50215399.69,30.96,-3.91,29.56,0.64,13.51,88.0,True,,753
APH,2026-10-01,85.67,60.69,COMPRESSED,NEAR_UPPER_EDGE,NONE,29.76,26.59,27.38,45.24,False,False,38.49,False,86.22,76.9606,1.378,3.27,12.22,7.2,8.46,5.92,3.24,6.25,170,999261768.84,86.22,-0.64,89.1218,-3.87,1.43,74.0,True,,753
LOGI,2026-10-01,103.32,60.26,COMPRESSED,INSIDE_COIL,NONE,69.44,44.44,22.62,25.0,True,False,24.6,False,106.77,98.4,1.593,2.82,10.53,5.95,7.33,2.82,4.93,8.44,375,72697969.95,106.77,-3.23,127.5409,-18.99,8.91,84.0,True,,753
ABM,2026-10-01,48.46,60.24,COMPRESSED,NEAR_LOWER_EDGE,NONE,73.41,47.22,29.37,12.7,True,False,19.05,False,50.2253,47.651,1.252,2.39,11.32,4.94,9.76,0.8,2.64,2.64,999,28143708.58,50.9808,-4.94,49.4998,-2.1,7.29,82.0,True,,753
TWO-PB,2026-09-29,25.32,98.85,COILED,NEAR_UPPER_EDGE,NONE,0.4,0.4,0.79,5.16,True,True,0.4,True,25.32,25.26,0.0,0.09,0.47,0.52,1.77,0.67,0.12,0.56,999,777748.68,25.32,0.0,25.22,0.4,4.5,78.0,False,EVENT_PRICE_PEG|LOW_LIQUIDITY,751
TWO-PC,2026-09-29,25.39,98.47,COILED,NEAR_UPPER_EDGE,NONE,0.4,0.4,1.19,7.14,True,True,0.4,True,25.39,25.33,0.0,0.08,0.51,0.55,1.86,0.73,0.06,0.51,999,1402983.32,25.39,0.0,25.27,0.47,1.23,73.0,False,EVENT_PRICE_PEG|LOW_LIQUIDITY,751
TWO-PA,2026-09-29,25.3309,98.33,COILED,NEAR_UPPER_EDGE,NONE,0.4,0.4,0.4,8.73,True,True,0.79,True,25.337,25.29,0.0,0.08,0.46,0.44,1.72,0.64,0.04,0.82,999,277655.29,25.337,-0.02,25.23,0.4,3.14,76.0,False,EVENT_PRICE_PEG|LOW_LIQUIDITY,751
PEN,2026-10-01,318.0,95.0,COILED,NEAR_UPPER_EDGE,NONE,7.54,0.4,3.17,3.57,True,True,1.59,False,320.27,316.774,0.824,0.54,2.18,-1.49,0.23,-1.13,0.49,1.01,178,122638573.84,324.55,-2.02,335.2,-5.13,-3.01,63.0,False,WEAK_RS,753
ASST,2026-10-01,30.11,94.71,COILED,INSIDE_COIL,NONE,0.79,1.19,4.37,13.1,True,True,0.4,False,31.95,27.61,1.025,5.99,22.6,23.81,143.02,45.97,6.11,9.49,122,256114185.67,31.95,-5.76,24.68,22.0,126.84,100.0,False,RECENT_SURGE|EXTENDED_60D_RUN|EXTENDED_FROM_SMA50|NOT_NEAR_UNBROKEN_PIVOT|DETACHED_FROM_PRIOR_STRUCTURE,753
PSNL,2026-10-01,16.17,94.35,COILED,NEAR_LOWER_EDGE,NONE,0.4,0.4,0.4,1.19,False,True,1.59,True,16.77,16.0,0.628,3.19,8.87,-3.35,14.6,5.6,2.01,9.42,97,34132035.27,17.35,-6.8,18.89,-14.4,15.89,90.0,False,NOT_NEAR_UNBROKEN_PIVOT,753
CBZ,2026-10-01,54.71,94.23,COILED,NEAR_UPPER_EDGE,NONE,0.4,0.4,0.4,2.38,True,False,1.19,False,54.77,54.59,1.143,0.43,0.8,0.46,48.31,1.69,0.78,16.81,45,57192212.56,54.92,-0.38,55.56,-1.53,52.95,98.0,False,POST_GAP_COIL|EXTENDED_60D_RUN|EVENT_PRICE_PEG,753
ITGR,2026-10-01,126.42,94.03,COILED,NEAR_UPPER_EDGE,NONE,1.19,0.4,1.19,2.38,True,False,0.4,False,126.54,126.16,0.8,0.35,1.13,0.89,38.69,3.26,0.27,3.21,155,103230518.55,126.8,-0.3,126.14,0.22,30.04,94.0,False,EXTENDED_60D_RUN|EVENT_PRICE_PEG,753
UTZ,2026-10-01,14.26,93.83,COILED,NEAR_UPPER_EDGE,NONE,0.4,0.4,4.37,9.52,True,False,4.76,True,14.27,14.167,1.0,0.38,1.07,0.87,82.0,0.91,0.51,88.99,51,22124874.89,14.27,-0.07,14.2069,0.37,70.36,99.0,False,POST_GAP_COIL|EXTENDED_60D_RUN|EVENT_PRICE_PEG,753
LXP,2026-10-01,60.95,93.67,COILED,NEAR_UPPER_EDGE,NONE,0.4,0.4,0.79,6.35,True,False,0.4,False,61.04,60.78,0.667,0.25,0.64,0.36,10.98,0.28,0.28,3.86,999,56913593.23,61.04,-0.15,61.61,-1.07,6.87,81.0,False,EVENT_PRICE_PEG,753
ARX,2026-10-01,19.73,92.68,COILED,NEAR_UPPER_EDGE,NONE,2.78,0.4,0.4,2.78,True,False,7.94,False,19.86,19.51,1.167,0.88,1.98,0.15,50.96,11.81,0.51,44.09,34,38824739.26,19.9,-0.85,19.78,-0.25,40.45,97.0,False,POST_GAP_COIL|EXTENDED_60D_RUN,300
RNW,2026-10-01,6.83,92.25,COILED,NEAR_UPPER_EDGE,NONE,1.19,0.4,0.4,0.79,False,True,1.59,False,6.86,6.83,1.0,0.51,1.01,0.29,9.98,2.62,0.29,10.28,36,11122872.56,6.88,-0.73,6.85,-0.29,9.32,84.0,False,POST_GAP_COIL|EVENT_PRICE_PEG,753
MAA-PI,2026-09-30,50.0,91.73,COILED,NEAR_UPPER_EDGE,NONE,1.19,1.19,0.4,2.78,False,True,1.98,False,50.595,49.91,4.196,0.72,1.59,0.18,-6.76,-2.09,1.09,4.72,999,177770.72,50.595,-1.18,54.4428,-8.16,-8.62,48.0,False,LOW_LIQUIDITY|WEAK_RS,752
ATKR,2026-10-01,94.77,91.71,COILED,NEAR_UPPER_EDGE,NONE,4.37,0.4,5.16,5.56,True,False,3.17,False,94.805,94.32,0.75,0.41,1.26,1.3,37.99,4.07,0.27,28.02,42,73815650.33,94.805,-0.04,93.96,0.86,34.58,96.0,False,POST_GAP_COIL|EXTENDED_60D_RUN|EVENT_PRICE_PEG,753
DD,2026-10-01,129.2,91.15,COILED,NEAR_LOWER_EDGE,NONE,6.75,3.97,3.17,6.35,True,False,0.79,False,132.22,127.77,1.2,2.02,8.97,-2.81,-5.26,-4.5,1.57,7.85,374,148853074.21,134.42,-3.88,153.6318,-15.9,-10.08,43.0,False,BELOW_SMA50|WEAK_RS,753
RGC,2026-10-01,6.33,90.88,COILED,NEAR_UPPER_EDGE,NONE,12.3,1.19,13.49,11.11,True,True,0.4,False,6.4,5.6,1.36,6.47,34.28,0.32,-2.47,9.36,3.64,3.64,182,1001792.87,7.65,-17.25,37.99,-83.34,-3.46,62.0,False,NOT_NEAR_UNBROKEN_PIVOT|LOW_LIQUIDITY|WEAK_RS,753
HTFL,2026-10-01,48.91,90.84,COILED,INSIDE_COIL,NONE,3.97,0.79,0.4,3.57,False,True,3.97,False,52.221,46.78,1.224,4.72,13.93,-2.18,87.04,17.64,2.36,25.96,33,96106027.6,52.221,-6.34,51.19,-4.45,72.06,99.0,False,POST_GAP_COIL|EXTENDED_60D_RUN|EXTENDED_FROM_SMA50|NOT_NEAR_UNBROKEN_PIVOT,288
BF-A,2026-10-01,26.59,90.56,COILED,NEAR_LOWER_EDGE,NONE,0.4,8.73,0.4,1.59,False,True,1.98,False,27.35,26.07,1.0,2.59,7.63,-3.97,1.71,-3.71,1.33,2.92,332,4927118.61,28.1749,-5.63,30.6193,-13.16,-2.64,64.0,False,BELOW_SMA50|NOT_NEAR_UNBROKEN_PIVOT|LOW_LIQUIDITY|WEAK_RS,753
SYM,2026-10-01,43.17,90.14,COILED,INSIDE_COIL,NONE,4.76,0.79,0.4,8.73,False,True,2.38,False,45.636,41.3,1.833,4.11,13.06,8.28,3.55,2.66,3.87,6.26,206,71250380.4,45.636,-5.4,67.078,-35.64,-1.83,66.0,False,NOT_NEAR_UNBROKEN_PIVOT|WEAK_RS,753
WMK,2026-10-01,72.62,89.94,COILED,NEAR_LOWER_EDGE,NONE,2.78,2.38,3.17,11.51,True,False,11.11,False,75.32,71.41,1.116,2.21,8.07,3.17,-8.01,-0.06,1.4,1.83,999,16278256.31,75.32,-3.58,83.3519,-12.88,-11.75,38.0,False,WEAK_RS,753
RGTI,2026-10-01,15.62,89.88,COILED,INSIDE_COIL,NONE,0.4,0.79,0.79,5.95,False,False,5.56,True,17.66,15.09,0.574,5.87,20.81,5.04,-7.68,-3.18,7.8,7.8,91,267926344.7,17.66,-11.55,28.06,-44.33,-15.77,28.0,False,BELOW_SMA50|NOT_NEAR_UNBROKEN_PIVOT|WEAK_RS,753
BF-B,2026-10-01,25.97,89.57,COILED,NEAR_LOWER_EDGE,NONE,2.38,7.54,3.97,2.38,False,True,1.98,False,26.87,25.55,1.017,2.72,7.93,-4.34,1.59,-4.23,1.83,3.28,332,65502967.34,27.6745,-6.16,30.7087,-15.43,-2.72,63.0,False,BELOW_SMA50|NOT_NEAR_UNBROKEN_PIVOT|WEAK_RS,753
CRWV,2026-10-01,88.57,89.33,COILED,INSIDE_COIL,NONE,8.33,0.4,7.54,1.59,False,True,1.19,False,91.123,78.27,0.935,5.91,29.72,9.44,-1.59,2.36,7.12,20.35,35,2637049520.01,104.59,-15.32,138.25,-35.93,5.52,79.0,False,POST_GAP_COIL|NOT_NEAR_UNBROKEN_PIVOT,380
ONDS,2026-10-01,7.12,88.97,COILED,NEAR_LOWER_EDGE,NONE,0.4,2.78,0.79,0.4,False,False,1.19,False,7.98,7.18,0.803,5.93,14.04,-6.44,-5.32,-11.12,3.75,8.09,96,462808561.09,7.98,-10.78,14.16,-49.72,-6.75,53.0,False,BELOW_SMA50|NOT_NEAR_UNBROKEN_PIVOT|WEAK_RS,753
GHM,2026-10-01,86.9,88.97,COILED,INSIDE_COIL,NONE,0.4,1.98,0.4,0.79,False,False,2.38,False,90.2,81.97,0.98,4.16,9.98,4.42,-18.52,-8.46,4.66,4.66,80,13914481.83,90.64,-4.13,125.82,-30.93,-27.54,9.0,False,BELOW_SMA50|WEAK_RS,753
SNDK,2026-10-01,1787.6899,88.93,COILED,INSIDE_COIL,NONE,3.57,2.38,5.16,10.32,False,True,1.98,False,1909.48,1564.5,1.298,5.72,22.67,15.08,3.5,16.27,6.85,13.12,39,16203878104.93,1909.48,-6.38,2354.3899,-24.07,-0.39,70.0,False,POST_GAP_COIL|RECENT_SURGE|EXTENDED_FROM_SMA50|NOT_NEAR_UNBROKEN_PIVOT,410
POET,2026-10-01,7.64,88.69,COILED,INSIDE_COIL,NONE,0.4,0.4,0.4,5.56,False,False,1.59,False,8.65,7.32,1.171,6.06,21.6,4.8,-10.22,-3.0,7.04,13.45,41,64735916.36,8.75,-12.69,20.81,-63.29,-15.62,28.0,False,POST_GAP_COIL|NOT_NEAR_UNBROKEN_PIVOT|WEAK_RS,753
DV,2026-10-01,13.49,88.65,COILED,NEAR_UPPER_EDGE,NONE,7.14,0.4,4.76,0.79,False,False,5.16,True,13.49,13.36,0.25,0.62,2.45,1.05,20.45,4.49,1.79,12.98,38,49907991.65,13.65,-1.17,13.41,0.6,15.09,89.0,False,POST_GAP_COIL,753
SAFT,2026-10-01,103.81,88.61,COILED,NEAR_UPPER_EDGE,NONE,0.79,0.79,2.38,2.78,False,False,1.19,False,103.88,103.43,2.533,0.31,0.8,0.67,35.36,1.46,0.15,41.23,48,13177190.36,103.88,-0.07,103.41,0.39,32.37,95.0,False,POST_GAP_COIL|EXTENDED_60D_RUN|EVENT_PRICE_PEG,753
GPRE,2026-10-01,14.93,88.49,COILED,INSIDE_COIL,NONE,0.4,0.4,0.79,7.54,False,False,0.4,False,15.51,14.54,0.733,3.89,11.39,-1.91,-10.22,-3.55,2.71,3.29,226,22738400.96,16.03,-6.86,19.65,-24.02,-6.57,53.0,False,BELOW_SMA50|NOT_NEAR_UNBROKEN_PIVOT|WEAK_RS,753
NVTS,2026-10-01,12.12,88.49,COILED,INSIDE_COIL,NONE,1.19,3.17,0.79,1.98,False,False,1.19,False,12.9,10.8,1.308,6.75,21.7,8.12,-9.28,0.84,9.16,10.56,46,157690454.9,12.9,-6.05,34.17,-64.53,-19.02,21.0,False,POST_GAP_COIL|NOT_NEAR_UNBROKEN_PIVOT|WEAK_RS,753
HGTY,2026-10-01,13.46,88.48,COILED,INSIDE_COIL,NONE,4.37,11.9,0.4,1.59,False,True,6.35,False,14.04,13.18,1.448,3.11,16.05,1.74,11.15,2.91,8.6,8.6,999,9627654.27,14.17,-5.01,13.97,-3.65,5.8,80.0,False,NOT_NEAR_UNBROKEN_PIVOT,753
GMED,2026-10-01,74.41,88.33,COILED,NEAR_LOWER_EDGE,NONE,10.32,3.17,2.78,2.38,False,False,0.4,True,76.19,73.17,0.766,2.44,11.69,-7.75,-2.35,-6.46,1.17,8.68,183,121015769.14,82.45,-9.75,97.39,-23.6,-9.96,44.0,False,BELOW_SMA50|NOT_NEAR_UNBROKEN_PIVOT|WEAK_RS,753
BOW,2026-10-01,33.8,88.08,COILED,NEAR_UPPER_EDGE,NONE,1.19,0.4,2.38,5.95,False,False,1.59,False,33.95,33.66,0.5,0.56,1.04,0.45,6.56,1.57,0.36,10.64,42,10459477.72,33.95,-0.44,35.07,-3.62,4.54,78.0,False,POST_GAP_COIL|EVENT_PRICE_PEG,591
OKLO,2026-10-01,36.14,87.8,COILED,NEAR_LOWER_EDGE,NONE,13.1,0.4,11.51,13.49,True,False,1.19,False,41.29,36.62,1.092,6.28,28.78,-8.55,-23.56,-11.36,3.82,4.98,182,386442029.18,44.78,-19.29,81.5,-55.66,-33.81,5.0,False,BELOW_SMA50|NOT_NEAR_UNBROKEN_PIVOT|WEAK_RS,753
AAOI,2026-10-01,107.32,87.66,COILED,INSIDE_COIL,NONE,3.17,3.57,1.98,3.57,False,False,0.4,False,110.74,93.62,1.499,7.72,21.69,4.06,-6.22,-3.38,8.15,16.66,27,748230482.4,116.9,-8.2,233.67,-54.07,-14.1,31.0,False,POST_GAP_COIL|BELOW_SMA50|NOT_NEAR_UNBROKEN_PIVOT|WEAK_RS,753
DXCM,2026-10-01,86.23,87.62,COILED,NEAR_LOWER_EDGE,NONE,4.76,0.79,9.13,8.73,False,True,7.54,False,90.39,85.24,1.268,2.51,10.1,-3.86,16.43,0.18,1.49,7.16,229,363917315.56,91.9,-6.17,92.59,-6.87,18.19,91.0,False,NOT_NEAR_UNBROKEN_PIVOT,753
URGN,2026-10-01,40.55,87.58,COILED,INSIDE_COIL,NONE,0.79,1.19,7.14,33.73,True,False,3.57,False,45.325,39.72,1.025,4.46,18.1,-8.71,6.63,-7.52,3.06,5.64,342,32372113.23,47.06,-13.83,50.81,-20.19,3.82,77.0,False,BELOW_SMA50|NOT_NEAR_UNBROKEN_PIVOT,753
DECK,2026-10-01,79.57,87.52,COILED,INSIDE_COIL,NONE,10.71,3.17,13.1,8.33,True,False,5.56,False,83.0,77.2,1.336,2.82,11.47,-5.0,-22.16,-9.72,3.37,3.37,168,276852078.68,86.33,-7.83,116.5,-31.7,-26.83,9.0,False,BELOW_SMA50|NOT_NEAR_UNBROKEN_PIVOT|WEAK_RS,753
LWLG,2026-10-01,5.44,87.44,COILED,INSIDE_COIL,NONE,8.33,0.4,1.98,1.98,False,False,0.79,False,5.64,4.94,2.231,6.72,19.85,7.72,-20.47,-9.03,6.5,16.28,41,14671160.69,5.7,-4.56,18.71,-70.92,-29.02,8.0,False,POST_GAP_COIL|BELOW_SMA50|WEAK_RS,753
Q,2026-10-01,128.45,87.36,COILED,RANGE_EXIT_CONFIRMED,UP_EXPANSION_CONFIRMED,3.27,0.45,3.26,27.39,False,True,0.89,False,127.77,116.2,1.409,3.74,13.04,9.14,-9.59,0.6,5.59,5.8,150,183267820.03,127.77,0.53,177.1621,-27.5,-12.16,37.0,False,ALREADY_EXPANDING|WEAK_RS,234
TECH,2026-10-01,72.4,87.32,COILED,NEAR_UPPER_EDGE,NONE,0.4,0.4,6.35,5.56,False,False,2.78,False,72.69,72.26,1.067,0.28,0.84,0.14,2.14,0.24,0.21,0.29,68,227977020.51,72.69,-0.4,72.5397,-0.19,-0.5,70.0,False,EVENT_PRICE_PEG,753
BKSY,2026-10-01,21.15,87.32,COILED,NEAR_LOWER_EDGE,NONE,2.38,7.14,1.19,1.98,False,False,1.59,False,23.72,21.059,0.681,6.97,17.59,-2.8,-18.28,-12.4,3.86,4.97,225,21352094.44,23.72,-10.83,52.88,-60.0,-26.97,9.0,False,BELOW_SMA50|NOT_NEAR_UNBROKEN_PIVOT|WEAK_RS,753
ESS,2026-10-01,269.51,87.2,COILED,NEAR_UPPER_EDGE,NONE,0.4,3.17,4.76,7.14,False,False,0.4,False,274.1333,265.4958,1.054,1.6,4.52,-1.88,-6.69,-3.32,0.74,2.29,999,150245945.21,277.6795,-2.94,300.4818,-10.31,-11.63,39.0,False,BELOW_SMA50|WEAK_RS,753
CZR,2026-10-01,29.62,87.08,COILED,NEAR_UPPER_EDGE,NONE,1.59,0.4,2.78,5.95,False,False,7.14,False,29.735,29.5,1.0,0.37,0.84,-0.24,-0.67,-0.37,0.17,0.56,999,134318374.91,29.75,-0.44,30.83,-3.92,-5.37,57.0,False,EVENT_PRICE_PEG|WEAK_RS,753
DRTS,2026-10-01,14.51,86.96,COILED,NEAR_LOWER_EDGE,NONE,6.35,2.38,3.17,2.78,False,False,1.59,False,15.79,14.31,1.23,4.41,13.71,1.26,13.54,3.0,4.68,4.68,99,7611546.14,15.79,-8.11,15.1,-3.91,6.84,81.0,False,NOT_NEAR_UNBROKEN_PIVOT,753
IRDM,2026-10-01,47.87,86.88,COILED,INSIDE_COIL,NONE,2.78,0.4,3.17,6.75,False,False,5.56,False,49.35,46.56,0.851,2.11,7.39,2.25,-4.86,0.31,2.05,2.06,66,52469046.04,49.35,-3.0,56.9943,-16.01,-13.48,33.0,False,WEAK_RS,753
ST,2026-10-01,42.35,86.85,COILED,NEAR_UPPER_EDGE,NONE,7.14,2.38,1.19,6.35,False,False,0.4,False,43.16,40.63,1.511,2.77,8.38,0.74,-3.3,-2.9,4.01,7.24,607,55938333.42,44.18,-4.14,53.7501,-21.21,-9.19,46.0,False,WEAK_RS,753
MAC,2026-10-01,22.54,86.71,COILED,NEAR_LOWER_EDGE,NONE,9.52,2.38,0.4,2.78,False,False,2.78,False,23.02,22.34,1.605,2.19,6.88,-3.03,-8.31,-5.34,1.46,4.17,999,84078834.76,23.5516,-4.3,26.4794,-14.88,-13.63,33.0,False,BELOW_SMA50|WEAK_RS,753
HZO,2026-10-01,52.33,86.67,COILED,NEAR_UPPER_EDGE,NONE,5.95,0.4,4.37,3.17,False,False,4.76,False,52.56,52.23,1.75,0.57,0.88,0.42,48.66,8.64,0.27,45.43,37,43155891.02,52.56,-0.44,52.46,-0.25,48.94,98.0,False,POST_GAP_COIL|EXTENDED_60D_RUN|EVENT_PRICE_PEG,753
CNMD,2026-10-01,45.93,86.66,COILED,INSIDE_COIL,NONE,11.11,0.4,7.14,9.92,False,False,0.79,True,47.31,44.39,0.61,3.27,12.93,-7.08,36.74,-3.94,2.83,9.91,356,15498214.84,50.91,-9.78,53.66,-14.41,32.93,95.0,False,EXTENDED_60D_RUN|BELOW_SMA50|NOT_NEAR_UNBROKEN_PIVOT,753
TRNO,2026-10-01,63.98,86.64,COILED,NEAR_LOWER_EDGE,NONE,7.54,2.78,2.78,5.56,False,False,12.7,True,66.4632,64.51,0.716,1.61,4.29,-1.83,-4.42,-4.84,1.43,1.99,999,51703320.44,66.4632,-3.74,78.2608,-18.25,-6.98,52.0,False,BELOW_SMA50|WEAK_RS,753
YMM,2026-10-01,8.17,86.63,COILED,INSIDE_COIL,NONE,0.79,1.19,7.14,0.79,False,False,9.52,False,8.47,7.985,1.143,2.48,9.67,-5.33,-4.78,-6.64,1.27,6.02,218,45770144.56,8.85,-7.68,9.76,-16.29,-4.97,57.0,False,BELOW_SMA50|NOT_NEAR_UNBROKEN_PIVOT|WEAK_RS,753
AMPX,2026-10-01,9.61,86.59,COILED,INSIDE_COIL,NONE,0.79,3.97,0.4,0.79,False,False,15.08,False,11.23,9.2,1.37,6.33,25.75,0.95,-17.01,-5.26,11.59,14.71,3,51297375.16,11.23,-14.43,24.225,-60.33,-25.21,11.0,False,POST_GAP_COIL|BELOW_SMA50|NOT_NEAR_UNBROKEN_PIVOT|WEAK_RS,753
VCEL,2026-10-01,39.44,86.53,COILED,INSIDE_COIL,NONE,7.54,1.98,0.4,7.94,False,False,1.98,False,41.08,38.21,1.349,3.29,10.02,-3.55,-16.12,-6.62,1.37,4.89,101,19886117.14,41.49,-4.94,49.32,-20.03,-18.88,21.0,False,BELOW_SMA50|WEAK_RS,753
TDY,2026-10-01,612.7,86.49,COILED,NEAR_UPPER_EDGE,NONE,1.59,6.35,1.59,7.54,False,False,3.17,False,624.58,597.94,1.243,1.82,5.63,1.05,-4.19,-3.44,1.24,2.64,999,168816779.15,624.58,-1.9,697.67,-12.18,-8.87,47.0,False,BELOW_SMA50|WEAK_RS,753
ITRN,2026-10-01,51.32,86.45,COILED,NEAR_LOWER_EDGE,NONE,1.59,8.33,0.4,2.78,False,False,7.14,False,52.6066,50.37,1.416,2.41,4.98,0.82,-5.28,-1.51,1.5,5.22,999,5037996.12,52.6066,-2.45,67.1077,-23.53,-12.14,37.0,False,WEAK_RS,753
SEPN,2026-10-01,38.05,86.37,COILED,INSIDE_COIL,NONE,7.14,3.97,0.79,3.57,False,False,4.76,False,41.09,36.98,1.257,5.01,13.35,1.47,4.53,-2.43,2.45,2.59,347,13532975.99,41.09,-7.4,51.1,-25.54,9.08,84.0,False,NOT_NEAR_UNBROKEN_PIVOT,484
ASTS,2026-10-01,57.04,86.31,COILED,NEAR_LOWER_EDGE,NONE,0.4,8.33,0.79,6.75,False,False,5.16,False,65.47,57.83,0.747,7.19,18.02,-8.59,-23.9,-9.04,6.72,10.72,54,602949146.8,67.2,-15.12,133.86,-57.39,-35.83,4.0,False,POST_GAP_COIL|BELOW_SMA50|NOT_NEAR_UNBROKEN_PIVOT|WEAK_RS,753
SSD,2026-10-01,172.59,86.19,COILED,NEAR_LOWER_EDGE,NONE,6.35,3.57,5.56,1.19,False,False,3.57,False,177.1485,169.9112,1.267,2.23,7.52,-2.63,-7.59,-6.04,2.1,2.46,999,53262646.7,181.6505,-4.99,212.8009,-18.9,-16.7,25.0,False,BELOW_SMA50|WEAK_RS,753
PL,2026-10-01,16.14,86.19,COILED,NEAR_LOWER_EDGE,NONE,11.9,11.11,2.78,2.78,False,False,1.59,True,18.18,16.025,0.635,6.22,27.88,-19.26,-41.84,-18.91,7.03,7.03,81,228834638.71,20.38,-20.8,51.76,-68.82,-51.4,1.0,False,BELOW_SMA50|NOT_NEAR_UNBROKEN_PIVOT|WEAK_RS,753
TGT,2026-10-01,156.7,86.09,COILED,NEAR_LOWER_EDGE,NONE,9.52,10.71,5.16,2.78,False,False,2.78,True,160.8,153.96,0.646,2.46,7.72,-4.08,19.24,1.14,1.8,3.07,280,531904244.86,165.65,-5.4,170.75,-8.23,18.43,91.0,False,NOT_NEAR_UNBROKEN_PIVOT,753
XNCR,2026-10-01,24.77,85.91,COILED,INSIDE_COIL,NONE,1.59,9.52,7.14,2.38,False,False,13.89,True,26.35,23.305,0.653,5.08,15.85,-7.92,50.49,2.89,2.99,10.69,39,35623185.15,28.98,-14.53,30.61,-19.08,62.3,99.0,False,POST_GAP_COIL|EXTENDED_60D_RUN|NOT_NEAR_UNBROKEN_PIVOT,753
UMAC,2026-10-01,21.78,85.75,COILED,RANGE_EXIT_CONFIRMED,DOWN_EXPANSION_CONFIRMED,2.78,11.11,1.98,0.4,False,False,6.75,False,25.78,22.12,2.462,8.8,22.36,-7.52,5.63,-10.51,4.7,16.85,33,61134832.44,26.2,-16.87,34.926,-37.64,-4.19,60.0,False,ALREADY_EXPANDING|POST_GAP_COIL|BELOW_SMA50|NOT_NEAR_UNBROKEN_PIVOT|WEAK_RS,660
DRS,2026-10-01,36.76,85.73,COILED,INSIDE_COIL,NONE,1.59,8.73,1.19,8.33,False,False,4.76,False,38.25,35.99,0.808,2.8,8.51,-0.7,-17.62,-9.84,2.03,2.03,999,34846906.56,38.25,-3.9,50.4892,-27.19,-18.59,22.0,False,BELOW_SMA50|WEAK_RS,753
CHD,2026-10-01,94.11,85.53,COILED,NEAR_LOWER_EDGE,NONE,2.38,3.57,17.46,9.13,False,False,2.78,True,97.04,94.01,0.679,1.75,6.76,-5.25,-1.84,-4.34,1.34,2.06,999,179079529.37,100.54,-6.4,103.9929,-9.5,-7.1,52.0,False,BELOW_SMA50|NOT_NEAR_UNBROKEN_PIVOT|WEAK_RS,753
MMSI,2026-10-01,86.15,85.5,COILED,INSIDE_COIL,NONE,7.14,3.57,1.98,1.98,False,False,11.11,False,88.23,84.12,0.954,2.15,8.72,-4.42,21.24,-1.04,1.35,5.15,999,52920766.95,92.18,-6.54,92.26,-6.62,18.35,91.0,False,NOT_NEAR_UNBROKEN_PIVOT,753
FELE,2026-10-01,96.47,85.5,COILED,NEAR_UPPER_EDGE,NONE,0.4,7.54,7.14,7.54,False,False,2.38,False,98.4,95.07,1.316,2.02,5.59,-1.15,-4.49,-5.05,1.57,6.12,999,30932322.5,100.15,-3.67,115.5253,-16.49,-10.85,41.0,False,BELOW_SMA50|WEAK_RS,753
MKTX,2026-10-01,164.22,85.46,COILED,NEAR_UPPER_EDGE,NONE,9.92,0.4,1.98,7.14,False,False,6.75,False,164.2,163.23,0.886,0.36,0.87,0.85,40.87,3.74,0.27,29.76,44,149290158.03,164.2,0.01,178.7354,-8.12,38.77,96.0,False,POST_GAP_COIL|EXTENDED_60D_RUN|EVENT_PRICE_PEG,753
NBIS,2026-10-01,232.28,85.44,COILED,INSIDE_COIL,NONE,3.57,12.3,0.4,6.35,False,False,2.38,False,250.48,209.65,0.724,6.92,25.02,13.81,7.3,6.35,9.86,16.96,35,3551438830.55,254.74,-8.82,299.86,-22.54,4.89,78.0,False,POST_GAP_COIL|NOT_NEAR_UNBROKEN_PIVOT,488
IDCC,2026-10-01,339.93,85.38,COILED,RANGE_EXIT_CONFIRMED,UP_EXPANSION_CONFIRMED,7.14,7.94,11.11,6.75,False,True,9.13,False,336.4,321.43,2.281,3.23,10.08,3.07,26.95,4.14,1.94,17.93,44,70560331.92,355.69,-4.43,386.3178,-12.01,18.27,91.0,False,ALREADY_EXPANDING|POST_GAP_COIL,753
ATAT,2026-10-01,32.29,85.34,COILED,NEAR_LOWER_EDGE,NONE,1.59,1.98,15.87,4.37,False,False,0.79,False,33.48,31.87,1.625,2.98,13.6,-7.87,1.41,-4.64,1.2,7.97,504,28525228.78,35.47,-8.97,40.5954,-20.46,-2.62,64.0,False,BELOW_SMA50|NOT_NEAR_UNBROKEN_PIVOT|WEAK_RS,753
BFC,2026-10-01,149.5,85.28,COILED,NEAR_LOWER_EDGE,NONE,0.4,0.79,8.73,16.67,False,False,1.59,False,153.5169,148.15,1.077,1.97,6.89,-2.3,3.39,-1.89,1.04,1.32,999,10186256.47,157.0129,-4.78,158.4671,-5.66,-3.96,60.0,False,WEAK_RS,753
DXPE,2026-10-01,182.31,85.14,COILED,NEAR_LOWER_EDGE,NONE,4.37,3.17,3.97,2.78,False,False,14.29,False,198.39,180.89,1.232,3.41,11.54,1.01,15.28,-0.69,2.86,6.91,101,24759815.55,198.39,-8.11,208.0,-12.35,12.57,88.0,False,NOT_NEAR_UNBROKEN_PIVOT,753
WBTN,2026-10-01,10.86,84.98,COILED,INSIDE_COIL,NONE,18.65,14.68,21.83,20.24,True,True,6.35,True,11.23,10.26,0.879,4.42,14.64,6.47,-4.99,10.87,1.47,14.92,36,4027554.28,11.41,-4.82,13.865,-21.67,-9.54,45.0,False,POST_GAP_COIL|LOW_LIQUIDITY|WEAK_RS,568
PAYO,2026-10-01,7.14,84.94,COILED,NEAR_UPPER_EDGE,NONE,17.86,0.4,3.97,5.95,False,False,11.51,True,7.19,7.1,0.333,0.46,1.4,0.28,0.78,0.2,0.42,0.56,290,20858263.94,7.19,-0.7,7.18,-0.56,-2.13,65.0,False,EVENT_PRICE_PEG|WEAK_RS,753
ULCC,2026-10-01,5.97,84.92,COILED,INSIDE_COIL,NONE,5.95,3.57,4.76,16.67,False,False,11.51,True,6.4,5.55,0.608,5.15,16.58,4.74,-16.62,-3.72,3.89,4.71,122,14312809.23,6.4,-6.72,8.405,-28.97,-24.07,13.0,False,BELOW_SMA50|NOT_NEAR_UNBROKEN_PIVOT|WEAK_RS,753
DSGR,2026-10-01,34.94,84.9,COILED,NEAR_UPPER_EDGE,NONE,1.19,0.4,8.73,11.11,False,False,9.13,False,35.02,34.75,1.286,0.3,1.06,0.81,29.41,0.45,0.2,26.31,54,7257218.03,35.02,-0.23,35.06,-0.34,25.62,93.0,False,POST_GAP_COIL|EVENT_PRICE_PEG,753
NUTX,2026-10-01,212.31,84.86,COILED,INSIDE_COIL,NONE,9.13,0.4,3.97,14.68,False,False,1.59,False,222.13,198.25,1.112,4.97,18.97,10.58,18.25,13.88,1.28,8.44,144,32091889.53,224.28,-5.34,204.0,4.07,5.2,79.0,False,EXTENDED_FROM_SMA50|NOT_NEAR_UNBROKEN_PIVOT,753
RDW,2026-10-01,10.57,84.84,COILED,NEAR_LOWER_EDGE,NONE,7.14,8.73,2.78,2.38,False,False,7.14,False,12.07,10.435,0.68,7.02,17.83,2.32,-0.09,-4.44,3.48,14.18,39,146028798.66,12.07,-12.43,26.64,-60.32,-9.38,45.0,False,POST_GAP_COIL|BELOW_SMA50|NOT_NEAR_UNBROKEN_PIVOT|WEAK_RS,753
JOBY,2026-10-01,5.96,84.84,COILED,NEAR_LOWER_EDGE,NONE,3.57,0.79,10.32,24.6,False,False,3.57,True,6.57,5.95,0.708,4.76,21.56,-12.61,-24.84,-15.38,3.13,4.49,169,160641322.46,7.185,-17.05,12.475,-52.22,-32.63,5.0,False,BELOW_SMA50|NOT_NEAR_UNBROKEN_PIVOT|WEAK_RS,753
AEVA,2026-10-01,14.29,84.78,COILED,INSIDE_COIL,NONE,0.79,2.38,3.57,22.22,False,False,3.57,False,15.97,13.74,0.793,7.83,20.08,-5.8,-33.53,-17.49,5.54,31.57,39,21966018.72,16.61,-13.97,31.3,-54.35,-43.24,2.0,False,POST_GAP_COIL|BELOW_SMA50|NOT_NEAR_UNBROKEN_PIVOT|WEAK_RS,753
NTLA,2026-10-01,12.12,84.76,COILED,INSIDE_COIL,NONE,4.76,4.76,2.38,5.56,False,False,13.49,False,12.97,11.33,1.323,5.49,14.25,-5.02,-28.03,1.05,4.35,5.69,171,53608260.61,13.13,-7.69,18.48,-34.42,-33.81,5.0,False,NOT_NEAR_UNBROKEN_PIVOT|WEAK_RS,753
AVGO,2026-10-01,343.64,84.68,COILED,RANGE_EXIT_CONFIRMED,DOWN_EXPANSION_CONFIRMED,3.57,5.95,7.54,11.11,False,False,1.59,False,366.55,344.6824,1.378,3.1,10.72,-6.26,-11.43,-7.97,4.22,4.22,82,9498353179.02,372.0226,-7.63,493.3195,-30.34,-7.32,51.0,False,ALREADY_EXPANDING|BELOW_SMA50|NOT_NEAR_UNBROKEN_PIVOT|WEAK_RS,753
IESC,2026-10-01,330.16,84.59,COILED,INSIDE_COIL,NONE,24.21,11.9,2.38,3.97,False,True,0.79,False,341.08,309.1,1.216,4.94,14.94,9.09,6.63,-1.23,6.46,18.62,43,83421250.81,348.33,-5.22,408.255,-19.13,-1.87,66.0,False,POST_GAP_COIL|NOT_NEAR_UNBROKEN_PIVOT|WEAK_RS,753
ALOY,2026-10-01,8.11,84.56,COILED,NEAR_LOWER_EDGE,NONE,2.78,7.94,8.33,17.46,False,False,6.75,True,9.42,7.99,0.704,8.49,34.9,-20.57,-37.13,-18.97,6.54,6.54,144,17793687.72,10.66,-23.92,20.59,-60.61,-41.76,2.0,False,BELOW_SMA50|NOT_NEAR_UNBROKEN_PIVOT|WEAK_RS,753
HL-PB,2026-10-01,74.55,84.54,COILED,NEAR_UPPER_EDGE,NONE,11.11,1.98,3.17,10.71,False,False,3.97,False,72.0,72.0,,0.86,7.21,3.43,15.58,6.88,4.03,5.04,999,2727.61,72.0783,3.43,76.6801,-2.78,12.75,88.0,False,NOT_NEAR_UNBROKEN_PIVOT|LOW_LIQUIDITY,753
ROKU,2026-10-01,151.26,84.52,COILED,RANGE_EXIT_CONFIRMED,DOWN_EXPANSION_CONFIRMED,2.78,1.19,5.56,18.65,False,False,5.16,False,156.58,151.6,1.763,1.23,5.73,-4.08,8.62,-1.11,0.87,1.25,158,325343838.04,158.85,-4.78,159.89,-5.4,3.37,76.0,False,ALREADY_EXPANDING,753
CTOS,2026-10-01,9.48,84.51,COILED,NEAR_UPPER_EDGE,NONE,8.73,23.41,1.98,8.73,False,True,2.38,False,9.66,9.01,1.75,3.66,9.98,5.69,-2.67,-3.07,2.54,10.87,41,8094558.75,9.66,-1.86,12.23,-22.49,-8.41,48.0,False,POST_GAP_COIL|BELOW_SMA50|WEAK_RS,753
RZLV,2026-10-01,2.13,84.5,COILED,NEAR_LOWER_EDGE,NONE,0.4,0.4,0.79,28.17,False,False,6.35,False,2.39,2.11,1.0,4.84,13.15,-8.58,-19.32,-12.8,2.26,13.58,21,25162296.46,2.4,-11.25,3.35,-36.42,-27.83,8.0,False,POST_GAP_COIL|BELOW_SMA50|NOT_NEAR_UNBROKEN_PIVOT|LOW_LIQUIDITY|WEAK_RS,753
KOPN,2026-10-01,4.61,84.48,COILED,NEAR_LOWER_EDGE,NONE,0.4,2.38,7.54,17.86,False,False,5.16,False,5.1,4.56,1.391,5.99,22.13,7.46,17.01,3.07,7.14,13.3,36,16086947.67,5.1,-9.61,6.61,-30.26,15.37,89.0,False,POST_GAP_COIL|NOT_NEAR_UNBROKEN_PIVOT|LOW_LIQUIDITY,753
BRAI,2026-10-01,5.31,84.48,COILED,NEAR_LOWER_EDGE,NONE,2.14,4.08,1.42,32.05,False,True,14.57,False,5.76,5.3,1.25,5.73,12.43,-7.81,-2.57,-4.94,3.26,22.24,45,157906.4,5.86,-9.39,18.59,-71.44,-14.77,30.0,False,POST_GAP_COIL|BELOW_SMA50|NOT_NEAR_UNBROKEN_PIVOT|LOW_LIQUIDITY|WEAK_RS,160
VMI,2026-10-01,468.28,84.48,COILED,INSIDE_COIL,NONE,1.98,1.98,5.16,22.22,False,False,2.38,False,481.8913,458.36,1.609,2.38,6.55,1.11,-13.21,-2.28,2.03,3.65,999,86274227.1,489.0295,-4.24,583.9693,-19.81,-18.37,22.0,False,WEAK_RS,753
BBAI,2026-10-01,2.74,84.44,COILED,INSIDE_COIL,NONE,0.79,2.78,1.59,26.19,False,False,3.97,False,2.95,2.64,1.824,4.93,15.69,-7.12,-17.22,-7.29,2.56,3.62,222,41128456.95,3.06,-10.46,5.46,-49.82,-25.21,11.0,False,BELOW_SMA50|NOT_NEAR_UNBROKEN_PIVOT|LOW_LIQUIDITY|WEAK_RS,753
OUT,2026-10-01,28.05,84.4,COILED,NEAR_UPPER_EDGE,NONE,0.79,8.73,4.76,16.27,False,False,1.98,False,28.52,27.51,1.254,2.24,7.85,-4.0,-14.5,-5.11,1.0,2.63,999,48868059.33,29.7226,-5.63,34.2368,-18.07,-16.5,26.0,False,BELOW_SMA50|NOT_NEAR_UNBROKEN_PIVOT|WEAK_RS,753
AYA,2026-10-01,26.91,84.36,COILED,INSIDE_COIL,NONE,5.56,5.56,13.1,35.32,True,False,16.67,True,30.67,26.32,0.656,5.59,19.32,-5.08,40.74,2.42,5.87,6.17,146,36856969.37,30.67,-12.26,30.24,-11.01,34.32,96.0,False,EXTENDED_60D_RUN|NOT_NEAR_UNBROKEN_PIVOT,753
IFF,2026-10-01,83.12,84.33,COILED,NEAR_LOWER_EDGE,NONE,1.19,16.67,0.4,0.79,False,False,12.7,False,86.68,82.7,1.346,2.15,6.96,-3.94,5.79,-0.39,1.64,3.63,102,146565743.94,87.5058,-5.01,88.8992,-6.5,-3.21,62.0,False,NOT_NEAR_UNBROKEN_PIVOT|WEAK_RS,753
OGN,2026-10-01,13.71,84.19,COILED,NEAR_UPPER_EDGE,NONE,14.68,6.35,13.49,8.33,False,True,4.37,False,13.76,13.66,1.333,0.29,1.09,-0.44,1.93,0.31,0.22,0.37,109,34111803.37,13.78,-0.51,13.785,-0.54,-1.51,68.0,False,EVENT_PRICE_PEG|WEAK_RS,753
ECG,2026-10-01,119.63,84.11,COILED,NEAR_UPPER_EDGE,NONE,8.73,6.35,3.97,13.1,False,False,0.79,False,121.33,111.28,0.885,4.04,11.29,6.14,-10.92,-2.76,6.82,9.05,151,45943438.99,122.18,-2.09,171.577,-30.28,-16.31,26.0,False,WEAK_RS,483
HAE,2026-10-01,104.37,84.09,COILED,NEAR_LOWER_EDGE,NONE,0.79,4.76,7.94,11.9,False,False,9.52,False,110.45,103.54,1.646,2.55,9.5,1.41,41.38,6.13,4.18,13.55,31,59740941.35,110.45,-5.5,109.57,-4.75,36.2,96.0,False,POST_GAP_COIL|EXTENDED_60D_RUN|NOT_NEAR_UNBROKEN_PIVOT,753
LNTH,2026-10-01,99.65,84.01,COILED,NEAR_UPPER_EDGE,NONE,1.59,0.4,10.71,11.51,False,False,11.51,False,101.05,99.31,0.783,0.59,1.75,-1.15,-6.65,-1.2,0.41,4.69,290,101532550.23,101.05,-1.39,111.86,-10.92,-12.15,37.0,False,EVENT_PRICE_PEG|WEAK_RS,753
MUSA,2026-10-01,511.37,83.99,COILED,NEAR_LOWER_EDGE,NONE,12.7,19.05,0.79,9.92,False,True,6.75,False,529.7,503.33,1.144,3.0,9.11,-1.75,-15.63,-6.33,2.02,7.05,999,131284399.23,536.9,-4.76,635.3243,-19.51,-11.54,39.0,False,BELOW_SMA50|WEAK_RS,753
SOLV,2026-10-01,87.77,83.95,COILED,NEAR_LOWER_EDGE,NONE,8.73,16.67,1.59,2.38,False,False,1.98,False,89.89,86.53,1.507,2.23,8.96,-4.49,16.75,-0.16,1.78,3.24,999,77238222.11,94.12,-6.75,94.16,-6.79,9.3,84.0,False,NOT_NEAR_UNBROKEN_PIVOT,632
TOL,2026-10-01,136.36,83.93,COILED,INSIDE_COIL,NONE,8.33,11.51,7.54,2.38,False,False,1.59,False,139.42,132.11,1.843,2.7,10.18,-3.08,-6.16,-4.91,2.53,2.53,999,155150348.14,144.14,-5.4,165.9385,-17.82,-15.91,27.0,False,BELOW_SMA50|NOT_NEAR_UNBROKEN_PIVOT|WEAK_RS,753
GHC,2026-10-01,1151.29,83.87,COILED,NEAR_UPPER_EDGE,NONE,8.73,5.16,8.73,7.14,False,False,3.57,False,1169.1,1111.62,1.274,2.36,5.91,3.43,-0.49,-0.89,1.52,1.7,999,41428464.61,1172.35,-1.8,1262.35,-8.8,-5.38,56.0,False,WEAK_RS,753
HBT,2026-10-01,35.8,83.81,COILED,NEAR_UPPER_EDGE,NONE,2.38,5.95,5.95,18.25,False,False,3.97,False,36.39,35.045,1.483,1.99,5.87,-1.08,13.87,-0.1,0.88,2.34,999,4719627.01,36.89,-2.95,37.51,-4.56,9.19,84.0,False,LOW_LIQUIDITY,753
TR,2026-10-01,37.84,83.81,COILED,NEAR_UPPER_EDGE,NONE,16.67,0.4,3.17,11.11,False,False,3.17,False,38.24,36.78,0.912,2.1,8.17,-5.26,-1.12,-3.64,1.26,2.61,999,6910141.99,40.59,-6.78,44.9509,-15.82,-10.04,43.0,False,BELOW_SMA50|NOT_NEAR_UNBROKEN_PIVOT|WEAK_RS,753
OPLN,2026-10-01,34.87,83.79,COILED,INSIDE_COIL,NONE,11.11,11.9,1.19,6.75,False,False,2.38,False,35.67,33.85,1.968,2.47,5.91,0.69,-11.83,-3.07,1.73,6.59,999,39122406.76,35.91,-2.9,42.9,-18.72,-16.95,25.0,False,BELOW_SMA50|WEAK_RS,753
AVTR,2026-10-01,15.03,83.51,COILED,INSIDE_COIL,NONE,13.49,5.16,0.4,0.4,False,False,17.46,False,16.05,14.67,1.838,3.03,9.85,2.59,54.0,5.21,1.28,16.67,45,139116681.46,16.05,-6.36,14.7,2.24,42.81,97.0,False,POST_GAP_COIL|EXTENDED_60D_RUN|NOT_NEAR_UNBROKEN_PIVOT,753
AIN,2026-10-01,59.05,83.42,COILED,NEAR_LOWER_EDGE,NONE,26.19,35.71,1.19,10.32,True,True,2.78,False,61.54,58.98,0.901,3.16,9.06,0.46,-16.77,-5.72,3.96,6.48,999,15035492.56,63.85,-7.52,76.611,-22.92,-21.96,16.0,False,BELOW_SMA50|NOT_NEAR_UNBROKEN_PIVOT|WEAK_RS,753
LASR,2026-10-01,39.93,83.41,COILED,INSIDE_COIL,NONE,6.75,20.63,0.79,5.95,False,False,0.4,False,41.65,38.325,1.362,5.45,12.78,1.37,-31.95,-18.95,4.73,22.76,38,36377984.26,42.435,-5.9,86.95,-54.08,-39.7,2.0,False,POST_GAP_COIL|BELOW_SMA50|NOT_NEAR_UNBROKEN_PIVOT|WEAK_RS,753
GBDC,2026-10-01,12.65,83.39,COILED,NEAR_UPPER_EDGE,NONE,10.71,9.52,1.19,4.37,False,False,11.11,False,12.86,12.29,1.118,1.52,4.51,0.27,1.84,0.08,0.8,0.94,999,18876838.65,12.86,-1.63,13.2146,-4.27,-2.87,63.0,False,WEAK_RS,753
POWL,2026-10-01,190.6,83.39,COILED,NEAR_UPPER_EDGE,NONE,1.59,1.19,11.51,24.6,False,False,0.4,False,194.04,176.34,1.077,4.38,14.02,11.78,-17.76,-2.2,6.75,12.75,41,96209291.31,194.04,-1.77,327.7422,-41.84,-25.42,11.0,False,POST_GAP_COIL|WEAK_RS,753
VIPS,2026-10-01,12.44,83.33,COILED,INSIDE_COIL,NONE,7.14,5.16,16.27,5.95,False,False,0.4,False,12.81,12.18,1.476,2.51,10.69,-4.45,-9.4,-9.25,1.14,2.51,504,36577745.73,13.36,-6.89,15.87,-21.61,-9.02,46.0,False,BELOW_SMA50|NOT_NEAR_UNBROKEN_PIVOT|WEAK_RS,753
PDD,2026-10-01,76.5,83.27,COILED,RANGE_EXIT_CONFIRMED,DOWN_EXPANSION_CONFIRMED,4.37,4.37,0.79,23.41,False,False,8.73,False,80.76,77.02,1.687,2.37,8.22,-6.99,-9.72,-8.85,1.29,2.91,339,501307439.5,83.42,-8.3,108.23,-29.32,-9.98,44.0,False,ALREADY_EXPANDING|BELOW_SMA50|NOT_NEAR_UNBROKEN_PIVOT|WEAK_RS,753
HIMS,2026-10-01,29.3,83.25,COILED,INSIDE_COIL,NONE,7.14,6.75,1.98,11.51,False,False,12.3,False,31.81,27.31,0.808,5.84,17.34,2.16,-18.77,-0.23,3.48,6.48,98,277626256.26,31.81,-7.89,39.05,-24.97,-23.21,14.0,False,NOT_NEAR_UNBROKEN_PIVOT|WEAK_RS,753
ZETA,2026-10-01,32.4,83.19,COILED,NEAR_UPPER_EDGE,NONE,9.92,4.37,2.78,2.38,False,False,20.24,False,32.11,28.03,0.877,4.6,14.75,6.44,49.58,14.99,2.75,5.14,226,174317533.09,32.81,-1.25,32.05,1.09,53.69,99.0,False,EXTENDED_60D_RUN|EXTENDED_FROM_SMA50,753
NNE,2026-10-01,15.73,83.15,COILED,INSIDE_COIL,NONE,16.67,1.19,12.7,16.67,False,False,1.59,True,17.44,15.4,0.829,6.4,29.05,-10.57,-17.04,-10.25,5.21,6.48,80,32082019.17,19.6,-19.74,31.59,-50.21,-24.3,13.0,False,BELOW_SMA50|NOT_NEAR_UNBROKEN_PIVOT|WEAK_RS,602
RIVN,2026-10-01,14.76,83.08,COILED,NEAR_LOWER_EDGE,NONE,0.79,1.98,5.95,33.73,False,False,0.79,False,16.09,14.7,0.747,4.32,15.35,-5.45,-11.4,-6.41,2.3,3.79,61,339106031.92,16.81,-12.2,20.2,-26.93,-23.61,13.0,False,BELOW_SMA50|NOT_NEAR_UNBROKEN_PIVOT|WEAK_RS,753
OPRA,2026-10-01,17.63,83.06,COILED,INSIDE_COIL,NONE,0.4,0.79,3.17,36.51,False,False,3.97,False,18.7,17.15,1.421,2.96,10.32,-4.5,-9.31,-6.12,1.16,6.2,150,6085007.78,18.97,-7.06,20.78,-15.16,-12.48,36.0,False,BELOW_SMA50|NOT_NEAR_UNBROKEN_PIVOT|WEAK_RS,753
KWR,2026-10-01,158.39,83.02,COILED,INSIDE_COIL,NONE,7.54,3.57,3.57,15.48,False,False,11.51,False,163.79,152.1,1.379,2.83,10.13,-2.73,7.72,-1.84,2.05,2.79,728,23231593.44,168.01,-5.73,175.14,-9.56,-4.23,59.0,False,NOT_NEAR_UNBROKEN_PIVOT|WEAK_RS,753
ANDG,2026-10-01,57.36,83.01,COILED,RANGE_EXIT_CONFIRMED,UP_EXPANSION_CONFIRMED,5.06,9.73,5.59,5.15,False,False,14.29,False,56.095,51.31,1.477,4.13,11.66,2.21,45.58,11.31,2.67,9.26,999,28969814.09,57.62,-0.45,57.17,0.33,54.92,99.0,False,ALREADY_EXPANDING|EXTENDED_60D_RUN,198
PSMT,2026-10-01,167.64,83.0,COILED,NEAR_LOWER_EDGE,NONE,1.19,15.87,5.16,0.79,False,False,16.27,False,176.3,166.36,1.116,2.51,7.37,-2.57,-11.01,-4.82,1.39,2.03,308,36063013.78,178.7,-6.19,199.0638,-15.79,-17.79,23.0,False,BELOW_SMA50|NOT_NEAR_UNBROKEN_PIVOT|WEAK_RS,753
ATLC,2026-10-01,89.29,82.94,COILED,INSIDE_COIL,NONE,3.57,2.38,7.14,43.65,False,True,5.95,False,95.99,85.9,1.148,3.92,13.41,-4.83,-4.45,-7.31,2.2,4.58,999,10914985.94,97.87,-8.77,114.34,-21.91,-10.21,43.0,False,BELOW_SMA50|NOT_NEAR_UNBROKEN_PIVOT|WEAK_RS,753
AVNT,2026-10-01,40.54,82.88,COILED,INSIDE_COIL,NONE,0.4,15.48,2.78,7.14,False,False,15.48,False,41.98,39.72,2.211,2.71,11.59,-6.38,14.21,-2.44,2.37,5.49,475,27421384.79,43.9981,-7.86,46.3326,-12.5,6.54,81.0,False,NOT_NEAR_UNBROKEN_PIVOT,753
ALH,2026-10-01,21.23,82.87,COILED,INSIDE_COIL,NONE,6.19,4.72,12.78,4.55,False,False,11.39,False,22.23,20.72,1.407,3.2,10.22,-5.39,-16.52,-10.65,2.18,7.91,999,22414057.86,22.94,-7.45,28.23,-24.8,-20.74,17.0,False,BELOW_SMA50|NOT_NEAR_UNBROKEN_PIVOT|WEAK_RS,246
RXO,2026-10-01,21.36,82.86,COILED,NEAR_UPPER_EDGE,NONE,0.79,17.86,1.59,15.48,False,False,5.16,False,21.37,19.19,1.344,5.03,13.72,7.93,-20.48,0.35,3.01,4.81,101,36179000.67,21.37,-0.05,29.9,-28.56,-22.56,15.0,False,WEAK_RS,753
LYV,2026-10-01,166.85,82.84,COILED,NEAR_LOWER_EDGE,NONE,0.4,18.65,1.59,3.57,False,False,16.67,False,174.0,166.11,2.1,2.42,10.42,-7.09,-8.39,-5.94,2.52,2.52,999,347664004.05,182.21,-8.43,189.25,-11.84,-13.41,34.0,False,BELOW_SMA50|NOT_NEAR_UNBROKEN_PIVOT|WEAK_RS,753
TAL,2026-10-01,12.16,82.8,COILED,NEAR_UPPER_EDGE,NONE,31.75,8.33,12.3,6.75,False,True,4.76,True,12.29,11.55,0.543,2.9,9.05,0.25,19.8,3.25,2.08,14.51,44,50122122.95,12.53,-2.95,12.84,-5.3,21.12,92.0,False,POST_GAP_COIL,753
KFRC,2026-10-01,54.05,82.8,COILED,RANGE_EXIT_CONFIRMED,UP_EXPANSION_CONFIRMED,10.32,11.9,6.75,1.98,False,True,27.38,False,53.42,49.66,1.632,3.37,10.52,0.8,2.97,-1.97,2.26,3.01,108,13811846.37,55.4261,-2.48,61.2008,-11.68,4.12,77.0,False,ALREADY_EXPANDING,753
WYFI,2026-10-01,17.48,82.8,COILED,NEAR_LOWER_EDGE,NONE,5.16,15.87,0.4,9.92,False,False,9.52,False,20.57,17.3,1.336,9.01,26.03,0.98,-52.42,-19.0,6.95,18.25,30,25289342.64,21.16,-17.39,46.87,-62.71,-47.24,1.0,False,POST_GAP_COIL|BELOW_SMA50|NOT_NEAR_UNBROKEN_PIVOT|WEAK_RS,290
NXT,2026-10-01,79.48,82.78,COILED,INSIDE_COIL,NONE,2.38,10.32,10.32,16.67,False,False,0.79,False,84.226,77.5,1.656,4.81,13.97,-3.72,-27.57,-10.81,4.42,6.99,86,168221558.37,87.815,-9.49,163.13,-51.28,-32.4,5.0,False,BELOW_SMA50|NOT_NEAR_UNBROKEN_PIVOT|WEAK_RS,753
TPC,2026-10-01,83.26,82.76,COILED,NEAR_LOWER_EDGE,NONE,2.38,3.97,9.92,17.86,False,False,8.73,False,88.01,82.35,1.32,3.48,11.46,-5.15,10.4,-5.38,3.51,12.15,39,36894346.36,90.79,-8.29,102.1996,-18.53,5.75,80.0,False,POST_GAP_COIL|BELOW_SMA50|NOT_NEAR_UNBROKEN_PIVOT,753
QUBT,2026-10-01,8.39,82.65,COILED,INSIDE_COIL,NONE,0.4,2.78,13.49,20.24,False,False,19.84,True,9.76,8.175,0.633,4.86,25.39,7.02,-4.11,-0.34,6.5,6.5,98,58465202.88,9.76,-14.04,14.45,-41.94,-10.13,43.0,False,NOT_NEAR_UNBROKEN_PIVOT|WEAK_RS,753
WTS,2026-10-01,359.49,82.6,COILED,NEAR_UPPER_EDGE,NONE,5.95,13.49,4.76,12.3,False,False,4.76,False,361.5,347.07,2.169,2.09,7.08,2.17,3.47,-0.51,1.67,5.62,999,69406235.97,371.05,-3.12,393.8604,-8.73,-5.12,57.0,False,WEAK_RS,753
SOUN,2026-10-01,6.05,82.6,COILED,INSIDE_COIL,NONE,1.98,0.4,15.87,24.6,False,False,0.4,False,6.22,5.81,0.909,4.44,18.78,-10.77,-11.03,-8.26,2.87,25.12,39,120107554.41,7.07,-14.43,10.045,-39.77,-10.47,42.0,False,POST_GAP_COIL|BELOW_SMA50|NOT_NEAR_UNBROKEN_PIVOT|WEAK_RS,753
CRUS,2026-10-01,120.17,82.58,COILED,NEAR_UPPER_EDGE,NONE,31.75,12.7,18.65,17.86,True,True,0.79,False,121.96,116.94,1.064,2.85,13.76,6.29,-18.13,-0.05,2.37,5.62,415,102701358.08,124.75,-3.67,180.42,-33.39,-20.66,17.0,False,WEAK_RS,753
ZWS,2026-10-01,47.2,82.44,COILED,RANGE_EXIT_CONFIRMED,UP_EXPANSION_CONFIRMED,5.95,7.14,15.48,8.33,False,False,3.97,False,47.16,45.43,2.141,2.01,5.89,0.64,1.08,-2.62,1.76,10.4,45,41256079.51,48.18,-2.03,54.878,-13.99,-6.61,53.0,False,ALREADY_EXPANDING|POST_GAP_COIL|WEAK_RS,753
RLJ,2026-10-01,11.04,82.42,COILED,NEAR_UPPER_EDGE,NONE,3.17,5.56,5.95,28.17,False,False,2.78,False,11.12,10.5943,0.879,2.46,6.1,1.01,1.1,-1.4,1.73,4.63,999,18270885.71,11.12,-0.72,12.7152,-13.17,-7.83,50.0,False,WEAK_RS,753
NEWP,2026-10-01,6.28,82.36,COILED,INSIDE_COIL,NONE,17.86,16.27,15.87,13.89,True,False,17.06,True,6.94,5.71,0.567,5.98,24.36,-5.99,65.7,2.61,5.29,5.5,125,5558917.07,6.96,-9.77,7.55,-16.82,43.89,97.0,False,EXTENDED_60D_RUN|NOT_NEAR_UNBROKEN_PIVOT,753
GTLB,2026-10-01,49.95,82.34,COILED,NEAR_UPPER_EDGE,NONE,9.52,6.35,1.59,8.73,False,False,19.05,False,50.67,44.22,1.687,4.18,13.06,0.73,57.37,16.0,2.86,22.42,20,209872439.97,55.55,-10.08,46.65,7.07,52.92,98.0,False,POST_GAP_COIL|EXTENDED_60D_RUN|EXTENDED_FROM_SMA50|NOT_NEAR_UNBROKEN_PIVOT,753
BILI,2026-10-01,14.78,82.34,COILED,INSIDE_COIL,NONE,14.68,7.54,5.95,10.32,False,False,3.17,False,15.525,14.39,1.229,3.11,13.33,-4.34,-18.03,-10.93,3.87,6.32,405,55002137.22,16.36,-9.66,25.625,-42.32,-16.6,26.0,False,BELOW_SMA50|NOT_NEAR_UNBROKEN_PIVOT|WEAK_RS,753
COLM,2026-10-01,57.69,82.24,COILED,INSIDE_COIL,NONE,8.33,5.95,2.78,19.05,False,False,9.92,False,59.03,55.67,0.712,2.68,6.97,1.46,-7.43,-0.85,2.12,2.12,165,39624387.81,59.03,-2.27,68.7165,-16.05,-11.27,39.0,False,WEAK_RS,753
NVCR,2026-10-01,15.92,82.2,COILED,INSIDE_COIL,NONE,4.76,8.33,13.1,15.87,False,False,1.19,False,16.99,15.2,1.489,4.3,18.5,-10.71,-8.35,-4.98,2.37,15.61,49,17778906.2,18.59,-14.36,21.451,-25.78,-10.28,43.0,False,POST_GAP_COIL|BELOW_SMA50|NOT_NEAR_UNBROKEN_PIVOT|WEAK_RS,753
RVLV,2026-10-01,21.23,82.14,COILED,INSIDE_COIL,NONE,23.81,3.17,1.59,9.13,False,False,5.16,False,22.11,20.27,1.0,3.7,14.49,-2.79,-4.28,-7.13,2.17,3.28,151,18091909.83,22.48,-5.56,28.42,-25.3,-8.98,46.0,False,BELOW_SMA50|NOT_NEAR_UNBROKEN_PIVOT|WEAK_RS,753
OTTR,2026-10-01,88.46,82.05,COILED,NEAR_LOWER_EDGE,NONE,15.08,30.95,1.59,0.4,False,True,9.13,False,90.55,86.91,0.935,2.05,5.79,-0.47,-0.62,-2.1,0.91,2.15,999,22177753.59,91.76,-3.6,94.4982,-6.39,-5.43,56.0,False,WEAK_RS,753
SEZL,2026-10-01,109.715,82.04,COILED,INSIDE_COIL,NONE,0.4,0.4,9.52,34.52,False,False,4.76,False,120.5,104.87,1.436,5.26,19.26,-9.7,-34.43,-14.16,2.7,25.86,38,53719126.4,126.0,-12.92,195.71,-43.94,-42.96,2.0,False,POST_GAP_COIL|BELOW_SMA50|NOT_NEAR_UNBROKEN_PIVOT|WEAK_RS,753
LEVI,2026-10-01,19.92,82.02,COILED,INSIDE_COIL,NONE,0.79,8.33,14.68,15.87,False,False,5.56,False,20.37,19.16,2.093,2.63,11.95,-2.64,-17.72,-8.45,1.66,3.73,122,50694891.93,21.54,-7.52,25.7,-22.49,-20.69,17.0,False,BELOW_SMA50|NOT_NEAR_UNBROKEN_PIVOT|WEAK_RS,753
DEO,2026-10-01,84.42,82.0,COILED,RANGE_EXIT_CONFIRMED,DOWN_EXPANSION_CONFIRMED,5.95,12.7,1.98,17.86,False,False,7.94,False,88.13,84.52,1.212,1.92,8.14,-7.37,4.42,-5.77,2.79,6.28,151,83121505.64,91.73,-7.97,97.13,-13.09,-0.08,71.0,False,ALREADY_EXPANDING|BELOW_SMA50|NOT_NEAR_UNBROKEN_PIVOT,753
CSW,2026-10-01,292.38,81.98,COILED,INSIDE_COIL,NONE,10.32,8.73,11.51,8.73,False,False,3.97,False,305.34,283.71,0.979,3.22,10.13,-3.12,7.84,-6.46,2.81,7.86,999,38134898.32,313.33,-6.69,355.483,-17.75,3.16,76.0,False,BELOW_SMA50|NOT_NEAR_UNBROKEN_PIVOT,753
PTON,2026-10-01,4.97,81.96,COILED,INSIDE_COIL,NONE,9.13,4.37,7.94,1.98,False,False,23.02,False,5.28,4.69,1.176,3.91,15.39,-6.75,-14.01,-8.63,4.44,9.51,101,48179225.71,5.455,-8.89,6.73,-26.15,-16.4,26.0,False,BELOW_SMA50|NOT_NEAR_UNBROKEN_PIVOT|LOW_LIQUIDITY|WEAK_RS,753
EME,2026-10-01,769.03,81.92,COILED,NEAR_UPPER_EDGE,NONE,17.46,13.49,1.98,8.33,False,False,1.59,False,776.67,723.87,0.99,2.96,7.64,4.74,0.06,-0.33,5.16,14.75,44,267440054.43,782.6,-1.73,951.4685,-19.17,-3.51,61.0,False,POST_GAP_COIL|WEAK_RS,753
VIR,2026-10-01,11.29,81.9,COILED,INSIDE_COIL,NONE,10.71,16.27,3.97,1.19,False,False,11.51,False,11.72,10.33,1.485,5.0,13.2,-1.83,8.25,11.79,3.33,6.47,150,22633879.76,11.94,-5.44,11.74,-3.83,9.62,85.0,False,NOT_NEAR_UNBROKEN_PIVOT,753
IREN,2026-10-01,40.65,81.9,COILED,NEAR_LOWER_EDGE,NONE,0.4,1.98,4.37,37.3,False,False,21.03,True,49.37,40.6,0.756,6.62,25.44,2.65,-5.48,-1.74,6.76,10.9,44,1588309532.67,49.37,-17.66,70.707,-42.51,1.88,74.0,False,POST_GAP_COIL|NOT_NEAR_UNBROKEN_PIVOT,753
AMSC,2026-10-01,29.5,81.9,COILED,INSIDE_COIL,NONE,8.33,2.38,8.33,15.08,False,False,13.49,False,32.13,28.77,1.593,4.64,16.71,3.55,-18.06,-2.01,6.47,10.02,39,20556560.56,32.13,-8.19,60.18,-50.98,-23.34,14.0,False,POST_GAP_COIL|NOT_NEAR_UNBROKEN_PIVOT|WEAK_RS,753
STGW,2026-10-01,8.46,81.85,COILED,INSIDE_COIL,NONE,3.17,1.59,11.9,22.62,False,False,9.52,False,8.7,8.05,2.05,3.34,11.11,-3.97,10.3,-1.37,1.2,3.09,142,10423743.1,8.99,-5.9,9.55,-11.41,11.49,87.0,False,NOT_NEAR_UNBROKEN_PIVOT,753
IART,2026-10-01,16.09,81.85,COILED,INSIDE_COIL,NONE,19.05,1.98,5.56,14.29,False,True,24.6,False,16.77,14.88,1.213,4.17,13.86,-4.28,-6.99,-4.6,3.35,6.33,103,14824380.35,17.21,-6.51,20.49,-21.47,-13.69,32.0,False,BELOW_SMA50|NOT_NEAR_UNBROKEN_PIVOT|WEAK_RS,753
HWKN,2026-10-01,127.19,81.81,COILED,INSIDE_COIL,NONE,7.94,4.76,7.14,15.08,False,False,13.1,False,129.99,120.02,1.152,3.09,9.29,0.65,-3.71,0.15,1.68,1.88,668,23306005.95,130.52,-2.55,173.6417,-26.75,-10.85,41.0,False,WEAK_RS,753
YSS,2026-10-01,8.61,81.78,COILED,INSIDE_COIL,NONE,20.0,3.18,17.88,25.3,False,True,8.07,True,10.04,8.23,0.789,8.71,30.08,-0.69,-59.0,-19.29,2.82,12.6,33,32603241.13,10.04,-14.24,44.54,-80.67,-68.26,0.0,False,POST_GAP_COIL|BELOW_SMA50|NOT_NEAR_UNBROKEN_PIVOT|WEAK_RS,170
FLYW,2026-10-01,17.56,81.75,COILED,INSIDE_COIL,NONE,0.4,5.95,15.87,22.62,False,False,2.78,False,18.065,16.67,1.346,3.29,14.81,-6.74,-0.4,-1.2,1.96,3.24,102,25206292.07,19.27,-8.87,19.73,-11.0,-9.18,46.0,False,NOT_NEAR_UNBROKEN_PIVOT|WEAK_RS,753
LUNR,2026-10-01,14.05,81.65,COILED,NEAR_LOWER_EDGE,NONE,13.49,11.11,5.56,9.52,False,False,5.95,False,16.26,13.79,0.607,7.31,19.79,-5.45,-17.45,-7.9,3.97,15.69,34,112964355.22,16.26,-13.59,46.75,-69.95,-31.08,6.0,False,POST_GAP_COIL|BELOW_SMA50|NOT_NEAR_UNBROKEN_PIVOT|WEAK_RS,753
DRD,2026-10-01,24.24,81.59,COILED,NEAR_LOWER_EDGE,NONE,0.79,1.19,17.46,55.56,True,False,7.94,False,26.68,24.05,0.96,3.74,20.34,-11.95,21.43,-2.73,4.81,11.73,30,6693251.66,28.9304,-16.21,32.1017,-24.49,10.95,86.0,False,POST_GAP_COIL|NOT_NEAR_UNBROKEN_PIVOT,753
LAR,2026-10-01,5.54,81.57,COILED,INSIDE_COIL,NONE,1.98,0.4,38.1,50.4,True,True,5.16,False,6.11,5.3,1.222,5.41,31.23,-19.24,-24.83,-11.34,3.7,6.34,248,10372676.64,7.03,-21.19,12.05,-54.02,-33.41,5.0,False,BELOW_SMA50|NOT_NEAR_UNBROKEN_PIVOT|WEAK_RS,753
AUPH,2026-10-01,15.95,81.55,COILED,NEAR_LOWER_EDGE,NONE,3.97,0.4,13.49,19.84,False,False,12.7,False,17.16,16.16,0.833,2.66,8.21,-2.09,-1.73,-0.2,1.06,4.87,658,13479441.48,17.16,-7.05,19.25,-17.14,-0.66,69.0,False,NOT_NEAR_UNBROKEN_PIVOT|WEAK_RS,753
PACS,2026-10-01,41.03,81.55,COILED,NEAR_LOWER_EDGE,NONE,11.51,1.59,16.67,14.68,False,False,1.98,False,43.52,40.61,1.143,3.94,12.92,-4.78,-6.79,-6.88,1.69,3.97,98,33770805.72,45.85,-10.51,49.49,-17.09,-10.59,42.0,False,BELOW_SMA50|NOT_NEAR_UNBROKEN_PIVOT|WEAK_RS,621
TRS,2026-10-01,38.57,81.49,COILED,NEAR_LOWER_EDGE,NONE,8.73,15.48,3.17,5.56,False,False,14.68,False,40.17,37.86,1.723,2.56,5.99,-1.58,-5.47,-1.7,1.54,5.16,296,11909886.01,40.17,-3.98,45.3856,-15.02,-10.93,41.0,False,WEAK_RS,753
KEY-PI,2026-10-01,25.01,81.47,COILED,NEAR_UPPER_EDGE,NONE,6.75,10.71,0.79,5.95,False,False,26.59,False,25.1,24.85,0.727,0.39,1.16,0.16,1.66,0.31,0.32,0.32,999,1243198.91,25.14,-0.52,25.0,0.04,-1.38,68.0,False,EVENT_PRICE_PEG|LOW_LIQUIDITY|WEAK_RS,753
BCC,2026-10-01,74.7,81.47,COILED,NEAR_LOWER_EDGE,NONE,10.71,6.75,1.98,5.56,False,False,25.4,False,79.305,74.11,0.949,3.1,9.97,-2.11,5.09,-5.38,2.15,2.89,999,27228203.08,80.245,-6.91,88.1693,-15.28,-4.16,60.0,False,BELOW_SMA50|NOT_NEAR_UNBROKEN_PIVOT|WEAK_RS,753
SIFY,2026-10-01,13.1,81.45,COILED,RANGE_EXIT_CONFIRMED,DOWN_EXPANSION_CONFIRMED,0.79,4.76,4.76,48.02,True,False,28.57,False,14.51,13.15,1.514,4.06,15.73,-8.58,-13.36,-9.26,2.83,4.13,519,454440.0,14.87,-11.9,17.85,-26.61,-17.32,24.0,False,ALREADY_EXPANDING|BELOW_SMA50|NOT_NEAR_UNBROKEN_PIVOT|LOW_LIQUIDITY|WEAK_RS,753
WDC,2026-10-01,462.56,81.41,COILED,INSIDE_COIL,NONE,5.56,26.98,8.33,1.98,False,False,0.79,False,475.66,416.31,1.245,5.65,19.1,3.08,-15.92,-1.36,6.68,17.39,39,3044048352.37,495.49,-6.65,799.6133,-42.15,-16.99,24.0,False,POST_GAP_COIL|NOT_NEAR_UNBROKEN_PIVOT|WEAK_RS,753
XPO,2026-10-01,179.73,81.31,COILED,INSIDE_COIL,NONE,1.19,6.75,21.83,13.89,False,False,4.37,False,183.97,170.45,1.378,3.41,14.16,-3.36,-12.15,-6.31,2.3,4.19,164,201064397.59,195.9,-8.25,232.05,-22.55,-15.73,28.0,False,BELOW_SMA50|NOT_NEAR_UNBROKEN_PIVOT|WEAK_RS,753
NTNX,2026-10-01,71.52,81.29,COILED,RANGE_EXIT_CONFIRMED,UP_EXPANSION_CONFIRMED,1.59,5.95,11.9,16.67,False,False,15.48,False,71.25,66.25,1.225,2.88,9.4,6.99,32.62,9.07,1.91,8.95,211,160222341.05,71.25,0.38,74.42,-3.9,36.64,96.0,False,ALREADY_EXPANDING|EXTENDED_60D_RUN,753
URBN,2026-10-01,78.77,81.29,COILED,RANGE_EXIT_CONFIRMED,UP_EXPANSION_CONFIRMED,11.51,1.19,13.89,11.51,False,False,11.11,False,78.14,73.62,1.995,3.24,11.58,0.03,15.8,2.78,2.26,4.14,211,78107379.54,82.74,-4.8,85.43,-7.8,8.55,83.0,False,ALREADY_EXPANDING,753
CAT,2026-10-01,826.35,81.29,COILED,NEAR_UPPER_EDGE,NONE,6.75,21.03,1.19,18.65,False,False,0.79,False,831.95,794.2,1.75,2.73,7.35,4.3,-12.68,0.23,4.34,11.08,41,1880797568.23,831.95,-0.67,1071.4723,-22.88,-16.91,25.0,False,POST_GAP_COIL|WEAK_RS,753
IMKTA,2026-10-01,84.72,81.27,COILED,NEAR_UPPER_EDGE,NONE,0.4,2.38,2.78,41.27,False,False,9.52,False,86.0,81.69,1.755,2.2,6.43,4.08,-6.75,-0.45,1.05,1.71,999,9180430.45,86.0,-1.49,95.4467,-11.24,-8.71,47.0,False,WEAK_RS,753
DAO,2026-10-01,15.15,81.23,COILED,INSIDE_COIL,NONE,12.3,22.62,3.97,7.14,False,True,19.44,False,15.645,14.12,2.056,5.25,17.89,1.75,7.6,-4.93,5.61,5.61,346,789689.9,16.395,-7.59,18.94,-20.01,17.5,90.0,False,BELOW_SMA50|NOT_NEAR_UNBROKEN_PIVOT|LOW_LIQUIDITY,753
LLYVK,2026-10-01,96.105,81.23,COILED,NEAR_LOWER_EDGE,NONE,1.98,23.41,4.76,0.4,False,False,17.86,False,101.33,95.76,1.638,2.75,10.21,-6.25,-9.21,-5.52,1.35,1.35,999,30080817.8,104.41,-7.95,109.75,-12.43,-13.85,32.0,False,BELOW_SMA50|NOT_NEAR_UNBROKEN_PIVOT|WEAK_RS,753
LIF,2026-10-01,40.3,81.13,COILED,INSIDE_COIL,NONE,3.17,13.1,11.11,21.83,False,False,0.79,False,42.13,39.41,1.628,4.63,14.37,-6.65,-25.09,-14.3,2.8,22.61,36,23395222.04,45.1,-10.64,65.57,-38.54,-33.0,5.0,False,POST_GAP_COIL|BELOW_SMA50|NOT_NEAR_UNBROKEN_PIVOT|WEAK_RS,582
EVLV,2026-10-01,4.71,81.11,COILED,INSIDE_COIL,NONE,1.59,0.4,4.37,44.05,False,False,6.75,False,5.15,4.605,1.167,3.7,12.74,-7.65,-22.15,-10.92,1.6,5.51,345,11214717.04,5.205,-9.51,7.4,-36.35,-27.35,9.0,False,BELOW_SMA50|NOT_NEAR_UNBROKEN_PIVOT|LOW_LIQUIDITY|WEAK_RS,753
TAC,2026-10-01,12.22,81.06,COILED,NEAR_UPPER_EDGE,NONE,25.79,4.37,11.11,5.95,False,True,18.65,False,12.41,11.42,0.7,2.93,9.0,3.21,-15.25,-0.68,1.26,2.82,225,23112147.53,12.52,-2.4,14.7874,-17.36,-11.73,38.0,False,WEAK_RS,753
ODFL,2026-10-01,178.1,80.97,COILED,NEAR_UPPER_EDGE,NONE,5.16,11.9,14.68,13.89,False,False,3.97,False,180.18,169.65,1.393,2.97,11.82,-5.07,-18.27,-9.77,4.39,4.39,999,347163176.81,190.7,-6.61,251.6392,-29.22,-20.88,17.0,False,BELOW_SMA50|NOT_NEAR_UNBROKEN_PIVOT|WEAK_RS,753
WWW,2026-10-01,19.25,80.91,COILED,INSIDE_COIL,NONE,24.6,0.4,3.17,15.48,False,False,7.54,False,20.2833,18.6121,1.266,3.59,11.27,0.37,15.53,-1.37,2.67,8.64,150,13836910.05,20.7807,-7.37,21.3577,-9.87,14.23,89.0,False,NOT_NEAR_UNBROKEN_PIVOT,753
ELF,2026-10-01,104.09,80.89,COILED,NEAR_UPPER_EDGE,NONE,8.73,2.78,17.06,6.35,False,False,16.27,False,104.21,91.4,1.418,4.05,17.91,-3.05,40.38,8.03,2.52,3.77,225,143262819.13,110.04,-5.41,110.0,-5.37,33.37,95.0,False,EXTENDED_60D_RUN|NOT_NEAR_UNBROKEN_PIVOT,753
BELFA,2026-10-01,203.75,80.85,COILED,INSIDE_COIL,NONE,14.68,28.17,1.98,0.79,False,False,0.4,False,209.25,192.7,1.66,4.1,11.0,0.61,-7.68,-4.58,3.82,4.86,654,15676108.77,210.42,-3.17,293.435,-30.56,-14.29,31.0,False,BELOW_SMA50|WEAK_RS,753
HLIO,2026-10-01,68.89,80.81,COILED,INSIDE_COIL,NONE,26.59,11.11,5.56,3.17,False,False,0.4,False,70.49,67.07,1.485,3.17,10.35,-2.3,-12.72,-7.33,2.56,3.01,291,27457718.64,73.32,-6.04,94.9078,-27.41,-19.09,20.0,False,BELOW_SMA50|NOT_NEAR_UNBROKEN_PIVOT|WEAK_RS,753
ABBV,2026-10-01,259.93,80.79,COILED,NEAR_LOWER_EDGE,NONE,2.38,7.14,25.4,23.02,False,False,5.16,True,269.39,260.88,0.769,1.95,8.7,-0.68,3.58,0.86,1.8,2.3,472,1075792842.46,269.39,-3.51,267.47,-2.82,-2.56,64.0,False,WEAK_RS,753
DNLI,2026-10-01,20.53,80.73,COILED,INSIDE_COIL,NONE,12.3,6.35,18.65,11.51,False,False,13.89,True,21.79,19.4,0.709,4.05,17.66,-10.15,-23.08,-10.46,2.54,2.84,651,37465479.38,23.86,-13.96,27.3,-24.8,-23.35,14.0,False,BELOW_SMA50|NOT_NEAR_UNBROKEN_PIVOT|WEAK_RS,753
FLY,2026-10-01,22.85,80.73,COILED,INSIDE_COIL,NONE,10.71,7.94,4.76,13.89,False,False,16.67,False,25.58,20.481,0.824,7.41,26.35,8.45,-11.71,0.9,4.55,4.63,103,70113579.11,25.58,-10.67,62.17,-63.25,-23.77,13.0,False,NOT_NEAR_UNBROKEN_PIVOT|WEAK_RS,290
RHP,2026-10-01,120.94,80.71,COILED,NEAR_UPPER_EDGE,NONE,0.79,42.86,0.4,0.4,False,False,2.78,False,122.3454,117.4639,2.15,2.38,4.88,-0.41,-1.67,-2.74,1.85,2.9,999,72403284.57,123.3653,-1.97,136.1088,-11.14,-7.3,51.0,False,WEAK_RS,753
ICFI,2026-10-01,84.97,80.69,COILED,INSIDE_COIL,NONE,6.75,0.79,13.1,27.38,False,False,7.14,False,89.83,81.96,2.056,2.72,10.12,-3.64,9.75,-1.48,2.26,2.33,399,16402798.32,90.5589,-6.17,95.5312,-11.06,10.65,86.0,False,NOT_NEAR_UNBROKEN_PIVOT,753
LSTR,2026-10-01,170.14,80.67,COILED,NEAR_UPPER_EDGE,NONE,2.78,6.35,14.29,25.0,False,False,5.95,False,172.74,162.15,0.938,2.57,10.61,-2.61,-16.29,-4.38,1.55,4.36,999,59209618.15,180.2,-5.58,227.9402,-25.36,-20.93,17.0,False,BELOW_SMA50|NOT_NEAR_UNBROKEN_PIVOT|WEAK_RS,753
MYRG,2026-10-01,297.92,80.67,COILED,NEAR_UPPER_EDGE,NONE,2.78,18.65,13.89,12.7,False,False,2.38,False,298.95,270.98,1.129,4.09,10.58,5.4,-29.03,-4.12,3.61,6.38,356,71677188.9,298.95,-0.34,503.57,-40.84,-34.03,4.0,False,BELOW_SMA50|WEAK_RS,753
DHI,2026-10-01,137.06,80.65,COILED,NEAR_LOWER_EDGE,NONE,10.32,6.75,1.98,4.76,False,False,32.14,False,144.86,136.32,2.0,2.74,9.94,-3.66,-7.43,-4.96,2.43,2.97,301,407280354.18,146.0,-6.12,170.2825,-19.51,-16.14,27.0,False,BELOW_SMA50|NOT_NEAR_UNBROKEN_PIVOT|WEAK_RS,753
TKR,2026-10-01,118.99,80.63,COILED,NEAR_UPPER_EDGE,NONE,2.38,25.0,13.49,7.14,False,False,0.79,False,119.92,114.58,2.15,2.61,8.76,-1.03,-13.06,-4.84,2.68,7.35,999,111680267.72,125.0,-4.81,145.9765,-18.49,-17.1,24.0,False,BELOW_SMA50|WEAK_RS,753
OMCL,2026-10-01,33.44,80.58,COILED,INSIDE_COIL,NONE,1.59,15.48,9.52,12.7,False,False,14.68,False,34.46,31.98,1.019,3.3,10.17,-3.66,-25.89,-5.45,1.95,14.15,44,18370675.91,35.38,-5.48,48.06,-30.42,-25.12,12.0,False,POST_GAP_COIL|BELOW_SMA50|NOT_NEAR_UNBROKEN_PIVOT|WEAK_RS,753
VSAT,2026-10-01,70.35,80.56,COILED,INSIDE_COIL,NONE,0.4,17.06,3.57,23.02,False,False,11.9,False,78.31,68.22,1.309,5.65,17.01,0.61,-4.93,-6.38,3.94,10.18,40,121936813.64,79.83,-11.88,93.03,-24.38,-18.14,23.0,False,POST_GAP_COIL|BELOW_SMA50|NOT_NEAR_UNBROKEN_PIVOT|WEAK_RS,753
AFRM,2026-10-01,70.43,80.56,COILED,INSIDE_COIL,NONE,13.1,14.68,5.16,15.48,False,False,3.57,False,74.51,66.625,1.074,4.87,14.14,-4.94,-13.35,-3.93,3.41,10.98,23,290367581.06,75.99,-7.32,90.44,-22.13,-19.56,20.0,False,POST_GAP_COIL|BELOW_SMA50|NOT_NEAR_UNBROKEN_PIVOT|WEAK_RS,753
MGRC,2026-10-01,114.99,80.54,COILED,NEAR_UPPER_EDGE,NONE,0.79,4.37,5.56,42.46,False,False,6.35,False,115.95,109.94,0.978,2.21,6.24,5.03,1.71,-0.35,1.38,1.47,999,17180512.01,115.95,-0.83,125.3153,-8.24,-4.91,58.0,False,WEAK_RS,753
CRSR,2026-10-01,13.85,80.52,COILED,NEAR_UPPER_EDGE,NONE,17.46,11.9,6.75,10.71,False,False,4.37,False,13.96,13.06,2.085,4.33,15.81,14.46,56.32,12.87,4.21,19.53,38,14098562.69,13.96,-0.79,14.978,-7.53,52.78,98.0,False,POST_GAP_COIL|EXTENDED_60D_RUN|EXTENDED_FROM_SMA50,753
HST,2026-10-01,22.51,80.52,COILED,NEAR_UPPER_EDGE,NONE,1.19,1.19,6.35,33.33,False,False,18.25,False,22.6959,21.5165,0.837,1.91,6.03,2.72,-0.21,-1.11,1.13,5.53,999,192346722.97,22.6959,-0.82,25.4809,-11.66,-5.56,56.0,False,WEAK_RS,753
GCT,2026-10-01,53.19,80.48,COILED,INSIDE_COIL,NONE,0.4,34.52,0.79,3.17,False,False,12.7,False,55.598,49.34,0.857,4.95,11.77,5.33,57.65,6.95,1.99,3.81,150,34138934.55,55.598,-4.33,56.27,-5.47,57.33,99.0,False,EXTENDED_60D_RUN,753
SYBT,2026-10-01,77.42,80.44,COILED,NEAR_LOWER_EDGE,NONE,9.52,4.37,9.52,28.97,False,False,3.57,False,80.2151,75.94,1.7,2.28,8.64,-2.16,3.15,-4.34,1.29,1.29,999,13000113.81,82.4458,-6.1,88.849,-12.86,-3.35,62.0,False,BELOW_SMA50|NOT_NEAR_UNBROKEN_PIVOT|WEAK_RS,753
DIOD,2026-10-01,97.49,80.4,COILED,NEAR_UPPER_EDGE,NONE,5.16,29.37,9.92,28.17,True,False,9.92,False,98.74,89.56,0.826,4.27,12.2,8.29,5.09,5.35,5.81,16.4,39,44843065.55,98.74,-1.27,125.99,-22.62,-1.55,67.0,False,POST_GAP_COIL|WEAK_RS,753
PVH,2026-10-01,75.85,80.4,COILED,INSIDE_COIL,NONE,20.24,9.52,15.08,21.43,False,True,2.78,False,77.52,71.94,2.11,3.38,13.05,4.92,0.3,-2.9,3.69,3.69,82,76277697.45,77.52,-2.15,100.6975,-24.68,-1.96,66.0,False,WEAK_RS,753
ACHC,2026-10-01,26.93,80.4,COILED,NEAR_LOWER_EDGE,NONE,2.38,20.63,2.38,13.1,False,False,17.06,False,29.78,27.0,1.041,4.69,11.44,-2.95,-12.39,-8.06,2.74,2.95,151,40039584.66,29.8,-9.63,35.83,-24.84,-18.44,22.0,False,BELOW_SMA50|NOT_NEAR_UNBROKEN_PIVOT|WEAK_RS,753
HRTG,2026-10-01,33.83,80.36,COILED,INSIDE_COIL,NONE,6.35,0.4,14.68,25.79,False,False,9.92,False,35.56,32.71,1.522,2.78,8.42,-1.51,24.15,2.6,1.51,14.26,39,10515384.58,35.56,-4.87,36.5,-7.32,21.91,92.0,False,POST_GAP_COIL,753
NBTB,2026-10-01,50.74,80.36,COILED,NEAR_LOWER_EDGE,NONE,5.16,8.33,5.56,27.38,False,False,11.51,False,52.15,49.98,1.506,1.74,6.15,-0.92,4.26,-1.98,0.87,1.04,999,18670010.98,52.58,-3.5,54.076,-6.17,-0.72,69.0,False,WEAK_RS,753
FIX,2026-10-01,1685.29,80.32,COILED,NEAR_UPPER_EDGE,NONE,9.52,11.9,3.17,26.98,False,False,4.76,False,1712.6,1570.0,1.041,4.09,10.29,8.02,0.07,1.6,7.61,11.13,44,509152173.53,1712.6,-1.59,2072.1044,-18.67,-6.0,55.0,False,POST_GAP_COIL|WEAK_RS,753
NSSC,2026-10-01,36.19,80.3,COILED,INSIDE_COIL,NONE,9.92,20.63,6.35,11.51,False,False,3.97,False,36.95,34.52,1.416,3.08,7.68,2.0,-4.51,-1.77,1.71,21.19,27,13249333.45,37.3006,-2.98,51.5222,-29.76,-6.61,53.0,False,POST_GAP_COIL|WEAK_RS,753
AZZ,2026-10-01,135.41,80.24,COILED,INSIDE_COIL,NONE,2.38,17.46,7.54,0.79,False,False,27.78,False,139.36,128.95,1.323,2.61,9.71,0.19,-5.55,-4.51,1.89,3.24,245,33319533.86,142.1,-4.71,161.9289,-16.38,-12.42,37.0,False,BELOW_SMA50|WEAK_RS,753
ARCB,2026-10-01,129.61,80.22,COILED,INSIDE_COIL,NONE,0.79,14.68,21.03,34.52,False,True,1.98,False,134.87,124.06,1.088,3.71,13.83,-3.23,-11.07,-5.57,1.8,1.87,349,30581325.71,141.99,-8.72,176.5332,-26.58,-9.95,44.0,False,BELOW_SMA50|NOT_NEAR_UNBROKEN_PIVOT|WEAK_RS,753
CMBT,2026-10-01,19.61,80.2,COILED,INSIDE_COIL,NONE,11.9,1.98,4.76,13.89,False,False,26.59,False,20.82,18.69,1.64,2.66,11.83,4.59,26.52,9.42,3.66,3.66,749,21250121.11,20.82,-5.81,18.85,4.03,31.85,95.0,False,NOT_NEAR_UNBROKEN_PIVOT,753
CPAY,2026-10-01,389.73,80.18,COILED,NEAR_LOWER_EDGE,NONE,0.4,1.98,17.86,37.3,False,False,1.19,False,407.78,386.23,1.344,2.11,10.58,-6.4,12.69,-2.83,1.43,1.46,999,191354422.3,427.46,-8.83,425.95,-8.5,7.74,82.0,False,NOT_NEAR_UNBROKEN_PIVOT,753
HTHT,2026-10-01,42.04,80.12,COILED,NEAR_LOWER_EDGE,NONE,11.9,5.16,13.89,18.25,False,False,6.35,False,43.86,41.67,1.286,2.3,9.62,-8.31,2.38,-3.48,1.48,8.62,999,61381255.02,46.3224,-9.24,53.9728,-22.11,-1.14,68.0,False,BELOW_SMA50|NOT_NEAR_UNBROKEN_PIVOT|WEAK_RS,753
DJT,2026-10-01,8.79,80.08,COILED,NEAR_LOWER_EDGE,NONE,15.48,16.27,5.95,4.76,False,False,11.11,False,9.47,8.62,2.408,4.6,13.65,-3.83,3.53,-3.94,2.37,4.1,196,28139734.63,9.68,-9.19,10.55,-16.68,0.09,71.0,False,BELOW_SMA50|NOT_NEAR_UNBROKEN_PIVOT,753
PRCH,2026-10-01,16.75,80.04,COILED,INSIDE_COIL,NONE,10.71,22.62,6.35,0.79,False,False,12.7,False,17.5,15.49,1.258,5.23,17.19,-5.58,12.79,3.79,2.43,23.79,44,26158531.25,18.37,-8.82,17.958,-6.73,7.44,82.0,False,POST_GAP_COIL|NOT_NEAR_UNBROKEN_PIVOT,753
SXT,2026-10-01,128.42,80.02,COILED,NEAR_LOWER_EDGE,NONE,2.38,8.33,22.22,5.95,False,False,16.67,False,135.52,127.35,1.316,2.4,9.63,-5.5,8.05,-1.35,1.98,2.52,158,43560037.15,138.26,-7.12,138.82,-7.49,0.67,72.0,False,NOT_NEAR_UNBROKEN_PIVOT,753
LGN,2026-10-01,51.67,80.0,COILED,NEAR_LOWER_EDGE,NONE,5.31,18.65,1.63,19.05,False,False,13.49,False,56.99,50.82,1.744,5.47,16.01,0.62,-28.19,-11.96,5.6,8.12,129,50189133.02,58.55,-11.75,107.238,-51.82,-34.69,4.0,False,BELOW_SMA50|NOT_NEAR_UNBROKEN_PIVOT|WEAK_RS,265
NEU,2026-10-01,921.14,79.96,COILED,RANGE_EXIT_CONFIRMED,UP_EXPANSION_CONFIRMED,7.94,4.76,5.95,37.7,False,False,4.37,False,918.63,874.71,1.434,2.52,10.08,1.67,18.63,3.67,2.91,5.63,999,106670223.69,918.63,0.27,978.3154,-5.84,14.67,89.0,False,ALREADY_EXPANDING,753
LAMR,2026-10-01,143.34,79.96,COILED,NEAR_LOWER_EDGE,NONE,0.4,13.49,11.9,23.41,False,False,9.13,False,147.13,142.22,1.696,1.79,6.43,-4.31,-9.45,-4.83,0.97,1.55,999,73183744.42,150.8948,-5.01,164.4606,-12.84,-10.83,41.0,False,BELOW_SMA50|NOT_NEAR_UNBROKEN_PIVOT|WEAK_RS,753
REPL,2026-10-01,13.45,79.9,COILED,NEAR_UPPER_EDGE,NONE,11.51,8.33,17.86,13.49,False,False,3.57,False,13.658,12.07,0.601,6.25,29.41,-15.83,20.95,2.67,1.7,110.33,43,28649573.71,16.33,-17.64,16.15,-16.72,13.31,88.0,False,POST_GAP_COIL|NOT_NEAR_UNBROKEN_PIVOT,753
RCAT,2026-10-01,6.33,79.9,COILED,NEAR_LOWER_EDGE,NONE,1.19,0.4,44.84,58.33,True,True,0.4,False,7.41,6.37,1.044,6.92,41.07,-23.92,-30.97,-23.61,4.69,11.14,33,62877085.24,8.905,-28.92,15.79,-59.91,-42.2,2.0,False,POST_GAP_COIL|BELOW_SMA50|NOT_NEAR_UNBROKEN_PIVOT|WEAK_RS,753
ATHM,2026-10-01,20.86,79.82,COILED,NEAR_LOWER_EDGE,NONE,1.19,37.3,1.98,10.71,False,False,3.17,False,21.68,20.7,1.224,2.96,7.81,-4.88,4.61,-5.28,1.84,5.51,999,10588121.91,22.33,-6.58,23.57,-11.5,11.91,87.0,False,BELOW_SMA50|NOT_NEAR_UNBROKEN_PIVOT,753
SHC,2026-10-01,18.12,79.82,COILED,NEAR_LOWER_EDGE,NONE,7.94,10.71,14.68,21.43,False,False,1.98,False,19.64,18.17,1.081,2.4,9.0,-4.43,3.72,-2.64,1.6,4.64,288,37385000.9,19.64,-7.74,19.788,-8.43,-1.77,67.0,False,NOT_NEAR_UNBROKEN_PIVOT|WEAK_RS,753
SLMBP,2026-10-01,73.81,79.78,COILED,NEAR_UPPER_EDGE,NONE,50.79,7.14,17.86,17.86,True,True,15.87,True,74.68,73.5,0.0,0.56,2.76,0.2,1.53,0.18,1.32,2.06,999,101370.6,74.75,-1.26,73.8166,-0.01,-1.28,68.0,False,LOW_LIQUIDITY|WEAK_RS,753
FOR,2026-10-01,26.03,79.78,COILED,INSIDE_COIL,NONE,3.57,6.75,7.14,25.4,False,False,19.44,False,27.27,25.45,1.729,2.88,10.83,-4.27,-12.83,-6.9,1.51,2.35,232,4865372.87,28.02,-7.1,32.06,-18.81,-18.32,22.0,False,BELOW_SMA50|NOT_NEAR_UNBROKEN_PIVOT|LOW_LIQUIDITY|WEAK_RS,753
BELFB,2026-10-01,252.09,79.76,COILED,INSIDE_COIL,NONE,18.25,14.29,10.32,10.32,False,False,0.79,False,259.12,236.7,1.314,4.04,12.51,4.73,-2.52,-2.89,4.83,6.23,654,36125660.32,259.12,-2.71,335.206,-24.8,-8.37,48.0,False,WEAK_RS,753
TREX,2026-10-01,43.5,79.72,COILED,INSIDE_COIL,NONE,28.57,7.14,7.94,3.57,False,False,6.75,False,45.13,42.51,1.137,3.54,9.89,-0.53,-5.08,-4.35,2.76,5.4,226,71012657.08,46.4,-6.25,50.96,-14.64,-13.09,34.0,False,BELOW_SMA50|NOT_NEAR_UNBROKEN_PIVOT|WEAK_RS,753
NCLH,2026-10-01,14.64,79.66,COILED,INSIDE_COIL,NONE,5.95,26.98,7.94,6.75,False,False,21.03,True,15.28,13.63,0.759,4.13,14.75,-5.97,-20.74,-13.13,5.59,8.58,294,285195219.05,15.92,-8.04,22.22,-34.11,-28.82,8.0,False,BELOW_SMA50|NOT_NEAR_UNBROKEN_PIVOT|WEAK_RS,753
APLD,2026-10-01,24.16,79.64,COILED,NEAR_LOWER_EDGE,NONE,8.33,5.16,9.92,33.73,False,False,17.46,True,29.099,24.36,0.757,6.8,23.84,-3.01,-23.16,-11.53,7.44,9.73,79,412053555.04,29.15,-17.12,50.725,-52.37,-29.75,7.0,False,BELOW_SMA50|NOT_NEAR_UNBROKEN_PIVOT|WEAK_RS,753
ANET,2026-10-01,204.49,79.6,COILED,INSIDE_COIL,NONE,2.38,2.38,15.08,41.67,False,False,1.19,False,212.0,192.98,0.91,3.46,15.03,9.88,12.95,6.06,4.9,10.33,40,951751437.08,212.0,-3.54,214.89,-4.84,24.98,93.0,False,POST_GAP_COIL,753
EYE,2026-10-01,16.4,79.6,COILED,INSIDE_COIL,NONE,40.87,31.35,4.37,13.49,True,False,0.4,True,17.12,15.91,0.667,4.47,11.95,-2.5,-15.51,-12.02,2.13,2.25,352,38618872.61,17.77,-7.71,26.92,-39.08,-19.84,19.0,False,BELOW_SMA50|NOT_NEAR_UNBROKEN_PIVOT|WEAK_RS,753
ZLAB,2026-10-01,25.5,79.56,COILED,INSIDE_COIL,NONE,19.44,14.29,10.71,5.16,False,False,5.16,False,27.14,24.805,1.298,4.02,13.73,-3.7,29.11,5.75,4.27,5.17,289,20823370.42,27.5,-7.27,27.5,-7.27,30.53,95.0,False,NOT_NEAR_UNBROKEN_PIVOT,753
RKLB,2026-10-01,70.46,79.56,COILED,INSIDE_COIL,NONE,6.35,2.38,16.67,26.19,False,False,9.52,False,75.46,63.79,0.663,5.58,21.22,11.66,-15.46,1.12,3.81,4.72,373,1408358686.84,75.46,-6.63,151.0,-53.34,-32.7,5.0,False,NOT_NEAR_UNBROKEN_PIVOT|WEAK_RS,753
BABA,2026-10-01,107.45,79.54,COILED,NEAR_LOWER_EDGE,NONE,12.7,0.79,5.16,20.24,True,False,57.94,False,120.4,107.31,2.117,2.65,12.81,-3.9,-1.4,-8.19,3.8,4.52,999,907510681.15,120.4,-10.76,145.5334,-26.17,8.93,84.0,False,BELOW_SMA50|NOT_NEAR_UNBROKEN_PIVOT,753
PLPC,2026-10-01,407.03,79.54,COILED,NEAR_LOWER_EDGE,NONE,5.56,28.97,4.37,11.51,False,False,6.35,False,441.1624,402.9921,0.898,4.63,13.35,4.31,21.81,-0.35,4.93,22.42,44,29101796.38,441.1624,-7.74,504.4297,-19.31,7.6,82.0,False,POST_GAP_COIL|NOT_NEAR_UNBROKEN_PIVOT,753
ESE,2026-10-01,269.92,79.5,COILED,NEAR_UPPER_EDGE,NONE,7.94,25.0,13.89,3.17,False,False,4.37,False,271.9679,256.2226,1.48,3.0,8.61,1.16,-18.66,-5.89,2.27,6.09,999,67213950.7,278.9158,-3.23,361.9555,-25.43,-21.7,16.0,False,BELOW_SMA50|WEAK_RS,753
RBCAA,2026-10-01,92.21,79.48,COILED,NEAR_LOWER_EDGE,NONE,0.4,2.38,12.3,30.95,False,False,19.05,False,95.28,91.22,1.614,2.03,9.34,-3.79,5.66,-3.4,1.12,1.54,999,10724421.26,98.6069,-6.49,101.6806,-9.31,-1.52,67.0,False,BELOW_SMA50|NOT_NEAR_UNBROKEN_PIVOT|WEAK_RS,753
HCXY,2026-10-01,24.93,79.44,COILED,NEAR_UPPER_EDGE,NONE,4.76,21.43,1.59,23.81,False,False,9.52,False,25.18,24.9,0.538,0.54,1.12,0.04,0.66,-0.14,0.68,1.16,999,36025.64,25.18,-0.99,25.18,-0.99,-1.81,66.0,False,EVENT_PRICE_PEG|LOW_LIQUIDITY|WEAK_RS,753
DCO,2026-10-01,171.94,79.44,COILED,INSIDE_COIL,NONE,23.02,35.32,1.59,10.71,True,False,13.1,False,177.22,162.67,1.092,3.68,12.16,3.83,-0.41,-4.48,2.84,4.06,623,41114871.02,177.22,-2.98,210.39,-18.28,-10.69,42.0,False,BELOW_SMA50|WEAK_RS,753
W,2026-10-01,101.37,79.38,COILED,INSIDE_COIL,NONE,12.3,11.9,4.76,4.37,False,False,27.78,False,108.68,94.25,0.883,4.71,14.23,7.22,16.87,1.32,3.64,23.08,41,245965974.96,108.68,-6.73,118.305,-14.31,4.44,78.0,False,POST_GAP_COIL|NOT_NEAR_UNBROKEN_PIVOT,753
WWD,2026-10-01,336.19,79.38,COILED,RANGE_EXIT_CONFIRMED,UP_EXPANSION_CONFIRMED,10.32,21.03,13.1,4.76,False,False,6.75,False,331.26,315.63,1.591,2.71,10.27,0.2,-15.79,-3.92,3.43,7.11,166,251766232.53,346.94,-3.1,450.5191,-25.38,-22.34,15.0,False,ALREADY_EXPANDING|BELOW_SMA50|WEAK_RS,753
AAL,2026-10-01,13.13,79.38,COILED,NEAR_LOWER_EDGE,NONE,10.71,18.65,6.75,16.67,False,False,5.95,False,14.06,12.89,0.755,3.57,11.5,0.15,-20.52,-6.45,3.61,5.41,122,923623662.33,14.06,-6.61,18.79,-30.12,-29.56,7.0,False,BELOW_SMA50|NOT_NEAR_UNBROKEN_PIVOT|WEAK_RS,753
BWLP,2026-10-01,25.77,79.35,COILED,INSIDE_COIL,NONE,3.97,42.46,12.3,0.79,False,True,11.9,False,26.47,23.95,1.758,2.98,11.87,10.04,32.97,11.74,2.76,5.04,141,10052002.68,26.47,-2.64,24.5015,5.18,43.02,97.0,False,EXTENDED_60D_RUN,753
STRL,2026-10-01,505.12,79.31,COILED,INSIDE_COIL,NONE,14.29,14.68,7.54,20.24,False,False,2.38,False,531.0,485.0,0.922,5.15,16.57,10.38,-23.55,-3.8,7.64,13.32,41,263656811.79,531.0,-4.87,1005.68,-49.77,-30.75,7.0,False,POST_GAP_COIL|BELOW_SMA50|WEAK_RS,753
THC,2026-10-01,253.97,79.23,COILED,INSIDE_COIL,NONE,25.79,25.79,3.57,11.51,False,True,6.75,False,265.92,248.86,0.97,3.15,8.56,-1.76,23.13,-2.52,1.5,18.08,48,198874433.32,270.61,-6.15,283.05,-10.27,21.83,92.0,False,POST_GAP_COIL|NOT_NEAR_UNBROKEN_PIVOT,753
BE,2026-10-01,277.58,79.19,COILED,INSIDE_COIL,NONE,18.65,18.65,0.4,17.86,False,False,3.97,False,302.354,251.3,0.515,7.56,32.51,27.75,9.16,18.26,7.02,13.74,35,4831842641.34,302.354,-8.19,351.28,-20.98,-0.36,70.0,False,POST_GAP_COIL|RECENT_SURGE|EXTENDED_FROM_SMA50|NOT_NEAR_UNBROKEN_PIVOT,753
SLG-PI,2026-10-01,21.25,79.19,COILED,NEAR_UPPER_EDGE,NONE,12.7,7.54,11.51,16.67,False,False,13.1,False,21.4,20.89,1.554,0.86,2.84,1.47,2.09,1.17,1.37,1.37,999,183604.15,21.4,-0.7,21.4435,-0.9,-0.51,70.0,False,LOW_LIQUIDITY,753
VST,2026-10-01,139.75,79.17,COILED,INSIDE_COIL,NONE,1.59,1.98,21.43,35.32,False,False,3.57,False,145.8711,133.44,1.129,3.35,15.17,-2.43,-9.59,-2.75,2.95,3.63,182,681921405.78,154.6467,-9.63,171.0698,-18.31,-10.16,43.0,False,NOT_NEAR_UNBROKEN_PIVOT|WEAK_RS,753
NWPX,2026-10-01,104.77,79.15,COILED,NEAR_UPPER_EDGE,NONE,13.89,27.38,9.13,3.57,False,False,1.59,False,105.66,99.72,1.669,3.22,12.1,-4.65,-20.76,-6.51,3.54,3.54,999,13753026.38,111.75,-6.25,152.03,-31.09,-26.31,10.0,False,BELOW_SMA50|NOT_NEAR_UNBROKEN_PIVOT|WEAK_RS,753
CRI,2026-10-01,31.71,79.13,COILED,NEAR_UPPER_EDGE,NONE,38.1,2.38,33.33,18.25,True,True,9.13,False,32.07,29.0,1.012,3.74,15.36,-2.16,-15.7,-8.19,2.87,3.77,149,48650139.42,33.73,-5.99,43.9382,-27.83,-24.22,13.0,False,BELOW_SMA50|NOT_NEAR_UNBROKEN_PIVOT|WEAK_RS,753
FCEL,2026-10-01,16.57,79.11,COILED,INSIDE_COIL,NONE,20.63,25.4,9.13,9.13,False,True,9.92,False,18.87,15.75,1.387,8.49,30.42,15.07,-26.49,-11.15,8.55,11.11,20,99987418.52,18.87,-12.19,37.88,-56.26,-43.89,2.0,False,POST_GAP_COIL|RECENT_SURGE|BELOW_SMA50|NOT_NEAR_UNBROKEN_PIVOT|WEAK_RS,753
LB,2026-10-01,80.77,79.09,COILED,NEAR_LOWER_EDGE,NONE,6.75,0.79,20.24,50.4,True,False,18.65,False,88.42,79.38,1.014,3.74,12.1,-5.53,3.74,-1.85,2.06,4.18,999,19195437.05,89.15,-9.4,91.5658,-11.79,6.83,81.0,False,NOT_NEAR_UNBROKEN_PIVOT,567
AGX,2026-10-01,379.58,79.09,COILED,INSIDE_COIL,NONE,13.49,26.59,23.81,36.11,True,True,4.76,False,413.13,354.78,0.944,5.56,23.64,-7.51,-42.91,-19.91,5.96,6.02,129,171599585.34,444.53,-14.61,805.0899,-52.85,-49.04,1.0,False,BELOW_SMA50|NOT_NEAR_UNBROKEN_PIVOT|WEAK_RS,753
GRBK,2026-10-01,66.44,79.05,COILED,NEAR_LOWER_EDGE,NONE,9.92,16.27,11.9,5.56,False,False,16.67,False,69.25,65.84,1.766,2.73,13.05,-6.4,-7.68,-5.41,1.86,2.26,400,25547003.11,73.24,-9.28,83.18,-20.13,-19.0,21.0,False,BELOW_SMA50|NOT_NEAR_UNBROKEN_PIVOT|WEAK_RS,753
BAP,2026-10-01,378.35,79.03,COILED,NEAR_LOWER_EDGE,NONE,3.57,21.83,7.14,13.89,False,False,15.87,False,395.0,376.47,1.025,2.4,6.68,-0.32,-0.82,-0.99,1.85,2.54,999,126650169.04,395.0,-4.22,413.25,-8.45,-6.12,55.0,False,WEAK_RS,753
UPWK,2026-10-01,8.34,79.01,COILED,INSIDE_COIL,NONE,2.78,0.4,22.62,35.71,False,False,3.17,False,8.59,7.81,1.182,3.6,18.82,-7.64,-2.57,-4.83,2.03,18.21,36,22600595.52,9.41,-11.37,11.88,-29.8,-11.79,38.0,False,POST_GAP_COIL|BELOW_SMA50|NOT_NEAR_UNBROKEN_PIVOT|WEAK_RS,753
WPP,2026-10-01,25.22,78.99,COILED,INSIDE_COIL,NONE,28.57,21.03,0.4,0.4,False,False,6.35,False,26.34,24.67,1.721,3.14,7.26,4.78,47.14,2.13,7.35,25.86,39,8519627.45,26.34,-4.25,27.78,-9.22,49.74,98.0,False,POST_GAP_COIL|EXTENDED_60D_RUN,753
AXTI,2026-10-01,81.81,78.99,COILED,INSIDE_COIL,NONE,13.89,7.54,16.67,22.22,False,False,0.4,False,83.98,65.17,0.714,8.7,38.16,43.65,36.08,21.07,7.86,42.12,35,627368134.49,83.98,-2.58,143.16,-42.85,41.66,97.0,False,POST_GAP_COIL|RECENT_SURGE|EXTENDED_60D_RUN|EXTENDED_FROM_SMA50,753
GIII,2026-10-01,27.57,78.99,COILED,INSIDE_COIL,NONE,23.81,26.98,1.98,10.71,False,True,12.3,False,28.59,26.63,1.414,3.07,9.01,-2.81,-18.14,-12.66,4.14,4.14,81,24161716.2,32.3234,-14.71,37.4051,-26.29,-20.24,18.0,False,BELOW_SMA50|NOT_NEAR_UNBROKEN_PIVOT|WEAK_RS,753
CBC,2026-10-01,31.54,78.96,COILED,NEAR_LOWER_EDGE,NONE,9.74,14.85,13.78,31.75,False,True,10.68,False,32.34,31.19,1.493,2.42,9.05,-2.35,3.53,-2.27,0.89,2.32,999,56334030.47,33.385,-5.53,33.6915,-6.39,-2.2,65.0,False,NOT_NEAR_UNBROKEN_PIVOT|WEAK_RS,215
PSO,2026-10-01,16.16,78.95,COILED,NEAR_UPPER_EDGE,NONE,23.41,18.25,10.71,16.67,False,True,7.14,False,16.17,15.7,1.474,1.55,5.01,0.25,-3.61,-0.51,2.23,3.45,999,11443508.89,16.33,-1.04,17.6298,-8.34,-5.47,56.0,False,WEAK_RS,753
QH,2026-10-01,3.65,78.95,COILED,NEAR_LOWER_EDGE,NONE,1.19,5.16,1.59,14.29,False,False,48.81,False,5.24,3.61,0.626,7.98,45.73,-10.32,-41.32,-14.15,8.54,15.76,53,43695.54,5.24,-30.34,12.81,-71.51,-47.36,1.0,False,POST_GAP_COIL|BELOW_SMA50|NOT_NEAR_UNBROKEN_PIVOT|LOW_LIQUIDITY|WEAK_RS,753
MCBS,2026-10-01,34.68,78.87,COILED,NEAR_LOWER_EDGE,NONE,7.54,2.78,14.68,34.52,False,False,6.35,False,35.485,34.01,1.509,1.97,6.39,-1.67,-0.19,-1.9,0.9,2.38,999,2878174.0,36.035,-3.76,37.1566,-6.67,-6.4,54.0,False,LOW_LIQUIDITY|WEAK_RS,753
BTG,2026-10-01,5.17,78.85,COILED,NEAR_LOWER_EDGE,NONE,21.03,19.05,9.92,11.51,False,False,9.52,True,5.64,5.16,0.684,4.19,11.59,-4.09,37.27,2.77,5.29,6.36,155,123744076.73,5.6695,-8.81,5.8787,-12.06,24.34,93.0,False,EXTENDED_60D_RUN|NOT_NEAR_UNBROKEN_PIVOT,753
AVAV,2026-10-01,140.31,78.85,COILED,NEAR_LOWER_EDGE,NONE,7.54,26.98,10.32,24.21,True,True,43.65,False,168.0,142.02,0.752,5.83,21.16,-3.49,-11.07,-11.45,4.51,6.38,65,350485014.59,168.0,-16.48,222.4,-36.91,-29.33,7.0,False,BELOW_SMA50|NOT_NEAR_UNBROKEN_PIVOT|WEAK_RS,753
HLF,2026-10-01,12.28,78.83,COILED,INSIDE_COIL,NONE,0.4,15.87,3.57,16.67,False,False,31.35,False,12.97,11.51,0.769,3.9,13.52,0.99,-2.31,0.69,5.01,8.85,155,17388832.04,13.17,-6.76,17.46,-29.67,-9.17,46.0,False,NOT_NEAR_UNBROKEN_PIVOT|WEAK_RS,753
H,2026-10-01,160.94,78.83,COILED,NEAR_UPPER_EDGE,NONE,5.56,31.75,15.48,7.54,False,False,9.92,True,164.22,154.16,0.524,2.89,8.69,-2.47,-14.05,-5.6,1.94,7.0,999,131183908.24,168.15,-4.29,206.6853,-22.13,-18.62,22.0,False,BELOW_SMA50|WEAK_RS,753
ALGT,2026-10-01,75.46,78.83,COILED,NEAR_LOWER_EDGE,NONE,4.37,24.6,0.4,11.51,False,False,23.81,False,85.0,74.33,0.816,4.78,14.9,0.91,-30.3,-10.4,3.64,8.36,122,39179595.47,85.0,-11.22,123.63,-38.96,-39.25,3.0,False,BELOW_SMA50|NOT_NEAR_UNBROKEN_PIVOT|WEAK_RS,753
CCNE,2026-10-01,33.68,78.77,COILED,INSIDE_COIL,NONE,3.97,13.89,6.75,30.95,False,False,11.11,False,34.42,33.0,1.479,2.07,7.39,-1.26,2.73,-1.68,1.04,1.57,999,5218546.73,35.19,-4.29,35.9668,-6.36,-2.3,65.0,False,WEAK_RS,753
ECHO,2026-10-01,88.25,78.75,COILED,NEAR_LOWER_EDGE,NONE,10.71,0.79,5.16,38.1,False,False,14.68,False,96.46,88.7,0.792,3.15,10.69,1.8,-8.34,-1.35,4.23,4.23,268,305591400.35,96.46,-8.51,147.25,-40.07,-15.89,27.0,False,NOT_NEAR_UNBROKEN_PIVOT|WEAK_RS,753
PRIM,2026-10-01,76.25,78.75,COILED,INSIDE_COIL,NONE,3.97,29.37,4.76,9.13,False,False,15.08,False,79.8539,70.0245,1.287,4.47,12.89,2.82,-14.71,-2.43,3.69,7.01,70,98932580.21,79.8539,-4.51,205.1098,-62.82,-16.29,26.0,False,WEAK_RS,753
MU,2026-10-01,1097.39,78.65,COILED,NEAR_UPPER_EDGE,NONE,1.59,7.54,23.81,28.17,False,False,3.57,False,1108.72,953.5,2.128,4.31,18.78,14.78,15.66,14.99,7.1,7.33,68,26813257549.77,1108.72,-1.02,1254.807,-12.55,9.67,85.0,False,EXTENDED_FROM_SMA50,753
CRSP,2026-10-01,55.44,78.63,COILED,INSIDE_COIL,NONE,19.84,24.21,11.9,11.9,False,True,22.62,True,60.72,52.9,0.714,4.88,16.94,-2.6,-6.35,2.26,3.24,3.83,541,90647528.76,60.72,-8.7,63.45,-12.62,-10.56,42.0,False,NOT_NEAR_UNBROKEN_PIVOT|WEAK_RS,753
CNM,2026-10-01,41.38,78.6,COILED,NEAR_LOWER_EDGE,NONE,30.56,12.3,17.86,3.97,False,True,11.11,False,43.85,41.14,0.889,2.87,11.41,-5.46,-9.23,-5.29,1.6,2.02,267,123365228.18,44.75,-7.53,54.81,-24.5,-10.74,41.0,False,BELOW_SMA50|NOT_NEAR_UNBROKEN_PIVOT|WEAK_RS,753
LSPD,2026-10-01,9.68,78.59,COILED,INSIDE_COIL,NONE,1.59,1.98,31.75,26.98,False,False,1.98,False,9.91,9.375,1.373,2.96,14.05,-7.01,-4.35,-4.86,1.67,5.0,663,6696371.74,10.735,-9.83,11.085,-12.67,-13.2,34.0,False,BELOW_SMA50|NOT_NEAR_UNBROKEN_PIVOT|WEAK_RS,753
SWK,2026-10-01,89.59,78.57,COILED,NEAR_LOWER_EDGE,NONE,7.54,20.63,14.68,8.73,False,False,10.32,False,92.35,88.3,1.429,3.03,13.3,-6.73,4.9,-5.43,2.37,2.37,349,156231390.98,97.7989,-8.39,103.7768,-13.67,-4.5,59.0,False,BELOW_SMA50|NOT_NEAR_UNBROKEN_PIVOT|WEAK_RS,753
SHO,2026-10-01,11.31,78.47,COILED,NEAR_UPPER_EDGE,NONE,0.79,0.79,6.35,46.83,False,False,19.44,False,11.31,10.7735,1.4,1.73,5.8,3.64,3.17,1.67,0.91,1.63,999,22095954.45,11.31,0.0,11.8814,-4.81,-2.65,64.0,False,WEAK_RS,753
IFS,2026-10-01,54.2,78.45,COILED,NEAR_LOWER_EDGE,NONE,5.56,13.89,10.32,4.76,False,False,32.54,False,56.72,53.31,1.541,2.24,6.9,-2.41,-5.36,-3.13,1.65,1.66,999,11914004.15,56.72,-4.44,61.38,-11.7,-9.59,45.0,False,BELOW_SMA50|WEAK_RS,753
BIDU,2026-10-01,85.59,78.45,COILED,RANGE_EXIT_CONFIRMED,DOWN_EXPANSION_CONFIRMED,14.68,0.79,17.86,47.62,True,False,18.25,False,93.83,85.83,2.221,2.8,16.73,-9.27,-27.23,-12.13,7.75,9.38,187,233162483.03,99.64,-14.1,152.37,-43.83,-27.29,9.0,False,ALREADY_EXPANDING|BELOW_SMA50|NOT_NEAR_UNBROKEN_PIVOT|WEAK_RS,753
LII,2026-10-01,360.46,78.37,COILED,NEAR_LOWER_EDGE,NONE,9.92,17.86,16.67,11.11,False,False,7.14,False,376.4133,354.2373,1.074,2.97,12.71,-3.26,-32.72,-10.83,4.32,9.76,999,186218966.3,394.7139,-8.68,585.0525,-38.39,-39.36,3.0,False,BELOW_SMA50|NOT_NEAR_UNBROKEN_PIVOT|WEAK_RS,753
JD,2026-10-01,26.37,78.35,COILED,NEAR_LOWER_EDGE,NONE,8.73,1.98,11.51,30.16,False,False,17.86,False,27.715,26.115,1.526,1.89,8.25,-5.25,-4.56,-9.36,2.02,3.6,504,158573432.56,28.29,-6.79,34.3,-23.12,-3.77,61.0,False,BELOW_SMA50|NOT_NEAR_UNBROKEN_PIVOT|WEAK_RS,753
UAL,2026-10-01,111.78,78.35,COILED,INSIDE_COIL,NONE,15.87,16.27,3.17,16.27,False,False,14.29,False,118.26,107.07,0.568,3.5,12.23,3.17,-11.44,-3.57,3.38,4.32,122,426921245.01,118.26,-5.48,138.77,-19.45,-18.99,21.0,False,BELOW_SMA50|NOT_NEAR_UNBROKEN_PIVOT|WEAK_RS,753
NIQ,2026-10-01,17.24,78.33,COILED,NEAR_LOWER_EDGE,NONE,7.54,5.95,9.13,28.97,False,False,18.65,False,18.59,17.01,1.795,3.64,13.37,-6.05,57.59,5.5,2.12,17.38,36,20096938.09,19.09,-9.69,19.69,-12.44,71.66,99.0,False,POST_GAP_COIL|EXTENDED_60D_RUN|NOT_NEAR_UNBROKEN_PIVOT,301
DOV,2026-10-01,188.06,78.33,COILED,NEAR_LOWER_EDGE,NONE,12.7,35.71,2.78,4.76,False,False,4.76,False,192.75,184.8,1.005,2.16,6.01,-0.44,-10.83,-4.77,1.96,6.09,999,264250268.91,195.31,-3.71,233.0326,-19.3,-14.6,30.0,False,BELOW_SMA50|WEAK_RS,753
SHLS,2026-10-01,8.13,78.23,COILED,NEAR_UPPER_EDGE,NONE,10.32,0.4,28.17,24.21,False,False,2.38,False,8.24,7.07,1.169,5.74,20.23,20.98,-16.83,3.36,6.44,6.44,103,31826449.82,8.24,-1.33,13.18,-38.32,-21.13,17.0,False,RECENT_SURGE|WEAK_RS,753
RRX,2026-10-01,156.57,78.19,COILED,NEAR_UPPER_EDGE,NONE,9.13,13.49,18.25,14.29,False,False,9.92,False,158.3138,145.6522,1.412,3.6,13.13,-2.39,-24.72,-7.86,3.84,12.3,40,180010529.53,166.216,-5.8,247.2436,-36.67,-31.0,6.0,False,POST_GAP_COIL|BELOW_SMA50|NOT_NEAR_UNBROKEN_PIVOT|WEAK_RS,753
TILE,2026-10-01,34.45,78.13,COILED,INSIDE_COIL,NONE,33.33,16.67,11.9,1.19,False,False,8.73,True,35.74,33.65,0.807,2.8,11.26,-6.44,7.28,-4.27,1.87,7.55,293,18117374.83,37.529,-8.2,40.4666,-14.87,-6.17,54.0,False,BELOW_SMA50|NOT_NEAR_UNBROKEN_PIVOT|WEAK_RS,753
DFTX,2026-10-01,37.6,78.1,COILED,INSIDE_COIL,NONE,30.16,11.9,1.98,7.54,False,False,13.1,False,40.39,35.51,1.119,5.5,21.97,-3.34,-17.03,-8.83,11.93,16.13,13,92659497.26,43.77,-14.1,49.7,-24.35,-17.75,23.0,False,POST_GAP_COIL|BELOW_SMA50|NOT_NEAR_UNBROKEN_PIVOT|WEAK_RS,753
MUR,2026-10-01,37.47,78.08,COILED,INSIDE_COIL,NONE,24.6,7.94,11.9,18.65,False,False,1.59,False,38.39,35.26,1.197,3.58,14.49,-0.58,9.43,1.99,2.75,5.38,999,64805583.09,40.69,-7.91,42.5317,-11.9,15.9,90.0,False,NOT_NEAR_UNBROKEN_PIVOT,753
HYMC,2026-10-01,18.93,78.07,COILED,NEAR_LOWER_EDGE,NONE,1.59,25.4,6.35,30.56,False,False,17.86,True,22.775,18.62,0.592,7.84,29.48,-18.44,-8.95,-17.19,6.51,11.05,38,45664535.64,24.2,-21.78,46.3,-59.11,-22.69,15.0,False,POST_GAP_COIL|BELOW_SMA50|NOT_NEAR_UNBROKEN_PIVOT|WEAK_RS,753
AVY,2026-10-01,171.62,78.0,COILED,NEAR_UPPER_EDGE,NONE,12.7,39.68,0.79,2.78,False,False,6.35,False,174.0,167.69,1.452,2.29,5.1,-1.61,9.29,-0.76,2.79,11.04,44,145226002.64,176.46,-2.74,186.8243,-8.14,0.55,72.0,False,POST_GAP_COIL,753
LLY,2026-10-01,1149.85,77.95,COILED,NEAR_LOWER_EDGE,NONE,3.17,25.0,7.54,31.75,False,False,14.29,True,1215.0,1134.41,0.647,2.8,8.85,-0.88,-5.29,-2.32,2.38,5.23,365,2628601466.18,1215.0,-5.36,1292.65,-11.05,-7.98,49.0,False,NOT_NEAR_UNBROKEN_PIVOT|WEAK_RS,753
TTMI,2026-10-01,126.5,77.94,COILED,INSIDE_COIL,NONE,14.29,24.6,8.33,13.49,False,False,3.97,False,131.32,114.1,0.911,6.11,19.16,9.43,-12.93,2.58,6.98,9.09,106,232903467.82,133.77,-5.43,223.83,-43.48,-21.73,16.0,False,NOT_NEAR_UNBROKEN_PIVOT|WEAK_RS,753
MA,2026-10-01,550.0,77.92,COILED,RANGE_EXIT_CONFIRMED,DOWN_EXPANSION_CONFIRMED,1.59,13.1,11.51,32.14,False,False,13.49,False,571.35,551.43,1.592,1.69,8.52,-6.48,5.98,-3.55,1.19,2.49,999,1550275680.54,592.97,-7.25,601.23,-8.52,-0.7,69.0,False,ALREADY_EXPANDING|BELOW_SMA50|NOT_NEAR_UNBROKEN_PIVOT|WEAK_RS,753
FTV,2026-10-01,55.84,77.92,COILED,NEAR_UPPER_EDGE,NONE,35.71,9.52,11.9,0.79,False,False,3.57,False,56.44,54.38,1.314,1.95,6.19,-1.22,-8.75,-4.43,1.31,2.87,231,120682187.4,57.5899,-3.04,64.4815,-13.4,-13.6,33.0,False,BELOW_SMA50|WEAK_RS,753
BLX,2026-10-01,55.21,77.82,COILED,NEAR_UPPER_EDGE,NONE,17.86,24.21,8.73,1.59,False,False,11.9,False,56.01,53.7,1.086,1.99,6.43,-0.36,-1.7,-0.78,1.14,1.81,999,10361208.57,56.49,-2.27,62.4476,-11.59,-8.51,48.0,False,WEAK_RS,753
LLYVA,2026-10-01,93.61,77.74,COILED,NEAR_LOWER_EDGE,NONE,3.97,34.52,5.56,7.54,False,False,15.48,False,98.35,92.34,1.775,2.81,8.48,-5.21,-8.49,-4.69,4.11,4.11,999,13632867.42,100.18,-6.56,106.055,-11.73,-12.92,35.0,False,BELOW_SMA50|NOT_NEAR_UNBROKEN_PIVOT|WEAK_RS,753
IHS,2026-10-01,8.35,77.72,COILED,NEAR_UPPER_EDGE,NONE,3.57,3.17,13.89,38.49,False,False,15.87,False,8.45,8.34,0.7,0.57,2.28,-0.95,2.58,-0.06,0.48,0.49,221,8362857.44,8.52,-2.0,8.44,-1.07,-1.25,68.0,False,WEAK_RS,753
BEAM,2026-10-01,24.39,77.66,COILED,INSIDE_COIL,NONE,11.9,15.48,51.98,17.46,True,True,12.3,False,26.5,23.16,0.84,5.68,29.93,-16.73,-33.87,-8.32,9.78,9.78,476,50870545.98,30.178,-19.18,38.26,-36.25,-32.73,5.0,False,BELOW_SMA50|NOT_NEAR_UNBROKEN_PIVOT|WEAK_RS,753
HBM,2026-10-01,26.18,77.64,COILED,INSIDE_COIL,NONE,13.89,39.68,3.17,1.59,False,False,5.16,False,28.26,25.25,1.316,4.87,19.4,-4.15,27.18,-1.6,7.74,7.74,285,110843952.43,29.72,-11.91,32.1332,-18.53,13.09,88.0,False,NOT_NEAR_UNBROKEN_PIVOT,753
ALGM,2026-10-01,36.38,77.64,COILED,INSIDE_COIL,NONE,8.73,31.35,3.57,14.29,False,False,9.92,False,38.0,32.995,0.691,4.67,14.65,2.57,-29.31,-6.02,6.28,7.05,101,86517945.67,38.0,-4.26,71.77,-49.31,-37.27,3.0,False,BELOW_SMA50|WEAK_RS,753
EOS,2026-10-01,21.3,77.6,COILED,NEAR_UPPER_EDGE,NONE,19.84,12.3,14.68,8.73,False,False,11.51,False,21.63,20.98,1.174,1.15,4.27,-0.12,-0.68,-0.11,1.04,1.09,999,3046659.44,21.63,-1.53,22.4661,-5.19,-4.19,60.0,False,LOW_LIQUIDITY|WEAK_RS,753
KEEL,2026-10-01,3.44,77.6,COILED,NEAR_LOWER_EDGE,NONE,5.95,14.68,17.06,30.16,False,True,22.22,False,4.23,3.48,0.804,7.84,33.72,10.61,-24.56,-5.07,7.56,11.64,44,113928997.21,4.23,-18.68,7.37,-53.32,-27.89,8.0,False,POST_GAP_COIL|BELOW_SMA50|NOT_NEAR_UNBROKEN_PIVOT|LOW_LIQUIDITY|WEAK_RS,753
NATL,2026-10-01,45.03,77.56,COILED,NEAR_LOWER_EDGE,NONE,5.56,5.56,12.7,26.98,False,False,24.21,False,46.45,44.71,0.821,1.3,4.69,-1.66,0.54,-2.83,0.84,2.13,999,37777523.41,46.82,-3.82,48.2,-6.58,-1.8,67.0,False,WEAK_RS,746
EBC,2026-10-01,21.08,77.54,COILED,NEAR_LOWER_EDGE,NONE,0.4,4.37,11.11,41.27,False,False,20.63,False,21.93,20.795,2.206,2.03,8.63,-3.58,-2.02,-5.22,0.93,1.71,999,53331030.09,22.239,-5.21,23.6146,-10.73,-7.92,49.0,False,BELOW_SMA50|NOT_NEAR_UNBROKEN_PIVOT|WEAK_RS,753
RERE,2026-10-01,3.7,77.54,COILED,NEAR_LOWER_EDGE,NONE,0.4,1.98,11.11,55.95,False,False,9.13,False,4.065,3.73,0.75,3.07,15.95,-12.11,-9.54,-10.39,1.52,8.5,311,2297350.36,4.28,-13.55,5.2,-28.85,-9.64,44.0,False,BELOW_SMA50|NOT_NEAR_UNBROKEN_PIVOT|LOW_LIQUIDITY|WEAK_RS,753
BCPC,2026-10-01,163.69,77.5,COILED,RANGE_EXIT_CONFIRMED,DOWN_EXPANSION_CONFIRMED,9.92,7.14,12.7,8.33,False,False,35.32,False,170.62,164.15,1.464,2.03,9.84,-6.71,-1.4,-4.73,1.34,1.9,999,37170343.45,177.39,-7.72,182.99,-10.55,-5.86,55.0,False,ALREADY_EXPANDING|BELOW_SMA50|NOT_NEAR_UNBROKEN_PIVOT|WEAK_RS,753
GDRX,2026-10-01,3.27,77.4,COILED,NEAR_LOWER_EDGE,NONE,18.25,1.59,14.29,34.13,False,False,4.37,False,3.475,3.23,1.278,3.52,11.31,-5.22,10.47,-4.3,1.2,4.59,150,2996773.04,3.58,-8.66,3.89,-15.94,4.38,77.0,False,BELOW_SMA50|NOT_NEAR_UNBROKEN_PIVOT|LOW_LIQUIDITY,753
ACA,2026-10-01,146.5,77.36,COILED,NEAR_UPPER_EDGE,NONE,9.92,5.16,21.03,18.65,False,False,17.46,False,146.82,145.41,1.47,0.31,1.24,0.72,0.81,0.73,0.44,0.44,999,109683363.49,146.82,-0.22,146.8694,-0.25,-1.74,67.0,False,EVENT_PRICE_PEG|WEAK_RS,753
UNFI,2026-10-01,44.78,77.34,COILED,INSIDE_COIL,NONE,27.38,32.14,9.13,6.75,True,False,19.44,False,47.42,43.53,0.831,3.56,11.68,0.83,-5.09,-4.18,2.91,2.91,79,33490834.78,47.73,-6.18,57.02,-21.47,-4.57,58.0,False,BELOW_SMA50|NOT_NEAR_UNBROKEN_PIVOT|WEAK_RS,753
TDC,2026-10-01,29.92,77.24,COILED,NEAR_UPPER_EDGE,NONE,13.1,20.63,15.48,11.11,False,False,8.33,False,30.08,27.97,1.633,3.32,9.83,5.87,-14.93,4.51,2.07,19.98,40,45936561.14,30.14,-0.73,37.52,-20.26,-16.26,26.0,False,POST_GAP_COIL|WEAK_RS,753
AVBP,2026-10-01,28.93,77.22,COILED,INSIDE_COIL,NONE,14.29,21.43,13.89,2.78,False,False,16.27,False,31.49,27.84,1.346,5.11,14.55,-5.18,-13.38,-3.5,2.26,2.32,999,19399829.2,31.49,-8.13,35.83,-19.26,-19.39,20.0,False,BELOW_SMA50|NOT_NEAR_UNBROKEN_PIVOT|WEAK_RS,673
WB,2026-10-01,6.35,77.18,COILED,RANGE_EXIT_CONFIRMED,DOWN_EXPANSION_CONFIRMED,3.57,1.59,7.14,38.1,False,False,30.95,False,6.79,6.37,2.714,1.9,7.72,-6.2,-17.1,-11.44,1.22,2.67,999,6508994.4,6.89,-7.84,8.93,-28.89,-16.56,26.0,False,ALREADY_EXPANDING|BELOW_SMA50|NOT_NEAR_UNBROKEN_PIVOT|WEAK_RS,753
CGNX,2026-10-01,62.22,77.16,COILED,NEAR_UPPER_EDGE,NONE,31.75,15.08,14.68,11.11,True,False,25.79,False,63.39,57.1,1.403,3.36,11.64,3.8,-2.81,0.45,4.84,4.84,159,91960374.79,64.34,-3.29,72.7778,-14.51,-10.94,40.0,False,WEAK_RS,753
NIC,2026-10-01,163.62,77.1,COILED,NEAR_LOWER_EDGE,NONE,0.4,13.89,15.08,32.14,False,False,14.68,False,170.34,161.85,1.267,2.21,8.39,-3.56,1.59,-4.12,1.54,1.8,999,26746305.36,173.88,-5.9,179.6173,-8.91,-4.48,59.0,False,BELOW_SMA50|NOT_NEAR_UNBROKEN_PIVOT|WEAK_RS,753
ZGN,2026-10-01,12.62,77.09,COILED,NEAR_UPPER_EDGE,NONE,7.54,19.05,19.05,34.13,False,True,11.11,False,12.84,11.98,2.362,3.29,12.72,0.48,-5.54,-5.69,2.29,5.76,380,15840670.22,13.27,-4.9,15.95,-20.88,-6.0,55.0,False,BELOW_SMA50|WEAK_RS,753
UVE,2026-10-01,43.13,77.04,COILED,INSIDE_COIL,NONE,3.57,1.59,19.44,40.48,False,False,13.1,False,44.87,41.65,1.921,2.36,8.09,-1.8,3.66,-0.4,1.31,5.49,494,6782365.98,45.14,-4.45,45.11,-4.39,-2.19,65.0,False,WEAK_RS,753
JBLU,2026-10-01,4.15,77.02,COILED,NEAR_LOWER_EDGE,NONE,3.97,14.68,5.16,24.6,False,False,30.16,False,4.75,4.19,0.8,4.52,15.18,-10.56,-25.63,-17.17,3.72,4.36,122,78780546.2,4.75,-12.63,6.62,-37.31,-33.9,5.0,False,BELOW_SMA50|NOT_NEAR_UNBROKEN_PIVOT|LOW_LIQUIDITY|WEAK_RS,753
GS-PA,2026-10-01,19.18,77.0,COILED,NEAR_UPPER_EDGE,NONE,10.32,2.78,24.21,27.78,False,False,9.13,False,19.24,18.97,1.7,0.71,1.98,0.68,0.71,0.43,0.63,0.68,999,1101474.35,19.24,-0.31,19.5565,-1.93,-2.12,65.0,False,LOW_LIQUIDITY|WEAK_RS,753
GEHC,2026-10-01,63.98,77.0,COILED,NEAR_LOWER_EDGE,NONE,8.73,7.14,44.05,1.59,False,False,5.16,False,67.1,62.995,1.428,2.35,13.07,-9.33,-1.03,-6.83,2.27,8.13,349,241324067.84,71.875,-10.98,75.9071,-15.71,-5.2,57.0,False,BELOW_SMA50|NOT_NEAR_UNBROKEN_PIVOT|WEAK_RS,753
CTS,2026-10-01,59.81,76.98,COILED,NEAR_UPPER_EDGE,NONE,1.59,12.3,19.05,26.98,False,False,15.87,False,60.89,56.542,1.353,2.67,9.84,4.98,1.34,-0.11,2.33,3.74,999,13668839.95,60.89,-1.77,69.4617,-13.89,-3.91,60.0,False,WEAK_RS,753
ECL,2026-10-01,271.26,76.94,COILED,NEAR_LOWER_EDGE,NONE,9.52,34.52,0.4,4.76,False,False,23.02,False,281.27,267.83,1.667,1.93,5.45,-2.83,-0.78,-2.47,1.11,2.44,545,330891857.72,284.2049,-4.55,294.5475,-7.91,-6.85,52.0,False,WEAK_RS,753
WINA,2026-10-01,299.46,76.85,COILED,INSIDE_COIL,NONE,3.57,3.17,35.32,26.98,False,True,24.6,False,311.29,280.05,0.842,3.39,14.96,-6.28,-24.09,-8.55,1.67,2.21,999,30757585.37,329.47,-9.11,459.6309,-34.85,-32.06,5.0,False,BELOW_SMA50|NOT_NEAR_UNBROKEN_PIVOT|WEAK_RS,753
BH,2026-10-01,357.19,76.83,COILED,NEAR_UPPER_EDGE,NONE,38.89,23.02,24.6,23.81,True,True,1.98,False,361.47,336.41,2.36,4.31,21.54,-9.34,-11.53,-4.53,7.72,7.72,999,44819398.43,413.36,-13.59,443.0,-19.37,-17.97,23.0,False,BELOW_SMA50|NOT_NEAR_UNBROKEN_PIVOT|WEAK_RS,753
XHR,2026-10-01,18.07,76.79,COILED,NEAR_UPPER_EDGE,NONE,0.4,18.25,2.78,38.49,False,False,21.03,False,18.39,17.2274,0.909,2.35,8.29,-1.25,-7.94,-4.22,1.18,4.45,999,16609317.31,18.4976,-2.31,21.8915,-17.46,-13.35,34.0,False,BELOW_SMA50|WEAK_RS,753
MEOH,2026-10-01,58.55,76.75,COILED,NEAR_LOWER_EDGE,NONE,17.46,21.43,20.63,20.63,False,True,8.33,False,62.11,57.58,1.294,3.37,12.82,-3.06,20.15,1.36,2.2,3.62,122,54093540.66,64.5143,-9.24,65.7929,-11.01,26.3,94.0,False,NOT_NEAR_UNBROKEN_PIVOT,753
RMD,2026-10-01,221.15,76.69,COILED,NEAR_LOWER_EDGE,NONE,21.83,25.0,11.11,8.33,False,False,3.17,False,229.57,218.26,1.272,2.44,8.38,-4.21,7.75,-0.6,1.51,7.19,609,281089941.72,237.21,-6.77,242.4,-8.77,2.96,76.0,False,NOT_NEAR_UNBROKEN_PIVOT,753
PCVX,2026-10-01,56.05,76.68,COILED,NEAR_LOWER_EDGE,NONE,5.95,19.44,11.9,34.92,False,False,17.46,True,61.5,55.085,0.469,3.98,12.59,-8.98,-4.53,-4.22,2.47,2.96,378,82575852.78,62.9,-10.89,63.98,-12.39,-6.84,53.0,False,BELOW_SMA50|NOT_NEAR_UNBROKEN_PIVOT|WEAK_RS,753
RLAY,2026-10-01,18.49,76.65,COILED,INSIDE_COIL,NONE,17.06,11.11,7.94,23.41,False,False,17.46,False,19.69,17.05,1.544,5.02,14.28,-0.11,-5.81,-3.17,3.24,3.24,84,67530318.53,19.69,-6.09,21.27,-13.07,-3.69,61.0,False,BELOW_SMA50|NOT_NEAR_UNBROKEN_PIVOT|WEAK_RS,753
TOP,2026-10-01,14.93,76.57,COILED,INSIDE_COIL,NONE,14.68,33.73,2.38,3.57,False,False,18.25,False,16.2,14.55,0.815,6.36,12.49,-1.78,47.09,10.32,1.78,4.48,95,1401304.35,16.2,-7.84,17.419,-14.29,65.87,99.0,False,EXTENDED_60D_RUN|NOT_NEAR_UNBROKEN_PIVOT|LOW_LIQUIDITY,753
GNTX,2026-10-01,21.95,76.57,COILED,NEAR_LOWER_EDGE,NONE,2.78,22.22,10.32,27.78,False,False,14.68,False,22.8,21.71,1.32,2.16,8.2,-3.98,-6.04,-4.86,1.97,2.18,298,48839092.22,23.26,-5.63,26.3478,-16.69,-12.83,35.0,False,BELOW_SMA50|NOT_NEAR_UNBROKEN_PIVOT|WEAK_RS,753
TECK,2026-10-01,65.22,76.55,COILED,NEAR_LOWER_EDGE,NONE,16.67,20.24,13.1,15.48,False,False,7.54,False,69.38,64.0,0.868,3.45,14.34,-2.63,16.35,-0.72,6.72,6.91,267,198933531.68,72.4614,-9.99,71.8323,-9.21,6.0,80.0,False,NOT_NEAR_UNBROKEN_PIVOT,753
ORIC,2026-10-01,12.52,76.51,COILED,NEAR_LOWER_EDGE,NONE,21.83,24.21,4.76,11.51,False,False,10.71,False,14.12,12.475,1.535,5.93,18.05,-4.65,14.86,-3.21,3.26,3.26,84,19648650.93,14.12,-11.33,14.68,-14.71,4.73,78.0,False,BELOW_SMA50|NOT_NEAR_UNBROKEN_PIVOT,753
WKC,2026-10-01,35.68,76.49,COILED,NEAR_UPPER_EDGE,NONE,4.76,46.43,3.57,4.76,False,False,12.3,False,36.39,34.55,1.396,2.66,5.16,2.23,6.31,-1.6,1.33,10.28,48,40634444.14,36.39,-1.95,40.9342,-12.84,5.3,79.0,False,POST_GAP_COIL,753
PEB-PF,2026-10-01,19.585,76.49,COILED,NEAR_UPPER_EDGE,NONE,13.89,21.03,11.51,9.92,False,False,18.25,False,19.8425,19.0881,0.647,1.21,3.85,0.95,0.04,0.1,1.52,2.25,999,145842.9,19.8425,-1.3,20.0067,-2.11,-0.65,69.0,False,LOW_LIQUIDITY|WEAK_RS,753
RAMP,2026-10-01,37.7,76.41,COILED,NEAR_UPPER_EDGE,NONE,11.9,9.13,23.41,21.43,False,False,9.92,False,38.01,37.44,1.053,0.45,1.51,-0.26,0.24,-0.03,0.53,0.58,94,51245752.46,38.01,-0.82,38.23,-1.39,-2.91,63.0,False,EVENT_PRICE_PEG|WEAK_RS,753
ARDX,2026-10-01,3.38,76.39,COILED,INSIDE_COIL,NONE,9.52,3.97,23.02,29.76,False,False,12.3,False,3.63,3.31,1.235,3.88,17.9,-11.05,-37.75,-15.29,1.47,16.84,38,14722317.52,3.915,-13.67,7.43,-54.51,-38.7,3.0,False,POST_GAP_COIL|BELOW_SMA50|NOT_NEAR_UNBROKEN_PIVOT|LOW_LIQUIDITY|WEAK_RS,753
MRCY,2026-10-01,84.07,76.35,COILED,INSIDE_COIL,NONE,13.89,40.87,2.78,3.57,False,False,10.71,False,90.06,78.61,1.29,4.42,13.79,1.82,-25.21,-9.8,2.65,3.21,165,57741303.77,90.06,-6.65,128.45,-34.55,-36.22,4.0,False,BELOW_SMA50|NOT_NEAR_UNBROKEN_PIVOT|WEAK_RS,753
EDU,2026-10-01,55.63,76.31,COILED,INSIDE_COIL,NONE,32.14,4.76,10.32,5.56,False,False,36.11,True,58.92,54.02,0.38,2.52,9.9,-5.95,13.35,-0.36,3.11,4.35,295,36900247.44,60.23,-7.64,60.49,-8.03,15.45,89.0,False,NOT_NEAR_UNBROKEN_PIVOT,753
RYZ,2026-10-01,24.51,76.27,COILED,NEAR_UPPER_EDGE,NONE,5.16,32.94,18.65,15.48,False,False,0.4,False,24.97,23.23,1.924,3.9,14.97,-6.1,-5.45,-6.06,2.81,6.23,231,11815839.38,26.69,-8.17,31.7712,-22.85,-0.1,71.0,False,BELOW_SMA50|NOT_NEAR_UNBROKEN_PIVOT,753
FMBH,2026-10-01,49.28,76.27,COILED,NEAR_LOWER_EDGE,NONE,4.37,4.37,24.21,38.49,False,False,9.13,False,50.7,48.36,1.973,1.8,7.51,-2.67,4.67,-2.71,1.04,1.69,999,6650909.61,51.58,-4.46,53.0929,-7.18,-0.63,69.0,False,WEAK_RS,753
CCS,2026-10-01,60.16,76.25,COILED,NEAR_LOWER_EDGE,NONE,20.24,9.13,5.16,6.35,False,False,39.29,False,64.23,59.6,1.993,3.28,13.36,-5.45,-5.01,-8.98,2.25,3.62,999,16770400.78,65.765,-8.52,73.2451,-17.86,-16.49,26.0,False,BELOW_SMA50|NOT_NEAR_UNBROKEN_PIVOT|WEAK_RS,753
PHM,2026-10-01,116.35,76.19,COILED,NEAR_LOWER_EDGE,NONE,13.49,14.29,7.94,7.14,False,False,37.3,False,122.68,115.96,1.526,2.66,12.16,-5.74,-5.15,-6.89,2.11,2.97,999,203306993.71,126.6725,-8.15,139.7838,-16.76,-15.6,28.0,False,BELOW_SMA50|NOT_NEAR_UNBROKEN_PIVOT|WEAK_RS,753
PAHC,2026-10-01,35.87,76.15,COILED,NEAR_UPPER_EDGE,NONE,5.16,9.92,35.71,16.67,False,False,7.94,False,36.13,33.05,0.917,3.72,20.77,-10.15,10.92,0.57,1.21,9.14,101,8456607.11,40.65,-11.76,59.6401,-39.86,5.35,79.0,False,NOT_NEAR_UNBROKEN_PIVOT,753
UVSP,2026-10-01,41.22,76.11,COILED,NEAR_LOWER_EDGE,NONE,3.17,10.32,10.71,34.92,False,False,25.4,False,43.09,40.6,1.813,1.78,7.54,-0.98,-4.07,-3.15,0.92,2.6,999,10837527.54,43.28,-4.76,45.2269,-8.86,-8.95,46.0,False,BELOW_SMA50|WEAK_RS,753
CII,2026-10-01,23.99,76.09,COILED,NEAR_LOWER_EDGE,NONE,21.03,28.17,8.73,1.59,False,False,13.89,False,24.48,23.7,0.897,1.42,3.61,-1.91,-3.36,-0.75,1.05,2.19,999,1616345.19,24.5457,-2.26,25.7182,-6.72,-7.74,50.0,False,LOW_LIQUIDITY|WEAK_RS,753
VZLA,2026-10-01,3.75,76.07,COILED,NEAR_LOWER_EDGE,NONE,10.32,19.44,16.67,27.38,True,False,36.9,False,4.31,3.705,1.154,5.21,19.2,-9.64,26.69,-0.99,4.81,5.38,161,17761024.49,4.31,-12.99,4.25,-11.76,9.44,85.0,False,NOT_NEAR_UNBROKEN_PIVOT|LOW_LIQUIDITY,753
SCCO,2026-10-01,199.22,76.03,COILED,INSIDE_COIL,NONE,21.03,33.33,3.57,5.56,False,False,10.32,False,211.08,193.0,1.013,3.85,15.22,-2.47,21.24,1.51,5.94,5.94,999,213125749.62,213.83,-6.83,220.78,-9.77,15.02,89.0,False,NOT_NEAR_UNBROKEN_PIVOT,753
V,2026-10-01,359.85,76.03,COILED,NEAR_LOWER_EDGE,NONE,5.95,8.33,18.65,36.9,False,False,12.3,False,372.48,359.33,1.295,1.62,6.91,-4.9,3.74,-2.3,1.25,2.62,999,2253495438.02,382.21,-5.85,385.57,-6.67,-3.28,62.0,False,NOT_NEAR_UNBROKEN_PIVOT|WEAK_RS,753
WTM,2026-10-01,2013.04,76.03,COILED,NEAR_LOWER_EDGE,NONE,4.37,1.19,34.52,52.38,False,True,20.63,True,2088.29,1997.13,0.787,1.81,7.09,-4.36,-7.12,-4.11,1.18,1.22,999,40932142.72,2139.8899,-5.93,2333.0,-13.71,-10.23,43.0,False,BELOW_SMA50|NOT_NEAR_UNBROKEN_PIVOT|WEAK_RS,753
CORT,2026-10-01,114.03,76.0,COILED,INSIDE_COIL,NONE,15.48,55.16,0.4,2.78,False,True,15.87,False,120.51,108.41,0.681,4.59,10.75,3.26,22.69,1.26,2.46,20.49,44,195957031.82,120.51,-5.38,126.38,-9.77,23.57,93.0,False,POST_GAP_COIL|NOT_NEAR_UNBROKEN_PIVOT,753
MSI,2026-10-01,448.03,75.95,COILED,NEAR_LOWER_EDGE,NONE,5.95,23.41,17.06,46.83,True,False,18.25,False,465.58,445.49,0.98,1.9,8.4,-6.21,6.81,-2.5,1.21,8.39,999,403600282.15,491.6088,-8.86,493.5737,-9.23,3.44,76.0,False,NOT_NEAR_UNBROKEN_PIVOT,753
AIP,2026-10-01,24.01,75.93,COILED,INSIDE_COIL,NONE,20.63,11.51,19.44,22.62,False,False,2.38,False,24.98,21.51,0.745,5.39,20.66,15.21,-30.33,-4.76,5.61,6.77,226,15660767.12,24.98,-3.88,50.26,-52.23,-34.35,4.0,False,RECENT_SURGE|BELOW_SMA50|WEAK_RS,753
BBDO,2026-10-01,3.14,75.91,COILED,INSIDE_COIL,NONE,9.13,26.98,2.78,26.19,False,False,15.87,False,3.25,3.0,1.375,3.35,7.96,2.11,4.93,0.12,1.54,1.82,351,202862.84,3.25,-3.38,3.701,-15.16,5.86,80.0,False,LOW_LIQUIDITY,753
USAR,2026-10-01,13.8,75.91,COILED,NEAR_LOWER_EDGE,NONE,0.4,2.38,14.68,42.06,False,False,28.57,False,17.1,13.955,1.063,6.91,42.23,-22.69,-25.2,-17.6,8.65,8.65,172,214735597.83,19.3,-28.5,32.8,-57.93,-30.77,7.0,False,BELOW_SMA50|NOT_NEAR_UNBROKEN_PIVOT|WEAK_RS,753
ICHR,2026-10-01,62.48,75.89,COILED,NEAR_UPPER_EDGE,NONE,10.71,6.75,15.87,35.71,False,False,13.89,False,62.49,52.59,1.126,5.36,22.28,18.72,-29.65,-0.07,9.15,13.56,44,39859633.54,62.49,-0.02,113.58,-44.99,-39.22,3.0,False,POST_GAP_COIL|RECENT_SURGE|WEAK_RS,753
AES,2026-10-01,14.92,75.87,COILED,NEAR_UPPER_EDGE,NONE,2.78,4.76,22.62,32.94,False,False,21.03,False,14.92,14.8,0.833,0.32,1.07,0.81,3.13,1.07,0.2,0.34,148,121389347.5,14.92,0.0,14.8,0.81,0.73,72.0,False,EVENT_PRICE_PEG,753
BFST,2026-10-01,30.46,75.85,COILED,NEAR_LOWER_EDGE,NONE,3.97,9.13,16.27,30.95,False,False,24.21,False,31.29,29.95,2.449,1.7,7.85,-2.71,3.25,-2.6,1.08,1.51,999,6560309.37,31.9,-4.51,32.3739,-5.91,-2.96,63.0,False,WEAK_RS,753
KTOS,2026-10-01,42.82,75.85,COILED,NEAR_LOWER_EDGE,NONE,0.4,11.51,5.16,50.0,False,False,34.92,True,49.68,42.46,0.903,5.33,19.2,-10.38,-15.01,-16.51,2.29,13.5,40,190944939.61,50.05,-14.45,79.44,-46.1,-25.47,11.0,False,POST_GAP_COIL|BELOW_SMA50|NOT_NEAR_UNBROKEN_PIVOT|WEAK_RS,753
SONY,2026-10-01,23.49,75.83,COILED,INSIDE_COIL,NONE,21.03,19.84,12.7,17.46,False,False,5.56,False,24.28,22.86,1.5,2.03,9.24,-4.71,11.06,-0.14,3.18,4.92,999,84443837.56,25.03,-6.15,25.27,-7.04,10.15,85.0,False,NOT_NEAR_UNBROKEN_PIVOT,753
HUBB,2026-10-01,466.98,75.79,COILED,NEAR_UPPER_EDGE,NONE,17.06,28.57,13.49,11.9,False,False,3.97,False,472.345,435.91,1.754,2.78,7.84,3.75,-2.51,-1.05,3.93,4.8,999,224645983.26,472.345,-1.14,562.0638,-16.92,-6.67,53.0,False,WEAK_RS,753
SPSC,2026-10-01,84.2,75.75,COILED,RANGE_EXIT_CONFIRMED,UP_EXPANSION_CONFIRMED,39.29,23.81,13.49,7.94,True,False,18.25,False,83.86,78.12,1.248,3.53,14.96,1.67,42.49,7.91,3.39,8.92,229,43850011.43,89.44,-5.86,86.02,-2.12,39.71,96.0,False,ALREADY_EXPANDING|EXTENDED_60D_RUN|NOT_NEAR_UNBROKEN_PIVOT,753
TRMB,2026-10-01,57.53,75.73,COILED,INSIDE_COIL,NONE,5.95,26.98,10.71,19.05,False,False,17.86,False,59.89,56.01,1.176,2.71,8.67,-2.67,9.79,-0.98,1.82,2.47,999,139277579.35,61.0,-5.69,70.8,-18.74,5.63,80.0,False,NOT_NEAR_UNBROKEN_PIVOT,753
AMZN,2026-10-01,248.23,75.73,COILED,NEAR_LOWER_EDGE,NONE,11.51,13.49,12.7,31.75,False,False,13.1,False,259.49,244.73,1.182,2.28,6.78,-2.65,1.89,-3.11,2.08,12.53,43,8780275879.18,261.12,-4.94,287.2,-13.57,-0.54,70.0,False,POST_GAP_COIL|BELOW_SMA50,753
PEB,2026-10-01,18.81,75.69,COILED,NEAR_UPPER_EDGE,NONE,1.59,1.59,16.27,58.33,False,False,11.11,False,18.94,17.7405,1.022,2.59,8.08,3.46,5.91,2.31,1.63,2.23,999,40869535.35,18.94,-0.69,19.9193,-5.57,-2.62,64.0,False,WEAK_RS,753
FIG,2026-10-01,21.57,75.67,COILED,INSIDE_COIL,NONE,2.78,9.13,13.89,40.87,False,False,20.24,False,23.626,19.58,1.261,5.97,33.24,-16.17,-0.46,-11.32,3.76,17.48,39,314862194.93,27.24,-20.81,31.22,-30.91,-1.76,67.0,False,POST_GAP_COIL|BELOW_SMA50|NOT_NEAR_UNBROKEN_PIVOT|WEAK_RS,295
TE,2026-10-01,3.73,75.67,COILED,INSIDE_COIL,NONE,1.98,5.95,30.95,63.1,True,False,13.89,False,4.52,3.52,1.048,8.67,47.45,-12.65,-49.25,-18.45,5.42,11.86,24,81532742.41,5.29,-29.49,12.49,-70.14,-59.26,0.0,False,POST_GAP_COIL|BELOW_SMA50|NOT_NEAR_UNBROKEN_PIVOT|LOW_LIQUIDITY|WEAK_RS,753
ALK,2026-10-01,39.49,75.62,COILED,INSIDE_COIL,NONE,15.87,21.83,4.76,7.14,False,False,32.14,False,43.58,38.26,0.775,3.97,13.47,-5.05,-16.92,-9.12,4.01,5.05,122,115250717.5,43.58,-9.39,54.32,-27.3,-25.54,11.0,False,BELOW_SMA50|NOT_NEAR_UNBROKEN_PIVOT|WEAK_RS,753
ZD,2026-10-01,54.42,75.6,COILED,RANGE_EXIT_CONFIRMED,DOWN_EXPANSION_CONFIRMED,13.49,9.92,18.25,17.06,False,False,23.41,False,60.48,55.28,2.853,3.11,12.11,-4.0,4.69,-1.64,1.04,11.76,38,41653739.83,60.48,-10.02,58.06,-6.27,0.96,73.0,False,ALREADY_EXPANDING|POST_GAP_COIL|NOT_NEAR_UNBROKEN_PIVOT,753
SAIA,2026-10-01,344.38,75.54,COILED,INSIDE_COIL,NONE,5.95,5.56,11.11,41.27,False,False,25.0,False,358.4,321.54,1.787,3.65,11.55,3.72,-16.95,-3.87,2.65,3.14,298,119660557.24,361.3,-4.68,494.71,-30.39,-20.19,18.0,False,BELOW_SMA50|WEAK_RS,753
FSUN,2026-10-01,38.8,75.52,COILED,NEAR_LOWER_EDGE,NONE,8.73,9.52,20.24,33.33,False,False,11.9,False,39.98,38.31,1.885,2.25,8.76,-3.41,4.36,-1.77,1.2,8.73,108,16135157.62,41.11,-5.62,41.335,-6.13,-3.3,62.0,False,NOT_NEAR_UNBROKEN_PIVOT|WEAK_RS,753
SMA,2026-10-01,32.24,75.48,COILED,NEAR_UPPER_EDGE,NONE,30.95,15.48,7.14,6.75,False,False,18.65,False,32.8853,30.9283,0.993,2.43,6.84,-0.27,0.27,-2.36,1.93,4.14,999,24772124.29,33.1342,-2.7,35.4818,-9.14,-5.9,55.0,False,WEAK_RS,377
CODI-PB,2026-10-01,22.0,75.45,COILED,NEAR_LOWER_EDGE,NONE,4.37,3.97,19.05,39.68,False,False,34.13,True,22.5,21.7,0.5,0.95,3.64,-1.08,0.07,-0.87,0.68,1.13,351,277967.77,22.5,-2.22,22.5,-2.22,-1.69,67.0,False,LOW_LIQUIDITY|WEAK_RS,753
LILA,2026-10-01,8.36,75.44,COILED,NEAR_LOWER_EDGE,NONE,6.75,4.37,13.49,48.41,False,False,15.87,False,8.985,8.275,0.683,2.89,8.49,-4.46,11.62,-1.38,2.0,5.28,999,3141115.28,8.985,-6.96,8.9,-6.07,6.88,82.0,False,NOT_NEAR_UNBROKEN_PIVOT|LOW_LIQUIDITY,753
IDXX,2026-10-01,517.75,75.4,COILED,INSIDE_COIL,NONE,11.9,16.67,14.68,23.81,False,False,15.87,False,536.84,501.98,0.677,2.55,9.32,-3.94,-6.82,-4.86,1.37,6.07,228,255940023.8,558.42,-7.28,624.15,-17.05,-10.01,44.0,False,BELOW_SMA50|NOT_NEAR_UNBROKEN_PIVOT|WEAK_RS,753
PWR,2026-10-01,662.6,75.36,COILED,RANGE_EXIT_CONFIRMED,UP_EXPANSION_CONFIRMED,15.48,17.46,11.11,33.33,False,False,5.56,False,659.737,607.346,1.479,3.25,9.54,8.5,-0.54,3.13,5.85,15.3,44,524400759.2,659.737,0.43,788.4945,-15.97,-3.67,61.0,False,ALREADY_EXPANDING|POST_GAP_COIL|WEAK_RS,753
MRK,2026-10-01,143.81,75.35,COILED,NEAR_LOWER_EDGE,NONE,5.16,37.3,9.52,5.56,False,False,36.11,True,153.57,145.26,0.598,2.43,7.82,-4.6,14.82,1.7,1.73,8.71,416,1422229654.68,153.57,-6.36,155.9992,-7.81,8.82,84.0,False,NOT_NEAR_UNBROKEN_PIVOT,753
UBSI,2026-10-01,46.4,75.32,COILED,NEAR_LOWER_EDGE,NONE,1.19,18.65,10.71,24.21,False,False,32.94,False,47.81,45.65,2.0,1.7,6.79,-1.11,3.26,-2.16,0.79,0.87,999,53715639.22,48.25,-3.83,49.2216,-5.73,-1.98,66.0,False,WEAK_RS,753
MMM,2026-10-01,163.02,75.29,COILED,NEAR_LOWER_EDGE,NONE,38.1,21.83,9.92,3.57,False,False,14.68,True,170.98,162.87,0.696,2.13,6.57,-3.4,5.84,-5.87,1.51,6.27,999,507164934.91,171.26,-4.81,184.0941,-11.45,-0.78,69.0,False,BELOW_SMA50|WEAK_RS,753
ABEV,2026-10-01,2.9,75.26,COILED,INSIDE_COIL,NONE,0.4,21.03,7.94,45.63,False,False,13.49,False,3.0159,2.83,1.0,2.27,9.16,-2.56,-3.52,-1.51,2.04,3.87,103,60911136.16,3.0955,-6.32,3.4242,-15.31,-8.85,47.0,False,NOT_NEAR_UNBROKEN_PIVOT|LOW_LIQUIDITY|WEAK_RS,753
CBT,2026-10-01,76.35,75.26,COILED,NEAR_LOWER_EDGE,NONE,5.56,24.6,6.35,18.25,False,False,31.35,False,80.11,76.03,2.056,2.67,12.08,-7.83,-7.38,-7.98,1.93,9.38,999,32611398.14,83.9,-9.0,94.0014,-18.78,-13.92,32.0,False,BELOW_SMA50|NOT_NEAR_UNBROKEN_PIVOT|WEAK_RS,753
AZTA,2026-10-01,34.48,75.24,COILED,INSIDE_COIL,NONE,0.79,5.16,36.9,39.29,False,False,1.98,False,35.24,33.03,0.764,3.38,16.24,8.67,40.68,6.71,2.2,10.91,27,28310886.86,35.24,-2.16,37.49,-8.03,30.6,95.0,False,POST_GAP_COIL|EXTENDED_60D_RUN,753
ALRM,2026-10-01,54.86,75.24,COILED,NEAR_UPPER_EDGE,NONE,5.56,18.25,20.24,26.98,False,False,12.7,False,55.785,52.12,1.668,2.39,10.63,-2.99,7.59,-0.88,1.41,2.18,473,26057654.99,57.95,-5.33,58.145,-5.65,7.57,82.0,False,NOT_NEAR_UNBROKEN_PIVOT,753
CC,2026-10-01,13.48,75.24,COILED,NEAR_LOWER_EDGE,NONE,0.4,4.37,13.1,45.24,False,False,29.37,False,15.1,13.56,1.159,4.11,19.81,-14.03,-26.23,-12.35,2.39,10.71,40,26535108.93,15.96,-15.54,28.4038,-52.54,-31.51,6.0,False,POST_GAP_COIL|BELOW_SMA50|NOT_NEAR_UNBROKEN_PIVOT|WEAK_RS,753
FUTU,2026-10-01,106.43,75.22,COILED,RANGE_EXIT_CONFIRMED,DOWN_EXPANSION_CONFIRMED,5.16,11.9,29.76,21.83,False,False,14.29,False,117.042,108.1,2.028,3.5,15.48,-9.87,11.29,-4.69,2.7,7.52,90,98695361.04,122.61,-13.2,168.96,-37.01,9.15,84.0,False,ALREADY_EXPANDING|BELOW_SMA50|NOT_NEAR_UNBROKEN_PIVOT,753
SNA,2026-10-01,367.72,75.22,COILED,NEAR_LOWER_EDGE,NONE,1.98,7.94,14.29,43.25,False,False,23.02,False,378.29,363.07,1.527,1.67,7.15,-3.38,-7.76,-5.65,1.14,1.22,999,108593559.74,387.52,-5.11,420.4116,-12.53,-13.05,34.0,False,BELOW_SMA50|NOT_NEAR_UNBROKEN_PIVOT|WEAK_RS,753
HCSG,2026-10-01,20.58,75.22,COILED,NEAR_LOWER_EDGE,NONE,3.57,1.19,14.68,55.95,False,False,16.67,False,22.12,20.27,1.425,2.62,10.84,-5.47,-13.86,-6.64,1.47,3.15,112,15119073.02,22.4,-8.12,25.75,-20.08,-21.0,17.0,False,BELOW_SMA50|NOT_NEAR_UNBROKEN_PIVOT|WEAK_RS,753
SYRE,2026-10-01,89.93,75.18,COILED,INSIDE_COIL,NONE,1.98,32.94,3.17,24.21,False,False,23.81,False,95.19,82.93,2.013,5.38,13.63,3.31,-5.73,-6.43,4.63,13.93,25,114710984.41,95.19,-5.53,110.175,-18.38,0.98,73.0,False,POST_GAP_COIL|BELOW_SMA50|NOT_NEAR_UNBROKEN_PIVOT,753
ETY,2026-10-01,14.06,75.12,COILED,NEAR_UPPER_EDGE,NONE,16.27,15.48,34.92,3.17,False,False,7.14,False,14.27,13.92,1.054,1.2,5.25,-1.81,-0.54,-1.19,0.79,1.18,999,4725224.14,14.5177,-3.15,14.7262,-4.52,-4.4,59.0,False,LOW_LIQUIDITY|WEAK_RS,753
DORM,2026-10-01,122.89,75.12,COILED,INSIDE_COIL,NONE,2.38,14.29,27.38,36.11,False,False,4.37,False,126.74,118.3,1.284,2.93,11.19,-4.4,-9.14,-5.62,1.95,11.3,41,25958426.92,132.05,-6.94,155.37,-20.9,-13.56,33.0,False,POST_GAP_COIL|BELOW_SMA50|NOT_NEAR_UNBROKEN_PIVOT|WEAK_RS,753
OHI,2026-10-01,45.23,75.1,COILED,RANGE_EXIT_CONFIRMED,DOWN_EXPANSION_CONFIRMED,10.32,19.05,12.7,26.19,False,False,17.06,False,47.61,45.88,2.148,1.78,6.3,-3.75,-7.12,-4.48,1.92,1.99,999,97119417.78,48.0,-5.77,51.6864,-12.49,-10.03,43.0,False,ALREADY_EXPANDING|BELOW_SMA50|NOT_NEAR_UNBROKEN_PIVOT|WEAK_RS,753
WOLF,2026-10-01,31.17,75.07,COILED,RANGE_EXIT_CONFIRMED,UP_EXPANSION_CONFIRMED,23.5,2.49,15.32,21.2,False,False,23.27,False,29.6,23.53,1.856,7.13,26.69,16.96,-13.08,15.74,7.41,9.06,70,62757674.47,29.7,4.95,80.82,-61.43,-24.91,12.0,False,ALREADY_EXPANDING|RECENT_SURGE|EXTENDED_FROM_SMA50|NOT_NEAR_UNBROKEN_PIVOT|WEAK_RS,254
RDDT,2026-10-01,149.53,75.04,COILED,INSIDE_COIL,NONE,7.54,7.14,11.9,49.6,False,False,14.68,False,161.67,141.322,1.25,5.13,16.62,-5.42,-23.44,-4.6,2.76,17.04,33,735731217.83,166.18,-10.02,208.05,-28.13,-26.02,11.0,False,POST_GAP_COIL|BELOW_SMA50|NOT_NEAR_UNBROKEN_PIVOT|WEAK_RS,635
ENOV,2026-10-01,18.05,75.02,COILED,INSIDE_COIL,NONE,32.94,65.08,7.94,9.13,True,True,2.78,False,19.26,17.47,1.055,5.68,17.45,-10.64,-23.61,-22.2,3.18,4.37,475,38972910.79,21.06,-14.29,31.67,-43.01,-22.61,15.0,False,BELOW_SMA50|NOT_NEAR_UNBROKEN_PIVOT|WEAK_RS,753
LAC,2026-10-01,2.57,75.02,COILED,RANGE_EXIT_CONFIRMED,DOWN_EXPANSION_CONFIRMED,3.17,7.14,20.24,48.81,True,False,43.65,False,3.05,2.62,1.29,5.3,31.52,-14.62,-28.21,-13.87,7.67,7.67,251,28386236.19,3.32,-22.59,6.36,-59.59,-34.48,4.0,False,ALREADY_EXPANDING|BELOW_SMA50|NOT_NEAR_UNBROKEN_PIVOT|LOW_LIQUIDITY|WEAK_RS,753
PLAB,2026-10-01,30.83,74.98,COMPRESSED,NEAR_UPPER_EDGE,NONE,0.79,3.97,26.59,50.4,False,False,7.94,False,31.26,28.1,1.312,3.66,15.41,10.62,9.56,2.22,5.73,27.08,25,25967423.95,31.26,-1.38,56.0,-44.95,3.99,77.0,False,POST_GAP_COIL,753
LION,2026-10-01,11.25,74.98,COMPRESSED,INSIDE_COIL,NONE,43.25,5.16,0.79,2.38,False,False,32.14,False,11.7,10.46,1.25,3.82,11.38,0.72,-17.16,-4.79,3.55,7.22,352,34202307.51,11.74,-4.17,16.7,-32.63,-26.09,10.0,False,BELOW_SMA50|WEAK_RS,753
TROW,2026-10-01,105.83,74.96,COMPRESSED,RANGE_EXIT_CONFIRMED,UP_EXPANSION_CONFIRMED,17.46,9.52,38.1,10.32,False,False,3.17,False,105.79,102.18,1.611,1.97,8.39,-2.04,-9.17,-3.16,1.32,3.48,999,161385479.0,110.3275,-4.08,120.501,-12.17,-12.45,37.0,False,ALREADY_EXPANDING|BELOW_SMA50|WEAK_RS,753
MSA,2026-10-01,179.03,74.9,COMPRESSED,INSIDE_COIL,NONE,15.48,10.71,28.97,18.65,False,False,21.83,True,184.33,174.84,0.836,2.09,8.93,-5.04,7.25,-3.25,1.21,5.14,999,45244153.64,190.83,-6.18,196.0007,-8.66,1.87,74.0,False,BELOW_SMA50|NOT_NEAR_UNBROKEN_PIVOT,753
OSCR,2026-10-01,29.9,74.84,COMPRESSED,INSIDE_COIL,NONE,8.33,27.78,13.49,42.06,True,False,26.19,False,34.12,28.3,1.125,5.56,20.67,-1.42,-2.95,-2.68,3.52,8.57,122,173792001.91,34.48,-13.28,33.548,-10.87,-9.92,44.0,False,NOT_NEAR_UNBROKEN_PIVOT|WEAK_RS,753
DFIN,2026-10-01,47.49,74.74,COMPRESSED,INSIDE_COIL,NONE,14.68,19.84,11.11,27.38,False,False,13.49,False,49.61,45.98,1.071,3.11,11.22,-0.79,7.59,-1.95,1.51,2.24,999,11224683.84,51.31,-7.44,54.4,-12.7,-0.06,71.0,False,NOT_NEAR_UNBROKEN_PIVOT,753
MUX,2026-10-01,17.66,74.74,COMPRESSED,NEAR_LOWER_EDGE,NONE,7.94,8.73,17.86,42.86,False,False,26.19,True,20.27,17.73,0.679,4.96,19.31,-12.23,0.86,-7.37,5.52,6.9,237,26531987.36,20.93,-15.62,26.435,-33.19,-9.39,45.0,False,BELOW_SMA50|NOT_NEAR_UNBROKEN_PIVOT|WEAK_RS,753
PLTR,2026-10-01,190.04,74.69,COMPRESSED,INSIDE_COIL,NONE,13.89,0.4,46.03,48.81,True,True,26.19,False,194.68,172.0,1.123,3.29,15.85,12.14,43.73,12.8,1.81,15.52,41,4319994999.6,194.68,-2.38,188.37,0.89,44.14,97.0,False,POST_GAP_COIL|EXTENDED_60D_RUN|EXTENDED_FROM_SMA50,753
HSAI,2026-10-01,15.93,74.69,COMPRESSED,INSIDE_COIL,NONE,24.21,0.79,34.13,61.11,True,True,15.48,False,17.51,15.34,0.863,4.18,24.01,-3.98,-2.69,-7.79,5.49,12.76,31,19657137.38,19.165,-16.88,24.96,-36.18,-10.16,43.0,False,POST_GAP_COIL|BELOW_SMA50|NOT_NEAR_UNBROKEN_PIVOT|WEAK_RS,753
LMND,2026-10-01,46.76,74.66,COMPRESSED,INSIDE_COIL,NONE,8.73,0.4,41.67,59.13,True,False,8.73,False,49.848,43.28,1.263,4.41,27.24,-12.01,-34.17,-8.63,3.39,20.77,45,52663710.81,56.016,-16.52,81.23,-42.44,-37.45,3.0,False,POST_GAP_COIL|BELOW_SMA50|NOT_NEAR_UNBROKEN_PIVOT|WEAK_RS,753
CPAC,2026-10-01,12.07,74.63,COMPRESSED,RANGE_EXIT_CONFIRMED,DOWN_EXPANSION_CONFIRMED,18.25,1.19,37.3,63.1,True,True,17.06,False,12.65,12.1,2.667,1.71,6.71,-4.13,1.86,-0.7,1.32,2.3,198,690666.96,12.74,-5.26,12.7,-4.96,-1.58,67.0,False,ALREADY_EXPANDING|NOT_NEAR_UNBROKEN_PIVOT|LOW_LIQUIDITY|WEAK_RS,753
SPG,2026-10-01,200.81,74.6,COMPRESSED,NEAR_LOWER_EDGE,NONE,13.1,10.32,15.48,25.0,False,False,25.79,False,206.38,200.65,1.447,1.49,6.09,-3.44,-7.36,-6.12,0.73,1.42,999,257097229.12,210.6392,-4.67,235.9673,-14.9,-13.05,34.0,False,BELOW_SMA50|WEAK_RS,753
MCB,2026-10-01,87.6,74.6,COMPRESSED,NEAR_LOWER_EDGE,NONE,4.37,5.95,23.81,44.44,False,False,12.7,False,91.03,86.38,1.804,2.24,9.73,-4.21,-8.44,-3.88,1.11,11.88,50,11533061.01,93.52,-6.33,101.6582,-13.83,-13.59,33.0,False,POST_GAP_COIL|BELOW_SMA50|NOT_NEAR_UNBROKEN_PIVOT|WEAK_RS,753
NEXA,2026-10-01,11.8,74.59,COMPRESSED,NEAR_LOWER_EDGE,NONE,22.22,29.76,17.46,51.59,True,True,11.9,False,13.355,11.8,1.389,5.37,26.19,-11.54,-7.37,-12.46,6.54,6.54,63,9468404.92,14.78,-20.16,16.717,-29.41,-11.41,39.0,False,BELOW_SMA50|NOT_NEAR_UNBROKEN_PIVOT|WEAK_RS,753
PLUG,2026-10-01,1.89,74.56,COMPRESSED,INSIDE_COIL,NONE,3.17,4.37,15.48,48.41,False,False,23.81,False,2.19,1.83,0.8,5.75,26.46,-9.57,-23.17,-10.67,3.33,17.54,36,99712677.59,2.33,-18.88,4.33,-56.35,-31.24,6.0,False,POST_GAP_COIL|BELOW_SMA50|NOT_NEAR_UNBROKEN_PIVOT|LOW_LIQUIDITY|WEAK_RS,753
ENSG,2026-10-01,169.63,74.54,COMPRESSED,RANGE_EXIT_CONFIRMED,DOWN_EXPANSION_CONFIRMED,31.35,21.43,9.92,3.17,False,False,16.27,False,178.314,171.6,1.501,2.28,6.89,-1.74,-0.14,-3.92,1.33,5.14,999,64174891.62,178.9137,-5.19,206.6385,-17.91,-1.96,66.0,False,ALREADY_EXPANDING|BELOW_SMA50|NOT_NEAR_UNBROKEN_PIVOT|WEAK_RS,753
TMC,2026-10-01,3.76,74.54,COMPRESSED,INSIDE_COIL,NONE,11.9,13.1,17.46,20.24,False,False,26.19,False,4.48,3.655,1.032,7.03,31.12,-18.08,-6.47,-8.95,4.23,8.01,122,18126699.16,4.72,-20.34,6.64,-43.37,-13.95,32.0,False,BELOW_SMA50|NOT_NEAR_UNBROKEN_PIVOT|LOW_LIQUIDITY|WEAK_RS,753
CGAU,2026-10-01,21.54,74.52,COMPRESSED,INSIDE_COIL,NONE,6.75,23.41,1.98,27.78,False,False,32.54,False,23.8,21.0,0.919,3.9,13.0,-3.23,38.22,0.66,5.01,5.79,231,27432431.64,23.8,-9.5,24.52,-12.15,27.39,94.0,False,EXTENDED_60D_RUN|NOT_NEAR_UNBROKEN_PIVOT,753
PTGX,2026-10-01,139.19,74.52,COMPRESSED,INSIDE_COIL,NONE,2.78,16.67,12.7,26.19,False,False,34.13,False,147.71,134.1,1.019,3.71,12.31,-4.72,-0.63,-3.93,3.25,5.6,393,102349952.8,151.24,-7.97,160.81,-13.44,2.92,76.0,False,BELOW_SMA50|NOT_NEAR_UNBROKEN_PIVOT,753
VSTS,2026-10-01,13.78,74.45,COMPRESSED,INSIDE_COIL,NONE,29.76,14.68,19.44,17.06,False,True,21.43,False,14.66,13.01,1.622,3.96,18.29,13.23,-2.68,1.17,4.63,4.63,98,22145843.35,14.66,-6.0,16.9,-18.46,-6.34,54.0,False,NOT_NEAR_UNBROKEN_PIVOT|WEAK_RS,753
LPX,2026-10-01,64.55,74.4,COMPRESSED,NEAR_LOWER_EDGE,NONE,7.94,36.11,2.38,11.9,False,False,30.16,False,68.71,64.49,1.427,3.54,12.7,-5.5,-10.1,-8.39,2.59,2.8,601,74307436.41,70.38,-8.28,83.4111,-22.61,-21.11,17.0,False,BELOW_SMA50|NOT_NEAR_UNBROKEN_PIVOT|WEAK_RS,753
CAMT,2026-10-01,153.79,74.38,COMPRESSED,INSIDE_COIL,NONE,29.76,24.21,4.76,19.84,False,False,5.95,False,158.52,139.23,1.332,4.89,19.85,16.59,9.81,4.36,7.45,9.39,84,54509519.94,158.52,-2.98,215.99,-28.8,5.09,79.0,False,RECENT_SURGE,753
U,2026-10-01,43.61,74.37,COMPRESSED,INSIDE_COIL,NONE,23.81,15.87,6.35,21.83,False,False,21.03,False,44.57,38.44,1.388,4.8,14.17,6.99,48.03,6.28,2.52,4.91,129,430604135.73,44.62,-2.26,48.46,-10.01,45.9,98.0,False,EXTENDED_60D_RUN,753
ASH,2026-10-01,68.61,74.35,COMPRESSED,INSIDE_COIL,NONE,0.79,6.35,30.95,44.05,False,False,9.52,False,71.73,67.15,1.438,2.6,10.93,-7.56,8.33,-3.9,1.77,7.34,669,46042285.64,75.95,-9.66,77.8018,-11.81,0.14,71.0,False,BELOW_SMA50|NOT_NEAR_UNBROKEN_PIVOT,753
TRIN,2026-10-01,17.55,74.35,COMPRESSED,NEAR_LOWER_EDGE,NONE,17.46,23.81,5.16,21.83,False,False,20.63,False,18.245,17.345,0.857,1.8,6.44,-3.87,4.37,-1.37,1.19,3.36,999,16051971.21,18.5785,-5.54,18.7171,-6.24,-1.34,68.0,False,NOT_NEAR_UNBROKEN_PIVOT|WEAK_RS,753
IONQ,2026-10-01,43.99,74.22,COMPRESSED,INSIDE_COIL,NONE,1.59,1.98,24.6,46.43,False,False,34.52,True,47.91,37.77,0.457,6.22,29.35,16.87,-2.42,8.86,12.52,12.52,6,1014782410.11,47.91,-8.18,73.65,-40.27,-13.28,34.0,False,POST_GAP_COIL|RECENT_SURGE|NOT_NEAR_UNBROKEN_PIVOT|WEAK_RS,753
MWH,2026-10-01,24.63,74.2,COMPRESSED,INSIDE_COIL,NONE,3.57,15.65,8.51,35.9,False,False,32.45,False,27.43,23.53,1.489,5.34,16.52,1.69,-14.98,-9.17,3.27,5.65,999,34958427.79,27.43,-10.21,48.4,-49.11,-21.95,16.0,False,BELOW_SMA50|NOT_NEAR_UNBROKEN_PIVOT|WEAK_RS,160
YUMC,2026-10-01,40.96,74.18,COMPRESSED,NEAR_LOWER_EDGE,NONE,5.56,2.38,43.65,49.21,False,False,0.79,True,41.83,40.32,0.5,1.85,9.96,-8.47,-3.53,-8.26,1.36,3.56,477,54972540.65,45.76,-10.49,49.7618,-17.69,-4.0,60.0,False,BELOW_SMA50|NOT_NEAR_UNBROKEN_PIVOT|WEAK_RS,753
RHLD,2026-10-01,118.0,74.17,COMPRESSED,NEAR_LOWER_EDGE,NONE,2.78,3.17,44.05,35.32,False,False,3.57,False,129.89,116.05,1.054,5.51,21.2,-10.47,-16.16,-8.51,3.16,4.93,228,15037702.68,141.07,-16.35,165.005,-28.49,-23.29,14.0,False,BELOW_SMA50|NOT_NEAR_UNBROKEN_PIVOT|WEAK_RS,404
EMN,2026-10-01,64.05,74.13,COMPRESSED,RANGE_EXIT_CONFIRMED,DOWN_EXPANSION_CONFIRMED,0.79,10.32,19.44,28.17,False,False,36.9,False,67.62,64.68,2.772,2.61,15.48,-10.11,-3.04,-7.69,1.36,1.75,293,80778098.28,72.0453,-11.1,77.1872,-17.02,-8.64,48.0,False,ALREADY_EXPANDING|BELOW_SMA50|NOT_NEAR_UNBROKEN_PIVOT|WEAK_RS,753
FCX,2026-10-01,69.28,74.11,COMPRESSED,NEAR_LOWER_EDGE,NONE,19.05,33.73,11.51,9.92,False,False,10.32,False,74.9,69.46,0.905,3.94,16.79,-6.29,20.78,-1.54,7.84,7.84,111,813108225.26,78.64,-11.9,80.24,-13.66,11.07,86.0,False,NOT_NEAR_UNBROKEN_PIVOT,753
FND,2026-10-01,46.03,74.09,COMPRESSED,NEAR_LOWER_EDGE,NONE,17.86,23.02,8.33,17.06,False,False,23.41,False,49.67,45.59,1.27,4.22,14.03,-4.0,-14.7,-12.45,3.44,5.8,404,121356420.23,50.65,-9.12,63.25,-27.23,-24.87,12.0,False,BELOW_SMA50|NOT_NEAR_UNBROKEN_PIVOT|WEAK_RS,753
B,2026-10-01,40.1,74.06,COMPRESSED,NEAR_LOWER_EDGE,NONE,8.33,9.13,11.51,50.4,False,False,30.56,True,44.18,40.6,0.867,3.3,14.61,-9.13,12.63,-5.08,4.64,5.63,999,349575647.74,45.81,-12.46,48.9516,-18.08,2.52,75.0,False,BELOW_SMA50|NOT_NEAR_UNBROKEN_PIVOT,753
GOLF,2026-10-01,83.41,74.05,COMPRESSED,INSIDE_COIL,NONE,2.78,38.89,15.48,19.05,False,False,11.11,False,85.24,80.18,1.026,2.75,8.91,-3.7,-24.85,-6.77,1.65,5.0,411,28883632.6,87.61,-4.79,119.2976,-30.08,-31.67,6.0,False,BELOW_SMA50|WEAK_RS,753
DOCU,2026-10-01,69.74,74.01,COMPRESSED,INSIDE_COIL,NONE,32.54,21.83,24.21,3.97,False,True,17.86,False,71.36,63.92,1.589,3.86,14.96,6.65,47.69,11.19,3.87,5.07,331,245132855.74,74.065,-5.84,66.775,4.44,49.54,98.0,False,EXTENDED_60D_RUN|NOT_NEAR_UNBROKEN_PIVOT,753
ALX,2026-10-01,243.83,74.01,COMPRESSED,NEAR_LOWER_EDGE,NONE,1.59,1.19,42.06,35.71,False,False,11.11,False,253.02,242.3,1.097,2.17,11.11,-7.99,-8.57,-6.58,1.21,5.94,363,9829453.17,271.21,-10.1,284.7262,-14.36,-12.7,35.0,False,BELOW_SMA50|NOT_NEAR_UNBROKEN_PIVOT|WEAK_RS,753
ULTA,2026-10-01,537.73,73.97,COMPRESSED,NEAR_LOWER_EDGE,NONE,25.79,46.83,1.59,2.78,False,False,5.16,False,566.1,534.05,1.542,2.95,7.33,-2.54,18.15,0.84,1.78,1.97,336,277364286.31,568.44,-5.4,578.63,-7.07,13.73,88.0,False,NOT_NEAR_UNBROKEN_PIVOT,753
EHC,2026-10-01,119.06,73.95,COMPRESSED,RANGE_EXIT_CONFIRMED,DOWN_EXPANSION_CONFIRMED,17.86,36.11,9.92,1.59,False,False,20.24,False,125.0635,119.2735,1.499,2.41,5.27,-1.58,8.18,-0.81,1.1,12.54,39,106114005.77,125.0635,-4.8,127.2796,-6.46,9.2,84.0,False,ALREADY_EXPANDING|POST_GAP_COIL,753
ASA,2026-10-01,55.58,73.93,COMPRESSED,INSIDE_COIL,NONE,12.7,29.76,30.16,54.76,True,True,22.22,True,59.77,53.35,0.559,3.97,25.01,-12.79,10.08,-4.21,5.52,5.52,999,3545926.02,67.25,-17.35,71.8851,-22.68,-0.81,69.0,False,BELOW_SMA50|NOT_NEAR_UNBROKEN_PIVOT|LOW_LIQUIDITY|WEAK_RS,753
INDV,2026-10-01,35.38,73.93,COMPRESSED,INSIDE_COIL,NONE,23.41,5.56,17.46,33.73,False,False,11.51,False,37.05,34.47,1.179,2.85,9.36,0.94,-13.48,-4.16,1.69,1.88,230,68000329.84,37.05,-4.51,42.81,-17.36,-13.94,32.0,False,BELOW_SMA50|WEAK_RS,753
ADEA,2026-10-01,25.34,73.87,COMPRESSED,INSIDE_COIL,NONE,23.41,42.46,0.79,4.76,False,False,13.89,False,26.41,23.5482,1.104,4.38,15.16,1.44,-11.17,-4.09,3.71,10.83,41,26165309.72,27.39,-7.48,34.2108,-25.93,-15.86,27.0,False,POST_GAP_COIL|BELOW_SMA50|NOT_NEAR_UNBROKEN_PIVOT|WEAK_RS,753
REX,2026-10-01,43.75,73.85,COMPRESSED,NEAR_UPPER_EDGE,NONE,11.11,38.1,10.71,23.81,False,False,3.97,False,44.63,41.91,1.312,3.19,8.05,2.22,-7.88,1.61,1.43,4.76,457,11253776.55,44.63,-1.97,53.36,-18.01,-5.57,56.0,False,WEAK_RS,753
EXEL,2026-10-01,57.94,73.73,COMPRESSED,INSIDE_COIL,NONE,4.76,37.3,4.76,13.49,False,False,32.54,False,61.14,56.26,1.078,2.88,11.37,-1.01,3.26,3.87,1.17,6.67,296,123262385.18,61.14,-5.23,57.57,0.64,0.91,73.0,False,NOT_NEAR_UNBROKEN_PIVOT,753
UHS,2026-10-01,175.07,73.71,COMPRESSED,NEAR_LOWER_EDGE,NONE,23.81,46.83,15.87,3.97,True,False,22.62,False,186.06,173.73,1.065,3.02,11.21,4.53,12.05,1.78,1.19,6.13,999,138945380.99,186.06,-5.91,188.9668,-7.35,7.87,83.0,False,NOT_NEAR_UNBROKEN_PIVOT,753
CVCO,2026-10-01,577.2,73.71,COMPRESSED,RANGE_EXIT_CONFIRMED,UP_EXPANSION_CONFIRMED,17.86,3.17,13.1,30.56,False,False,32.54,False,567.35,520.56,1.779,3.11,11.24,2.73,3.73,2.06,2.41,3.81,168,57603258.4,574.41,0.49,630.48,-8.45,-6.43,54.0,False,ALREADY_EXPANDING|WEAK_RS,753
LOPE,2026-10-01,153.71,73.69,COMPRESSED,NEAR_UPPER_EDGE,NONE,25.0,30.95,5.56,7.14,False,False,32.94,True,154.46,143.79,0.806,2.9,9.34,2.75,2.0,3.17,1.35,5.04,999,51869291.32,158.14,-2.8,176.3,-12.81,-2.14,65.0,False,WEAK_RS,753
DCI,2026-10-01,87.76,73.69,COMPRESSED,NEAR_UPPER_EDGE,NONE,5.16,33.73,28.97,14.29,False,False,3.97,False,88.37,85.48,1.716,1.98,7.46,-2.39,0.43,-4.1,1.59,2.01,999,60663082.5,91.79,-4.39,99.1582,-11.49,-4.0,60.0,False,BELOW_SMA50|WEAK_RS,753
OSIS,2026-10-01,196.62,73.67,COMPRESSED,INSIDE_COIL,NONE,2.38,11.11,15.48,49.6,False,False,20.63,False,206.06,190.44,1.743,3.25,9.0,-4.9,-9.57,-7.28,2.14,10.13,28,46665199.09,210.8,-6.73,311.72,-36.92,-14.17,31.0,False,POST_GAP_COIL|BELOW_SMA50|NOT_NEAR_UNBROKEN_PIVOT|WEAK_RS,753
IPGP,2026-10-01,83.66,73.65,COMPRESSED,RANGE_EXIT_CONFIRMED,UP_EXPANSION_CONFIRMED,18.65,28.17,9.92,13.49,False,False,19.84,False,80.18,74.56,2.681,4.04,11.45,9.39,-18.2,3.53,4.78,7.79,103,31573536.88,81.82,2.25,135.0,-38.03,-23.36,14.0,False,ALREADY_EXPANDING|NOT_NEAR_UNBROKEN_PIVOT|WEAK_RS,753
NEM,2026-10-01,114.67,73.63,COMPRESSED,NEAR_LOWER_EDGE,NONE,5.95,13.89,17.86,66.27,True,False,39.29,True,128.09,114.63,0.624,3.42,14.42,-8.19,23.29,-2.22,4.87,6.77,999,840124230.97,130.71,-12.27,135.009,-15.06,15.58,89.0,False,NOT_NEAR_UNBROKEN_PIVOT,753
DOW,2026-10-01,27.59,73.63,COMPRESSED,NEAR_LOWER_EDGE,NONE,0.4,5.56,19.05,56.35,False,False,19.44,False,30.02,27.2,1.68,3.23,18.43,-11.8,-3.86,-7.07,1.78,3.05,122,264887178.2,31.69,-12.94,41.4623,-33.46,-2.11,66.0,False,BELOW_SMA50|NOT_NEAR_UNBROKEN_PIVOT|WEAK_RS,753
EG,2026-10-01,368.72,73.55,COMPRESSED,NEAR_LOWER_EDGE,NONE,22.22,4.76,13.89,26.98,False,False,28.17,False,383.04,364.41,1.181,1.9,6.57,-2.0,-0.15,-1.1,1.68,3.87,999,159927873.46,385.9316,-4.46,398.9011,-7.57,-3.0,63.0,False,WEAK_RS,753
ACHR,2026-10-01,5.03,73.53,COMPRESSED,NEAR_LOWER_EDGE,NONE,6.35,11.9,11.11,42.86,False,False,27.78,False,5.8,4.97,0.741,5.85,20.68,-10.97,3.93,-10.13,3.13,14.67,37,129119552.11,5.96,-15.6,7.29,-31.0,-1.83,66.0,False,POST_GAP_COIL|BELOW_SMA50|NOT_NEAR_UNBROKEN_PIVOT|WEAK_RS,753
CELH,2026-10-01,27.41,73.53,COMPRESSED,INSIDE_COIL,NONE,25.0,24.6,17.46,14.68,False,False,19.05,True,30.17,26.81,0.575,4.61,21.01,-12.4,-10.42,-6.75,3.94,10.87,39,202308741.87,32.35,-15.27,37.4,-26.71,-20.17,18.0,False,POST_GAP_COIL|BELOW_SMA50|NOT_NEAR_UNBROKEN_PIVOT|WEAK_RS,753
LYFT,2026-10-01,15.21,73.51,COMPRESSED,INSIDE_COIL,NONE,25.4,0.4,49.21,36.9,True,False,6.35,False,15.6,14.445,0.989,3.6,23.24,-12.33,0.26,-5.91,2.89,3.19,160,148608689.85,17.98,-15.41,17.97,-15.36,-3.87,61.0,False,BELOW_SMA50|NOT_NEAR_UNBROKEN_PIVOT|WEAK_RS,753
ORLY,2026-10-01,85.03,73.5,COMPRESSED,INSIDE_COIL,NONE,43.25,31.75,4.37,3.17,False,True,21.03,False,87.45,82.83,1.303,2.15,6.48,-2.23,0.06,-3.82,1.25,6.23,999,528105430.87,88.34,-3.75,100.63,-15.5,-8.62,48.0,False,BELOW_SMA50|WEAK_RS,753
AAT,2026-10-01,21.39,73.49,COMPRESSED,NEAR_LOWER_EDGE,NONE,9.13,13.1,12.7,26.98,False,False,36.51,False,22.23,21.06,1.345,1.79,6.45,-3.04,-13.16,-4.08,0.98,4.27,999,10963208.72,22.41,-4.55,25.5758,-16.37,-17.69,23.0,False,BELOW_SMA50|WEAK_RS,753
UFPT,2026-10-01,294.99,73.41,COMPRESSED,INSIDE_COIL,NONE,7.54,0.4,30.56,51.19,False,False,21.43,True,301.25,273.0,0.633,2.73,9.58,0.87,17.28,1.18,1.94,14.01,41,31960530.42,301.25,-2.08,338.71,-12.91,5.47,79.0,False,POST_GAP_COIL,753
MGRT,2026-10-01,105.32,73.33,COMPRESSED,INSIDE_COIL,NONE,18.25,8.33,13.89,24.6,False,False,32.54,False,129.75,100.01,1.931,5.68,37.0,0.3,33.96,0.1,5.52,11.08,20,894816.08,138.98,-24.22,170.0,-38.05,25.79,93.0,False,POST_GAP_COIL|EXTENDED_60D_RUN|NOT_NEAR_UNBROKEN_PIVOT|LOW_LIQUIDITY,306
PPTA,2026-10-01,20.93,73.33,COMPRESSED,NEAR_LOWER_EDGE,NONE,1.19,12.7,12.3,45.63,False,False,30.56,False,24.84,21.34,0.987,5.26,22.82,-14.47,9.52,-9.41,5.39,7.18,327,21081512.81,25.606,-18.26,34.15,-38.71,-4.71,58.0,False,BELOW_SMA50|NOT_NEAR_UNBROKEN_PIVOT|WEAK_RS,753
CHH,2026-10-01,102.31,73.33,COMPRESSED,INSIDE_COIL,NONE,0.4,12.3,11.11,42.86,False,False,36.51,False,105.2831,95.8297,1.026,2.92,9.56,2.19,-3.56,-2.09,2.0,2.0,999,57174004.54,105.2831,-2.82,123.1493,-16.92,-11.53,39.0,False,WEAK_RS,753
RYTM,2026-10-01,93.41,73.33,COMPRESSED,NEAR_LOWER_EDGE,NONE,5.56,17.46,12.7,46.43,False,False,17.06,False,102.0,94.51,0.897,4.11,14.53,-11.39,-18.37,-11.55,3.22,4.77,310,68120255.4,108.57,-13.96,119.75,-22.0,-21.02,17.0,False,BELOW_SMA50|NOT_NEAR_UNBROKEN_PIVOT|WEAK_RS,753
PSEC,2026-10-01,2.05,73.31,COMPRESSED,NEAR_LOWER_EDGE,NONE,3.57,12.3,7.14,45.24,False,False,35.32,False,2.2337,2.08,1.2,2.62,9.45,-6.58,-3.19,-5.37,0.94,1.42,999,10141337.86,2.2337,-8.22,2.6478,-22.58,-6.89,52.0,False,BELOW_SMA50|NOT_NEAR_UNBROKEN_PIVOT|LOW_LIQUIDITY|WEAK_RS,753
SBH,2026-10-01,16.07,73.23,COMPRESSED,INSIDE_COIL,NONE,11.9,6.35,19.44,21.83,False,False,39.68,False,17.27,15.46,1.449,3.56,11.26,-1.59,12.3,-0.81,1.86,2.63,291,21531737.02,17.27,-6.95,17.29,-7.06,10.82,86.0,False,NOT_NEAR_UNBROKEN_PIVOT,753
CRL,2026-10-01,286.83,73.19,COMPRESSED,INSIDE_COIL,NONE,21.83,27.78,10.32,23.41,False,False,8.73,False,298.98,274.4,1.549,3.44,11.06,-1.69,28.07,4.36,2.45,14.47,40,274545263.18,298.98,-4.06,303.31,-5.43,21.5,92.0,False,POST_GAP_COIL,753
EPC,2026-10-01,26.67,73.15,COMPRESSED,NEAR_LOWER_EDGE,NONE,22.62,46.43,15.08,2.38,False,False,11.11,True,28.46,26.58,0.676,3.67,11.59,-5.58,3.14,-4.02,2.36,3.45,291,16939510.6,28.9922,-8.01,29.7879,-10.47,-4.29,59.0,False,BELOW_SMA50|NOT_NEAR_UNBROKEN_PIVOT|WEAK_RS,753
BLK,2026-10-01,1064.36,73.13,COMPRESSED,INSIDE_COIL,NONE,26.59,22.22,24.21,1.98,False,False,13.1,False,1098.11,1041.91,0.971,2.11,10.31,-3.37,8.03,-3.72,1.92,7.27,999,562713001.68,1131.2049,-5.91,1181.1088,-9.88,4.61,78.0,False,BELOW_SMA50|NOT_NEAR_UNBROKEN_PIVOT,753
HFWA,2026-10-01,27.89,73.12,COMPRESSED,NEAR_LOWER_EDGE,NONE,11.11,11.9,20.63,24.21,False,False,30.16,False,28.76,27.35,1.96,2.02,9.36,-4.58,-2.02,-3.68,1.0,1.45,999,12585356.8,29.58,-5.71,30.9941,-10.02,-8.15,49.0,False,BELOW_SMA50|NOT_NEAR_UNBROKEN_PIVOT|WEAK_RS,753
MAS,2026-10-01,68.28,73.12,COMPRESSED,NEAR_LOWER_EDGE,NONE,27.38,30.95,7.94,9.52,False,False,14.68,False,70.33,67.03,1.447,2.66,10.27,-3.75,-9.47,-5.45,2.04,7.09,112,166259741.75,73.27,-6.81,83.2748,-18.01,-19.98,19.0,False,BELOW_SMA50|NOT_NEAR_UNBROKEN_PIVOT|WEAK_RS,753
TPR,2026-10-01,119.24,73.12,COMPRESSED,NEAR_UPPER_EDGE,NONE,15.87,21.03,22.22,14.29,False,False,19.44,False,120.75,109.79,2.084,2.96,12.53,-2.8,-14.59,-8.72,2.38,13.69,34,369827525.12,124.7272,-4.4,164.1776,-27.37,-19.84,19.0,False,POST_GAP_COIL|BELOW_SMA50|WEAK_RS,753
CTRI,2026-10-01,20.54,73.12,COMPRESSED,NEAR_UPPER_EDGE,NONE,21.43,25.4,19.44,12.7,False,False,11.51,False,20.81,19.06,0.847,3.73,9.2,0.1,-21.9,-6.92,2.53,10.09,41,35350871.42,20.92,-1.82,42.985,-52.22,-27.84,8.0,False,POST_GAP_COIL|BELOW_SMA50|WEAK_RS,615
DCOM,2026-10-01,39.52,73.1,COMPRESSED,NEAR_LOWER_EDGE,NONE,0.4,11.51,11.9,45.63,False,False,35.32,False,41.27,39.09,1.671,1.94,7.87,-2.18,2.61,-2.39,1.11,2.1,999,12485965.25,41.49,-4.75,41.97,-5.84,-4.19,60.0,False,WEAK_RS,753
BRK-A,2026-10-01,751745.0,73.06,COMPRESSED,NEAR_LOWER_EDGE,NONE,48.81,0.4,30.16,50.4,True,True,23.41,True,779006.0,747005.0,0.469,1.06,5.18,-0.89,0.47,-1.17,0.76,1.08,999,182144204.0,785520.0,-4.3,806103.0,-6.74,-4.13,60.0,False,WEAK_RS,753
OGC,2026-10-01,27.0,73.04,COMPRESSED,INSIDE_COIL,NONE,16.27,28.57,20.63,52.38,False,True,6.75,True,29.56,26.02,0.75,4.35,21.07,-7.18,11.61,-4.2,4.91,6.12,131,20134672.22,31.71,-14.85,34.9687,-22.79,0.95,73.0,False,BELOW_SMA50|NOT_NEAR_UNBROKEN_PIVOT,753
SFNC,2026-10-01,22.73,73.0,COMPRESSED,NEAR_LOWER_EDGE,NONE,36.11,30.16,1.19,4.37,False,False,19.05,False,23.35,22.45,1.447,2.08,7.38,1.2,3.16,-1.21,1.91,4.56,999,33748271.03,23.7682,-4.37,24.0951,-5.67,-2.39,64.0,False,WEAK_RS,753
PPG,2026-10-01,104.67,73.0,COMPRESSED,NEAR_LOWER_EDGE,NONE,21.03,36.9,14.29,1.19,False,False,15.87,False,107.99,103.7,1.635,2.34,11.32,-5.97,-7.84,-5.8,1.88,3.55,999,189238011.75,113.55,-7.82,124.923,-16.21,-18.8,21.0,False,BELOW_SMA50|NOT_NEAR_UNBROKEN_PIVOT|WEAK_RS,753
PAYC,2026-10-01,227.47,72.98,COMPRESSED,INSIDE_COIL,NONE,32.14,28.97,14.29,9.13,False,True,23.81,False,232.86,212.4,1.704,3.33,14.32,-3.72,64.51,7.57,3.65,21.79,39,169936202.14,244.98,-7.15,243.28,-6.5,60.83,99.0,False,POST_GAP_COIL|EXTENDED_60D_RUN|NOT_NEAR_UNBROKEN_PIVOT,753
LMAT,2026-10-01,80.19,72.94,COMPRESSED,INSIDE_COIL,NONE,16.67,9.13,7.14,46.43,False,False,23.41,False,83.35,78.22,1.77,2.62,6.4,-1.87,-21.01,-5.02,1.58,16.67,40,21062145.87,83.35,-3.79,117.3682,-31.68,-24.66,12.0,False,POST_GAP_COIL|BELOW_SMA50|WEAK_RS,753
NUVB,2026-10-01,5.56,72.92,COMPRESSED,NEAR_LOWER_EDGE,NONE,0.4,0.79,51.19,58.33,True,False,19.05,False,6.26,5.48,0.698,5.16,30.18,-19.77,-5.28,-12.76,3.38,4.87,68,28093671.23,7.13,-22.02,7.58,-26.65,-5.29,57.0,False,BELOW_SMA50|NOT_NEAR_UNBROKEN_PIVOT|WEAK_RS,753
BRK-B,2026-10-01,500.5,72.82,COMPRESSED,NEAR_LOWER_EDGE,NONE,27.78,0.79,29.37,49.21,True,False,21.43,False,520.0,497.95,1.266,1.17,5.55,-0.94,1.15,-1.31,0.6,1.01,999,2360929868.97,523.74,-4.44,537.74,-6.93,-4.27,59.0,False,WEAK_RS,753
BMNR,2026-10-01,26.73,72.8,COMPRESSED,INSIDE_COIL,NONE,37.7,9.52,32.54,32.54,False,True,9.13,True,28.86,23.225,0.755,5.98,25.07,15.92,79.88,19.7,6.04,6.04,287,1060945081.79,28.86,-7.38,26.91,-0.67,83.31,99.0,False,RECENT_SURGE|EXTENDED_60D_RUN|EXTENDED_FROM_SMA50|NOT_NEAR_UNBROKEN_PIVOT,333
HBNC,2026-10-01,19.08,72.76,COMPRESSED,NEAR_LOWER_EDGE,NONE,0.4,10.71,21.83,52.38,False,False,18.65,False,19.73,18.76,1.882,1.91,8.7,-2.9,-1.14,-3.86,1.23,5.2,999,10976538.09,20.15,-5.31,21.04,-9.32,-6.37,54.0,False,BELOW_SMA50|NOT_NEAR_UNBROKEN_PIVOT|WEAK_RS,753
KOS,2026-10-01,2.58,72.69,COMPRESSED,INSIDE_COIL,NONE,6.35,14.29,26.19,50.79,False,False,15.48,True,2.89,2.43,0.824,6.12,27.91,-11.95,12.66,-4.42,3.96,7.22,122,36111555.1,3.15,-18.1,3.34,-22.75,21.8,92.0,False,BELOW_SMA50|NOT_NEAR_UNBROKEN_PIVOT|LOW_LIQUIDITY,753
BEKE,2026-10-01,16.64,72.66,COMPRESSED,INSIDE_COIL,NONE,16.67,29.76,28.97,5.16,False,False,9.92,False,17.235,15.92,0.567,2.94,14.15,-7.25,9.19,-2.07,2.9,5.56,453,93024840.99,18.215,-8.65,19.765,-15.81,7.44,82.0,False,NOT_NEAR_UNBROKEN_PIVOT,753
CHE,2026-10-01,502.9,72.64,COMPRESSED,INSIDE_COIL,NONE,3.17,43.65,12.3,23.02,False,False,13.89,False,519.05,491.88,1.113,2.55,8.31,-4.02,4.96,-3.85,1.51,1.9,110,79825827.78,533.69,-5.77,556.2683,-9.59,0.01,71.0,False,BELOW_SMA50|NOT_NEAR_UNBROKEN_PIVOT,753
AMKR,2026-10-01,52.9,72.62,COMPRESSED,INSIDE_COIL,NONE,9.92,21.83,23.02,39.29,False,False,3.57,False,55.13,47.12,1.041,4.99,18.58,12.15,-20.79,2.03,8.53,14.68,44,194978121.88,55.13,-4.04,96.5024,-45.18,-26.74,9.0,False,POST_GAP_COIL|WEAK_RS,753
NMAX,2026-10-01,9.87,72.6,COMPRESSED,RANGE_EXIT_CONFIRMED,DOWN_EXPANSION_CONFIRMED,32.54,38.49,9.52,4.76,False,True,23.81,False,11.265,10.12,3.051,5.89,24.52,-10.27,16.94,-0.95,1.53,4.27,129,13118301.29,12.11,-18.5,11.78,-16.21,6.95,82.0,False,ALREADY_EXPANDING|NOT_NEAR_UNBROKEN_PIVOT,379
SBS,2026-10-01,5.26,72.6,COMPRESSED,INSIDE_COIL,NONE,16.27,51.59,0.4,1.19,False,False,23.81,False,5.48,5.07,1.273,2.8,8.75,3.34,-7.72,2.43,4.16,4.71,999,35687092.94,5.48,-4.01,7.158,-26.52,-11.36,39.0,False,WEAK_RS,753
NOVT,2026-10-01,143.58,72.58,COMPRESSED,NEAR_UPPER_EDGE,NONE,17.06,18.65,30.56,3.17,False,False,24.6,False,146.0,130.67,1.235,3.68,15.66,-0.65,-3.37,-2.36,2.92,10.7,39,50252572.64,153.16,-6.25,176.38,-18.6,-14.05,32.0,False,POST_GAP_COIL|NOT_NEAR_UNBROKEN_PIVOT|WEAK_RS,753
DHC,2026-10-01,7.74,72.56,COMPRESSED,RANGE_EXIT_CONFIRMED,DOWN_EXPANSION_CONFIRMED,2.38,10.32,33.73,25.4,False,False,28.97,False,8.28,7.77,1.857,3.27,11.11,1.18,-14.19,-5.59,1.39,5.28,353,16520035.75,8.28,-6.52,9.66,-19.88,-18.89,21.0,False,ALREADY_EXPANDING|BELOW_SMA50|NOT_NEAR_UNBROKEN_PIVOT|WEAK_RS,753
BLDR,2026-10-01,57.35,72.54,COMPRESSED,NEAR_LOWER_EDGE,NONE,8.73,31.35,20.24,32.94,False,True,23.02,False,61.82,56.56,1.578,4.39,20.82,-9.1,-22.71,-13.31,3.02,3.82,602,220833448.79,66.69,-14.01,94.97,-39.61,-35.12,4.0,False,BELOW_SMA50|NOT_NEAR_UNBROKEN_PIVOT|WEAK_RS,753
LITE,2026-10-01,1045.78,72.48,COMPRESSED,RANGE_EXIT_CONFIRMED,UP_EXPANSION_CONFIRMED,17.86,13.49,21.43,34.92,False,False,11.51,False,1009.45,881.23,1.62,6.42,24.78,20.12,47.9,19.66,7.14,9.89,226,4522985676.34,1026.76,1.85,1085.6801,-3.68,40.75,97.0,False,ALREADY_EXPANDING|RECENT_SURGE|EXTENDED_60D_RUN|EXTENDED_FROM_SMA50|NOT_NEAR_UNBROKEN_PIVOT,753
OR,2026-10-01,33.98,72.48,COMPRESSED,NEAR_LOWER_EDGE,NONE,23.81,15.08,12.7,45.63,True,False,35.71,False,37.7084,33.8856,1.099,3.41,12.41,-7.51,16.47,-1.31,4.39,5.3,999,29948964.68,38.0577,-10.71,43.4388,-21.78,5.45,79.0,False,NOT_NEAR_UNBROKEN_PIVOT,753
IDYA,2026-10-01,37.81,72.48,COMPRESSED,INSIDE_COIL,NONE,23.41,19.84,9.52,9.52,False,False,36.9,False,40.0,35.59,1.043,3.96,13.42,-5.88,-0.4,-0.45,2.42,2.85,119,32919975.24,41.48,-8.85,42.68,-11.41,-2.41,64.0,False,NOT_NEAR_UNBROKEN_PIVOT|WEAK_RS,753
ESLT,2026-10-01,695.68,72.46,COMPRESSED,INSIDE_COIL,NONE,5.56,6.35,19.84,33.73,False,False,40.87,False,760.35,680.03,1.157,2.5,11.55,-1.91,-10.82,-8.1,3.02,5.96,89,54446621.36,760.35,-8.51,937.9714,-25.83,-16.23,26.0,False,BELOW_SMA50|NOT_NEAR_UNBROKEN_PIVOT|WEAK_RS,753
MLI,2026-10-01,61.32,72.42,COMPRESSED,NEAR_UPPER_EDGE,NONE,42.06,33.33,20.63,7.94,False,True,1.19,False,61.65,59.49,1.776,2.4,10.29,-0.93,10.32,-3.35,1.97,2.59,166,114202100.8,64.13,-4.38,70.9223,-13.54,6.0,80.0,False,BELOW_SMA50,753
GEV,2026-10-01,987.45,72.36,COMPRESSED,RANGE_EXIT_CONFIRMED,UP_EXPANSION_CONFIRMED,46.03,3.97,17.06,25.0,False,False,3.17,False,973.41,921.53,2.613,3.67,13.73,7.11,-7.8,2.23,7.91,7.91,202,1989764647.56,983.34,0.42,1195.9399,-17.43,-14.12,31.0,False,ALREADY_EXPANDING|WEAK_RS,631
IQV,2026-10-01,260.72,72.32,COMPRESSED,RANGE_EXIT_CONFIRMED,DOWN_EXPANSION_CONFIRMED,32.54,28.17,11.9,6.35,False,False,14.68,False,277.4,264.88,1.412,2.75,9.54,-1.18,27.94,3.14,1.61,10.21,46,439767289.62,277.4,-6.01,265.25,-1.71,23.09,93.0,False,ALREADY_EXPANDING|POST_GAP_COIL|NOT_NEAR_UNBROKEN_PIVOT,753
SAIC,2026-10-01,126.3,72.28,COMPRESSED,RANGE_EXIT_CONFIRMED,DOWN_EXPANSION_CONFIRMED,9.92,30.95,17.06,16.27,False,False,24.6,False,135.29,127.15,1.905,3.04,9.66,-0.69,11.9,-0.15,1.53,11.46,22,55791994.19,136.08,-7.19,142.66,-11.47,11.36,86.0,False,ALREADY_EXPANDING|POST_GAP_COIL|NOT_NEAR_UNBROKEN_PIVOT,753
POWI,2026-10-01,51.5,72.28,COMPRESSED,INSIDE_COIL,NONE,21.83,36.9,8.73,23.02,False,False,5.16,False,53.16,48.67,0.838,4.62,12.52,2.39,-22.18,-7.0,4.71,5.18,89,38665943.44,53.16,-3.12,90.7994,-43.28,-31.98,6.0,False,BELOW_SMA50|WEAK_RS,753
AEHR,2026-10-01,101.6,72.26,COMPRESSED,INSIDE_COIL,NONE,19.05,22.62,18.65,43.25,False,False,7.94,True,108.4,86.31,0.532,8.41,33.27,26.62,49.65,6.04,9.71,36.31,55,250644939.42,108.4,-6.27,147.4,-31.07,42.39,97.0,False,POST_GAP_COIL|RECENT_SURGE|EXTENDED_60D_RUN|NOT_NEAR_UNBROKEN_PIVOT,753
AIG,2026-10-01,75.43,72.26,COMPRESSED,NEAR_UPPER_EDGE,NONE,26.59,19.84,7.14,18.25,False,False,28.57,False,76.46,72.63,0.893,1.93,5.77,-0.26,-4.63,-1.09,1.14,1.75,999,383007550.05,76.9801,-2.01,81.9074,-7.91,-7.19,51.0,False,WEAK_RS,753
BY,2026-10-01,37.19,72.22,COMPRESSED,NEAR_LOWER_EDGE,NONE,1.19,12.7,34.52,42.06,False,False,11.9,False,37.97,36.685,1.93,1.77,8.06,-2.87,1.97,-2.91,1.17,1.99,999,10689558.61,39.116,-4.92,40.03,-7.09,-3.15,62.0,False,WEAK_RS,753
PONY,2026-10-01,6.24,72.22,COMPRESSED,NEAR_LOWER_EDGE,NONE,8.33,18.65,11.9,15.48,False,False,51.19,False,7.46,6.48,1.167,5.79,22.92,-11.24,-8.1,-15.56,3.27,5.64,89,26340178.09,7.54,-17.24,11.94,-47.74,-11.47,39.0,False,BELOW_SMA50|NOT_NEAR_UNBROKEN_PIVOT|WEAK_RS,461
MP,2026-10-01,46.09,72.16,COMPRESSED,INSIDE_COIL,NONE,3.17,12.3,24.6,53.17,False,False,12.3,False,51.335,44.752,1.223,5.79,30.44,-15.74,-13.04,-9.58,5.19,6.72,243,265132267.0,58.52,-21.24,76.8,-39.99,-16.38,26.0,False,BELOW_SMA50|NOT_NEAR_UNBROKEN_PIVOT|WEAK_RS,753
OUST,2026-10-01,40.87,72.16,COMPRESSED,INSIDE_COIL,NONE,5.16,5.56,23.41,50.0,False,False,23.41,False,43.97,33.72,0.88,6.42,28.7,17.34,-5.85,5.38,5.99,8.4,75,83589190.82,43.97,-7.05,63.79,-35.93,-20.83,17.0,False,RECENT_SURGE|NOT_NEAR_UNBROKEN_PIVOT|WEAK_RS,753
PCTY,2026-10-01,146.6,72.14,COMPRESSED,NEAR_UPPER_EDGE,NONE,24.6,30.56,15.08,11.51,False,False,13.89,False,148.699,139.42,1.342,3.13,13.59,-5.17,27.25,0.41,3.76,4.66,604,98333713.61,159.35,-8.0,161.93,-9.47,24.53,93.0,False,NOT_NEAR_UNBROKEN_PIVOT,753
AS,2026-10-01,27.08,72.14,COMPRESSED,INSIDE_COIL,NONE,30.95,16.27,28.97,7.14,False,False,10.32,False,28.285,26.1,0.797,3.43,13.33,-5.18,-20.07,-13.02,1.97,4.05,343,204184138.55,29.71,-8.85,38.045,-28.82,-25.57,11.0,False,BELOW_SMA50|NOT_NEAR_UNBROKEN_PIVOT|WEAK_RS,669
GTES,2026-10-01,26.5,72.12,COMPRESSED,INSIDE_COIL,NONE,10.71,28.97,10.71,42.06,False,False,9.92,False,27.175,25.41,1.213,3.12,10.58,6.38,3.03,-0.39,3.92,4.77,231,46483977.46,27.175,-2.48,30.34,-12.66,-3.55,61.0,False,WEAK_RS,753
NNI,2026-10-01,123.57,72.1,COMPRESSED,NEAR_LOWER_EDGE,NONE,0.4,0.4,17.86,55.56,False,False,38.89,False,128.74,122.59,1.312,1.73,5.55,-2.9,-6.0,-3.58,1.31,4.04,999,18508500.71,128.74,-4.02,143.6357,-13.97,-11.24,40.0,False,BELOW_SMA50|WEAK_RS,753
MD,2026-10-01,25.76,72.08,COMPRESSED,INSIDE_COIL,NONE,6.35,32.94,23.81,29.37,False,False,5.95,False,26.82,25.18,1.029,3.2,9.24,-4.1,-3.84,-2.29,1.52,10.25,41,19958681.94,27.56,-6.53,27.94,-7.8,-6.57,53.0,False,POST_GAP_COIL|NOT_NEAR_UNBROKEN_PIVOT|WEAK_RS,753
IAUX,2026-10-01,1.62,72.03,COMPRESSED,NEAR_LOWER_EDGE,NONE,21.03,9.13,10.71,39.68,False,True,45.63,False,1.88,1.64,0.909,4.94,16.67,-7.95,19.12,-2.37,3.64,7.14,350,13184249.91,1.88,-13.83,1.94,-16.49,5.89,80.0,False,NOT_NEAR_UNBROKEN_PIVOT|LOW_LIQUIDITY,753
KRYS,2026-10-01,325.31,72.0,COMPRESSED,RANGE_EXIT_CONFIRMED,DOWN_EXPANSION_CONFIRMED,9.92,13.49,26.98,29.76,False,False,23.02,False,353.84,331.78,1.388,3.28,14.78,-11.9,-13.34,-5.03,2.16,5.99,353,95836654.8,373.31,-12.86,382.535,-14.96,-16.1,27.0,False,ALREADY_EXPANDING|BELOW_SMA50|NOT_NEAR_UNBROKEN_PIVOT|WEAK_RS,753
LUV,2026-10-01,41.84,71.96,COMPRESSED,INSIDE_COIL,NONE,5.16,13.89,29.76,50.0,False,False,5.16,False,43.2,39.87,0.525,3.03,13.03,8.87,-13.61,-0.72,2.67,4.53,122,248896677.32,43.2,-3.15,52.8823,-20.88,-19.18,20.0,False,WEAK_RS,753
GE,2026-10-01,312.39,71.96,COMPRESSED,NEAR_LOWER_EDGE,NONE,19.05,33.73,22.22,8.73,False,False,11.51,False,329.17,309.62,0.767,2.68,11.5,-5.19,-12.26,-8.79,2.61,2.61,999,1387171005.47,342.73,-8.85,388.84,-19.66,-19.98,19.0,False,BELOW_SMA50|NOT_NEAR_UNBROKEN_PIVOT|WEAK_RS,753
WMS,2026-10-01,126.86,71.92,COMPRESSED,NEAR_LOWER_EDGE,NONE,12.7,41.27,21.83,3.17,False,False,16.27,False,133.89,124.98,0.784,3.16,9.12,-4.36,-12.41,-7.39,2.17,3.08,346,100467555.15,136.185,-6.85,158.5874,-20.01,-19.35,20.0,False,BELOW_SMA50|NOT_NEAR_UNBROKEN_PIVOT|WEAK_RS,753
EXTR,2026-10-01,21.97,71.9,COMPRESSED,INSIDE_COIL,NONE,23.81,26.19,4.76,16.67,False,False,30.95,False,22.92,20.76,1.411,3.45,9.83,-0.18,-29.4,-8.25,4.19,17.04,40,31190122.11,22.92,-4.14,33.73,-34.87,-29.11,8.0,False,POST_GAP_COIL|BELOW_SMA50|WEAK_RS,753
EQPT,2026-10-01,17.48,71.86,COMPRESSED,INSIDE_COIL,NONE,39.61,20.5,7.74,13.53,False,False,16.97,False,19.04,16.26,0.889,6.8,23.11,-1.85,5.43,-6.83,5.97,12.5,58,63241920.08,20.3,-13.89,27.25,-35.85,-11.74,38.0,False,POST_GAP_COIL|BELOW_SMA50|NOT_NEAR_UNBROKEN_PIVOT|WEAK_RS,174
MKSI,2026-10-01,271.24,71.85,COMPRESSED,RANGE_EXIT_CONFIRMED,UP_EXPANSION_CONFIRMED,39.29,20.24,21.83,21.03,False,True,11.51,False,268.0,238.45,1.609,4.24,17.34,7.9,-22.3,-2.11,7.1,12.11,44,327910874.03,270.29,0.35,447.2041,-39.35,-28.57,8.0,False,ALREADY_EXPANDING|POST_GAP_COIL|WEAK_RS,753
SNDA,2026-10-01,37.77,71.83,COMPRESSED,NEAR_LOWER_EDGE,NONE,3.57,32.94,18.65,42.86,False,False,4.76,False,39.48,37.14,1.483,3.28,10.8,0.51,-5.65,-3.86,1.51,4.07,532,16401103.02,41.01,-7.9,44.39,-14.91,-13.35,34.0,False,BELOW_SMA50|NOT_NEAR_UNBROKEN_PIVOT|WEAK_RS,753
AGL,2026-10-01,82.28,71.79,COMPRESSED,INSIDE_COIL,NONE,6.35,8.73,25.4,39.29,False,False,28.17,False,92.5,72.16,1.314,7.21,30.51,-5.84,-26.4,-9.62,4.19,6.73,101,19543792.51,97.26,-15.4,133.04,-38.15,-28.71,8.0,False,BELOW_SMA50|NOT_NEAR_UNBROKEN_PIVOT|WEAK_RS,753
MDGL,2026-10-01,499.71,71.77,COMPRESSED,NEAR_LOWER_EDGE,NONE,0.79,0.4,34.92,58.73,False,False,14.68,False,539.29,501.81,0.93,3.34,10.88,-8.63,-11.62,-4.66,1.28,7.56,291,119776384.3,552.08,-9.49,569.44,-12.25,-8.21,49.0,False,BELOW_SMA50|NOT_NEAR_UNBROKEN_PIVOT|WEAK_RS,753
STBA,2026-10-01,49.01,71.75,COMPRESSED,INSIDE_COIL,NONE,11.51,14.29,15.48,30.56,False,False,36.11,False,50.31,47.84,1.941,1.87,7.35,-1.74,2.53,-2.75,0.98,2.82,999,14788708.36,51.0,-3.9,53.1119,-7.72,-2.35,65.0,False,WEAK_RS,753
FSM,2026-10-01,11.17,71.69,COMPRESSED,INSIDE_COIL,NONE,6.75,3.97,22.22,48.02,False,False,30.16,False,12.3,10.93,0.794,4.02,17.19,-8.89,37.39,1.31,5.3,7.01,168,56707817.35,12.85,-13.07,12.94,-13.68,25.26,93.0,False,EXTENDED_60D_RUN|NOT_NEAR_UNBROKEN_PIVOT,753
BAX,2026-10-01,23.64,71.67,COMPRESSED,INSIDE_COIL,NONE,8.73,22.62,35.32,21.83,False,False,11.51,False,24.3,22.56,0.982,3.07,15.06,-8.02,7.59,-6.23,1.94,17.36,44,165769437.15,26.12,-9.49,29.9884,-21.17,1.58,74.0,False,POST_GAP_COIL|BELOW_SMA50|NOT_NEAR_UNBROKEN_PIVOT,753
TALO,2026-10-01,16.64,71.63,COMPRESSED,INSIDE_COIL,NONE,11.9,16.27,25.0,49.21,False,False,2.38,False,17.54,16.045,1.308,3.84,16.11,-3.42,16.94,2.47,2.51,4.54,122,35317714.69,18.725,-11.13,18.44,-9.76,19.61,91.0,False,NOT_NEAR_UNBROKEN_PIVOT,753
VNT,2026-10-01,31.69,71.63,COMPRESSED,NEAR_UPPER_EDGE,NONE,30.56,28.17,17.06,17.06,False,False,4.37,False,32.1,30.425,1.408,2.56,9.36,-2.36,11.2,-2.23,1.71,7.85,543,42711647.2,33.39,-5.09,37.8975,-16.38,7.98,83.0,False,NOT_NEAR_UNBROKEN_PIVOT,753
NVR,2026-10-01,6126.3799,71.63,COMPRESSED,RANGE_EXIT_CONFIRMED,DOWN_EXPANSION_CONFIRMED,26.59,26.98,6.75,0.79,False,False,41.27,False,6383.2998,6128.9302,1.97,2.29,8.17,-3.17,-4.71,-2.56,1.23,2.73,999,255485916.31,6462.6299,-5.2,7294.5,-16.01,-12.08,37.0,False,ALREADY_EXPANDING|NOT_NEAR_UNBROKEN_PIVOT|WEAK_RS,753
SVV,2026-10-01,9.25,71.61,COMPRESSED,INSIDE_COIL,NONE,9.52,21.43,38.1,27.38,False,False,3.17,False,9.56,8.83,1.07,4.15,19.14,-9.76,-2.43,-8.99,2.46,6.86,229,11859266.15,10.6,-12.74,12.69,-27.11,-10.06,43.0,False,BELOW_SMA50|NOT_NEAR_UNBROKEN_PIVOT|WEAK_RS,753
GLOP-PB,2026-10-01,25.655,71.58,COMPRESSED,NEAR_UPPER_EDGE,NONE,18.25,39.68,42.06,32.94,True,False,3.17,True,25.8364,25.62,0.312,0.68,3.39,1.48,1.16,0.87,1.66,1.66,999,112641.08,26.17,-1.97,25.5441,0.43,-1.31,68.0,False,LOW_LIQUIDITY|WEAK_RS,585
SLAB,2026-10-01,222.51,71.53,COMPRESSED,RANGE_EXIT_CONFIRMED,UP_EXPANSION_CONFIRMED,21.83,3.17,33.73,29.76,False,False,15.08,False,222.36,219.48,1.857,0.48,2.71,1.04,1.92,1.5,0.81,0.81,165,62694960.71,222.49,0.01,220.9,0.73,-0.87,69.0,False,ALREADY_EXPANDING|WEAK_RS,753
VIA,2026-10-01,30.22,71.51,COMPRESSED,NEAR_UPPER_EDGE,NONE,18.37,0.79,28.05,44.44,False,False,15.87,False,30.82,26.505,0.702,4.39,18.8,10.01,68.64,17.87,2.41,3.79,999,26131511.91,30.82,-1.95,29.11,3.81,53.67,99.0,False,EXTENDED_60D_RUN|EXTENDED_FROM_SMA50,265
CHRW,2026-10-01,153.14,71.47,COMPRESSED,NEAR_UPPER_EDGE,NONE,30.16,36.51,8.73,8.73,False,False,14.29,False,154.98,145.02,1.561,2.77,9.58,5.92,-19.03,0.82,1.36,6.83,230,211908202.75,158.07,-3.12,209.4267,-26.88,-21.82,16.0,False,WEAK_RS,753
MGNI,2026-10-01,25.44,71.43,COMPRESSED,INSIDE_COIL,NONE,35.32,19.44,13.1,11.9,False,False,21.43,False,26.84,23.09,0.909,4.29,14.9,2.25,25.26,9.47,11.98,11.98,10,56832678.62,26.84,-5.22,25.45,-0.04,21.99,92.0,False,POST_GAP_COIL|NOT_NEAR_UNBROKEN_PIVOT,753
FMS,2026-10-01,22.26,71.43,COMPRESSED,NEAR_LOWER_EDGE,NONE,44.05,25.0,3.57,3.17,False,False,23.81,False,23.08,21.98,0.694,1.76,5.03,-1.72,-7.02,-4.71,2.22,4.59,745,16169900.32,23.1,-3.64,26.42,-15.75,-8.23,49.0,False,BELOW_SMA50|WEAK_RS,753
EGP,2026-10-01,194.84,71.43,COMPRESSED,NEAR_LOWER_EDGE,NONE,21.03,5.16,27.38,18.25,False,False,34.13,False,203.4379,196.6074,1.118,1.58,4.83,-0.48,-6.44,-2.93,1.0,2.22,999,110854972.13,203.4379,-4.23,224.7522,-13.31,-9.83,44.0,False,WEAK_RS,753
AHR,2026-10-01,50.69,71.39,COMPRESSED,RANGE_EXIT_CONFIRMED,DOWN_EXPANSION_CONFIRMED,3.17,5.95,40.48,52.38,False,False,5.56,False,53.5019,51.0637,1.307,2.03,11.12,-9.39,-6.75,-6.62,1.92,4.0,999,171958468.2,56.5074,-10.29,58.4182,-13.23,-10.29,43.0,False,ALREADY_EXPANDING|BELOW_SMA50|NOT_NEAR_UNBROKEN_PIVOT|WEAK_RS,665
GRC,2026-10-01,75.13,71.39,COMPRESSED,INSIDE_COIL,NONE,21.43,41.27,7.14,8.33,False,False,22.62,False,77.09,70.93,1.315,3.01,9.44,1.61,-3.54,-3.07,2.22,2.97,999,15265045.58,77.09,-2.54,92.5594,-18.83,-13.24,34.0,False,BELOW_SMA50|WEAK_RS,753
COLD,2026-10-01,13.81,71.39,COMPRESSED,NEAR_LOWER_EDGE,NONE,36.9,34.13,4.76,0.79,False,False,22.22,False,14.7922,13.865,0.963,3.44,11.55,-3.82,-10.74,-3.86,1.45,9.19,999,51711837.49,14.8808,-7.2,16.613,-16.87,-16.43,26.0,False,BELOW_SMA50|NOT_NEAR_UNBROKEN_PIVOT|WEAK_RS,753
BETA,2026-10-01,21.73,71.31,COMPRESSED,INSIDE_COIL,NONE,25.48,28.84,25.84,22.32,False,True,28.77,True,24.61,20.42,0.603,7.19,22.87,6.42,27.75,-0.66,3.9,12.16,35,84945002.41,24.61,-11.7,27.42,-20.75,17.15,90.0,False,POST_GAP_COIL|NOT_NEAR_UNBROKEN_PIVOT,228
DAL,2026-10-01,84.13,71.31,COMPRESSED,NEAR_UPPER_EDGE,NONE,9.92,6.75,32.94,59.13,False,False,12.7,True,85.47,78.94,0.583,2.76,10.2,7.67,-3.38,0.1,2.94,2.95,122,582836033.35,85.47,-1.57,95.4443,-11.85,-11.9,38.0,False,WEAK_RS,753
IBOC,2026-10-01,69.12,71.21,COMPRESSED,NEAR_LOWER_EDGE,NONE,1.59,1.98,32.94,53.57,False,False,23.02,False,71.61,68.1,1.565,1.58,6.39,-2.12,-6.43,-3.95,0.99,1.04,999,27676874.32,72.18,-4.24,77.6798,-11.02,-10.85,41.0,False,BELOW_SMA50|WEAK_RS,753
AGIO,2026-10-01,32.48,71.21,COMPRESSED,INSIDE_COIL,NONE,19.84,24.6,7.54,14.68,False,False,41.27,False,35.36,31.37,1.523,4.11,12.35,-4.83,-24.04,-3.12,1.91,15.8,44,33859589.96,35.38,-8.2,44.09,-26.33,-16.41,26.0,False,POST_GAP_COIL|BELOW_SMA50|NOT_NEAR_UNBROKEN_PIVOT|WEAK_RS,753
NKE,2026-10-01,35.15,71.21,COMPRESSED,RANGE_EXIT_CONFIRMED,DOWN_EXPANSION_CONFIRMED,1.19,22.62,37.7,40.08,False,False,3.17,False,37.04,35.16,1.47,2.79,11.12,-8.08,-17.18,-9.52,2.35,3.03,126,1378065411.11,38.93,-9.71,46.7317,-24.78,-22.26,15.0,False,ALREADY_EXPANDING|BELOW_SMA50|NOT_NEAR_UNBROKEN_PIVOT|WEAK_RS,753
IR,2026-10-01,75.25,71.15,COMPRESSED,INSIDE_COIL,NONE,10.32,21.83,18.65,30.56,False,False,27.38,False,77.54,71.27,1.068,2.69,8.76,0.33,-1.88,-5.18,1.81,5.19,999,368523865.44,77.54,-2.95,91.7583,-17.99,-9.44,45.0,False,BELOW_SMA50|WEAK_RS,753
GBCI,2026-10-01,43.41,71.15,COMPRESSED,NEAR_LOWER_EDGE,NONE,0.4,3.97,28.57,49.21,False,False,32.54,False,45.59,43.03,1.781,2.09,11.43,-6.44,-13.63,-7.85,1.28,1.99,999,46750276.31,47.15,-7.93,54.58,-20.47,-18.47,22.0,False,BELOW_SMA50|NOT_NEAR_UNBROKEN_PIVOT|WEAK_RS,753
BBUC,2026-10-01,25.41,71.15,COMPRESSED,INSIDE_COIL,NONE,4.37,0.4,49.6,50.79,False,False,2.38,False,26.29,24.8,1.017,2.8,13.03,-6.31,-13.26,-9.11,1.82,3.97,255,9617945.64,28.11,-9.61,35.0046,-27.41,-20.09,19.0,False,BELOW_SMA50|NOT_NEAR_UNBROKEN_PIVOT|WEAK_RS,753
EMBJ,2026-10-01,74.09,71.09,COMPRESSED,NEAR_LOWER_EDGE,NONE,4.76,53.97,6.35,20.63,False,False,18.65,False,78.7,73.502,1.026,3.15,9.18,2.82,17.08,0.91,2.73,8.0,999,91033521.82,78.7,-5.86,79.5889,-6.91,12.98,88.0,False,NOT_NEAR_UNBROKEN_PIVOT,753
CTRE,2026-10-01,35.91,71.09,COMPRESSED,RANGE_EXIT_CONFIRMED,DOWN_EXPANSION_CONFIRMED,1.98,13.49,47.22,61.11,True,False,14.68,False,37.9677,36.4647,1.311,2.0,10.58,-8.29,-12.21,-7.99,1.14,1.49,999,80919907.98,39.7093,-9.57,43.1627,-16.8,-15.93,27.0,False,ALREADY_EXPANDING|BELOW_SMA50|NOT_NEAR_UNBROKEN_PIVOT|WEAK_RS,753
CHRN,2026-10-01,19.37,71.05,COMPRESSED,INSIDE_COIL,NONE,32.14,32.94,10.32,15.08,False,False,10.71,False,22.583,18.68,1.058,9.06,24.9,1.89,7.49,-6.26,4.53,12.15,54,2431357.46,22.583,-14.23,30.0,-35.43,14.63,89.0,False,POST_GAP_COIL|BELOW_SMA50|NOT_NEAR_UNBROKEN_PIVOT|LOW_LIQUIDITY,753
ATR,2026-10-01,120.87,71.05,COMPRESSED,NEAR_LOWER_EDGE,NONE,23.02,11.51,19.44,26.98,False,False,27.38,False,126.22,121.13,0.96,1.94,9.46,-7.26,-2.34,-6.94,1.46,2.83,999,55192610.22,132.26,-8.61,139.57,-13.4,-7.31,51.0,False,BELOW_SMA50|NOT_NEAR_UNBROKEN_PIVOT|WEAK_RS,753
AGM-A,2026-10-01,146.58,71.03,COMPRESSED,NEAR_LOWER_EDGE,NONE,10.32,2.38,41.67,73.41,False,True,13.89,True,152.55,146.58,,0.59,6.44,-5.91,2.14,-5.23,2.22,9.54,541,43963.28,156.02,-6.05,174.1951,-15.85,0.15,71.0,False,BELOW_SMA50|NOT_NEAR_UNBROKEN_PIVOT|LOW_LIQUIDITY,753
CENTA,2026-10-01,33.79,71.03,COMPRESSED,NEAR_LOWER_EDGE,NONE,0.79,20.63,26.98,49.21,False,False,12.7,False,35.5,33.34,1.429,2.55,12.4,-7.78,-8.73,-8.1,1.56,2.44,662,10444245.55,37.23,-9.24,40.8,-17.18,-14.91,30.0,False,BELOW_SMA50|NOT_NEAR_UNBROKEN_PIVOT|WEAK_RS,753
MTN,2026-10-01,138.99,71.01,COMPRESSED,INSIDE_COIL,NONE,23.41,45.63,12.7,8.73,False,False,22.22,True,144.24,132.59,0.668,3.44,10.96,1.97,-3.23,-3.25,2.09,5.59,338,148385729.48,144.24,-3.64,160.49,-13.4,-4.04,60.0,False,BELOW_SMA50|WEAK_RS,753
ANF,2026-10-01,136.36,70.91,COMPRESSED,INSIDE_COIL,NONE,26.19,19.84,27.38,27.78,False,False,1.59,False,142.5,130.81,1.318,4.17,17.9,-0.18,56.95,9.84,2.35,20.63,25,187051068.59,155.22,-12.15,154.58,-11.79,44.71,97.0,False,POST_GAP_COIL|EXTENDED_60D_RUN|NOT_NEAR_UNBROKEN_PIVOT,753
AG,2026-10-01,17.66,70.91,COMPRESSED,NEAR_LOWER_EDGE,NONE,3.57,9.92,33.33,55.56,False,False,22.62,True,20.45,17.6,0.754,5.3,25.93,-16.7,11.86,-6.68,6.05,7.64,135,179590095.22,22.03,-19.84,24.4683,-27.82,-3.65,61.0,False,BELOW_SMA50|NOT_NEAR_UNBROKEN_PIVOT|WEAK_RS,753
RPM,2026-10-01,99.22,70.91,COMPRESSED,NEAR_LOWER_EDGE,NONE,26.19,39.68,9.92,7.54,False,False,18.65,False,102.13,97.46,1.173,2.57,9.97,-3.88,-3.62,-6.53,1.88,5.39,122,95831910.01,106.29,-6.65,117.93,-15.87,-13.47,33.0,False,BELOW_SMA50|NOT_NEAR_UNBROKEN_PIVOT|WEAK_RS,753
SAP,2026-10-01,210.79,70.89,COMPRESSED,INSIDE_COIL,NONE,34.52,32.94,11.11,7.94,False,False,14.68,False,216.59,203.17,1.891,2.49,8.14,0.52,33.9,2.7,4.26,6.18,169,407619818.83,220.33,-4.33,223.28,-5.59,26.81,94.0,False,EXTENDED_60D_RUN,753
ODC,2026-10-01,91.41,70.89,COMPRESSED,NEAR_UPPER_EDGE,NONE,23.81,34.13,12.3,22.22,False,False,11.51,False,92.99,86.33,0.996,2.94,9.46,0.84,-10.12,-0.08,1.51,1.51,999,10037643.04,92.99,-1.7,106.7506,-14.37,-11.52,39.0,False,WEAK_RS,753
TNL,2026-10-01,62.96,70.87,COMPRESSED,NEAR_LOWER_EDGE,NONE,6.75,50.4,6.35,18.25,False,False,24.6,False,65.53,61.82,1.296,2.88,9.2,-5.47,-12.6,-9.47,3.74,3.74,999,47586490.98,67.9905,-7.4,78.7607,-20.06,-19.87,19.0,False,BELOW_SMA50|NOT_NEAR_UNBROKEN_PIVOT|WEAK_RS,753
PRSU,2026-10-01,50.95,70.85,COMPRESSED,NEAR_UPPER_EDGE,NONE,0.79,11.11,15.08,51.19,False,False,40.48,False,51.07,47.1,1.376,2.75,8.18,5.95,-5.03,3.84,1.92,4.99,289,11683717.47,51.07,-0.23,56.52,-9.85,-10.87,41.0,False,WEAK_RS,753
HON,2026-10-01,213.8,70.84,COMPRESSED,RANGE_EXIT_CONFIRMED,UP_EXPANSION_CONFIRMED,10.32,36.51,22.62,34.52,False,True,20.63,False,213.64,204.26,1.63,2.05,8.44,3.75,-2.69,-3.67,1.51,2.15,999,623956776.28,213.64,0.07,251.2461,-14.9,-9.54,45.0,False,ALREADY_EXPANDING|BELOW_SMA50|WEAK_RS,753
CL,2026-10-01,84.53,70.81,COMPRESSED,NEAR_LOWER_EDGE,NONE,2.78,21.43,32.14,46.03,False,False,6.75,False,87.74,85.05,0.756,1.79,7.45,-6.18,-8.63,-5.82,0.97,2.32,999,471524262.43,90.99,-7.1,95.4627,-11.45,-13.47,33.0,False,BELOW_SMA50|NOT_NEAR_UNBROKEN_PIVOT|WEAK_RS,753
KRC,2026-10-01,33.3,70.81,COMPRESSED,NEAR_LOWER_EDGE,NONE,8.33,0.79,47.22,43.65,False,False,9.13,False,34.5202,33.0737,1.164,2.12,12.62,-7.21,-11.74,-6.98,1.21,3.35,999,49926061.7,36.9311,-9.83,40.1981,-17.16,-16.77,25.0,False,BELOW_SMA50|NOT_NEAR_UNBROKEN_PIVOT|WEAK_RS,753
CR,2026-10-01,206.32,70.79,COMPRESSED,NEAR_UPPER_EDGE,NONE,10.71,19.84,17.86,38.1,False,False,25.4,False,210.079,195.78,0.895,2.44,8.51,3.63,-3.53,-1.47,2.15,5.58,999,76416375.12,212.12,-2.73,230.2161,-10.38,-7.92,49.0,False,WEAK_RS,753
MEDP,2026-10-01,598.08,70.75,COMPRESSED,RANGE_EXIT_CONFIRMED,DOWN_EXPANSION_CONFIRMED,25.79,16.27,23.81,24.6,False,False,15.87,False,637.645,608.05,2.301,2.75,10.03,0.85,12.42,-0.36,1.44,22.51,49,147529361.56,637.645,-6.2,677.9,-11.77,4.43,78.0,False,ALREADY_EXPANDING|POST_GAP_COIL|NOT_NEAR_UNBROKEN_PIVOT,753
KC,2026-10-01,9.13,70.73,COMPRESSED,NEAR_LOWER_EDGE,NONE,10.32,3.17,25.4,57.94,False,False,18.65,False,10.325,9.04,1.078,4.15,20.97,-10.93,-13.21,-13.4,4.39,13.19,30,12497536.23,10.955,-16.66,18.52,-50.7,-2.5,64.0,False,POST_GAP_COIL|BELOW_SMA50|NOT_NEAR_UNBROKEN_PIVOT|WEAK_RS,753
CAE,2026-10-01,24.04,70.73,COMPRESSED,INSIDE_COIL,NONE,45.24,35.71,3.17,3.57,False,False,12.7,False,25.04,23.53,0.959,2.59,6.28,1.35,-6.6,-4.4,1.01,3.82,591,23759708.3,25.04,-3.99,28.89,-16.79,-8.6,48.0,False,BELOW_SMA50|WEAK_RS,753
CENT,2026-10-01,39.2,70.73,COMPRESSED,NEAR_LOWER_EDGE,NONE,1.59,11.9,23.02,44.05,False,False,35.71,False,41.21,38.65,1.644,2.35,10.46,-7.39,-7.53,-7.44,1.35,4.88,662,3260022.63,42.84,-8.5,46.97,-16.54,-13.64,33.0,False,BELOW_SMA50|NOT_NEAR_UNBROKEN_PIVOT|LOW_LIQUIDITY|WEAK_RS,753
TNGX,2026-10-01,24.45,70.73,COMPRESSED,INSIDE_COIL,NONE,28.57,20.63,9.92,21.83,False,False,27.78,False,25.92,21.634,1.117,6.29,17.53,9.54,-20.2,-2.25,3.5,3.5,80,74369814.39,25.92,-5.67,34.39,-28.9,-19.84,19.0,False,NOT_NEAR_UNBROKEN_PIVOT|WEAK_RS,753
NIO,2026-10-01,3.4,70.73,COMPRESSED,NEAR_LOWER_EDGE,NONE,1.19,7.54,25.4,50.4,False,False,32.54,False,3.79,3.38,0.9,3.52,15.29,-11.92,-30.61,-18.68,3.9,4.46,502,128358350.52,3.97,-14.36,7.0,-51.43,-31.85,6.0,False,BELOW_SMA50|NOT_NEAR_UNBROKEN_PIVOT|LOW_LIQUIDITY|WEAK_RS,753
MBWM,2026-10-01,58.9,70.71,COMPRESSED,NEAR_LOWER_EDGE,NONE,5.95,2.38,40.48,55.16,False,False,8.33,False,61.12,58.19,1.699,2.16,9.22,-2.81,5.62,-1.87,1.14,1.99,475,6989155.74,62.95,-6.43,61.9857,-4.98,-0.28,70.0,False,NOT_NEAR_UNBROKEN_PIVOT,753
BHRB,2026-10-01,68.87,70.69,COMPRESSED,NEAR_LOWER_EDGE,NONE,0.4,7.54,34.13,50.4,False,False,22.22,False,71.45,68.2,1.457,2.0,8.51,-4.65,0.76,-3.63,0.92,1.09,999,8791816.91,73.4,-6.17,74.5258,-7.59,-3.92,60.0,False,BELOW_SMA50|NOT_NEAR_UNBROKEN_PIVOT|WEAK_RS,753
REG,2026-10-01,71.8,70.69,COMPRESSED,NEAR_LOWER_EDGE,NONE,0.79,11.11,34.92,50.79,False,False,15.48,False,73.67,71.85,0.928,1.44,6.82,-4.33,-9.02,-5.02,0.68,1.32,999,100845396.5,75.83,-5.31,82.8213,-13.31,-13.25,34.0,False,BELOW_SMA50|NOT_NEAR_UNBROKEN_PIVOT|WEAK_RS,753
KEP,2026-10-01,10.97,70.68,COMPRESSED,NEAR_LOWER_EDGE,NONE,23.81,9.13,63.49,51.59,True,True,1.98,False,11.44,10.78,1.176,2.54,17.32,-5.43,-10.52,-6.11,5.61,5.61,147,11079903.38,12.68,-13.49,16.19,-32.24,-15.07,29.0,False,BELOW_SMA50|NOT_NEAR_UNBROKEN_PIVOT|WEAK_RS,753
SSL,2026-10-01,13.96,70.67,COMPRESSED,INSIDE_COIL,NONE,51.98,18.25,41.27,0.4,True,False,13.1,False,14.55,13.3,1.036,3.17,21.85,10.09,35.14,10.92,6.6,6.6,75,28309240.54,15.18,-8.04,14.37,-2.85,41.23,97.0,False,EXTENDED_60D_RUN|NOT_NEAR_UNBROKEN_PIVOT,753
RBC,2026-10-01,508.49,70.65,COMPRESSED,NEAR_UPPER_EDGE,NONE,30.56,24.6,16.27,32.94,False,False,0.79,False,510.33,489.87,1.272,2.49,7.62,3.59,-14.38,-2.78,2.43,3.93,999,157925410.84,510.33,-0.36,667.69,-23.84,-18.72,21.0,False,WEAK_RS,753
SVM,2026-10-01,10.63,70.63,COMPRESSED,NEAR_LOWER_EDGE,NONE,11.9,20.63,30.56,58.73,True,False,32.94,True,12.41,10.545,0.699,5.25,25.92,-16.82,16.68,-7.92,5.1,7.41,168,20890539.7,13.3,-20.08,15.7534,-32.52,0.67,72.0,False,BELOW_SMA50|NOT_NEAR_UNBROKEN_PIVOT,753
FSS,2026-10-01,112.17,70.62,COMPRESSED,NEAR_LOWER_EDGE,NONE,26.98,36.11,9.13,13.1,False,False,19.84,False,117.51,110.76,1.913,3.08,10.19,-2.56,-5.71,-5.97,2.38,8.04,107,48979798.43,120.88,-7.21,134.346,-16.51,-17.16,24.0,False,BELOW_SMA50|NOT_NEAR_UNBROKEN_PIVOT|WEAK_RS,753
IIPR,2026-10-01,51.0,70.56,COMPRESSED,RANGE_EXIT_CONFIRMED,DOWN_EXPANSION_CONFIRMED,8.73,6.75,12.7,48.41,False,False,43.65,False,55.0036,52.52,2.563,2.28,10.13,-7.02,-15.95,-7.58,1.34,1.66,378,22764844.55,55.7081,-8.45,63.1011,-19.18,-19.43,20.0,False,ALREADY_EXPANDING|BELOW_SMA50|NOT_NEAR_UNBROKEN_PIVOT|WEAK_RS,753
FWONK,2026-10-01,91.6,70.54,COMPRESSED,NEAR_LOWER_EDGE,NONE,11.11,30.16,1.59,26.59,False,False,46.03,False,97.64,92.23,1.127,2.61,9.82,-5.95,-5.07,-7.07,2.12,2.77,999,218038725.05,98.9,-7.38,107.31,-14.64,-9.84,44.0,False,BELOW_SMA50|NOT_NEAR_UNBROKEN_PIVOT|WEAK_RS,753
HL,2026-10-01,17.0,70.53,COMPRESSED,NEAR_LOWER_EDGE,NONE,2.78,12.3,47.62,70.63,True,False,22.22,True,19.29,16.7,0.661,5.27,28.94,-18.15,12.68,-6.66,5.72,7.02,168,681556438.16,21.62,-21.37,21.69,-21.62,1.29,73.0,False,BELOW_SMA50|NOT_NEAR_UNBROKEN_PIVOT,753
XP,2026-10-01,21.17,70.52,COMPRESSED,NEAR_UPPER_EDGE,NONE,18.65,45.24,12.7,14.68,False,False,13.1,False,21.57,19.54,1.277,3.7,13.13,5.9,37.11,16.25,3.75,4.08,999,162835156.57,21.57,-1.85,21.5064,-1.56,28.17,94.0,False,EXTENDED_60D_RUN|EXTENDED_FROM_SMA50,753
GRFS,2026-10-01,7.3,70.52,COMPRESSED,INSIDE_COIL,NONE,7.94,0.79,53.57,45.24,False,False,1.59,False,7.47,7.15,1.0,2.01,11.51,-6.77,-0.14,-5.49,2.22,3.38,459,4796450.04,7.99,-8.64,8.7128,-16.21,-0.88,69.0,False,BELOW_SMA50|NOT_NEAR_UNBROKEN_PIVOT|LOW_LIQUIDITY|WEAK_RS,753
DLX,2026-10-01,22.94,70.52,COMPRESSED,NEAR_LOWER_EDGE,NONE,15.48,44.44,10.71,10.71,False,False,25.0,False,24.5,22.97,1.0,2.99,7.45,-3.53,-2.73,-5.38,2.39,3.31,169,10711620.3,24.5,-6.37,31.2753,-26.65,-7.29,51.0,False,BELOW_SMA50|NOT_NEAR_UNBROKEN_PIVOT|WEAK_RS,753
VSH,2026-10-01,34.27,70.52,COMPRESSED,RANGE_EXIT_CONFIRMED,UP_EXPANSION_CONFIRMED,26.19,43.65,9.13,17.06,False,False,7.54,False,33.55,31.1,1.719,4.78,12.97,12.31,-18.52,4.53,6.14,6.81,999,104233897.67,34.04,0.68,69.2508,-50.51,-27.97,8.0,False,ALREADY_EXPANDING|WEAK_RS,753
NTES,2026-10-01,120.61,70.5,COMPRESSED,NEAR_UPPER_EDGE,NONE,25.0,12.3,9.92,37.7,False,False,29.37,False,122.82,114.38,0.838,2.18,7.0,1.36,-9.14,-1.54,4.55,7.63,694,78393317.9,122.82,-1.8,136.1109,-11.39,-7.66,50.0,False,WEAK_RS,753
LCID,2026-10-01,4.19,70.5,COMPRESSED,INSIDE_COIL,NONE,11.11,49.6,16.27,25.79,False,False,1.59,False,4.545,3.85,1.4,7.19,26.37,-11.04,-28.01,-23.08,4.08,10.67,40,46714589.27,4.955,-15.44,10.09,-58.47,-33.92,4.0,False,POST_GAP_COIL|BELOW_SMA50|NOT_NEAR_UNBROKEN_PIVOT|LOW_LIQUIDITY|WEAK_RS,753
BH-A,2026-10-01,1785.49,70.48,COMPRESSED,NEAR_UPPER_EDGE,NONE,25.4,24.6,26.19,23.81,False,False,4.76,False,1804.58,1674.5,1.559,4.26,18.23,-9.48,-12.26,-4.73,2.6,2.65,999,57335061.76,1999.95,-10.72,2198.0,-18.77,-18.97,21.0,False,BELOW_SMA50|NOT_NEAR_UNBROKEN_PIVOT|WEAK_RS,753
FERG,2026-10-01,221.49,70.44,COMPRESSED,INSIDE_COIL,NONE,1.59,43.25,13.1,13.1,False,False,40.08,False,228.77,212.13,1.055,2.58,8.27,0.12,0.39,-4.41,1.81,7.54,334,313039958.2,230.44,-3.88,266.9224,-17.02,-6.28,54.0,False,BELOW_SMA50|WEAK_RS,753
RYAAY,2026-10-01,54.18,70.4,COMPRESSED,INSIDE_COIL,NONE,28.57,36.51,5.56,23.02,False,False,13.49,False,56.14,52.91,1.424,2.41,8.23,0.4,-16.6,-3.13,3.26,3.41,122,86255585.64,56.14,-3.49,67.025,-19.16,-19.41,20.0,False,BELOW_SMA50|WEAK_RS,753
CALY,2026-10-01,14.32,70.4,COMPRESSED,NEAR_LOWER_EDGE,NONE,1.59,0.4,37.7,65.87,False,False,11.9,False,15.18,14.06,1.333,2.91,14.8,-8.91,-20.75,-11.31,1.77,2.51,158,32168879.65,16.09,-11.0,20.28,-29.39,-24.41,12.0,False,BELOW_SMA50|NOT_NEAR_UNBROKEN_PIVOT|WEAK_RS,753
IAG,2026-10-01,18.34,70.38,COMPRESSED,NEAR_LOWER_EDGE,NONE,5.16,20.24,8.73,50.0,False,False,35.32,False,21.04,18.29,0.912,4.4,15.98,-9.21,22.02,-1.78,5.53,7.61,168,107733252.54,21.04,-12.83,22.32,-17.83,7.91,83.0,False,NOT_NEAR_UNBROKEN_PIVOT,753
FN,2026-10-01,451.44,70.36,COMPRESSED,RANGE_EXIT_CONFIRMED,UP_EXPANSION_CONFIRMED,18.65,14.68,16.67,44.44,False,False,19.84,False,430.0,378.7,1.807,4.95,17.56,14.19,-5.96,0.53,5.9,15.15,31,311541542.1,430.0,4.99,748.89,-39.72,-12.48,36.0,False,ALREADY_EXPANDING|POST_GAP_COIL|NOT_NEAR_UNBROKEN_PIVOT|WEAK_RS,753
MAN,2026-10-01,56.28,70.34,COMPRESSED,INSIDE_COIL,NONE,16.67,32.54,11.9,14.29,False,False,35.32,False,59.09,55.08,2.846,4.22,17.7,-6.62,48.65,-2.17,6.3,19.89,54,48772463.17,62.04,-9.28,63.88,-11.9,42.25,97.0,False,POST_GAP_COIL|EXTENDED_60D_RUN|NOT_NEAR_UNBROKEN_PIVOT,753
DNOW,2026-10-01,15.28,70.34,COMPRESSED,RANGE_EXIT_CONFIRMED,DOWN_EXPANSION_CONFIRMED,38.89,15.08,14.29,7.54,False,False,32.54,False,16.215,15.36,1.58,2.94,10.44,-3.29,18.45,-1.71,1.36,8.51,154,36241755.98,16.55,-7.67,17.2,-11.16,18.44,91.0,False,ALREADY_EXPANDING|NOT_NEAR_UNBROKEN_PIVOT,753
DOC,2026-10-01,19.44,70.34,COMPRESSED,RANGE_EXIT_CONFIRMED,DOWN_EXPANSION_CONFIRMED,5.56,18.25,7.54,32.94,False,False,56.35,False,20.88,19.93,1.906,2.0,9.33,-7.09,-9.4,-6.78,1.03,1.76,999,105901572.22,21.1731,-8.19,22.7227,-14.45,-12.73,35.0,False,ALREADY_EXPANDING|BELOW_SMA50|NOT_NEAR_UNBROKEN_PIVOT|WEAK_RS,753
UNH,2026-10-01,365.2,70.34,COMPRESSED,RANGE_EXIT_CONFIRMED,DOWN_EXPANSION_CONFIRMED,0.4,15.48,45.24,41.27,False,False,8.33,False,381.39,365.72,1.366,2.38,11.35,-8.06,-13.66,-7.07,1.24,7.38,171,1976441202.4,404.0421,-9.61,458.7949,-20.4,-16.45,26.0,False,ALREADY_EXPANDING|BELOW_SMA50|NOT_NEAR_UNBROKEN_PIVOT|WEAK_RS,753
LIN,2026-10-01,469.45,70.32,COMPRESSED,INSIDE_COIL,NONE,10.71,24.21,18.25,16.27,False,False,44.05,False,480.56,454.19,2.007,1.67,8.05,-3.38,-10.74,-2.22,0.75,6.62,999,975811043.93,491.98,-4.58,546.4006,-14.08,-16.67,25.0,False,WEAK_RS,753
TLN,2026-10-01,323.09,70.3,COMPRESSED,RANGE_EXIT_CONFIRMED,UP_EXPANSION_CONFIRMED,12.7,9.13,36.51,21.83,False,False,31.75,False,320.0,285.65,1.694,4.22,15.74,6.97,-12.18,0.9,4.07,4.74,303,257995389.73,330.635,-2.28,449.841,-28.18,-14.24,31.0,False,ALREADY_EXPANDING|WEAK_RS,753
SCL,2026-10-01,61.53,70.28,COMPRESSED,NEAR_LOWER_EDGE,NONE,35.71,20.63,13.1,9.52,False,False,29.37,False,65.13,60.84,1.681,2.64,8.39,-1.01,11.99,-1.73,1.29,8.1,999,10114825.9,65.13,-5.53,66.3289,-7.23,6.28,81.0,False,NOT_NEAR_UNBROKEN_PIVOT,753
MO,2026-10-01,66.95,70.26,COMPRESSED,NEAR_LOWER_EDGE,NONE,12.3,32.14,20.63,11.9,False,False,32.94,False,70.29,66.91,0.922,2.0,6.53,-2.21,-6.58,-1.15,1.58,5.63,999,532869790.94,70.71,-5.32,75.8486,-11.73,-9.29,45.0,False,NOT_NEAR_UNBROKEN_PIVOT|WEAK_RS,753
VIV,2026-10-01,11.36,70.24,COMPRESSED,NEAR_LOWER_EDGE,NONE,1.59,25.79,6.35,49.21,False,True,57.54,False,12.1657,11.19,1.245,2.22,8.59,-3.38,-13.38,-4.17,2.45,3.2,999,16212197.4,12.1657,-6.62,16.2845,-30.24,-15.96,27.0,False,BELOW_SMA50|NOT_NEAR_UNBROKEN_PIVOT|WEAK_RS,753
TSLA,2026-10-01,354.11,70.23,COMPRESSED,INSIDE_COIL,NONE,35.32,1.59,16.27,32.94,False,False,41.27,True,386.83,345.88,0.641,3.34,11.56,-0.81,-10.14,2.18,3.8,8.83,475,14067674794.91,386.83,-8.46,453.4,-21.9,-12.83,35.0,False,NOT_NEAR_UNBROKEN_PIVOT|WEAK_RS,753
EQH,2026-10-01,51.95,70.22,COMPRESSED,NEAR_LOWER_EDGE,NONE,21.43,34.52,4.37,14.29,False,True,57.14,False,55.06,51.23,1.559,2.68,10.07,0.83,14.37,1.6,1.94,2.79,999,173201190.06,55.06,-5.65,53.32,-2.57,11.79,87.0,False,NOT_NEAR_UNBROKEN_PIVOT,753
USLM,2026-10-01,111.36,70.2,COMPRESSED,INSIDE_COIL,NONE,14.29,15.87,15.87,36.51,False,False,34.13,False,117.61,106.69,1.586,3.01,10.51,-3.56,14.28,-3.63,1.64,1.84,541,17093871.54,118.39,-5.94,141.2893,-21.18,0.81,72.0,False,BELOW_SMA50|NOT_NEAR_UNBROKEN_PIVOT,753
TDG,2026-10-01,1097.24,70.18,COMPRESSED,INSIDE_COIL,NONE,30.56,33.33,23.02,11.9,False,False,4.37,False,1127.6801,1075.41,1.007,2.36,8.46,-4.9,-15.36,-7.14,1.43,5.45,999,444057978.78,1170.55,-6.26,1361.77,-19.43,-21.47,16.0,False,BELOW_SMA50|NOT_NEAR_UNBROKEN_PIVOT|WEAK_RS,753
PKG,2026-10-01,229.71,70.12,COMPRESSED,NEAR_LOWER_EDGE,NONE,14.68,22.62,11.51,14.29,False,False,53.17,False,242.63,229.26,1.632,2.27,8.16,-1.0,3.0,-5.04,2.01,2.01,999,144297381.75,242.63,-5.32,258.3082,-11.07,-5.77,55.0,False,BELOW_SMA50|NOT_NEAR_UNBROKEN_PIVOT|WEAK_RS,753
REAL,2026-10-01,8.95,70.12,COMPRESSED,INSIDE_COIL,NONE,8.33,10.71,19.05,48.81,False,False,32.94,False,9.965,8.53,0.886,5.08,19.55,-11.39,-14.52,-15.92,3.48,6.66,100,23664549.74,10.28,-12.94,13.82,-35.24,-25.55,11.0,False,BELOW_SMA50|NOT_NEAR_UNBROKEN_PIVOT|WEAK_RS,753
ENS,2026-10-01,189.59,70.1,COMPRESSED,RANGE_EXIT_CONFIRMED,UP_EXPANSION_CONFIRMED,23.81,31.75,10.32,24.21,False,False,20.63,False,185.22,173.07,1.939,2.91,11.21,5.45,-4.9,2.41,3.54,13.0,34,98163294.52,185.22,2.36,243.6178,-22.18,-10.95,40.0,False,ALREADY_EXPANDING|POST_GAP_COIL|NOT_NEAR_UNBROKEN_PIVOT|WEAK_RS,753
AUB,2026-10-01,38.47,70.06,COMPRESSED,NEAR_LOWER_EDGE,NONE,0.4,10.71,41.27,48.41,False,False,14.68,False,39.81,37.75,2.254,1.96,10.66,-5.25,-4.6,-5.45,1.34,1.34,475,55280862.6,41.32,-6.9,43.2397,-11.03,-11.0,40.0,False,BELOW_SMA50|NOT_NEAR_UNBROKEN_PIVOT|WEAK_RS,753
MCY,2026-10-01,100.27,69.96,COMPRESSED,INSIDE_COIL,NONE,22.62,8.73,40.87,36.9,False,False,0.4,False,103.12,96.68,1.13,2.25,10.16,-2.26,-8.66,-3.3,1.09,4.08,410,32974549.91,106.8627,-6.17,112.7042,-11.03,-11.79,38.0,False,BELOW_SMA50|NOT_NEAR_UNBROKEN_PIVOT|WEAK_RS,753
PHG,2026-10-01,23.81,69.96,COMPRESSED,RANGE_EXIT_CONFIRMED,DOWN_EXPANSION_CONFIRMED,19.44,23.81,19.44,15.87,False,False,34.13,False,25.22,24.33,1.872,1.84,11.09,-9.71,-13.67,-8.31,1.87,4.32,296,20549847.57,26.83,-11.26,28.8267,-17.4,-17.0,24.0,False,ALREADY_EXPANDING|BELOW_SMA50|NOT_NEAR_UNBROKEN_PIVOT|WEAK_RS,753
KRP,2026-10-01,14.46,69.9,COMPRESSED,NEAR_LOWER_EDGE,NONE,12.7,2.78,44.84,50.79,False,False,2.78,False,14.79,14.21,0.96,1.79,7.54,-3.21,-0.7,-1.61,0.98,5.38,999,14563246.25,15.3,-5.49,15.651,-7.61,0.16,71.0,False,NOT_NEAR_UNBROKEN_PIVOT,753
ICUI,2026-10-01,157.18,69.86,COMPRESSED,INSIDE_COIL,NONE,14.29,8.73,32.14,15.08,False,False,45.63,False,167.67,151.33,1.268,2.96,12.95,-7.46,3.48,-6.89,1.95,9.61,224,41002929.91,174.05,-9.69,192.85,-18.5,-1.41,68.0,False,BELOW_SMA50|NOT_NEAR_UNBROKEN_PIVOT|WEAK_RS,753
MBX,2026-10-01,56.55,69.82,COMPRESSED,INSIDE_COIL,NONE,10.71,15.08,17.06,37.7,False,False,39.68,False,65.0,52.32,1.164,5.99,22.42,-7.13,-8.41,-10.64,1.51,12.03,56,31877145.97,65.0,-13.0,72.64,-22.15,-5.0,57.0,False,POST_GAP_COIL|BELOW_SMA50|NOT_NEAR_UNBROKEN_PIVOT|WEAK_RS,514
TSHA,2026-10-01,4.74,69.82,COMPRESSED,INSIDE_COIL,NONE,11.9,17.06,30.16,39.29,False,False,29.76,True,5.46,4.56,0.891,5.73,23.31,-15.96,-26.96,-15.98,3.55,8.23,228,20750748.69,5.96,-20.47,7.3,-35.07,-30.25,7.0,False,BELOW_SMA50|NOT_NEAR_UNBROKEN_PIVOT|LOW_LIQUIDITY|WEAK_RS,753
MTH,2026-10-01,64.37,69.8,COMPRESSED,INSIDE_COIL,NONE,47.22,33.73,5.16,1.19,False,False,18.65,False,66.79,62.79,2.279,3.33,12.68,-3.74,-13.05,-6.28,2.61,9.01,999,58464026.59,68.956,-6.65,84.7483,-24.05,-23.61,13.0,False,BELOW_SMA50|NOT_NEAR_UNBROKEN_PIVOT|WEAK_RS,753
CVE,2026-10-01,31.65,69.64,COMPRESSED,INSIDE_COIL,NONE,1.98,23.02,30.95,45.24,False,False,15.87,False,33.19,30.37,1.386,2.92,11.79,-3.08,19.42,1.75,2.41,5.57,999,227888801.68,34.1,-7.18,33.2414,-4.79,26.18,93.0,False,NOT_NEAR_UNBROKEN_PIVOT,753
GFF,2026-10-01,93.15,69.6,COMPRESSED,NEAR_LOWER_EDGE,NONE,23.02,30.56,18.65,3.57,False,False,36.11,False,98.71,91.33,1.319,2.81,9.72,-2.8,3.96,-4.06,2.4,3.7,999,34343503.86,99.73,-6.6,108.3287,-14.01,-2.3,65.0,False,BELOW_SMA50|NOT_NEAR_UNBROKEN_PIVOT|WEAK_RS,753
CVBF,2026-10-01,22.01,69.56,COMPRESSED,INSIDE_COIL,NONE,13.49,14.68,23.41,37.3,False,False,30.16,False,22.8002,21.56,1.846,1.91,6.81,-0.35,1.1,-1.43,0.58,2.88,999,32553182.82,22.83,-3.59,23.1966,-5.12,-4.57,58.0,False,WEAK_RS,753
WELL,2026-10-01,226.94,69.56,COMPRESSED,NEAR_LOWER_EDGE,NONE,17.46,42.86,16.27,18.25,False,False,15.87,False,237.32,228.0,0.957,2.09,7.2,-4.88,-2.61,-3.76,1.8,1.8,999,612023555.22,242.57,-6.44,254.2402,-10.74,-6.33,54.0,False,BELOW_SMA50|NOT_NEAR_UNBROKEN_PIVOT|WEAK_RS,753
KNSA,2026-10-01,75.22,69.54,COMPRESSED,NEAR_LOWER_EDGE,NONE,17.06,17.46,18.65,36.11,False,False,29.37,False,79.76,73.76,1.237,3.41,10.99,-5.85,16.15,-1.99,2.13,10.27,46,45822378.51,81.407,-7.6,82.94,-9.31,13.73,88.0,False,POST_GAP_COIL|NOT_NEAR_UNBROKEN_PIVOT,753
MCHB,2026-10-01,14.83,69.54,COMPRESSED,NEAR_LOWER_EDGE,NONE,0.4,7.94,26.98,67.06,False,False,22.22,False,15.57,14.67,1.273,2.15,10.52,-5.84,-2.88,-6.27,1.17,3.25,98,8005697.26,16.0,-7.31,17.1101,-13.33,-9.62,45.0,False,BELOW_SMA50|NOT_NEAR_UNBROKEN_PIVOT|WEAK_RS,753
CECO,2026-10-01,71.87,69.49,COMPRESSED,INSIDE_COIL,NONE,57.14,43.25,25.79,14.68,True,True,7.14,False,75.08,69.23,1.852,5.23,19.08,1.07,-9.63,-0.65,5.11,7.56,232,51302078.14,80.98,-11.25,101.24,-29.01,-15.35,28.0,False,NOT_NEAR_UNBROKEN_PIVOT|WEAK_RS,753
BLZE,2026-10-01,14.18,69.46,COMPRESSED,INSIDE_COIL,NONE,32.14,42.86,18.65,8.73,False,False,16.67,True,14.61,12.8,0.664,6.23,17.35,7.42,-13.64,-4.98,3.08,29.31,30,23862761.78,14.61,-2.94,23.99,-40.89,-12.05,37.0,False,POST_GAP_COIL|BELOW_SMA50|WEAK_RS,753
AMPL,2026-10-01,14.3,69.42,COMPRESSED,NEAR_UPPER_EDGE,NONE,37.3,29.76,9.92,15.48,False,False,19.05,False,14.47,12.66,0.842,4.79,17.69,7.6,62.32,16.32,2.42,3.74,101,21223688.96,14.47,-1.17,14.76,-3.12,58.93,99.0,False,EXTENDED_60D_RUN|EXTENDED_FROM_SMA50,753
CRBG,2026-10-01,33.66,69.4,COMPRESSED,NEAR_LOWER_EDGE,NONE,10.71,28.17,7.54,22.22,False,False,53.17,False,35.64,33.12,1.69,2.6,9.98,1.08,13.57,1.69,1.87,4.18,999,164348763.88,35.64,-5.56,34.5615,-2.61,11.08,86.0,False,NOT_NEAR_UNBROKEN_PIVOT,753
FLS,2026-10-01,73.06,69.37,COMPRESSED,NEAR_LOWER_EDGE,NONE,30.56,36.9,13.1,7.54,False,False,22.62,False,77.545,72.45,1.03,3.12,14.49,-5.75,6.13,-4.38,5.96,5.96,999,118024006.5,78.7515,-7.23,87.8658,-16.85,-1.55,67.0,False,BELOW_SMA50|NOT_NEAR_UNBROKEN_PIVOT|WEAK_RS,753
PRVA,2026-10-01,20.03,69.31,COMPRESSED,INSIDE_COIL,NONE,8.33,41.67,21.03,25.0,False,False,18.25,False,20.66,18.915,1.483,3.18,12.56,-3.33,-26.39,-6.59,1.18,12.77,39,26839470.95,21.43,-6.53,28.82,-30.5,-29.62,7.0,False,POST_GAP_COIL|BELOW_SMA50|NOT_NEAR_UNBROKEN_PIVOT|WEAK_RS,753
RGA,2026-10-01,244.62,69.25,COMPRESSED,NEAR_LOWER_EDGE,NONE,26.59,22.62,14.68,15.08,False,False,38.1,False,255.87,241.84,0.957,2.03,6.53,-3.07,7.9,0.02,1.15,4.43,999,85928401.22,257.81,-5.12,250.95,-2.52,8.29,83.0,False,NOT_NEAR_UNBROKEN_PIVOT,753
FORTY,2026-10-01,113.5,69.25,COMPRESSED,INSIDE_COIL,NONE,3.97,15.48,49.21,52.38,True,False,27.78,False,117.57,108.5,,1.49,16.51,-8.47,3.64,-1.15,4.95,7.57,126,130413.41,127.236,-10.8,137.1486,-17.24,4.71,78.0,False,NOT_NEAR_UNBROKEN_PIVOT|LOW_LIQUIDITY,753
BEN,2026-10-01,32.5,69.25,COMPRESSED,INSIDE_COIL,NONE,16.67,28.97,23.02,33.73,False,False,13.1,False,33.4487,31.7758,1.417,2.33,9.8,-0.54,-2.0,-2.47,1.63,1.95,999,130501570.45,34.7455,-6.46,35.9135,-9.5,-6.58,53.0,False,NOT_NEAR_UNBROKEN_PIVOT|WEAK_RS,753
FR,2026-10-01,58.87,69.25,COMPRESSED,RANGE_EXIT_CONFIRMED,DOWN_EXPANSION_CONFIRMED,13.49,8.33,18.25,40.48,False,False,44.44,False,62.0088,59.51,1.361,1.63,6.03,-3.72,-8.18,-5.46,1.51,1.94,999,66634304.27,62.1675,-5.3,69.3086,-15.06,-7.71,50.0,False,ALREADY_EXPANDING|BELOW_SMA50|NOT_NEAR_UNBROKEN_PIVOT|WEAK_RS,753
TGTX,2026-10-01,53.62,69.19,COMPRESSED,RANGE_EXIT_CONFIRMED,DOWN_EXPANSION_CONFIRMED,16.67,56.35,11.11,7.54,False,False,19.05,False,58.92,54.78,1.339,4.3,11.97,-5.76,-6.31,-0.21,3.15,3.15,179,100046927.99,58.92,-9.0,59.3,-9.58,-2.25,65.0,False,ALREADY_EXPANDING|NOT_NEAR_UNBROKEN_PIVOT|WEAK_RS,753
CNI,2026-10-01,117.16,69.19,COMPRESSED,NEAR_LOWER_EDGE,NONE,8.33,29.76,26.98,30.95,False,False,21.03,False,121.54,116.72,1.414,1.76,6.21,-3.01,-3.98,-5.5,1.1,1.1,999,172317254.5,123.8608,-5.41,130.843,-10.46,-5.93,55.0,False,BELOW_SMA50|NOT_NEAR_UNBROKEN_PIVOT|WEAK_RS,753
OMER,2026-10-01,18.47,69.15,COMPRESSED,INSIDE_COIL,NONE,34.92,7.94,31.75,19.44,False,True,40.08,False,21.24,17.42,1.159,4.8,25.66,-2.07,80.37,10.14,5.9,21.44,34,28136271.71,21.24,-13.04,19.65,-6.01,96.2,100.0,False,POST_GAP_COIL|EXTENDED_60D_RUN|NOT_NEAR_UNBROKEN_PIVOT,753
OSW,2026-10-01,22.73,69.15,COMPRESSED,INSIDE_COIL,NONE,6.75,32.54,9.92,38.49,False,False,34.92,False,23.5,21.4,1.094,3.22,10.07,3.79,-13.51,-7.3,1.95,3.43,406,21770782.09,23.5,-3.28,29.1921,-22.14,-23.43,14.0,False,BELOW_SMA50|WEAK_RS,753
HTH,2026-10-01,37.93,69.11,COMPRESSED,NEAR_LOWER_EDGE,NONE,7.54,10.32,15.48,53.97,False,False,40.87,False,39.02,37.28,2.306,1.8,6.56,-1.56,1.28,-2.1,0.93,3.03,999,13947910.84,39.31,-3.51,40.1442,-5.52,-4.58,58.0,False,WEAK_RS,753
EPAC,2026-10-01,34.97,69.09,COMPRESSED,NEAR_LOWER_EDGE,NONE,16.27,20.63,28.97,26.19,False,False,25.4,False,36.5,34.62,1.232,2.54,9.12,-4.24,-4.09,-3.72,1.64,2.81,196,15810440.84,37.36,-6.4,38.0,-7.97,-2.55,64.0,False,BELOW_SMA50|NOT_NEAR_UNBROKEN_PIVOT|WEAK_RS,753
BUSE,2026-10-01,29.46,69.05,COMPRESSED,NEAR_LOWER_EDGE,NONE,3.17,14.29,19.44,47.22,False,False,43.25,False,30.59,29.01,2.0,1.83,8.08,-3.28,3.67,-3.07,0.79,1.49,999,24416090.23,30.93,-4.75,31.7,-7.07,-2.59,64.0,False,BELOW_SMA50|WEAK_RS,753
SNOW,2026-10-01,341.99,69.02,COMPRESSED,NEAR_UPPER_EDGE,NONE,67.86,34.13,1.59,0.4,False,False,14.68,True,348.61,316.63,0.562,4.26,19.86,11.82,30.88,6.15,23.35,23.35,19,1810568595.03,384.56,-11.07,341.95,0.01,28.62,94.0,False,POST_GAP_COIL|EXTENDED_60D_RUN|NOT_NEAR_UNBROKEN_PIVOT,753
ENR,2026-10-01,21.21,69.01,COMPRESSED,INSIDE_COIL,NONE,25.0,20.63,32.54,27.78,False,False,7.94,False,22.7,20.68,0.719,3.71,13.88,1.39,7.07,-1.03,2.03,5.3,217,19640097.72,22.7,-6.56,22.9376,-7.53,-3.99,60.0,False,NOT_NEAR_UNBROKEN_PIVOT|WEAK_RS,753
RH,2026-10-01,120.51,69.01,COMPRESSED,NEAR_LOWER_EDGE,NONE,2.38,18.65,58.33,50.79,True,False,16.67,False,134.66,118.89,1.039,5.36,29.43,-18.4,-25.88,-21.22,3.99,3.99,126,114000617.06,153.83,-21.66,200.99,-40.04,-31.56,6.0,False,BELOW_SMA50|NOT_NEAR_UNBROKEN_PIVOT|WEAK_RS,753
NLY-PG,2026-10-01,25.25,68.99,COMPRESSED,NEAR_UPPER_EDGE,NONE,23.81,30.95,21.43,4.37,False,False,34.13,False,25.34,25.07,0.775,0.44,1.11,0.28,4.18,1.05,0.44,0.48,999,885810.38,25.34,-0.36,25.2,0.2,0.76,72.0,False,EVENT_PRICE_PEG|LOW_LIQUIDITY,753
RNR,2026-10-01,322.99,68.99,COMPRESSED,NEAR_LOWER_EDGE,NONE,35.71,25.4,6.75,27.38,False,False,22.22,False,334.2,318.23,1.414,2.06,7.19,-2.36,0.32,-0.63,1.45,1.77,999,102521281.34,339.8181,-4.95,335.5534,-3.74,-3.72,61.0,False,WEAK_RS,753
TME,2026-10-01,7.77,68.99,COMPRESSED,NEAR_LOWER_EDGE,NONE,36.11,14.68,19.44,6.35,False,False,40.08,False,8.495,7.7,1.71,3.08,10.23,-7.39,-11.9,-9.92,1.69,12.83,36,58656574.23,8.495,-8.53,10.25,-24.2,-12.8,35.0,False,POST_GAP_COIL|BELOW_SMA50|NOT_NEAR_UNBROKEN_PIVOT|WEAK_RS,753
CIEN,2026-10-01,379.14,68.97,COMPRESSED,RANGE_EXIT_CONFIRMED,UP_EXPANSION_CONFIRMED,49.6,30.95,10.32,18.25,False,False,0.79,False,376.74,338.25,1.794,5.87,18.3,7.05,-14.02,1.3,6.45,8.75,82,985694329.62,376.74,0.64,637.51,-40.53,-13.09,34.0,False,ALREADY_EXPANDING|WEAK_RS,753
MOD,2026-10-01,189.21,68.97,COMPRESSED,INSIDE_COIL,NONE,36.11,30.95,7.14,11.9,False,False,29.37,False,203.23,173.07,0.778,5.78,15.94,5.4,-19.7,-2.6,6.51,8.57,89,251988549.14,203.23,-6.9,323.25,-41.47,-20.91,17.0,False,NOT_NEAR_UNBROKEN_PIVOT|WEAK_RS,753
NSP,2026-10-01,48.63,68.93,COMPRESSED,INSIDE_COIL,NONE,11.51,25.4,21.43,40.48,False,False,22.22,False,51.48,46.06,2.203,4.39,13.02,-3.74,12.08,-3.78,2.56,4.49,227,22595747.87,52.39,-7.18,55.2475,-11.98,5.62,80.0,False,BELOW_SMA50|NOT_NEAR_UNBROKEN_PIVOT,753
PH,2026-10-01,965.88,68.91,COMPRESSED,NEAR_UPPER_EDGE,NONE,13.49,28.57,26.19,24.21,False,False,25.4,False,983.92,917.8,1.211,2.17,7.51,1.74,3.06,-2.18,2.15,7.93,999,562169013.95,983.92,-1.83,1097.7291,-12.01,-2.32,65.0,False,WEAK_RS,753
SKE,2026-10-01,29.82,68.81,COMPRESSED,NEAR_LOWER_EDGE,NONE,24.21,29.37,11.9,34.13,False,False,19.84,False,33.56,29.44,1.088,4.77,15.38,-6.08,14.47,-4.79,5.68,6.8,999,14156077.03,33.675,-11.45,35.82,-16.75,1.07,73.0,False,BELOW_SMA50|NOT_NEAR_UNBROKEN_PIVOT,753
AUGO,2026-10-01,78.85,68.79,COMPRESSED,INSIDE_COIL,NONE,9.92,36.51,5.56,42.46,False,True,49.6,False,93.49,77.0,0.85,5.47,20.91,-6.8,33.03,1.65,6.17,7.48,135,88866438.16,93.49,-15.66,108.1825,-27.11,18.74,91.0,False,EXTENDED_60D_RUN|NOT_NEAR_UNBROKEN_PIVOT,306
LILAK,2026-10-01,8.3,68.77,COMPRESSED,INSIDE_COIL,NONE,19.05,9.92,15.87,54.37,False,False,27.38,False,8.91,8.11,0.63,3.22,9.7,-3.82,11.71,-1.24,1.26,4.81,999,11635980.84,8.915,-6.9,8.839,-6.1,5.95,80.0,False,NOT_NEAR_UNBROKEN_PIVOT,753
CVSA,2026-10-01,123.32,68.75,COMPRESSED,INSIDE_COIL,NONE,31.75,23.41,5.56,38.89,False,False,21.83,False,127.84,116.59,0.878,3.35,11.59,-8.08,-5.75,-3.45,3.1,3.1,670,45122097.1,135.88,-9.24,142.13,-13.23,-7.88,50.0,False,BELOW_SMA50|NOT_NEAR_UNBROKEN_PIVOT|WEAK_RS,753
RNST,2026-10-01,39.28,68.63,COMPRESSED,NEAR_LOWER_EDGE,NONE,4.76,9.92,18.65,44.84,False,False,53.17,False,41.1,38.85,2.033,2.06,8.49,-2.8,-4.75,-5.33,1.28,2.42,999,28986940.74,41.4159,-5.16,44.279,-11.29,-10.9,41.0,False,BELOW_SMA50|NOT_NEAR_UNBROKEN_PIVOT|WEAK_RS,753
SEDG,2026-10-01,30.87,68.61,COMPRESSED,NEAR_LOWER_EDGE,NONE,2.38,26.19,20.63,58.73,True,False,51.59,False,37.17,30.745,1.695,7.67,26.27,-9.15,-41.1,-11.36,3.39,18.1,40,109711504.75,37.71,-18.14,81.25,-62.01,-43.9,2.0,False,POST_GAP_COIL|BELOW_SMA50|NOT_NEAR_UNBROKEN_PIVOT|WEAK_RS,753
UMH,2026-10-01,15.33,68.59,COMPRESSED,NEAR_LOWER_EDGE,NONE,8.33,11.11,20.63,37.7,False,False,51.59,False,15.97,15.18,1.682,1.79,7.63,-4.55,2.52,-2.85,1.0,1.71,999,10322413.78,16.29,-5.89,16.77,-8.59,-2.69,63.0,False,NOT_NEAR_UNBROKEN_PIVOT|WEAK_RS,753
COGT,2026-10-01,31.59,68.57,COMPRESSED,INSIDE_COIL,NONE,9.92,19.84,36.9,42.46,False,False,11.51,False,33.64,30.35,0.824,4.27,17.09,-8.62,-20.97,-12.76,1.99,4.6,204,67903758.4,35.82,-11.81,43.39,-27.2,-21.18,17.0,False,BELOW_SMA50|NOT_NEAR_UNBROKEN_PIVOT|WEAK_RS,753
STM,2026-10-01,53.5,68.57,COMPRESSED,NEAR_UPPER_EDGE,NONE,13.49,23.02,25.4,38.49,False,False,21.83,False,54.33,48.4254,0.906,3.09,12.87,5.69,-21.81,3.56,7.05,17.29,49,431751411.38,54.33,-1.53,81.1865,-34.1,-24.42,12.0,False,POST_GAP_COIL|WEAK_RS,753
BDX,2026-10-01,178.07,68.55,COMPRESSED,NEAR_LOWER_EDGE,NONE,62.7,30.56,10.71,0.4,False,False,3.97,False,184.37,177.87,0.709,2.17,7.39,-4.48,18.97,-0.48,1.62,3.06,999,329062785.37,190.6358,-6.59,191.9381,-7.23,10.48,85.0,False,NOT_NEAR_UNBROKEN_PIVOT,753
INVA,2026-10-01,20.55,68.51,COMPRESSED,NEAR_LOWER_EDGE,NONE,48.02,20.24,16.27,4.76,False,False,25.79,False,21.45,20.23,1.531,2.53,6.23,-3.75,-8.38,-2.25,1.31,3.02,999,21720935.34,21.51,-4.46,24.45,-15.95,-10.72,41.0,False,WEAK_RS,753
NSIT,2026-10-01,161.33,68.49,COMPRESSED,INSIDE_COIL,NONE,64.29,34.13,3.17,3.17,False,False,4.76,False,168.5,151.82,1.485,3.64,10.34,6.1,43.37,7.87,1.5,2.47,658,59438701.1,168.5,-4.26,159.41,1.2,39.51,96.0,False,EXTENDED_60D_RUN,753
REZI,2026-10-01,18.17,68.45,COMPRESSED,INSIDE_COIL,NONE,0.79,35.32,22.22,44.84,False,False,21.03,False,19.23,17.73,1.698,4.01,13.92,-6.29,-17.79,-13.55,2.3,13.46,34,39472066.97,20.04,-9.33,29.0605,-37.48,-17.67,23.0,False,POST_GAP_COIL|BELOW_SMA50|NOT_NEAR_UNBROKEN_PIVOT|WEAK_RS,753
KLAR,2026-10-01,12.45,68.4,COMPRESSED,NEAR_LOWER_EDGE,NONE,0.41,0.4,44.53,72.62,False,True,30.95,False,14.286,12.275,1.031,4.23,21.89,-14.43,-34.58,-21.31,1.61,19.73,31,80655530.11,15.0,-17.0,22.09,-43.64,-39.7,2.0,False,POST_GAP_COIL|BELOW_SMA50|NOT_NEAR_UNBROKEN_PIVOT|WEAK_RS,266
DUOL,2026-10-01,146.57,68.37,COMPRESSED,INSIDE_COIL,NONE,55.95,1.98,16.27,33.33,False,False,11.9,False,153.0,133.68,0.586,4.9,22.99,-7.15,14.89,3.23,2.61,7.66,149,166568310.59,167.38,-12.43,162.51,-9.81,13.71,88.0,False,NOT_NEAR_UNBROKEN_PIVOT,753
BLCO,2026-10-01,16.94,68.37,COMPRESSED,INSIDE_COIL,NONE,21.43,11.51,46.03,31.75,False,False,7.14,False,17.425,16.6,0.882,2.56,9.86,-5.89,1.68,-0.73,1.37,2.71,357,6016125.65,18.465,-8.26,17.946,-5.61,-4.12,60.0,False,NOT_NEAR_UNBROKEN_PIVOT|WEAK_RS,753
DLO,2026-10-01,13.73,68.33,COMPRESSED,NEAR_LOWER_EDGE,NONE,0.79,0.4,52.38,71.83,False,False,1.19,False,14.54,13.59,1.158,2.96,18.65,-11.82,-5.24,-6.08,1.4,3.52,284,23194177.85,16.15,-14.98,15.76,-12.88,-10.56,42.0,False,BELOW_SMA50|NOT_NEAR_UNBROKEN_PIVOT|WEAK_RS,753
LKFN,2026-10-01,58.1,68.31,COMPRESSED,NEAR_LOWER_EDGE,NONE,2.38,4.37,25.79,61.11,False,False,40.08,False,60.58,57.4,1.626,1.94,8.86,-3.01,-0.34,-4.2,1.03,1.58,999,12001477.68,61.82,-6.02,64.55,-9.99,-8.93,46.0,False,BELOW_SMA50|NOT_NEAR_UNBROKEN_PIVOT|WEAK_RS,753
INTA,2026-10-01,37.59,68.28,COMPRESSED,NEAR_UPPER_EDGE,NONE,20.24,31.75,42.46,32.94,False,True,5.95,False,37.71,34.41,1.483,4.11,25.46,-9.4,38.35,0.33,2.3,11.35,40,21059697.91,43.98,-14.53,44.33,-15.2,34.41,96.0,False,POST_GAP_COIL|EXTENDED_60D_RUN|NOT_NEAR_UNBROKEN_PIVOT,753
GTX,2026-10-01,26.25,68.27,COMPRESSED,INSIDE_COIL,NONE,17.06,32.14,34.13,19.84,False,False,13.89,False,27.19,25.01,1.2,3.13,12.84,-2.81,-17.41,-5.64,2.82,7.02,155,67107292.46,28.38,-7.51,36.1424,-27.37,-19.91,19.0,False,BELOW_SMA50|NOT_NEAR_UNBROKEN_PIVOT|WEAK_RS,753
MYE,2026-10-01,31.29,68.25,COMPRESSED,INSIDE_COIL,NONE,27.38,46.43,15.87,10.71,False,False,14.68,False,32.3,30.55,1.662,3.18,10.53,1.86,2.29,-2.91,1.6,6.42,101,10319075.57,32.3106,-3.16,37.2891,-16.09,-3.2,62.0,False,WEAK_RS,753
UUUU,2026-10-01,10.71,68.19,COMPRESSED,NEAR_LOWER_EDGE,NONE,0.4,3.17,69.44,73.02,True,False,8.33,False,12.49,10.85,0.929,5.96,42.02,-25.05,-18.49,-18.57,5.13,7.52,72,86133432.98,15.14,-29.26,25.79,-58.47,-25.28,11.0,False,BELOW_SMA50|NOT_NEAR_UNBROKEN_PIVOT|WEAK_RS,753
GFS,2026-10-01,48.68,68.19,COMPRESSED,NEAR_UPPER_EDGE,NONE,31.75,22.22,21.43,40.48,False,False,4.37,False,49.425,44.4485,0.817,4.07,15.16,10.99,-28.2,1.08,5.5,7.46,91,179522577.27,49.425,-1.51,92.1855,-47.19,-32.96,5.0,False,WEAK_RS,753
TOWN,2026-10-01,35.87,68.17,COMPRESSED,NEAR_LOWER_EDGE,NONE,1.98,12.7,28.97,48.02,False,False,39.29,False,37.1718,35.41,1.549,1.67,6.77,-3.01,2.03,-3.07,0.62,3.49,999,18504079.08,37.4993,-4.34,38.7298,-7.38,-3.66,61.0,False,BELOW_SMA50|WEAK_RS,753
MHO,2026-10-01,135.27,68.17,COMPRESSED,NEAR_LOWER_EDGE,NONE,3.57,4.76,23.41,46.43,False,False,56.75,False,144.0,134.51,2.133,2.74,14.28,-7.85,-7.37,-7.59,2.21,2.94,999,28280741.59,149.46,-9.49,163.66,-17.35,-16.59,26.0,False,BELOW_SMA50|NOT_NEAR_UNBROKEN_PIVOT|WEAK_RS,753
DAVE,2026-10-01,339.59,68.15,COMPRESSED,INSIDE_COIL,NONE,17.06,12.3,30.16,52.78,False,False,13.49,False,374.51,310.88,1.629,5.75,24.77,-8.92,-9.57,-5.27,3.21,10.27,39,109350535.25,394.99,-14.03,458.25,-25.89,-15.17,29.0,False,POST_GAP_COIL|BELOW_SMA50|NOT_NEAR_UNBROKEN_PIVOT|WEAK_RS,753
CSTM,2026-10-01,24.66,68.13,COMPRESSED,INSIDE_COIL,NONE,1.98,15.08,38.1,55.95,False,False,16.27,False,26.88,24.01,1.324,3.54,17.72,-7.29,-16.6,-9.38,2.56,4.34,405,39517547.6,28.1,-12.24,36.99,-33.33,-19.21,20.0,False,BELOW_SMA50|NOT_NEAR_UNBROKEN_PIVOT|WEAK_RS,753
WDFC,2026-10-01,202.33,68.11,COMPRESSED,NEAR_UPPER_EDGE,NONE,20.24,3.57,44.44,34.92,False,False,33.33,True,204.21,187.78,0.644,2.32,13.35,-4.6,-17.62,-5.61,1.2,22.0,58,25807219.4,215.81,-6.25,297.7107,-32.04,-20.2,18.0,False,POST_GAP_COIL|BELOW_SMA50|NOT_NEAR_UNBROKEN_PIVOT|WEAK_RS,753
KYIV,2026-10-01,12.41,68.11,COMPRESSED,NEAR_LOWER_EDGE,NONE,10.71,10.71,38.49,59.13,False,False,20.24,True,13.47,12.31,0.605,3.34,17.0,-8.68,-20.3,-7.02,1.75,2.24,281,5104014.56,14.35,-13.52,16.55,-25.02,-23.69,13.0,False,BELOW_SMA50|NOT_NEAR_UNBROKEN_PIVOT|WEAK_RS,458
IRTC,2026-10-01,111.05,68.1,COMPRESSED,INSIDE_COIL,NONE,13.89,16.27,51.98,30.95,False,False,5.56,False,117.03,107.915,1.752,3.96,15.7,-9.34,-11.4,-6.17,1.72,2.69,229,61582572.61,125.86,-11.77,136.695,-18.76,-15.03,29.0,False,BELOW_SMA50|NOT_NEAR_UNBROKEN_PIVOT|WEAK_RS,753
CEF,2026-10-01,41.74,68.09,COMPRESSED,NEAR_LOWER_EDGE,NONE,22.22,21.03,15.87,49.21,False,False,31.35,True,44.94,41.39,0.619,2.39,11.43,-6.39,3.04,-4.4,4.11,4.11,999,23098989.63,46.16,-9.58,52.46,-20.43,-1.84,66.0,False,BELOW_SMA50|NOT_NEAR_UNBROKEN_PIVOT|WEAK_RS,753
LBTYB,2026-10-01,12.42,68.08,COMPRESSED,INSIDE_COIL,NONE,17.06,41.67,14.29,21.43,False,False,27.38,False,13.01,11.82,0.236,3.59,10.71,-5.55,12.91,-1.23,5.32,11.24,57,270163.95,13.15,-5.55,18.0,-31.0,-8.74,47.0,False,POST_GAP_COIL|NOT_NEAR_UNBROKEN_PIVOT|LOW_LIQUIDITY|WEAK_RS,753
RXT,2026-10-01,3.86,68.02,COMPRESSED,INSIDE_COIL,NONE,33.73,26.59,32.14,34.92,False,True,8.33,False,4.29,3.57,0.71,7.97,32.25,28.24,-41.34,1.34,8.64,9.94,74,25217529.17,4.29,-10.02,8.6,-55.12,-35.35,4.0,False,RECENT_SURGE|NOT_NEAR_UNBROKEN_PIVOT|LOW_LIQUIDITY|WEAK_RS,753
NVMI,2026-10-01,386.6,67.96,COMPRESSED,NEAR_UPPER_EDGE,NONE,25.4,8.33,39.68,48.02,False,True,21.03,False,388.68,343.5,1.129,3.73,15.73,10.58,-14.47,1.87,6.64,7.84,225,205295599.86,388.68,-0.54,615.99,-37.24,-20.6,18.0,False,WEAK_RS,753
PAAS,2026-10-01,44.98,67.95,COMPRESSED,NEAR_LOWER_EDGE,NONE,21.03,17.46,28.17,63.49,True,False,41.27,True,51.24,45.04,0.718,4.22,19.1,-12.73,5.95,-7.79,5.14,8.36,168,162822319.74,53.31,-15.63,64.5038,-30.27,-5.33,57.0,False,BELOW_SMA50|NOT_NEAR_UNBROKEN_PIVOT|WEAK_RS,753
TW,2026-10-01,103.3,67.94,COMPRESSED,NEAR_UPPER_EDGE,NONE,45.24,25.0,13.89,18.65,False,False,16.27,False,105.01,99.42,1.454,2.43,7.52,-0.16,3.59,-0.2,1.75,7.56,999,133450414.37,107.185,-3.62,127.3459,-18.88,-2.21,65.0,False,WEAK_RS,753
PG,2026-10-01,143.95,67.92,COMPRESSED,NEAR_LOWER_EDGE,NONE,32.14,36.51,20.63,8.73,False,False,19.44,False,149.48,145.11,0.534,1.7,5.29,-2.5,-2.27,-1.24,0.98,5.04,999,1165081686.67,149.48,-3.7,153.68,-6.33,-7.05,52.0,False,WEAK_RS,753
CLSK,2026-10-01,12.52,67.8,COMPRESSED,NEAR_LOWER_EDGE,NONE,17.46,20.63,15.48,32.94,False,False,43.65,False,15.265,12.61,1.116,7.08,31.59,10.5,0.97,-3.65,6.62,18.81,56,238292987.95,15.265,-17.98,19.17,-34.69,-3.63,61.0,False,POST_GAP_COIL|BELOW_SMA50|NOT_NEAR_UNBROKEN_PIVOT|WEAK_RS,753
KYMR,2026-10-01,110.12,67.8,COMPRESSED,NEAR_LOWER_EDGE,NONE,3.97,43.65,3.57,38.49,False,False,41.27,False,123.0,108.03,1.421,4.69,13.59,-7.17,-3.54,-3.85,2.54,3.41,204,88640625.57,123.54,-10.86,130.05,-15.32,-5.82,55.0,False,BELOW_SMA50|NOT_NEAR_UNBROKEN_PIVOT|WEAK_RS,753
TRLV,2026-10-01,10.87,67.74,COMPRESSED,INSIDE_COIL,NONE,25.79,21.43,17.06,5.95,False,False,56.75,False,12.93,10.215,0.93,7.27,24.98,-7.01,22.27,3.04,12.49,12.49,1,31974985.36,12.93,-15.93,13.28,-18.15,8.31,83.0,False,POST_GAP_COIL|NOT_NEAR_UNBROKEN_PIVOT,753
RTX,2026-10-01,185.01,67.74,COMPRESSED,NEAR_LOWER_EDGE,NONE,0.4,19.44,44.44,71.43,True,False,24.6,False,197.5,184.56,0.843,2.02,9.91,-7.85,-4.76,-10.53,0.83,5.19,999,760902898.63,206.88,-10.57,226.41,-18.29,-9.67,44.0,False,BELOW_SMA50|NOT_NEAR_UNBROKEN_PIVOT|WEAK_RS,753
CAVA,2026-10-01,54.4,67.7,COMPRESSED,NEAR_UPPER_EDGE,NONE,35.32,20.24,45.24,11.51,False,False,2.78,False,55.41,50.15,0.861,4.44,24.84,-11.96,-19.51,-11.67,3.11,14.22,35,204719559.56,63.19,-13.91,98.79,-44.93,-32.07,5.0,False,POST_GAP_COIL|BELOW_SMA50|NOT_NEAR_UNBROKEN_PIVOT|WEAK_RS,753
PBF,2026-10-01,82.34,67.64,COMPRESSED,NEAR_UPPER_EDGE,NONE,42.86,30.16,11.11,13.1,False,False,23.81,False,80.28,68.4,1.168,5.52,17.26,9.09,56.23,15.61,2.91,4.37,999,296200785.45,82.61,-0.33,76.16,8.11,70.03,99.0,False,EXTENDED_60D_RUN|EXTENDED_FROM_SMA50,753
TNK,2026-10-01,101.01,67.64,COMPRESSED,INSIDE_COIL,NONE,22.62,49.21,15.87,1.98,False,False,30.16,False,103.16,92.54,1.597,3.55,13.57,11.31,41.36,14.02,3.32,3.32,999,49336456.66,103.16,-2.08,94.44,6.96,47.07,98.0,False,EXTENDED_60D_RUN|EXTENDED_FROM_SMA50,753
ATRO,2026-10-01,68.38,67.64,COMPRESSED,INSIDE_COIL,NONE,8.73,28.17,49.6,28.57,False,False,5.16,False,70.41,62.66,1.225,4.62,22.01,-6.92,-3.92,-7.62,2.76,12.43,35,44379486.21,77.71,-12.01,94.46,-27.61,-6.29,54.0,False,POST_GAP_COIL|BELOW_SMA50|NOT_NEAR_UNBROKEN_PIVOT|WEAK_RS,753
ATMU,2026-10-01,44.59,67.62,COMPRESSED,INSIDE_COIL,NONE,11.51,33.73,34.52,30.56,False,False,12.3,False,45.675,43.25,2.586,3.12,13.14,-5.71,-9.85,-7.96,2.73,3.38,105,34754939.42,48.87,-8.76,64.1896,-30.53,-13.02,34.0,False,BELOW_SMA50|NOT_NEAR_UNBROKEN_PIVOT|WEAK_RS,753
OAK-PB,2026-10-01,20.19,67.6,COMPRESSED,NEAR_UPPER_EDGE,NONE,26.19,48.02,20.24,26.19,True,False,30.56,False,20.389,19.86,1.177,1.17,2.92,0.85,-0.76,0.08,1.05,1.14,999,244076.31,20.4,-1.03,21.7799,-7.3,-5.7,56.0,False,LOW_LIQUIDITY|WEAK_RS,753
CARR,2026-10-01,55.22,67.6,COMPRESSED,INSIDE_COIL,NONE,22.22,25.4,37.3,23.02,False,False,13.1,False,56.79,52.96,1.24,2.82,13.39,-4.1,-16.96,-7.62,3.17,3.17,999,403981565.22,60.356,-8.51,76.485,-27.8,-23.74,13.0,False,BELOW_SMA50|NOT_NEAR_UNBROKEN_PIVOT|WEAK_RS,753
FROG,2026-10-01,97.59,67.58,COMPRESSED,NEAR_UPPER_EDGE,NONE,22.62,42.06,13.49,6.75,False,False,38.49,False,97.52,85.025,0.949,5.32,18.52,6.39,5.24,9.1,3.82,15.91,38,158312196.82,97.52,0.07,105.76,-7.73,0.1,71.0,False,POST_GAP_COIL,753
ERAS,2026-10-01,14.58,67.58,COMPRESSED,INSIDE_COIL,NONE,13.1,44.84,21.43,29.76,False,False,13.89,False,16.32,13.535,0.901,6.93,25.48,-10.93,-22.73,-14.25,3.06,4.42,108,71004031.25,17.45,-16.45,24.28,-39.95,-23.9,13.0,False,BELOW_SMA50|NOT_NEAR_UNBROKEN_PIVOT|WEAK_RS,753
HUN,2026-10-01,8.67,67.54,COMPRESSED,INSIDE_COIL,NONE,8.73,3.57,28.57,61.11,False,False,34.13,False,9.31,8.3,2.111,3.95,20.71,-9.86,-22.54,-11.68,2.32,9.36,999,23204269.36,9.8955,-12.38,15.9378,-45.6,-21.94,16.0,False,BELOW_SMA50|NOT_NEAR_UNBROKEN_PIVOT|WEAK_RS,753
TDOC,2026-10-01,5.67,67.54,COMPRESSED,RANGE_EXIT_CONFIRMED,DOWN_EXPANSION_CONFIRMED,5.16,10.32,24.21,61.11,False,False,35.71,False,6.55,5.71,1.474,4.33,19.05,-12.23,-37.49,-14.97,2.01,16.56,44,20260213.79,6.73,-15.75,9.887,-42.65,-41.2,2.0,False,ALREADY_EXPANDING|POST_GAP_COIL|BELOW_SMA50|NOT_NEAR_UNBROKEN_PIVOT|WEAK_RS,753
STX,2026-10-01,945.57,67.5,COMPRESSED,RANGE_EXIT_CONFIRMED,UP_EXPANSION_CONFIRMED,9.13,18.65,41.27,48.41,False,False,9.52,False,944.43,782.3828,1.933,5.1,19.95,17.04,10.04,10.54,6.27,14.98,44,3260487176.41,944.43,0.12,1143.2677,-17.29,12.55,88.0,False,ALREADY_EXPANDING|POST_GAP_COIL|RECENT_SURGE,753
NLY-PF,2026-10-01,25.26,67.48,COMPRESSED,NEAR_UPPER_EDGE,NONE,43.65,44.05,6.75,0.79,False,False,23.41,False,25.41,25.18,1.506,0.45,1.05,-0.2,0.5,-0.04,0.28,0.46,999,1974053.66,25.4458,-0.73,25.435,-0.69,-1.54,67.0,False,EVENT_PRICE_PEG|LOW_LIQUIDITY|WEAK_RS,753
AU,2026-10-01,94.2,67.44,COMPRESSED,INSIDE_COIL,NONE,13.89,9.52,26.19,64.68,False,False,32.94,True,104.97,91.85,0.774,3.92,21.49,-12.64,18.74,-5.03,6.47,9.93,122,245422327.64,112.09,-15.96,123.39,-23.66,9.15,84.0,False,BELOW_SMA50|NOT_NEAR_UNBROKEN_PIVOT,753
BTX,2026-10-01,9.16,67.44,COMPRESSED,RANGE_EXIT_CONFIRMED,UP_EXPANSION_CONFIRMED,24.21,23.41,28.57,32.94,False,False,15.87,False,9.09,8.58,1.923,2.04,8.41,4.61,10.92,5.55,3.43,3.43,999,3558988.8,9.09,0.77,9.3157,-1.67,5.64,80.0,False,ALREADY_EXPANDING|LOW_LIQUIDITY,753
ICLR,2026-10-01,161.85,67.42,COMPRESSED,RANGE_EXIT_CONFIRMED,DOWN_EXPANSION_CONFIRMED,42.46,32.14,16.27,12.7,False,False,16.67,False,177.5,162.59,1.436,4.17,12.85,1.26,-2.19,-3.36,2.23,6.98,107,179653996.05,177.5,-8.82,186.64,-13.28,-9.31,45.0,False,ALREADY_EXPANDING|BELOW_SMA50|NOT_NEAR_UNBROKEN_PIVOT|WEAK_RS,753
CON,2026-10-01,34.97,67.4,COMPRESSED,NEAR_LOWER_EDGE,NONE,39.68,40.48,21.83,0.4,False,False,14.29,False,36.662,34.32,1.479,2.7,9.69,2.76,11.36,2.76,1.98,12.21,38,34486091.65,36.71,-4.74,35.835,-2.41,6.95,82.0,False,POST_GAP_COIL,549
SON,2026-10-01,48.5,67.4,COMPRESSED,NEAR_LOWER_EDGE,NONE,42.46,55.16,33.33,3.57,True,True,25.79,False,51.16,48.4,1.176,2.76,13.05,-11.4,-10.39,-10.43,2.44,4.55,999,61593096.89,55.14,-12.04,60.1053,-19.31,-17.58,24.0,False,BELOW_SMA50|NOT_NEAR_UNBROKEN_PIVOT|WEAK_RS,753
FBNC,2026-10-01,61.57,67.38,COMPRESSED,NEAR_LOWER_EDGE,NONE,2.38,25.0,29.76,41.27,False,False,33.33,False,63.7236,60.98,1.276,2.28,8.75,-3.59,-0.77,-3.32,1.17,1.57,999,15243796.29,65.2477,-5.64,66.5228,-7.45,-5.96,55.0,False,BELOW_SMA50|NOT_NEAR_UNBROKEN_PIVOT|WEAK_RS,753
QS,2026-10-01,4.59,67.36,COMPRESSED,NEAR_LOWER_EDGE,NONE,4.76,5.95,34.92,64.68,False,False,25.4,False,5.335,4.54,1.128,5.45,25.71,-15.78,-30.77,-15.27,3.56,5.96,72,55738573.66,5.72,-19.76,9.657,-52.47,-37.91,3.0,False,BELOW_SMA50|NOT_NEAR_UNBROKEN_PIVOT|LOW_LIQUIDITY|WEAK_RS,753
LEU,2026-10-01,139.11,67.35,COMPRESSED,NEAR_LOWER_EDGE,NONE,11.51,6.75,72.22,69.84,True,True,13.89,False,158.89,137.24,0.769,6.59,39.87,-18.88,-16.44,-18.01,3.59,7.66,225,115890680.91,191.21,-27.25,235.0,-40.8,-17.03,24.0,False,BELOW_SMA50|NOT_NEAR_UNBROKEN_PIVOT|WEAK_RS,753
BIO,2026-10-01,355.57,67.34,COMPRESSED,RANGE_EXIT_CONFIRMED,DOWN_EXPANSION_CONFIRMED,32.54,37.3,4.76,4.37,False,False,47.22,False,389.38,373.18,2.448,3.06,11.53,-8.48,25.26,-2.47,1.82,3.78,94,101325888.43,394.29,-9.82,396.23,-10.26,16.94,90.0,False,ALREADY_EXPANDING|NOT_NEAR_UNBROKEN_PIVOT,753
IOT,2026-10-01,40.04,67.33,COMPRESSED,INSIDE_COIL,NONE,50.79,32.94,22.62,25.79,False,True,3.57,False,41.06,36.4,1.647,5.05,21.78,8.83,9.88,2.93,15.87,15.87,18,307134177.55,45.12,-11.26,42.68,-6.19,8.6,84.0,False,POST_GAP_COIL|NOT_NEAR_UNBROKEN_PIVOT,753
MBLY,2026-10-01,7.35,67.32,COMPRESSED,NEAR_LOWER_EDGE,NONE,16.67,38.89,21.43,32.54,False,False,29.37,True,8.3,7.25,0.571,4.73,19.32,-13.53,-19.58,-11.44,3.43,7.18,111,44331890.98,8.67,-15.22,11.26,-34.72,-26.03,11.0,False,BELOW_SMA50|NOT_NEAR_UNBROKEN_PIVOT|WEAK_RS,753
APA,2026-10-01,43.34,67.3,COMPRESSED,INSIDE_COIL,NONE,42.46,16.27,10.71,40.87,False,False,17.86,False,45.62,41.23,1.68,3.55,14.33,-3.04,24.49,4.6,2.79,5.48,122,272383447.02,47.44,-8.64,45.05,-3.8,32.04,95.0,False,NOT_NEAR_UNBROKEN_PIVOT,753
ESQ,2026-10-01,118.19,67.29,COMPRESSED,NEAR_LOWER_EDGE,NONE,37.7,28.17,3.17,21.83,False,True,57.54,False,126.158,116.27,1.092,2.89,9.82,3.25,0.69,-2.86,1.46,2.61,999,26270682.13,126.158,-6.32,134.4454,-12.09,-4.47,59.0,False,NOT_NEAR_UNBROKEN_PIVOT|WEAK_RS,753
SMCI,2026-10-01,41.92,67.26,COMPRESSED,INSIDE_COIL,NONE,33.33,16.67,28.57,37.3,False,False,9.52,False,43.76,37.82,0.84,5.39,20.04,13.3,48.81,15.59,6.66,13.29,35,1519948413.98,43.76,-4.2,51.4,-18.44,51.17,98.0,False,POST_GAP_COIL|EXTENDED_60D_RUN|EXTENDED_FROM_SMA50,753
HUM,2026-10-01,379.68,67.24,COMPRESSED,INSIDE_COIL,NONE,6.35,36.9,20.24,20.63,False,False,46.43,False,413.57,369.13,0.829,3.54,13.39,-5.31,-4.19,-1.51,3.41,4.11,123,410266197.28,419.97,-9.59,428.88,-11.47,-7.14,51.0,False,NOT_NEAR_UNBROKEN_PIVOT|WEAK_RS,753
FLEX,2026-10-01,112.78,67.24,COMPRESSED,INSIDE_COIL,NONE,32.14,42.86,7.54,19.84,False,False,21.83,False,120.76,107.51,1.231,4.74,16.41,6.45,-15.44,-1.35,6.11,11.71,45,367760313.05,120.76,-6.61,166.86,-32.41,-20.43,18.0,False,POST_GAP_COIL|NOT_NEAR_UNBROKEN_PIVOT|WEAK_RS,753
CALX,2026-10-01,34.9,67.22,COMPRESSED,INSIDE_COIL,NONE,17.06,12.7,28.17,40.87,False,False,33.73,False,36.13,32.35,1.018,3.14,15.67,-7.13,-7.6,-5.32,1.61,8.24,112,40458236.64,37.85,-7.79,52.98,-34.13,-12.14,37.0,False,BELOW_SMA50|NOT_NEAR_UNBROKEN_PIVOT|WEAK_RS,753
SNDR,2026-10-01,32.31,67.22,COMPRESSED,INSIDE_COIL,NONE,7.54,13.1,43.25,55.56,False,False,11.11,False,33.29,30.9,1.127,2.88,13.51,-3.5,-9.86,-6.09,2.04,3.57,168,22396391.82,35.266,-8.38,39.1266,-17.42,-12.32,37.0,False,BELOW_SMA50|NOT_NEAR_UNBROKEN_PIVOT|WEAK_RS,753
GXO,2026-10-01,45.96,67.12,COMPRESSED,INSIDE_COIL,NONE,23.81,31.35,25.0,30.95,False,False,14.68,False,47.37,43.61,1.231,3.2,10.64,-0.88,-7.86,-3.27,2.54,2.55,409,64233423.43,48.5,-5.24,60.21,-23.67,-14.36,31.0,False,BELOW_SMA50|NOT_NEAR_UNBROKEN_PIVOT|WEAK_RS,753
ANAB,2026-10-01,48.63,67.12,COMPRESSED,RANGE_EXIT_CONFIRMED,DOWN_EXPANSION_CONFIRMED,3.57,17.06,21.43,58.73,False,False,37.7,False,56.04,49.39,1.798,5.03,21.88,-12.91,-25.59,-11.76,2.32,2.98,214,31618350.64,58.77,-17.25,72.36,-32.79,-26.15,10.0,False,ALREADY_EXPANDING|BELOW_SMA50|NOT_NEAR_UNBROKEN_PIVOT|WEAK_RS,753
IE,2026-10-01,10.0,67.1,COMPRESSED,INSIDE_COIL,NONE,50.0,51.19,12.3,3.57,False,False,11.11,True,10.95,9.16,0.951,7.06,26.3,-0.89,12.74,-2.73,5.87,5.87,367,24177802.66,11.34,-11.82,15.665,-36.16,2.32,75.0,False,NOT_NEAR_UNBROKEN_PIVOT,753
ADUS,2026-10-01,111.7,67.08,COMPRESSED,NEAR_LOWER_EDGE,NONE,0.79,11.11,33.33,67.86,False,False,24.6,False,118.76,110.38,1.04,2.64,9.58,-5.48,5.06,-4.39,1.91,6.01,999,25079037.38,120.58,-7.36,123.14,-9.29,3.37,76.0,False,BELOW_SMA50|NOT_NEAR_UNBROKEN_PIVOT,753
ESTC,2026-10-01,92.31,67.04,COMPRESSED,NEAR_UPPER_EDGE,NONE,40.08,29.76,28.57,8.73,False,False,13.1,False,92.69,83.81,0.931,4.34,15.51,3.05,53.65,12.68,2.79,24.06,23,181114392.53,96.47,-4.31,108.0,-14.53,56.21,99.0,False,POST_GAP_COIL|EXTENDED_60D_RUN|EXTENDED_FROM_SMA50,753
SW,2026-10-01,43.04,67.04,COMPRESSED,RANGE_EXIT_CONFIRMED,DOWN_EXPANSION_CONFIRMED,16.27,30.56,17.06,9.92,False,False,57.94,False,47.29,44.1,2.211,3.3,12.99,-5.11,3.21,-7.59,2.68,6.57,603,192589441.54,47.29,-8.99,51.5202,-16.46,-8.27,49.0,False,ALREADY_EXPANDING|BELOW_SMA50|NOT_NEAR_UNBROKEN_PIVOT|WEAK_RS,753
ZBRA,2026-10-01,375.45,67.02,COMPRESSED,NEAR_UPPER_EDGE,NONE,7.94,7.14,30.16,54.37,False,False,38.49,False,380.85,341.02,1.0,2.87,12.15,6.93,42.04,7.73,1.79,13.19,41,198561286.78,380.85,-1.42,386.23,-2.79,37.69,96.0,False,POST_GAP_COIL|EXTENDED_60D_RUN,753
IRMD,2026-10-01,85.3,67.02,COMPRESSED,INSIDE_COIL,NONE,32.14,13.49,23.41,41.27,False,False,19.84,False,87.905,81.51,1.564,2.64,7.62,-1.01,-11.23,-2.51,1.37,2.66,999,12205274.88,88.26,-3.35,102.7537,-16.99,-18.16,23.0,False,WEAK_RS,753
LMRI,2026-10-01,10.1,67.02,COMPRESSED,INSIDE_COIL,NONE,5.49,6.35,41.53,53.03,False,False,29.02,False,11.985,9.83,1.742,5.25,24.65,-14.04,-16.94,-10.47,3.74,3.74,130,4529790.78,12.32,-18.02,13.0,-22.31,-21.58,16.0,False,BELOW_SMA50|NOT_NEAR_UNBROKEN_PIVOT|LOW_LIQUIDITY|WEAK_RS,202
INVH,2026-10-01,26.4,67.0,COMPRESSED,NEAR_LOWER_EDGE,NONE,2.78,3.57,58.33,63.89,False,False,3.17,False,27.1739,26.195,0.964,1.58,9.99,-7.43,-9.9,-7.53,0.85,1.36,999,149140674.15,28.8945,-8.63,30.5489,-13.58,-15.39,28.0,False,BELOW_SMA50|NOT_NEAR_UNBROKEN_PIVOT|WEAK_RS,753
HRMY,2026-10-01,39.57,66.97,COMPRESSED,INSIDE_COIL,NONE,0.79,28.17,23.81,50.79,False,True,52.38,False,43.27,38.72,1.012,3.31,12.05,-7.68,3.91,0.27,0.99,5.62,101,46344391.23,43.49,-9.01,41.49,-4.63,3.37,76.0,False,NOT_NEAR_UNBROKEN_PIVOT,753
SPNT,2026-10-01,24.41,66.97,COMPRESSED,NEAR_LOWER_EDGE,NONE,20.24,26.98,18.65,17.46,False,True,68.25,False,26.5,24.11,0.763,2.62,11.39,0.37,-0.29,0.56,2.94,3.41,999,27493011.46,26.5,-7.89,26.48,-7.82,-3.73,61.0,False,NOT_NEAR_UNBROKEN_PIVOT|WEAK_RS,753
EWBC,2026-10-01,125.02,66.96,COMPRESSED,NEAR_LOWER_EDGE,NONE,3.97,23.81,32.94,36.51,False,False,36.11,False,128.56,123.9,2.117,2.03,8.76,-3.06,-1.43,-3.57,1.39,1.39,362,106618814.66,131.89,-5.21,137.47,-9.06,-5.55,56.0,False,BELOW_SMA50|NOT_NEAR_UNBROKEN_PIVOT|WEAK_RS,753
FFBC,2026-10-01,31.51,66.94,COMPRESSED,NEAR_LOWER_EDGE,NONE,16.67,19.05,24.21,28.97,False,False,44.84,False,32.68,31.09,1.696,2.0,8.09,-3.55,-4.79,-3.93,1.9,6.81,999,30258445.06,33.16,-4.98,35.9612,-12.38,-10.47,42.0,False,BELOW_SMA50|WEAK_RS,753
HALO,2026-10-01,106.94,66.9,COMPRESSED,NEAR_LOWER_EDGE,NONE,25.79,21.83,19.05,21.43,False,False,43.65,False,116.85,106.82,1.664,2.85,10.61,-2.48,33.06,4.48,1.49,4.94,348,279684540.54,116.85,-8.48,109.66,-2.48,31.77,95.0,False,EXTENDED_60D_RUN|NOT_NEAR_UNBROKEN_PIVOT,753
FRSH,2026-10-01,13.15,66.88,COMPRESSED,RANGE_EXIT_CONFIRMED,UP_EXPANSION_CONFIRMED,42.86,27.78,16.67,12.3,False,False,25.4,False,13.045,11.96,1.229,3.64,14.99,-0.3,29.3,6.36,5.05,5.05,102,55160497.38,13.675,-3.84,13.99,-6.0,24.34,93.0,False,ALREADY_EXPANDING,753
AVO,2026-10-01,12.82,66.88,COMPRESSED,INSIDE_COIL,NONE,39.29,45.24,12.3,15.08,False,False,9.92,False,13.28,12.2,1.025,3.4,15.83,0.39,-5.04,-0.23,1.01,1.67,392,12188772.3,14.22,-9.85,15.53,-17.45,-0.19,70.0,False,NOT_NEAR_UNBROKEN_PIVOT,753
VRTX,2026-10-01,506.74,66.88,COMPRESSED,NEAR_LOWER_EDGE,NONE,17.06,30.16,46.03,11.51,False,False,18.25,False,529.89,501.01,2.081,2.41,11.69,-8.98,1.67,-2.09,3.02,8.75,291,521568121.54,560.25,-9.55,555.69,-8.81,-6.87,52.0,False,NOT_NEAR_UNBROKEN_PIVOT|WEAK_RS,753
LMT,2026-10-01,505.5,66.88,COMPRESSED,NEAR_LOWER_EDGE,NONE,8.33,33.73,13.1,46.83,False,False,33.73,False,542.61,503.74,0.942,2.33,7.92,-4.9,-3.66,-8.99,1.28,5.96,999,635831526.75,548.0,-7.76,629.8751,-19.75,-9.66,44.0,False,BELOW_SMA50|NOT_NEAR_UNBROKEN_PIVOT|WEAK_RS,753
WRB,2026-10-01,68.9,66.87,COMPRESSED,INSIDE_COIL,NONE,15.48,22.62,30.95,41.67,False,True,40.48,False,70.3693,66.26,1.792,1.95,7.4,1.29,-3.2,-1.71,1.33,2.03,999,267805384.95,71.3579,-3.44,77.3393,-10.91,-7.11,52.0,False,WEAK_RS,753
JJSF,2026-10-01,77.58,66.85,COMPRESSED,NEAR_LOWER_EDGE,NONE,1.59,18.65,50.0,58.73,False,False,1.98,False,81.52,76.23,1.604,2.65,13.5,-9.31,3.08,-6.3,1.76,3.26,353,15776157.42,88.1067,-11.95,91.3354,-15.06,0.34,72.0,False,BELOW_SMA50|NOT_NEAR_UNBROKEN_PIVOT,753
WTTR,2026-10-01,20.03,66.8,COMPRESSED,INSIDE_COIL,NONE,24.6,73.41,2.38,13.1,False,False,21.03,True,21.06,19.03,0.903,4.4,10.73,1.32,4.9,0.37,4.71,8.11,156,36695847.03,21.18,-5.43,22.4737,-10.87,8.88,84.0,False,NOT_NEAR_UNBROKEN_PIVOT,753
FWONA,2026-10-01,83.69,66.75,COMPRESSED,NEAR_LOWER_EDGE,NONE,17.06,37.3,3.57,29.76,False,False,48.02,False,89.09,84.18,1.187,2.53,10.43,-7.21,-6.03,-7.4,0.86,2.34,999,17858909.74,91.12,-8.15,98.79,-15.28,-10.76,41.0,False,BELOW_SMA50|NOT_NEAR_UNBROKEN_PIVOT|WEAK_RS,753
SKWD,2026-10-01,54.78,66.75,COMPRESSED,INSIDE_COIL,NONE,9.52,4.37,35.71,69.05,False,False,19.84,False,57.63,52.49,2.375,2.84,11.14,-2.73,-9.26,-5.8,1.81,2.64,999,20819619.68,58.59,-6.5,65.69,-16.61,-13.64,33.0,False,BELOW_SMA50|NOT_NEAR_UNBROKEN_PIVOT|WEAK_RS,753
SLS,2026-10-01,11.33,66.75,COMPRESSED,INSIDE_COIL,NONE,26.98,39.68,31.75,21.03,False,False,2.78,False,12.53,11.06,1.708,8.28,33.19,-19.99,-17.66,-8.06,5.54,7.87,97,77488191.37,14.54,-22.08,15.88,-28.65,-27.2,9.0,False,BELOW_SMA50|NOT_NEAR_UNBROKEN_PIVOT|WEAK_RS,753
LOMA,2026-10-01,9.03,66.71,COMPRESSED,NEAR_LOWER_EDGE,NONE,0.4,2.38,45.24,73.02,False,False,18.25,False,9.81,9.02,1.792,3.58,19.82,-13.26,-18.65,-10.23,1.47,2.22,233,3665747.76,10.56,-14.49,12.76,-29.23,-26.05,10.0,False,BELOW_SMA50|NOT_NEAR_UNBROKEN_PIVOT|LOW_LIQUIDITY|WEAK_RS,753
ARDT,2026-10-01,10.25,66.69,COMPRESSED,NEAR_LOWER_EDGE,NONE,15.48,30.56,19.05,44.05,False,False,24.6,False,11.03,10.29,0.941,3.75,11.71,-6.05,0.99,-5.6,2.19,8.14,145,4788906.25,11.28,-9.13,11.89,-13.79,-7.57,50.0,False,BELOW_SMA50|NOT_NEAR_UNBROKEN_PIVOT|LOW_LIQUIDITY|WEAK_RS,554
QXO,2026-10-01,12.05,66.67,COMPRESSED,INSIDE_COIL,NONE,27.78,38.89,34.52,9.92,False,False,10.71,False,12.84,11.38,1.688,4.98,21.16,-8.85,-17.8,-10.0,4.44,4.44,545,241898545.17,13.69,-11.98,25.44,-52.63,-28.5,8.0,False,BELOW_SMA50|NOT_NEAR_UNBROKEN_PIVOT|WEAK_RS,753
MANH,2026-10-01,204.15,66.61,COMPRESSED,INSIDE_COIL,NONE,28.17,25.79,21.03,38.49,False,False,17.46,False,213.3,196.8,1.798,3.4,14.12,-5.82,31.9,1.25,2.92,15.95,45,131021638.76,225.62,-9.52,227.03,-10.08,32.33,95.0,False,POST_GAP_COIL|EXTENDED_60D_RUN|NOT_NEAR_UNBROKEN_PIVOT,753
HWC,2026-10-01,71.93,66.57,COMPRESSED,NEAR_LOWER_EDGE,NONE,7.14,12.3,24.21,48.81,False,False,49.21,False,75.85,71.67,1.638,1.97,8.84,-3.25,-1.81,-4.51,1.59,4.6,999,65390423.3,76.5,-5.97,79.6,-9.64,-5.78,55.0,False,BELOW_SMA50|NOT_NEAR_UNBROKEN_PIVOT|WEAK_RS,753
ONB,2026-10-01,24.98,66.55,COMPRESSED,NEAR_LOWER_EDGE,NONE,12.7,23.02,27.38,34.13,False,False,38.1,False,25.69,24.6,2.043,2.0,8.29,-2.07,-2.37,-3.46,0.93,1.25,999,115346614.4,26.13,-4.4,27.2073,-8.19,-6.22,54.0,False,BELOW_SMA50|WEAK_RS,753
SAM,2026-10-01,165.89,66.55,COMPRESSED,INSIDE_COIL,NONE,9.92,35.71,27.38,44.84,False,True,34.13,False,175.58,160.65,0.998,3.45,10.54,-5.44,-6.95,-6.4,1.49,4.49,105,45916779.85,178.52,-7.07,264.46,-37.27,-12.49,36.0,False,BELOW_SMA50|NOT_NEAR_UNBROKEN_PIVOT|WEAK_RS,753
APP,2026-10-01,281.31,66.53,COMPRESSED,RANGE_EXIT_CONFIRMED,DOWN_EXPANSION_CONFIRMED,8.33,30.16,14.29,36.51,False,False,49.6,False,336.94,290.36,1.345,5.6,22.47,-11.83,-46.13,-15.61,3.9,18.99,39,1583417328.53,338.34,-16.86,622.0,-54.77,-49.46,1.0,False,ALREADY_EXPANDING|POST_GAP_COIL|BELOW_SMA50|NOT_NEAR_UNBROKEN_PIVOT|WEAK_RS,753
BANF,2026-10-01,106.49,66.47,COMPRESSED,NEAR_LOWER_EDGE,NONE,4.37,9.13,45.24,60.32,False,False,18.25,False,110.8653,104.74,1.886,1.98,8.76,-3.7,-4.77,-4.11,1.38,1.68,999,15962348.06,113.2336,-5.96,120.7646,-11.82,-8.94,46.0,False,BELOW_SMA50|NOT_NEAR_UNBROKEN_PIVOT|WEAK_RS,753
SHW,2026-10-01,320.78,66.47,COMPRESSED,INSIDE_COIL,NONE,27.78,52.78,4.37,7.14,False,False,36.51,False,336.54,314.38,1.029,2.54,7.26,-3.16,-2.74,-5.23,2.0,6.18,999,559707372.26,336.54,-4.68,371.3018,-13.61,-11.62,39.0,False,BELOW_SMA50|WEAK_RS,753
RLX,2026-10-01,1.69,66.47,COMPRESSED,INSIDE_COIL,NONE,7.54,24.21,36.9,53.97,False,True,31.35,False,1.765,1.645,1.25,2.95,12.13,-8.15,-13.33,-8.29,2.98,7.5,502,8156198.64,1.85,-8.65,2.3,-26.52,-15.27,29.0,False,BELOW_SMA50|NOT_NEAR_UNBROKEN_PIVOT|LOW_LIQUIDITY|WEAK_RS,753
PFGC,2026-10-01,91.84,66.45,COMPRESSED,INSIDE_COIL,NONE,27.78,18.25,51.19,24.6,False,False,2.78,False,94.6,89.93,1.008,2.42,11.85,-7.53,-17.65,-10.07,1.34,7.17,999,139940534.34,100.73,-8.83,117.475,-21.82,-21.62,16.0,False,BELOW_SMA50|NOT_NEAR_UNBROKEN_PIVOT|WEAK_RS,753
BVS,2026-10-01,13.45,66.41,COMPRESSED,INSIDE_COIL,NONE,9.13,0.79,44.05,34.92,False,False,50.4,False,14.15,12.34,0.92,3.66,16.06,-6.4,11.07,-1.3,1.74,5.44,392,6514404.05,14.5,-7.24,15.893,-15.37,25.51,93.0,False,NOT_NEAR_UNBROKEN_PIVOT,753
MQ,2026-10-01,17.0,66.41,COMPRESSED,NEAR_UPPER_EDGE,NONE,8.33,1.19,32.54,64.29,False,False,36.9,False,17.11,15.49,1.504,2.94,10.41,1.07,10.1,3.12,1.84,2.95,225,14448899.17,17.26,-1.51,18.69,-9.04,-5.19,57.0,False,WEAK_RS,753
WRD,2026-10-01,5.2,66.41,COMPRESSED,NEAR_LOWER_EDGE,NONE,3.57,7.14,28.97,65.87,False,False,38.49,False,5.95,5.205,0.783,4.39,18.85,-9.88,-3.35,-10.73,3.62,5.53,353,14839208.91,6.15,-15.45,8.41,-38.17,-8.63,48.0,False,BELOW_SMA50|NOT_NEAR_UNBROKEN_PIVOT|WEAK_RS,484
AMCR,2026-10-01,41.81,66.39,COMPRESSED,NEAR_LOWER_EDGE,NONE,23.02,30.16,34.52,23.81,False,False,16.67,False,43.33,41.52,0.931,2.25,12.14,-9.15,1.1,-6.24,1.63,2.33,999,141283103.4,46.285,-9.67,48.2468,-13.34,-8.59,48.0,False,BELOW_SMA50|NOT_NEAR_UNBROKEN_PIVOT|WEAK_RS,753
SNAP,2026-10-01,5.65,66.37,COMPRESSED,INSIDE_COIL,NONE,34.52,30.95,17.86,23.02,False,False,23.41,False,6.04,5.175,1.575,4.84,15.84,1.07,22.03,6.01,2.4,5.75,225,182955772.61,6.07,-6.92,6.355,-11.09,13.9,88.0,False,NOT_NEAR_UNBROKEN_PIVOT,753
NGVT,2026-10-01,71.09,66.35,COMPRESSED,INSIDE_COIL,NONE,8.73,16.27,25.4,41.27,False,False,49.21,False,73.49,66.43,1.918,2.97,9.93,3.07,-0.62,-0.86,2.04,4.86,291,19292960.22,73.49,-3.27,79.29,-10.34,-4.77,58.0,False,WEAK_RS,753
SNDX,2026-10-01,18.22,66.35,COMPRESSED,INSIDE_COIL,NONE,16.27,11.51,55.95,32.54,False,False,13.49,False,18.94,17.09,1.365,4.47,21.46,-12.32,-25.81,-5.81,1.8,9.28,291,33482117.69,21.0,-13.24,25.531,-28.64,-19.33,20.0,False,BELOW_SMA50|NOT_NEAR_UNBROKEN_PIVOT|WEAK_RS,753
AOS,2026-10-01,56.67,66.27,COMPRESSED,NEAR_LOWER_EDGE,NONE,25.0,43.25,26.59,6.35,False,False,25.4,False,58.95,56.33,1.38,2.39,9.93,-4.37,-4.13,-5.8,1.79,3.87,999,87255849.48,61.11,-7.27,67.0999,-15.54,-11.93,38.0,False,BELOW_SMA50|NOT_NEAR_UNBROKEN_PIVOT|WEAK_RS,753
TFIN,2026-10-01,61.13,66.17,COMPRESSED,INSIDE_COIL,NONE,3.57,1.19,62.3,65.87,False,False,3.57,False,65.09,59.563,1.694,2.91,19.15,-11.33,-18.09,-13.53,2.04,2.04,999,15002654.41,70.725,-13.57,83.52,-26.81,-23.45,14.0,False,BELOW_SMA50|NOT_NEAR_UNBROKEN_PIVOT|WEAK_RS,753
URI,2026-10-01,1034.11,66.15,COMPRESSED,INSIDE_COIL,NONE,19.05,59.52,10.32,13.89,False,False,26.59,False,1056.99,973.29,1.488,3.16,8.65,5.54,-3.32,-2.95,2.56,5.89,111,489870937.05,1056.99,-2.16,1177.1487,-12.15,-8.54,48.0,False,WEAK_RS,753
KVUE,2026-10-01,17.22,66.12,COMPRESSED,RANGE_EXIT_CONFIRMED,DOWN_EXPANSION_CONFIRMED,27.78,21.83,47.62,16.67,False,True,32.94,False,18.08,17.49,1.741,1.92,10.27,-8.91,-8.66,-6.58,1.58,1.58,228,474080789.86,18.9588,-9.17,19.6734,-12.47,-13.98,32.0,False,ALREADY_EXPANDING|BELOW_SMA50|NOT_NEAR_UNBROKEN_PIVOT|WEAK_RS,753
AMH,2026-10-01,30.53,66.09,COMPRESSED,NEAR_LOWER_EDGE,NONE,0.79,5.95,46.43,64.68,False,False,23.81,False,31.63,30.33,1.293,1.62,8.89,-6.48,-7.32,-6.42,0.64,1.21,999,104424667.69,33.1307,-7.85,34.7041,-12.03,-12.31,37.0,False,BELOW_SMA50|NOT_NEAR_UNBROKEN_PIVOT|WEAK_RS,753
USAS,2026-10-01,4.4,66.07,COMPRESSED,NEAR_LOWER_EDGE,NONE,15.08,30.16,23.41,56.75,False,False,24.6,True,5.32,4.36,0.583,6.62,30.45,-18.97,4.51,-9.9,6.83,7.28,95,18676734.28,5.68,-22.54,7.51,-41.41,-12.85,35.0,False,BELOW_SMA50|NOT_NEAR_UNBROKEN_PIVOT|LOW_LIQUIDITY|WEAK_RS,753
HEI-A,2026-10-01,230.82,66.07,COMPRESSED,NEAR_UPPER_EDGE,NONE,26.59,36.9,32.94,9.52,False,False,21.43,False,235.02,218.92,1.113,2.54,10.55,-3.76,-8.05,-6.86,1.5,3.29,999,80038870.33,243.98,-5.39,275.03,-16.07,-14.63,30.0,False,BELOW_SMA50|NOT_NEAR_UNBROKEN_PIVOT|WEAK_RS,753
TXN,2026-10-01,281.31,66.0,COMPRESSED,NEAR_UPPER_EDGE,NONE,5.56,16.67,38.1,63.1,False,True,36.51,False,284.39,257.1,0.957,2.69,12.89,10.4,-6.16,4.11,4.44,5.74,111,1558300255.55,284.39,-1.08,332.3285,-15.35,-6.36,54.0,False,WEAK_RS,753
TRVI,2026-10-01,14.18,65.97,COMPRESSED,NEAR_LOWER_EDGE,NONE,4.37,2.38,60.71,67.06,False,False,3.17,False,15.565,14.0,1.152,4.55,23.38,-16.83,-23.72,-16.21,2.47,4.11,393,26016527.9,17.315,-18.11,20.22,-29.87,-23.75,13.0,False,BELOW_SMA50|NOT_NEAR_UNBROKEN_PIVOT|WEAK_RS,753
HNI,2026-10-01,46.73,65.95,COMPRESSED,INSIDE_COIL,NONE,45.24,43.65,13.49,2.38,False,False,21.43,False,48.35,45.08,1.786,3.0,10.57,-3.35,21.79,-0.71,1.99,3.34,292,27130811.95,49.74,-6.05,50.0568,-6.65,10.75,86.0,False,NOT_NEAR_UNBROKEN_PIVOT,753
FBIN,2026-10-01,38.52,65.95,COMPRESSED,INSIDE_COIL,NONE,14.29,36.11,25.79,32.94,False,False,25.79,False,41.35,37.68,1.176,3.73,17.26,-10.19,-20.61,-13.63,2.83,3.39,158,93568084.38,43.6,-11.65,54.8312,-29.75,-30.03,7.0,False,BELOW_SMA50|NOT_NEAR_UNBROKEN_PIVOT|WEAK_RS,753
PRK,2026-10-01,179.16,65.93,COMPRESSED,NEAR_LOWER_EDGE,NONE,0.4,9.92,63.89,53.97,False,False,7.54,False,185.56,177.55,1.182,2.15,11.36,-7.15,-0.38,-7.85,1.0,4.95,999,20251954.13,197.0,-9.06,213.83,-16.21,-6.2,54.0,False,BELOW_SMA50|NOT_NEAR_UNBROKEN_PIVOT|WEAK_RS,753
ALGN,2026-10-01,145.35,65.93,COMPRESSED,INSIDE_COIL,NONE,23.02,22.22,33.33,51.98,False,False,17.06,True,154.1,142.24,0.779,3.21,14.23,-8.67,-16.79,-9.53,1.71,1.84,230,136752072.5,162.92,-10.78,200.44,-27.48,-24.06,13.0,False,BELOW_SMA50|NOT_NEAR_UNBROKEN_PIVOT|WEAK_RS,753
ASIC,2026-10-01,26.75,65.85,COMPRESSED,INSIDE_COIL,NONE,38.1,13.49,15.87,34.13,False,False,36.9,False,28.46,25.55,1.419,3.5,12.9,0.15,10.35,3.21,1.69,1.87,999,2050178.06,29.0,-7.76,27.22,-1.73,2.4,75.0,False,NOT_NEAR_UNBROKEN_PIVOT|LOW_LIQUIDITY,329
COST,2026-10-01,914.94,65.85,COMPRESSED,NEAR_UPPER_EDGE,NONE,17.86,32.94,11.9,44.44,False,False,32.94,False,931.09,883.1,1.292,1.75,5.25,-1.46,-3.85,-1.96,1.06,2.7,999,2188537305.77,938.88,-2.55,1094.7595,-16.43,-6.54,53.0,False,WEAK_RS,753
PYPL,2026-10-01,53.06,65.83,COMPRESSED,INSIDE_COIL,NONE,38.49,40.08,15.48,11.11,False,False,24.6,False,55.545,51.811,0.671,3.07,11.34,-2.71,19.45,-6.06,2.15,15.78,23,659651141.39,56.8197,-6.62,62.5754,-15.21,14.15,89.0,False,POST_GAP_COIL|BELOW_SMA50|NOT_NEAR_UNBROKEN_PIVOT,753
ATS,2026-10-01,18.03,65.81,COMPRESSED,NEAR_LOWER_EDGE,NONE,0.4,21.83,23.41,58.33,False,False,42.06,False,19.63,18.04,0.812,3.09,10.54,-5.16,-33.81,-13.85,2.55,12.09,39,5502525.44,19.67,-8.34,35.82,-49.66,-37.7,3.0,False,POST_GAP_COIL|BELOW_SMA50|NOT_NEAR_UNBROKEN_PIVOT|WEAK_RS,753
BVN,2026-10-01,31.49,65.77,COMPRESSED,NEAR_LOWER_EDGE,NONE,20.63,28.17,14.29,46.83,False,False,30.56,False,34.96,31.22,0.711,4.31,15.59,-7.95,11.04,-5.8,4.55,5.1,999,38386976.26,35.84,-12.14,38.65,-18.53,3.12,76.0,False,BELOW_SMA50|NOT_NEAR_UNBROKEN_PIVOT,753
HSIC,2026-10-01,84.93,65.77,COMPRESSED,NEAR_LOWER_EDGE,NONE,30.16,13.89,36.9,34.52,False,False,19.05,False,87.98,83.86,1.347,2.09,9.88,-6.04,2.05,-3.16,1.42,5.18,999,98130883.93,91.69,-7.37,92.18,-7.87,-4.57,58.0,False,BELOW_SMA50|NOT_NEAR_UNBROKEN_PIVOT|WEAK_RS,753
CUZ,2026-10-01,27.63,65.77,COMPRESSED,NEAR_LOWER_EDGE,NONE,23.41,33.73,13.1,19.05,False,False,48.81,False,29.09,27.42,1.16,2.22,8.65,-4.2,-7.96,-6.08,2.02,2.02,999,42493022.49,29.47,-6.24,32.95,-16.15,-12.95,35.0,False,BELOW_SMA50|NOT_NEAR_UNBROKEN_PIVOT|WEAK_RS,753
CMI,2026-10-01,517.0,65.77,COMPRESSED,NEAR_LOWER_EDGE,NONE,4.76,31.35,37.7,47.62,False,False,15.48,False,544.14,514.37,1.96,2.78,11.68,-6.15,-22.46,-11.24,4.56,10.78,41,623395928.33,567.59,-8.91,735.0241,-29.66,-24.41,12.0,False,POST_GAP_COIL|BELOW_SMA50|NOT_NEAR_UNBROKEN_PIVOT|WEAK_RS,753
IVZ,2026-10-01,30.42,65.75,COMPRESSED,INSIDE_COIL,NONE,11.51,25.0,46.03,41.67,False,False,9.92,False,31.63,29.61,1.333,2.88,12.43,-4.1,13.29,-2.86,2.17,2.52,999,137141365.09,33.34,-8.76,33.66,-9.63,10.54,85.0,False,NOT_NEAR_UNBROKEN_PIVOT,753
UBER,2026-10-01,67.88,65.69,COMPRESSED,NEAR_LOWER_EDGE,NONE,0.4,5.95,59.52,65.48,False,False,8.73,False,71.9,67.73,1.082,2.78,16.26,-11.21,-7.77,-7.08,1.16,4.15,999,1357068212.55,78.354,-13.37,82.365,-17.59,-11.63,39.0,False,BELOW_SMA50|NOT_NEAR_UNBROKEN_PIVOT|WEAK_RS,753
FHB,2026-10-01,24.9,65.67,COMPRESSED,NEAR_LOWER_EDGE,NONE,5.16,7.54,29.76,53.57,False,False,51.98,False,25.98,24.48,1.684,1.85,7.63,-3.3,-14.73,-5.55,0.85,6.9,999,53854136.27,26.18,-4.89,30.2926,-17.8,-18.96,21.0,False,BELOW_SMA50|WEAK_RS,753
MGA,2026-10-01,64.46,65.65,COMPRESSED,NEAR_UPPER_EDGE,NONE,41.27,38.49,25.0,18.65,False,False,3.97,False,65.63,61.72,1.0,2.69,11.65,-2.01,3.1,-3.56,2.4,2.4,999,72651384.94,69.23,-6.89,73.22,-11.96,0.72,72.0,False,BELOW_SMA50|NOT_NEAR_UNBROKEN_PIVOT,753
TFPM,2026-10-01,30.44,65.65,COMPRESSED,NEAR_LOWER_EDGE,NONE,10.71,9.13,18.25,69.84,False,False,41.67,False,34.045,30.54,0.864,3.42,15.77,-10.73,10.09,-5.15,3.79,5.33,999,14932227.38,35.16,-13.42,37.1162,-17.99,-6.0,55.0,False,BELOW_SMA50|NOT_NEAR_UNBROKEN_PIVOT|WEAK_RS,753
APPS,2026-10-01,11.55,65.63,COMPRESSED,INSIDE_COIL,NONE,58.33,44.44,7.14,0.4,False,False,15.48,False,12.3,10.38,0.83,7.36,20.35,18.1,10.0,4.59,4.86,25.66,40,33773533.44,12.3,-6.1,15.34,-24.71,-11.96,38.0,False,POST_GAP_COIL|RECENT_SURGE|NOT_NEAR_UNBROKEN_PIVOT|WEAK_RS,753
HII,2026-10-01,274.33,65.6,COMPRESSED,INSIDE_COIL,NONE,13.49,13.1,35.32,53.17,False,False,26.98,False,283.25,256.79,1.496,2.74,14.11,-4.98,-4.79,-6.67,2.88,9.49,164,137702331.64,295.5,-7.16,410.3359,-33.15,-8.29,49.0,False,BELOW_SMA50|NOT_NEAR_UNBROKEN_PIVOT|WEAK_RS,753
FIBK,2026-10-01,35.77,65.6,COMPRESSED,NEAR_LOWER_EDGE,NONE,5.56,17.86,17.06,50.0,False,False,58.73,False,37.62,35.44,1.615,2.02,8.58,-3.74,-5.33,-4.21,0.87,1.28,999,47060818.1,37.94,-5.72,40.1053,-10.81,-10.34,42.0,False,BELOW_SMA50|NOT_NEAR_UNBROKEN_PIVOT|WEAK_RS,753
RACE,2026-10-01,387.3,65.58,COMPRESSED,NEAR_LOWER_EDGE,NONE,9.13,28.97,11.11,38.89,False,False,58.33,False,419.8,392.07,1.123,2.27,9.34,-6.27,3.27,-4.89,2.86,3.3,245,165736565.0,419.8,-7.74,437.15,-11.4,-2.23,65.0,False,BELOW_SMA50|NOT_NEAR_UNBROKEN_PIVOT|WEAK_RS,753
NXPI,2026-10-01,239.19,65.58,COMPRESSED,NEAR_UPPER_EDGE,NONE,35.32,16.67,25.79,42.06,False,False,17.06,False,239.83,220.67,1.206,3.04,10.74,5.15,-15.34,2.87,4.17,4.17,107,821176921.19,239.83,-0.27,337.283,-29.08,-14.94,30.0,False,WEAK_RS,753
CW,2026-10-01,544.94,65.56,COMPRESSED,INSIDE_COIL,NONE,0.4,19.44,30.95,62.7,False,False,32.54,False,584.6905,526.01,0.907,3.04,10.77,-2.91,-28.32,-13.45,1.57,2.76,999,243712557.72,584.6905,-6.8,807.7739,-32.54,-31.12,6.0,False,BELOW_SMA50|NOT_NEAR_UNBROKEN_PIVOT|WEAK_RS,753
WH,2026-10-01,71.49,65.52,COMPRESSED,INSIDE_COIL,NONE,7.14,26.98,17.46,44.05,False,False,50.4,False,73.28,66.87,1.113,2.85,8.97,0.92,-6.77,-0.99,3.04,3.04,741,86880502.2,73.28,-2.44,89.3023,-19.95,-15.54,28.0,False,WEAK_RS,753
SVC,2026-10-01,6.37,65.5,COMPRESSED,NEAR_LOWER_EDGE,NONE,7.14,4.76,61.51,45.24,False,False,20.24,False,6.87,6.28,1.81,3.9,23.55,-16.84,-25.24,-15.51,1.35,1.52,126,10182697.37,7.84,-18.75,9.0968,-29.98,-28.76,8.0,False,BELOW_SMA50|NOT_NEAR_UNBROKEN_PIVOT|WEAK_RS,753
COKE,2026-10-01,187.11,65.48,COMPRESSED,NEAR_LOWER_EDGE,NONE,35.71,39.29,20.24,17.86,False,False,18.65,False,201.8,184.44,0.93,3.11,9.38,-4.17,6.59,-1.72,0.95,2.0,999,108135423.35,202.0,-7.37,218.4236,-14.34,-7.05,52.0,False,NOT_NEAR_UNBROKEN_PIVOT|WEAK_RS,753
TEAM,2026-10-01,189.91,65.44,COMPRESSED,INSIDE_COIL,NONE,35.71,38.1,10.32,14.68,False,False,36.9,False,200.0,168.05,1.419,4.96,16.82,1.86,122.19,17.62,3.67,31.74,38,593081075.21,200.0,-5.04,197.3,-3.75,123.68,100.0,False,POST_GAP_COIL|EXTENDED_60D_RUN|EXTENDED_FROM_SMA50|NOT_NEAR_UNBROKEN_PIVOT,753
JBSS,2026-10-01,66.62,65.44,COMPRESSED,NEAR_LOWER_EDGE,NONE,5.56,46.83,43.65,34.13,False,False,1.59,False,69.4,66.09,0.848,2.84,14.38,-9.85,-21.32,-11.38,1.04,7.12,230,8435249.63,75.33,-11.56,89.9571,-25.94,-27.57,9.0,False,BELOW_SMA50|NOT_NEAR_UNBROKEN_PIVOT|WEAK_RS,753
ECPG,2026-10-01,94.3,65.38,COMPRESSED,NEAR_LOWER_EDGE,NONE,17.46,52.38,21.83,43.25,True,True,51.98,False,102.97,93.48,0.771,3.44,10.75,-2.33,7.72,-3.28,1.5,9.17,225,34198924.14,102.97,-8.42,104.98,-10.17,1.24,73.0,False,BELOW_SMA50|NOT_NEAR_UNBROKEN_PIVOT,753
SKYW,2026-10-01,97.69,65.38,COMPRESSED,INSIDE_COIL,NONE,23.81,30.95,22.22,27.78,False,False,33.73,False,103.91,95.32,1.061,3.03,10.48,2.87,0.79,-4.47,2.67,3.95,999,34551568.38,103.91,-5.99,117.72,-17.01,-2.0,66.0,False,BELOW_SMA50|NOT_NEAR_UNBROKEN_PIVOT|WEAK_RS,753
MSCI,2026-10-01,545.39,65.38,COMPRESSED,INSIDE_COIL,NONE,39.29,21.83,21.83,33.33,False,False,20.24,False,563.27,533.45,1.466,2.19,7.87,-2.72,-9.42,-2.65,1.41,10.26,51,317977566.07,576.39,-5.38,642.4723,-15.11,-12.08,37.0,False,POST_GAP_COIL|NOT_NEAR_UNBROKEN_PIVOT|WEAK_RS,753
MRTN,2026-10-01,13.08,65.3,COMPRESSED,INSIDE_COIL,NONE,0.79,7.94,48.41,60.71,False,False,27.78,False,13.83,12.66,0.897,2.55,13.36,-6.1,-23.54,-8.58,1.29,2.92,999,10450161.87,14.4077,-9.22,18.3383,-28.67,-27.6,9.0,False,BELOW_SMA50|NOT_NEAR_UNBROKEN_PIVOT|WEAK_RS,753
CRCL,2026-10-01,82.91,65.28,COMPRESSED,NEAR_LOWER_EDGE,NONE,57.54,25.0,32.14,43.65,True,True,34.92,True,99.97,81.51,0.702,7.2,30.18,-6.46,29.41,2.33,6.88,12.14,58,1320394438.88,103.28,-19.72,140.0,-40.78,25.47,93.0,False,POST_GAP_COIL|NOT_NEAR_UNBROKEN_PIVOT,333
CSX,2026-10-01,46.54,65.22,COMPRESSED,NEAR_LOWER_EDGE,NONE,19.05,25.0,52.78,50.4,True,False,19.05,False,48.6,45.79,1.246,1.89,8.36,-4.34,-4.15,-5.93,1.46,4.07,999,507579067.82,49.68,-6.32,53.4537,-12.93,-7.38,51.0,False,BELOW_SMA50|NOT_NEAR_UNBROKEN_PIVOT|WEAK_RS,753
SBUX,2026-10-01,94.88,65.21,COMPRESSED,INSIDE_COIL,NONE,3.57,2.78,79.37,63.89,False,False,0.4,True,98.68,92.76,0.701,2.22,15.61,-11.09,-8.13,-7.23,1.34,2.96,535,672299195.97,107.9,-12.07,109.8788,-13.65,-11.32,39.0,False,BELOW_SMA50|NOT_NEAR_UNBROKEN_PIVOT|WEAK_RS,753
IMTX,2026-10-01,8.44,65.2,COMPRESSED,INSIDE_COIL,NONE,5.56,15.08,45.63,47.22,False,False,29.76,False,9.16,8.06,1.064,4.81,19.31,-11.16,-15.43,-6.91,3.82,10.36,26,6341695.17,9.723,-13.2,11.94,-29.31,-18.01,23.0,False,POST_GAP_COIL|BELOW_SMA50|NOT_NEAR_UNBROKEN_PIVOT|WEAK_RS,753
AFG,2026-10-01,138.08,65.18,COMPRESSED,NEAR_LOWER_EDGE,NONE,2.38,1.98,43.25,68.25,False,False,33.73,False,143.59,136.73,1.744,1.56,6.92,-3.17,-1.6,-3.22,0.76,2.77,999,57295803.15,145.57,-5.15,148.71,-7.15,-5.5,56.0,False,BELOW_SMA50|NOT_NEAR_UNBROKEN_PIVOT|WEAK_RS,753
JAZZ,2026-10-01,233.01,65.18,COMPRESSED,NEAR_LOWER_EDGE,NONE,7.14,20.24,32.14,59.92,False,False,26.19,False,247.31,229.16,1.022,2.58,8.51,-5.11,-6.14,-5.89,2.76,2.76,218,173417212.24,249.0,-6.42,266.38,-12.53,-7.13,52.0,False,BELOW_SMA50|NOT_NEAR_UNBROKEN_PIVOT|WEAK_RS,753
MMYT,2026-10-01,47.75,65.17,COMPRESSED,INSIDE_COIL,NONE,24.21,30.16,50.0,30.95,False,False,8.73,True,49.06,45.52,0.722,4.16,27.71,-17.22,-16.18,-12.86,2.32,10.24,42,43757063.16,58.88,-18.9,65.0,-26.54,-20.89,17.0,False,POST_GAP_COIL|BELOW_SMA50|NOT_NEAR_UNBROKEN_PIVOT|WEAK_RS,753
CRON,2026-10-01,3.21,65.1,COMPRESSED,NEAR_LOWER_EDGE,NONE,12.3,19.05,50.0,38.89,False,False,18.65,False,3.46,3.25,0.874,3.26,11.53,-0.93,16.73,0.91,1.27,11.03,39,2837491.47,3.46,-7.23,3.608,-11.03,9.4,85.0,False,POST_GAP_COIL|NOT_NEAR_UNBROKEN_PIVOT|LOW_LIQUIDITY,753
WDAY,2026-10-01,186.75,65.08,COMPRESSED,INSIDE_COIL,NONE,38.1,35.71,21.03,13.1,False,False,26.59,False,201.0,181.47,2.43,4.28,16.26,-7.03,35.44,1.1,3.25,8.21,340,489481433.81,211.83,-11.84,227.49,-17.91,35.09,96.0,False,EXTENDED_60D_RUN|NOT_NEAR_UNBROKEN_PIVOT,753
SVRA,2026-10-01,5.045,65.08,COMPRESSED,INSIDE_COIL,NONE,16.27,20.63,25.79,47.22,False,False,35.32,False,5.525,4.86,1.045,4.6,15.26,-7.6,-20.92,-6.55,1.95,6.1,339,10489994.39,5.63,-10.39,6.475,-22.08,-21.72,16.0,False,BELOW_SMA50|NOT_NEAR_UNBROKEN_PIVOT|WEAK_RS,753
DDS,2026-10-01,646.35,65.06,COMPRESSED,INSIDE_COIL,NONE,21.03,17.06,11.9,41.27,False,False,58.33,False,702.3,620.1053,1.847,3.57,14.32,1.57,25.22,3.35,1.81,4.88,96,124867272.19,702.3,-7.97,651.6713,-0.82,15.34,89.0,False,NOT_NEAR_UNBROKEN_PIVOT,753
CSCO,2026-10-01,108.76,65.02,COMPRESSED,INSIDE_COIL,NONE,54.37,36.9,16.67,19.05,True,False,36.9,False,111.5,104.51,1.249,2.35,7.09,-0.64,-4.45,-2.99,1.93,8.03,96,1974899307.16,112.22,-3.08,129.8841,-16.26,-5.96,55.0,False,WEAK_RS,753
BRX,2026-10-01,27.57,64.98,COMPRESSED,NEAR_LOWER_EDGE,NONE,0.4,26.19,58.33,48.41,False,False,5.16,False,28.25,27.45,0.83,1.62,8.85,-6.22,-10.72,-6.5,0.75,1.7,999,100111547.99,29.72,-7.23,32.86,-16.1,-14.47,30.0,False,BELOW_SMA50|NOT_NEAR_UNBROKEN_PIVOT|WEAK_RS,753
CRGY,2026-10-01,13.27,64.92,COMPRESSED,INSIDE_COIL,NONE,26.19,10.71,46.03,58.73,False,True,17.86,False,14.615,12.69,1.618,3.59,20.95,-7.01,39.75,2.84,3.49,4.1,999,93350649.68,15.47,-14.22,14.12,-6.02,40.65,97.0,False,EXTENDED_60D_RUN|NOT_NEAR_UNBROKEN_PIVOT,753
STUB,2026-10-01,5.59,64.92,COMPRESSED,INSIDE_COIL,NONE,11.98,9.64,32.92,46.03,False,False,48.41,False,6.435,5.215,0.978,5.71,29.25,-9.55,-55.98,-19.92,7.74,17.45,34,41425664.6,6.85,-18.39,14.02,-60.13,-59.37,0.0,False,POST_GAP_COIL|BELOW_SMA50|NOT_NEAR_UNBROKEN_PIVOT|WEAK_RS,262
LEGN,2026-10-01,19.32,64.86,COMPRESSED,INSIDE_COIL,NONE,31.75,21.03,47.22,15.87,False,False,31.75,True,20.0,17.22,0.833,4.72,26.86,-11.74,-30.68,-3.13,2.26,7.52,72,43002872.9,22.05,-12.38,37.5,-48.48,-38.24,3.0,False,BELOW_SMA50|NOT_NEAR_UNBROKEN_PIVOT|WEAK_RS,753
TOST,2026-10-01,29.23,64.8,COMPRESSED,NEAR_LOWER_EDGE,NONE,14.68,16.67,62.7,52.78,False,False,3.17,True,31.33,28.775,0.851,3.64,21.47,-14.13,2.31,-11.2,1.98,3.76,100,258710248.05,34.97,-16.41,37.2,-21.42,-1.41,68.0,False,BELOW_SMA50|NOT_NEAR_UNBROKEN_PIVOT|WEAK_RS,753
ELAN,2026-10-01,21.77,64.78,COMPRESSED,NEAR_LOWER_EDGE,NONE,0.4,36.9,39.68,48.02,False,False,17.46,False,23.63,21.75,1.419,3.42,15.85,-11.79,-11.83,-8.56,2.1,5.78,289,128415151.23,25.07,-13.16,27.98,-22.19,-15.75,28.0,False,BELOW_SMA50|NOT_NEAR_UNBROKEN_PIVOT|WEAK_RS,753
BLFS,2026-10-01,36.78,64.76,COMPRESSED,NEAR_LOWER_EDGE,NONE,13.1,7.14,50.0,63.1,False,False,11.51,False,39.76,36.2,3.014,2.9,14.63,2.39,35.27,3.92,1.55,2.51,648,33441740.54,39.76,-7.49,38.1,-3.46,28.01,94.0,False,EXTENDED_60D_RUN|NOT_NEAR_UNBROKEN_PIVOT,753
AWI,2026-10-01,162.68,64.72,COMPRESSED,INSIDE_COIL,NONE,28.97,32.94,47.22,6.75,False,False,16.27,False,166.75,157.74,0.93,2.39,10.19,-3.8,7.27,-5.21,2.31,3.06,999,59321620.2,173.49,-6.23,188.32,-13.62,-0.05,71.0,False,BELOW_SMA50|NOT_NEAR_UNBROKEN_PIVOT,753
BLKB,2026-10-01,42.55,64.7,COMPRESSED,INSIDE_COIL,NONE,18.25,31.75,38.1,40.48,False,False,10.71,False,44.71,40.82,1.47,3.7,20.33,-10.36,48.62,-3.51,2.75,3.92,295,18849765.63,49.47,-13.99,49.54,-14.11,38.58,96.0,False,EXTENDED_60D_RUN|BELOW_SMA50|NOT_NEAR_UNBROKEN_PIVOT,753
HOOD,2026-10-01,111.15,64.68,COMPRESSED,INSIDE_COIL,NONE,63.89,28.57,14.68,21.43,False,False,17.86,True,126.74,106.08,0.721,5.5,22.52,3.89,-2.1,5.68,6.37,6.37,107,2747660485.42,126.74,-12.3,120.05,-7.41,-4.24,59.0,False,NOT_NEAR_UNBROKEN_PIVOT|WEAK_RS,753
AERO,2026-10-01,14.92,64.65,COMPRESSED,NEAR_LOWER_EDGE,NONE,46.12,43.66,5.31,9.01,False,False,33.18,False,16.68,14.65,2.051,5.04,14.08,0.95,-10.01,-2.47,2.96,3.14,999,5835703.05,16.68,-10.55,18.795,-20.62,-17.53,24.0,False,NOT_NEAR_UNBROKEN_PIVOT|WEAK_RS,226
NTSK,2026-10-01,17.85,64.6,COMPRESSED,INSIDE_COIL,NONE,36.1,2.42,65.7,47.22,False,True,3.17,False,18.96,16.82,1.424,5.35,31.65,29.82,49.75,18.15,12.8,12.8,19,127857188.12,18.96,-5.85,16.58,7.66,49.6,98.0,False,POST_GAP_COIL|RECENT_SURGE|EXTENDED_60D_RUN|EXTENDED_FROM_SMA50|NOT_NEAR_UNBROKEN_PIVOT,261
ROK,2026-10-01,442.45,64.6,COMPRESSED,RANGE_EXIT_CONFIRMED,UP_EXPANSION_CONFIRMED,5.56,20.63,28.17,41.67,False,False,55.16,False,439.95,406.92,1.451,2.25,8.19,4.02,-4.27,1.14,2.82,6.0,103,295204859.81,439.95,0.57,495.8326,-10.77,-8.75,47.0,False,ALREADY_EXPANDING|WEAK_RS,753
WULF,2026-10-01,14.91,64.54,COMPRESSED,INSIDE_COIL,NONE,27.78,13.89,15.08,52.38,False,False,41.67,False,17.93,14.53,1.025,7.02,24.95,0.61,-34.69,-9.75,7.23,9.08,62,454333349.22,18.08,-17.53,29.84,-50.03,-32.44,5.0,False,BELOW_SMA50|NOT_NEAR_UNBROKEN_PIVOT|WEAK_RS,753
FRME,2026-10-01,39.58,64.37,COMPRESSED,NEAR_LOWER_EDGE,NONE,3.57,9.52,31.75,53.57,False,False,57.54,False,41.58,39.55,1.634,1.89,8.99,-4.17,-5.26,-5.0,1.51,9.49,999,20852423.05,42.18,-6.16,44.9316,-11.91,-10.91,41.0,False,BELOW_SMA50|NOT_NEAR_UNBROKEN_PIVOT|WEAK_RS,753
CSIQ,2026-10-01,11.27,64.37,COMPRESSED,INSIDE_COIL,NONE,14.68,10.71,56.35,60.32,False,False,1.59,False,12.02,10.34,0.984,6.6,34.52,-15.64,-23.59,-16.99,2.6,4.88,96,22779615.97,14.23,-20.8,21.46,-47.48,-24.89,12.0,False,BELOW_SMA50|NOT_NEAR_UNBROKEN_PIVOT|WEAK_RS,753
PEB-PE,2026-10-01,19.66,64.35,COMPRESSED,NEAR_UPPER_EDGE,NONE,39.29,15.87,26.98,29.37,False,False,32.14,False,19.77,19.0917,1.434,1.19,3.64,0.81,1.11,0.61,1.62,1.97,999,162165.43,19.8066,-0.74,19.934,-1.37,-0.43,70.0,False,LOW_LIQUIDITY,753
CIFR,2026-10-01,15.46,64.35,COMPRESSED,NEAR_LOWER_EDGE,NONE,18.25,30.16,17.06,40.08,False,False,43.65,False,19.745,15.81,0.891,9.22,31.66,1.84,-29.24,-13.08,7.86,16.18,41,608987055.61,19.745,-21.7,30.14,-48.71,-25.69,11.0,False,POST_GAP_COIL|BELOW_SMA50|NOT_NEAR_UNBROKEN_PIVOT|WEAK_RS,753
MATX,2026-10-01,225.5,64.31,COMPRESSED,INSIDE_COIL,NONE,25.79,53.57,17.86,18.25,False,False,23.41,False,240.04,218.1,0.999,3.08,10.3,3.34,10.35,2.79,1.86,9.91,349,71798650.57,240.87,-6.38,230.3134,-2.09,8.17,83.0,False,NOT_NEAR_UNBROKEN_PIVOT,753
IRM,2026-10-01,111.13,64.31,COMPRESSED,NEAR_LOWER_EDGE,NONE,12.7,33.73,18.65,44.05,False,False,40.48,False,118.47,109.31,1.0,2.84,8.58,0.14,-3.0,-6.26,2.01,2.7,999,180799799.87,118.4992,-6.22,133.6416,-16.84,-7.24,51.0,False,BELOW_SMA50|NOT_NEAR_UNBROKEN_PIVOT|WEAK_RS,753
ACIW,2026-10-01,49.69,64.31,COMPRESSED,INSIDE_COIL,NONE,0.79,19.44,44.84,65.08,False,False,19.44,False,51.76,47.81,1.278,2.67,11.91,-5.28,-11.08,-6.13,2.09,8.46,543,38223244.37,53.73,-7.52,61.08,-18.65,-12.29,37.0,False,BELOW_SMA50|NOT_NEAR_UNBROKEN_PIVOT|WEAK_RS,753
FRMI,2026-10-01,4.05,64.31,COMPRESSED,NEAR_LOWER_EDGE,NONE,0.43,5.86,33.48,73.39,False,False,44.86,False,5.23,4.144,0.983,8.53,49.14,-15.09,-44.97,-27.44,5.87,20.24,36,85593468.87,5.91,-31.47,10.135,-60.04,-52.59,1.0,False,POST_GAP_COIL|BELOW_SMA50|NOT_NEAR_UNBROKEN_PIVOT|LOW_LIQUIDITY|WEAK_RS,252
SSRM,2026-10-01,33.42,64.25,COMPRESSED,NEAR_LOWER_EDGE,NONE,12.7,14.29,25.0,59.13,False,False,43.25,False,38.67,33.15,0.907,4.52,19.72,-11.47,18.62,-0.63,5.72,6.53,102,83420872.81,39.44,-15.26,39.43,-15.24,6.41,81.0,False,NOT_NEAR_UNBROKEN_PIVOT,753
OBDC,2026-10-01,10.44,64.25,COMPRESSED,NEAR_LOWER_EDGE,NONE,5.16,5.56,36.51,67.46,False,False,41.27,False,11.1411,10.3446,0.917,1.84,8.23,-5.39,0.07,-3.78,0.99,1.82,999,34618112.75,11.1994,-6.78,11.611,-10.09,-3.32,62.0,False,BELOW_SMA50|NOT_NEAR_UNBROKEN_PIVOT|WEAK_RS,753
PINS,2026-10-01,19.46,64.21,COMPRESSED,NEAR_UPPER_EDGE,NONE,71.83,35.71,37.3,8.33,True,True,23.81,False,19.77,17.84,1.978,3.95,20.95,-8.29,-13.63,-9.97,1.93,6.25,103,290080486.08,21.916,-11.21,25.725,-24.35,-14.66,30.0,False,BELOW_SMA50|NOT_NEAR_UNBROKEN_PIVOT|WEAK_RS,753
WLY,2026-10-01,48.9,64.17,COMPRESSED,INSIDE_COIL,NONE,41.67,64.29,16.67,13.89,True,False,28.17,False,50.0,45.99,1.139,3.48,18.02,-4.21,-2.78,-3.46,4.33,4.33,324,28391767.01,54.81,-10.78,57.4499,-14.88,-9.52,45.0,False,BELOW_SMA50|NOT_NEAR_UNBROKEN_PIVOT|WEAK_RS,753
BIRK,2026-10-01,32.97,64.17,COMPRESSED,INSIDE_COIL,NONE,28.17,23.41,34.13,35.32,False,False,22.62,False,33.855,30.44,1.124,3.77,14.1,-2.43,-25.47,-6.84,3.29,17.23,34,71614901.16,35.19,-6.31,50.73,-35.01,-31.14,6.0,False,POST_GAP_COIL|BELOW_SMA50|NOT_NEAR_UNBROKEN_PIVOT|WEAK_RS,746
HLMN,2026-10-01,6.94,64.15,COMPRESSED,NEAR_LOWER_EDGE,NONE,17.46,40.87,28.97,30.16,False,False,25.79,False,7.6,6.845,1.675,3.65,16.07,-8.44,-9.4,-12.09,3.72,8.3,291,14580907.23,7.77,-10.68,9.58,-27.56,-17.37,24.0,False,BELOW_SMA50|NOT_NEAR_UNBROKEN_PIVOT|WEAK_RS,753
WSC,2026-10-01,17.22,64.15,COMPRESSED,NEAR_LOWER_EDGE,NONE,2.38,42.06,28.57,41.67,False,False,33.33,False,18.8,17.065,1.278,4.31,20.82,-12.05,-31.23,-19.31,2.76,2.76,100,53682409.26,20.19,-14.71,29.6642,-41.95,-38.01,3.0,False,BELOW_SMA50|NOT_NEAR_UNBROKEN_PIVOT|WEAK_RS,753
HMY,2026-10-01,17.52,64.11,COMPRESSED,NEAR_LOWER_EDGE,NONE,26.98,21.03,29.37,73.02,True,False,29.76,False,20.22,17.6,0.739,4.41,21.23,-9.92,21.41,-8.59,5.85,10.86,38,76053144.27,21.1,-16.97,23.69,-26.04,6.05,80.0,False,POST_GAP_COIL|BELOW_SMA50|NOT_NEAR_UNBROKEN_PIVOT,753
TCBI,2026-10-01,93.2,64.11,COMPRESSED,NEAR_LOWER_EDGE,NONE,8.33,10.32,49.21,59.13,False,False,23.02,False,96.25,92.55,1.506,1.85,9.8,-3.6,-7.96,-4.61,0.93,4.21,999,52060877.73,99.89,-6.7,107.5582,-13.35,-12.99,35.0,False,BELOW_SMA50|NOT_NEAR_UNBROKEN_PIVOT|WEAK_RS,753
SOFI,2026-10-01,15.84,64.11,COMPRESSED,NEAR_LOWER_EDGE,NONE,0.79,0.4,38.1,74.21,False,False,46.03,False,17.96,15.71,1.087,4.09,20.08,-11.21,-10.66,-9.34,5.63,7.41,422,757407028.27,18.71,-15.34,20.13,-21.31,-15.99,27.0,False,BELOW_SMA50|NOT_NEAR_UNBROKEN_PIVOT|WEAK_RS,753
SOLS,2026-10-01,56.98,64.08,COMPRESSED,INSIDE_COIL,NONE,13.7,9.73,55.0,62.98,False,False,5.22,False,59.98,54.81,1.023,3.94,19.12,-6.57,-6.48,-4.26,2.31,15.37,23,126078804.62,65.68,-13.25,90.5988,-37.11,-31.68,6.0,False,POST_GAP_COIL|BELOW_SMA50|NOT_NEAR_UNBROKEN_PIVOT|WEAK_RS,239
BRC,2026-10-01,84.14,64.04,COMPRESSED,INSIDE_COIL,NONE,10.71,51.19,49.6,32.14,False,False,5.56,True,85.94,81.36,0.835,2.68,18.56,-6.7,-5.56,-7.29,2.77,2.77,999,24988534.01,96.98,-13.24,99.25,-15.22,-11.07,40.0,False,BELOW_SMA50|NOT_NEAR_UNBROKEN_PIVOT|WEAK_RS,753
R,2026-10-01,230.92,64.03,COMPRESSED,INSIDE_COIL,NONE,3.57,17.46,36.51,55.56,False,False,40.87,False,242.36,226.17,3.043,2.47,11.98,-5.02,-12.63,-7.32,2.57,2.57,999,60464171.24,250.96,-7.99,283.1004,-18.43,-13.9,32.0,False,BELOW_SMA50|NOT_NEAR_UNBROKEN_PIVOT|WEAK_RS,753
SEI,2026-10-01,71.38,64.0,COMPRESSED,NEAR_UPPER_EDGE,NONE,60.32,0.4,46.83,41.27,False,False,1.98,True,72.169,64.23,0.489,5.74,30.55,35.53,7.92,20.09,12.45,12.45,17,185435374.86,72.169,-1.09,86.0208,-17.02,3.61,77.0,False,POST_GAP_COIL|RECENT_SURGE|EXTENDED_FROM_SMA50,753
LXP-PC,2026-10-01,49.45,63.97,COMPRESSED,NEAR_LOWER_EDGE,NONE,12.7,18.65,9.52,39.29,False,False,79.76,False,50.47,49.0701,1.679,0.58,2.83,0.42,8.82,0.78,2.85,2.85,999,225700.68,50.47,-2.02,49.2,0.51,6.87,81.0,False,LOW_LIQUIDITY,753
BNTX,2026-10-01,96.85,63.95,COMPRESSED,NEAR_LOWER_EDGE,NONE,37.7,59.92,18.65,2.38,False,False,16.27,False,102.23,95.71,1.265,3.46,10.15,-6.7,3.55,-1.6,5.46,17.83,30,84851875.36,105.457,-8.16,120.33,-19.51,-3.55,61.0,False,POST_GAP_COIL|NOT_NEAR_UNBROKEN_PIVOT|WEAK_RS,753
WLTH,2026-10-01,10.37,63.88,COMPRESSED,INSIDE_COIL,NONE,58.89,41.18,33.7,8.16,False,True,20.94,True,10.735,9.67,0.768,4.56,19.09,15.09,15.35,7.57,1.93,2.38,81,40459461.09,11.08,-6.41,12.42,-16.51,10.62,85.0,False,RECENT_SURGE|NOT_NEAR_UNBROKEN_PIVOT,200
CLBT,2026-10-01,11.14,63.87,COMPRESSED,INSIDE_COIL,NONE,27.78,37.7,7.14,36.51,False,False,40.87,False,11.88,10.48,0.737,4.41,13.55,-4.13,-32.53,-11.07,2.23,32.33,34,32617356.38,11.99,-7.09,17.05,-34.66,-31.65,6.0,False,POST_GAP_COIL|BELOW_SMA50|NOT_NEAR_UNBROKEN_PIVOT|WEAK_RS,753
NPO,2026-10-01,315.91,63.85,COMPRESSED,NEAR_UPPER_EDGE,NONE,8.33,25.79,34.13,53.57,False,False,29.76,False,316.38,284.98,1.63,3.29,11.57,8.71,-1.04,1.33,2.09,3.58,999,48083892.94,316.38,-0.15,389.9861,-18.99,-8.57,48.0,False,WEAK_RS,753
UPST,2026-10-01,22.95,63.81,COMPRESSED,NEAR_LOWER_EDGE,NONE,0.4,2.38,48.41,61.9,False,False,44.44,False,26.61,22.785,0.805,5.02,28.17,-18.53,-27.85,-16.74,4.32,14.1,40,110591061.66,29.02,-20.92,36.9,-37.8,-36.85,4.0,False,POST_GAP_COIL|BELOW_SMA50|NOT_NEAR_UNBROKEN_PIVOT|WEAK_RS,753
NOW,2026-10-01,137.76,63.79,COMPRESSED,INSIDE_COIL,NONE,43.25,33.73,16.27,21.43,False,False,28.97,False,142.1,126.75,1.572,4.38,15.11,0.76,27.82,7.34,5.64,6.76,111,1684926423.38,147.57,-6.65,149.6,-7.91,26.74,94.0,False,NOT_NEAR_UNBROKEN_PIVOT,753
CDE,2026-10-01,17.56,63.79,COMPRESSED,INSIDE_COIL,NONE,3.17,14.29,32.54,75.79,False,False,45.63,True,20.63,17.12,0.552,5.35,28.7,-18.02,15.22,-6.94,5.46,8.2,168,671887389.58,22.16,-20.76,22.45,-21.78,-1.33,68.0,False,BELOW_SMA50|NOT_NEAR_UNBROKEN_PIVOT|WEAK_RS,753
UNP,2026-10-01,272.42,63.79,COMPRESSED,NEAR_LOWER_EDGE,NONE,19.84,28.17,51.19,52.38,True,False,23.41,False,284.02,268.26,1.196,1.81,8.93,-5.97,-2.58,-6.17,1.09,5.93,999,679782101.8,292.58,-6.89,314.5304,-13.39,-5.87,55.0,False,BELOW_SMA50|NOT_NEAR_UNBROKEN_PIVOT|WEAK_RS,753
KTB,2026-10-01,63.52,63.75,COMPRESSED,NEAR_LOWER_EDGE,NONE,9.52,32.14,40.87,54.37,False,True,30.56,False,69.52,62.76,1.333,3.71,19.36,-11.74,-24.14,-15.24,1.99,4.92,147,51689366.54,74.7676,-15.04,88.3193,-28.08,-27.56,9.0,False,BELOW_SMA50|NOT_NEAR_UNBROKEN_PIVOT|WEAK_RS,753
CBU,2026-10-01,59.93,63.67,COMPRESSED,NEAR_LOWER_EDGE,NONE,3.17,9.52,40.08,65.87,False,False,39.29,False,63.18,59.16,1.422,1.89,8.67,-4.12,-7.52,-5.03,1.16,3.05,999,18696989.9,63.7133,-5.94,70.5599,-15.07,-13.5,33.0,False,BELOW_SMA50|NOT_NEAR_UNBROKEN_PIVOT|WEAK_RS,753
USPH,2026-10-01,82.6,63.63,COMPRESSED,NEAR_LOWER_EDGE,NONE,19.84,2.38,50.4,63.1,False,False,15.87,False,87.37,81.35,1.886,2.94,13.26,5.57,18.23,3.61,1.79,2.74,999,14592147.46,87.37,-5.46,82.938,-0.41,12.01,87.0,False,NOT_NEAR_UNBROKEN_PIVOT,753
VAL,2026-10-01,79.56,63.63,COMPRESSED,INSIDE_COIL,NONE,47.22,11.9,39.68,58.73,True,False,18.65,False,85.3,77.17,1.071,3.85,19.93,-14.01,2.41,-4.14,2.02,6.44,162,110928086.38,93.16,-14.6,114.12,-30.28,2.75,75.0,False,BELOW_SMA50|NOT_NEAR_UNBROKEN_PIVOT,753
CPNG,2026-10-01,13.8,63.63,COMPRESSED,INSIDE_COIL,NONE,9.13,21.03,31.75,56.75,False,False,36.51,False,14.96,13.405,1.059,3.25,20.25,-13.59,-27.37,-10.84,1.85,2.68,102,236566570.86,16.2,-14.81,22.24,-37.95,-28.48,8.0,False,BELOW_SMA50|NOT_NEAR_UNBROKEN_PIVOT|WEAK_RS,753
KBR,2026-10-01,35.05,63.61,COMPRESSED,INSIDE_COIL,NONE,6.75,33.73,26.59,50.4,False,False,36.11,False,37.08,33.88,1.131,2.9,10.7,-4.66,-2.93,-4.5,1.61,2.95,999,52341235.4,37.6305,-6.86,39.34,-10.91,-6.14,55.0,False,BELOW_SMA50|NOT_NEAR_UNBROKEN_PIVOT|WEAK_RS,753
EBAY,2026-10-01,105.89,63.6,COMPRESSED,NEAR_LOWER_EDGE,NONE,14.68,58.73,27.78,26.19,False,True,34.92,False,113.63,104.61,0.997,3.15,13.01,-0.76,-7.84,-1.23,1.61,2.42,230,557494025.15,113.63,-6.81,118.6195,-10.73,-10.35,42.0,False,NOT_NEAR_UNBROKEN_PIVOT|WEAK_RS,753
NVAX,2026-10-01,10.6,63.51,COMPRESSED,INSIDE_COIL,NONE,19.84,37.3,38.89,44.44,False,False,17.46,True,11.11,9.61,0.768,5.36,18.87,2.71,13.37,17.22,2.89,6.31,344,53811295.17,11.11,-4.59,11.61,-8.7,6.0,80.0,False,EXTENDED_FROM_SMA50,753
OTF,2026-10-01,9.75,63.51,COMPRESSED,NEAR_LOWER_EDGE,NONE,3.57,3.17,56.35,70.63,False,False,21.83,False,10.573,9.7606,0.872,2.44,15.51,-11.11,-0.08,-6.23,1.4,1.97,999,21274012.13,11.3248,-13.91,11.4494,-14.84,-5.88,55.0,False,BELOW_SMA50|NOT_NEAR_UNBROKEN_PIVOT|WEAK_RS,328
BJRI,2026-10-01,59.25,63.41,COMPRESSED,INSIDE_COIL,NONE,16.67,69.44,2.78,19.05,False,False,39.68,False,63.4,56.86,1.267,3.97,11.04,-2.4,-0.2,-7.77,2.22,4.26,229,24237637.01,63.4,-6.55,74.6,-20.58,-1.98,66.0,False,BELOW_SMA50|NOT_NEAR_UNBROKEN_PIVOT|WEAK_RS,753
TFSL,2026-10-01,16.44,63.41,COMPRESSED,INSIDE_COIL,NONE,8.73,21.43,33.73,62.3,False,False,29.76,False,17.05,16.1,1.357,1.94,7.83,-4.14,-3.48,-4.48,1.25,3.1,999,11988816.04,17.3665,-5.34,19.1336,-14.08,-8.97,46.0,False,BELOW_SMA50|NOT_NEAR_UNBROKEN_PIVOT|WEAK_RS,753
CLOV,2026-10-01,4.23,63.39,COMPRESSED,NEAR_LOWER_EDGE,NONE,42.46,23.81,32.54,28.57,False,False,17.06,False,4.775,4.215,1.0,4.98,25.41,-1.63,-9.23,-3.69,3.23,18.12,39,18833078.37,5.185,-18.42,5.59,-24.33,-22.42,15.0,False,POST_GAP_COIL|BELOW_SMA50|NOT_NEAR_UNBROKEN_PIVOT|LOW_LIQUIDITY|WEAK_RS,753
ARGX,2026-10-01,936.0,63.37,COMPRESSED,NEAR_LOWER_EDGE,NONE,13.1,36.11,36.9,40.87,False,False,21.83,False,1003.83,934.185,2.02,2.63,14.6,-11.31,2.26,-2.18,2.66,8.93,294,247860123.53,1072.75,-12.75,1061.5699,-11.83,-3.23,62.0,False,NOT_NEAR_UNBROKEN_PIVOT|WEAK_RS,753
ASM,2026-10-01,5.51,63.35,COMPRESSED,NEAR_LOWER_EDGE,NONE,9.52,20.24,75.79,83.73,True,True,19.84,True,6.52,5.48,0.524,6.05,42.83,-26.53,-3.84,-16.21,5.36,6.58,135,23152567.63,7.84,-29.72,8.19,-32.72,-18.97,21.0,False,BELOW_SMA50|NOT_NEAR_UNBROKEN_PIVOT|WEAK_RS,753
BR,2026-10-01,161.15,63.33,COMPRESSED,NEAR_LOWER_EDGE,NONE,34.92,34.13,44.05,46.43,True,False,13.89,False,167.24,159.93,1.127,2.48,14.28,-8.94,10.25,-3.84,2.42,6.97,999,173389546.01,182.94,-11.91,185.7658,-13.25,9.8,85.0,False,BELOW_SMA50|NOT_NEAR_UNBROKEN_PIVOT,753
TCBK,2026-10-01,51.8,63.33,COMPRESSED,NEAR_LOWER_EDGE,NONE,5.16,18.25,28.97,52.78,False,False,55.16,False,54.07,50.86,1.908,1.99,7.44,-3.12,-0.53,-5.47,1.09,4.62,999,15183587.04,54.3132,-4.63,61.2961,-15.49,-7.22,51.0,False,BELOW_SMA50|WEAK_RS,753
RUSHA,2026-10-01,46.19,63.33,COMPRESSED,NEAR_LOWER_EDGE,NONE,1.98,34.92,25.0,54.76,False,False,40.48,False,50.29,45.33,1.505,2.8,12.05,-6.1,-4.26,-9.15,1.84,1.84,999,32369705.0,50.8965,-9.25,55.5833,-16.9,-7.86,50.0,False,BELOW_SMA50|NOT_NEAR_UNBROKEN_PIVOT|WEAK_RS,753
CE,2026-10-01,44.2,63.33,COMPRESSED,RANGE_EXIT_CONFIRMED,DOWN_EXPANSION_CONFIRMED,28.97,17.86,22.22,19.05,False,False,66.67,False,49.67,44.36,1.474,4.22,16.97,-5.27,-6.49,-2.39,1.33,2.91,286,91249969.23,49.67,-11.01,70.6522,-37.44,-10.07,43.0,False,ALREADY_EXPANDING|NOT_NEAR_UNBROKEN_PIVOT|WEAK_RS,753
APTV,2026-10-01,43.97,63.33,COMPRESSED,INSIDE_COIL,NONE,49.6,30.56,31.75,19.44,False,False,9.13,False,45.38,42.92,1.263,3.3,12.92,-2.35,-24.93,-8.25,2.05,11.85,41,175445326.76,48.24,-8.85,78.49,-43.98,-28.17,8.0,False,POST_GAP_COIL|BELOW_SMA50|NOT_NEAR_UNBROKEN_PIVOT|WEAK_RS,753
LPG,2026-10-01,56.59,63.31,COMPRESSED,INSIDE_COIL,NONE,34.92,58.33,11.9,1.98,False,False,35.71,False,59.97,52.09,1.274,3.69,13.92,8.56,42.35,12.4,3.07,3.74,374,34971361.89,59.97,-5.64,52.1,8.62,57.86,99.0,False,EXTENDED_60D_RUN|EXTENDED_FROM_SMA50|NOT_NEAR_UNBROKEN_PIVOT,753
GLXY,2026-10-01,23.02,63.31,COMPRESSED,INSIDE_COIL,NONE,26.19,26.19,21.83,32.54,False,False,46.43,False,27.676,21.95,1.086,7.13,26.35,-4.32,-7.4,-0.04,5.49,8.02,163,123570343.98,27.676,-16.82,36.1,-36.23,-9.22,45.0,False,NOT_NEAR_UNBROKEN_PIVOT|WEAK_RS,346
TMDX,2026-10-01,78.64,63.29,COMPRESSED,RANGE_EXIT_CONFIRMED,DOWN_EXPANSION_CONFIRMED,21.03,40.48,10.71,37.3,False,False,44.44,False,89.8,81.55,1.69,5.22,16.09,-6.7,11.64,-7.57,2.7,10.42,40,61103650.92,90.67,-13.27,120.91,-34.96,11.37,86.0,False,ALREADY_EXPANDING|POST_GAP_COIL|BELOW_SMA50|NOT_NEAR_UNBROKEN_PIVOT,753
TFX,2026-10-01,126.11,63.29,COMPRESSED,INSIDE_COIL,NONE,4.76,18.65,61.51,55.16,False,False,23.02,True,128.88,118.31,0.618,3.09,19.76,-10.54,-3.01,-5.29,1.85,3.2,183,107424242.98,144.16,-12.52,144.6411,-12.81,-8.48,48.0,False,BELOW_SMA50|NOT_NEAR_UNBROKEN_PIVOT|WEAK_RS,753
ORKA,2026-10-01,83.42,63.25,COMPRESSED,INSIDE_COIL,NONE,5.16,23.02,37.7,63.1,True,False,60.71,False,98.29,81.11,0.702,5.71,20.59,-8.96,-1.16,-13.02,2.65,2.65,71,90706722.43,98.29,-15.13,115.52,-27.79,-4.93,57.0,False,BELOW_SMA50|NOT_NEAR_UNBROKEN_PIVOT|WEAK_RS,753
TK,2026-10-01,14.6,63.19,COMPRESSED,INSIDE_COIL,NONE,21.43,48.81,20.63,1.59,False,False,55.95,False,14.93,13.25,1.429,3.49,11.71,9.28,32.49,13.18,2.86,4.28,999,8314078.06,14.93,-2.21,13.7,6.57,38.78,96.0,False,EXTENDED_60D_RUN|EXTENDED_FROM_SMA50,753
KN,2026-10-01,38.23,63.19,COMPRESSED,RANGE_EXIT_CONFIRMED,UP_EXPANSION_CONFIRMED,34.13,30.16,19.44,44.44,False,False,22.62,False,37.98,34.95,1.551,3.05,12.5,10.91,9.14,5.12,4.2,4.2,728,23484676.3,37.98,0.66,42.93,-10.95,1.11,73.0,False,ALREADY_EXPANDING,753
UI,2026-10-01,609.64,63.18,COMPRESSED,RANGE_EXIT_CONFIRMED,UP_EXPANSION_CONFIRMED,70.24,13.49,46.03,7.94,False,True,17.86,False,607.18,552.38,3.245,3.89,19.07,1.88,15.74,7.36,3.09,4.03,278,84288166.27,616.49,-1.11,1096.7451,-44.41,13.4,88.0,False,ALREADY_EXPANDING,753
DBRG,2026-09-29,16.0,63.13,COMPRESSED,NEAR_UPPER_EDGE,NONE,30.56,0.4,45.63,53.17,True,False,57.14,False,16.0,15.84,1.0,0.21,1.0,0.57,1.39,0.53,0.44,0.44,476,93005593.67,16.0,0.0,15.98,0.13,-1.44,68.0,False,EVENT_PRICE_PEG|WEAK_RS,751
BHC,2026-10-01,5.73,63.12,COMPRESSED,INSIDE_COIL,NONE,5.56,40.48,71.83,38.49,False,True,3.57,False,5.93,5.54,1.0,4.23,25.31,-16.11,16.7,-5.43,2.13,6.2,363,11367162.53,6.99,-18.03,7.3,-21.51,14.1,88.0,False,BELOW_SMA50|NOT_NEAR_UNBROKEN_PIVOT,753
FULT,2026-10-01,22.59,63.06,COMPRESSED,NEAR_LOWER_EDGE,NONE,5.95,13.49,39.68,52.78,False,False,48.02,False,23.5103,22.2907,1.937,1.91,9.1,-3.83,-3.67,-4.32,0.93,1.72,999,40712199.53,23.9466,-5.67,25.0175,-9.7,-8.34,49.0,False,BELOW_SMA50|NOT_NEAR_UNBROKEN_PIVOT|WEAK_RS,753
VRT,2026-10-01,246.12,62.98,COMPRESSED,INSIDE_COIL,NONE,69.05,24.21,47.62,11.51,False,True,0.79,False,255.4,239.0,1.148,4.94,27.76,-4.1,-22.54,-5.97,11.28,11.28,13,1346402907.46,295.2676,-16.65,379.7628,-35.19,-20.92,17.0,False,POST_GAP_COIL|BELOW_SMA50|NOT_NEAR_UNBROKEN_PIVOT|WEAK_RS,753
COHR,2026-10-01,319.19,62.94,COMPRESSED,INSIDE_COIL,NONE,56.35,32.14,20.63,17.46,False,False,17.46,False,332.86,275.79,2.134,6.7,24.31,18.82,0.67,7.63,7.08,13.09,41,1991922858.44,332.86,-4.11,440.0,-27.46,-7.08,52.0,False,POST_GAP_COIL|RECENT_SURGE|WEAK_RS,753
KIM,2026-10-01,22.21,62.94,COMPRESSED,NEAR_LOWER_EDGE,NONE,1.59,10.32,69.84,61.11,False,False,10.32,False,22.73,22.07,1.187,1.53,9.82,-6.67,-10.0,-6.46,0.66,0.87,999,129240561.94,24.04,-7.61,26.338,-15.67,-14.08,31.0,False,BELOW_SMA50|NOT_NEAR_UNBROKEN_PIVOT|WEAK_RS,753
OLN,2026-10-01,15.96,62.92,COMPRESSED,INSIDE_COIL,NONE,8.73,5.95,32.94,70.24,False,False,46.83,False,17.32,15.38,1.857,3.92,20.93,-9.63,-23.12,-11.63,2.97,7.62,232,45681052.48,18.29,-12.74,29.6253,-46.13,-22.27,15.0,False,BELOW_SMA50|NOT_NEAR_UNBROKEN_PIVOT|WEAK_RS,753
YOU,2026-10-01,41.74,62.9,COMPRESSED,NEAR_UPPER_EDGE,NONE,12.7,24.6,44.05,35.32,False,False,36.9,False,42.33,37.375,1.012,4.03,17.92,-4.87,-24.5,-8.4,3.94,16.22,40,88136658.07,44.8546,-6.94,68.83,-39.36,-24.97,12.0,False,POST_GAP_COIL|BELOW_SMA50|NOT_NEAR_UNBROKEN_PIVOT|WEAK_RS,753
DG,2026-10-01,118.93,62.85,COMPRESSED,NEAR_LOWER_EDGE,NONE,35.71,49.21,38.49,25.0,False,False,4.76,True,125.78,118.85,0.684,3.2,12.86,-9.14,3.6,-4.25,1.99,4.12,334,298278143.91,134.13,-11.33,132.5,-10.24,-1.68,67.0,False,BELOW_SMA50|NOT_NEAR_UNBROKEN_PIVOT|WEAK_RS,753
NOK,2026-10-01,10.37,62.8,COMPRESSED,INSIDE_COIL,NONE,63.1,55.95,25.4,20.63,True,True,21.43,False,11.05,9.96,1.231,4.5,15.72,5.39,-13.22,3.14,9.79,10.17,35,913172684.15,11.17,-7.16,17.45,-40.57,-16.92,25.0,False,POST_GAP_COIL|NOT_NEAR_UNBROKEN_PIVOT|WEAK_RS,753
CRAI,2026-10-01,175.77,62.76,COMPRESSED,RANGE_EXIT_CONFIRMED,UP_EXPANSION_CONFIRMED,46.83,31.75,15.08,14.68,False,False,42.06,False,166.53,156.97,2.118,3.45,10.95,2.8,14.58,3.3,3.01,10.27,48,20963844.6,175.51,0.15,193.7589,-9.28,17.3,90.0,False,ALREADY_EXPANDING|POST_GAP_COIL,753
WSO,2026-10-01,301.15,62.76,COMPRESSED,NEAR_LOWER_EDGE,NONE,17.46,27.78,23.41,32.14,False,False,57.94,False,329.58,298.39,0.987,3.05,10.36,-2.52,-20.12,-5.35,1.9,6.62,999,143351182.17,329.58,-8.63,455.0885,-33.83,-27.78,9.0,False,BELOW_SMA50|NOT_NEAR_UNBROKEN_PIVOT|WEAK_RS,753
CVI,2026-10-01,54.36,62.74,COMPRESSED,NEAR_UPPER_EDGE,NONE,20.63,40.08,57.14,19.05,False,False,5.56,False,55.19,49.76,1.49,4.82,24.06,26.65,77.29,29.85,2.21,4.09,406,60856409.75,55.19,-1.5,43.47,25.05,88.65,100.0,False,RECENT_SURGE|EXTENDED_60D_RUN|EXTENDED_FROM_SMA50|DETACHED_FROM_PRIOR_STRUCTURE,753
DE,2026-10-01,667.26,62.64,COMPRESSED,RANGE_EXIT_CONFIRMED,DOWN_EXPANSION_CONFIRMED,14.29,42.06,8.73,19.05,False,False,76.59,False,719.5031,668.57,1.618,2.59,11.31,-4.23,12.08,3.29,1.18,5.25,999,887969254.49,719.5031,-7.26,676.2762,-1.33,4.82,78.0,False,ALREADY_EXPANDING|NOT_NEAR_UNBROKEN_PIVOT,753
NBN,2026-10-01,124.7,62.64,COMPRESSED,INSIDE_COIL,NONE,3.17,20.24,19.05,60.71,False,False,65.08,False,137.02,122.19,1.29,3.05,13.45,-3.74,-2.57,-4.29,2.02,2.9,999,15223919.53,137.02,-8.99,142.2993,-12.37,-10.1,43.0,False,BELOW_SMA50|NOT_NEAR_UNBROKEN_PIVOT|WEAK_RS,753
XYZ,2026-10-01,74.04,62.62,COMPRESSED,NEAR_LOWER_EDGE,NONE,3.57,6.75,56.35,70.63,False,False,23.02,False,79.82,72.865,1.184,3.18,16.59,-10.21,-3.28,-7.11,1.68,2.85,149,299194968.09,84.56,-12.44,86.92,-14.82,-8.91,46.0,False,BELOW_SMA50|NOT_NEAR_UNBROKEN_PIVOT|WEAK_RS,753
BIPC,2026-10-01,35.92,62.6,COMPRESSED,NEAR_UPPER_EDGE,NONE,31.75,34.52,35.32,29.76,False,False,17.46,False,36.58,34.4,1.108,2.43,9.88,-1.88,-7.72,-5.93,1.36,1.6,999,43199401.49,37.95,-5.35,44.6973,-19.64,-9.63,44.0,False,BELOW_SMA50|NOT_NEAR_UNBROKEN_PIVOT|WEAK_RS,753
YETI,2026-10-01,41.37,62.58,COMPRESSED,INSIDE_COIL,NONE,29.76,54.76,32.54,30.16,False,False,9.92,True,44.1,40.12,0.634,3.83,12.23,-0.19,-13.34,-7.5,3.58,9.52,96,74293488.96,44.1,-6.19,53.99,-23.37,-19.58,19.0,False,BELOW_SMA50|NOT_NEAR_UNBROKEN_PIVOT|WEAK_RS,753
CTAS,2026-10-01,195.6,62.5,COMPRESSED,INSIDE_COIL,NONE,54.37,42.86,15.48,12.7,False,False,33.73,True,201.45,191.09,0.604,1.99,6.92,-1.26,8.85,-3.03,1.4,3.31,999,414798113.59,204.62,-4.41,218.6021,-10.52,5.29,79.0,False,BELOW_SMA50,753
RIG,2026-10-01,5.24,62.5,COMPRESSED,NEAR_LOWER_EDGE,NONE,47.22,12.7,36.51,61.9,True,False,26.19,False,5.75,5.14,1.133,3.99,21.95,-15.76,0.19,-5.82,2.28,5.84,255,250824927.01,6.27,-16.43,7.66,-31.59,0.72,72.0,False,BELOW_SMA50|NOT_NEAR_UNBROKEN_PIVOT,753
HOPE,2026-10-01,13.5,62.5,COMPRESSED,INSIDE_COIL,NONE,5.56,21.43,23.02,55.56,False,False,61.11,False,14.14,13.18,1.962,2.09,9.04,-3.3,3.84,-2.99,1.08,1.77,999,12307335.7,14.22,-5.06,14.59,-7.47,-2.44,64.0,False,NOT_NEAR_UNBROKEN_PIVOT|WEAK_RS,753
WABC,2026-10-01,59.12,62.48,COMPRESSED,INSIDE_COIL,NONE,50.4,29.37,17.06,5.16,False,False,49.21,False,61.0,57.85,1.988,2.06,6.11,0.34,3.37,-0.2,0.92,1.06,999,16026360.26,61.0,-3.08,63.1024,-6.31,-2.69,63.0,False,WEAK_RS,753
STE,2026-10-01,209.34,62.48,COMPRESSED,NEAR_UPPER_EDGE,NONE,16.27,23.41,63.1,43.25,False,False,3.17,False,212.12,203.32,1.066,2.01,13.97,-8.84,0.23,-6.37,1.5,7.81,999,139642631.3,235.3718,-11.06,240.6557,-13.01,-6.6,53.0,False,BELOW_SMA50|NOT_NEAR_UNBROKEN_PIVOT|WEAK_RS,753
GWW,2026-10-01,1281.6801,62.44,COMPRESSED,NEAR_UPPER_EDGE,NONE,42.86,26.19,25.0,38.89,False,False,19.44,False,1296.34,1236.29,1.964,2.01,7.36,-0.25,-4.86,-1.68,1.52,6.61,999,346606364.57,1330.62,-3.68,1417.1425,-9.56,-7.21,51.0,False,WEAK_RS,753
GO,2026-10-01,11.77,62.36,COMPRESSED,RANGE_EXIT_CONFIRMED,UP_EXPANSION_CONFIRMED,48.41,36.11,21.83,9.13,False,False,33.33,False,11.71,10.77,2.183,4.41,16.14,-2.0,14.94,7.65,6.3,9.44,96,27089484.67,12.67,-7.1,12.435,-5.35,10.45,85.0,False,ALREADY_EXPANDING|NOT_NEAR_UNBROKEN_PIVOT,753
WAY,2026-10-01,25.35,62.36,COMPRESSED,INSIDE_COIL,NONE,48.81,37.7,34.13,1.19,False,False,22.22,False,27.0,24.325,1.488,4.4,17.06,-1.44,11.58,3.22,8.55,12.44,44,51583054.78,27.28,-7.07,27.172,-6.71,5.22,79.0,False,POST_GAP_COIL|NOT_NEAR_UNBROKEN_PIVOT,581
GDS,2026-10-01,29.8,62.34,COMPRESSED,RANGE_EXIT_CONFIRMED,DOWN_EXPANSION_CONFIRMED,8.73,19.05,30.16,45.24,False,False,61.9,False,34.9,30.42,1.868,4.43,17.35,-3.29,-9.2,-7.47,2.56,4.31,306,37981234.22,34.9,-14.61,46.84,-36.38,-2.9,63.0,False,ALREADY_EXPANDING|BELOW_SMA50|NOT_NEAR_UNBROKEN_PIVOT|WEAK_RS,753
AEP,2026-10-01,119.75,62.34,COMPRESSED,NEAR_UPPER_EDGE,NONE,5.95,25.0,59.13,57.14,False,False,7.14,False,121.71,116.71,1.515,1.66,8.04,-3.09,-11.21,-3.37,0.83,1.7,999,491997791.77,126.34,-5.22,139.5178,-14.17,-15.72,28.0,False,BELOW_SMA50|NOT_NEAR_UNBROKEN_PIVOT|WEAK_RS,753
VEEV,2026-10-01,281.93,62.3,COMPRESSED,INSIDE_COIL,NONE,17.46,26.59,24.21,49.6,False,False,44.05,False,288.41,257.87,1.155,3.19,11.89,0.43,49.83,13.29,2.08,12.43,24,412032424.2,288.41,-2.25,296.24,-4.83,43.44,97.0,False,POST_GAP_COIL|EXTENDED_60D_RUN|EXTENDED_FROM_SMA50,753
SII,2026-10-01,115.67,62.3,COMPRESSED,RANGE_EXIT_CONFIRMED,DOWN_EXPANSION_CONFIRMED,22.62,38.89,16.27,60.32,True,False,53.97,False,133.12,118.13,1.517,4.15,16.3,-9.51,4.5,-4.87,3.24,3.45,999,14903115.19,134.47,-13.98,154.736,-25.25,-1.89,66.0,False,ALREADY_EXPANDING|BELOW_SMA50|NOT_NEAR_UNBROKEN_PIVOT|WEAK_RS,753
CPA,2026-10-01,132.52,62.28,COMPRESSED,INSIDE_COIL,NONE,33.33,37.7,17.86,19.84,False,False,46.43,False,141.35,127.55,0.935,2.88,12.44,2.82,-8.88,-0.14,2.07,5.49,96,44416739.56,141.35,-6.25,158.3511,-16.31,-14.86,30.0,False,NOT_NEAR_UNBROKEN_PIVOT|WEAK_RS,753
LGIH,2026-10-01,47.71,62.26,COMPRESSED,INSIDE_COIL,NONE,27.38,35.32,17.06,32.14,False,False,46.43,False,52.66,46.51,2.017,4.94,23.66,-10.74,-16.42,-13.04,4.26,6.17,999,14963045.48,56.21,-15.12,66.25,-27.98,-25.92,11.0,False,BELOW_SMA50|NOT_NEAR_UNBROKEN_PIVOT|WEAK_RS,753
CIG-C,2026-10-01,3.15,62.25,COMPRESSED,NEAR_LOWER_EDGE,NONE,50.79,19.05,17.86,35.71,False,True,52.38,False,3.4442,3.1172,1.2,2.72,10.38,-2.38,3.29,0.21,4.44,4.44,589,4885.17,3.4442,-8.54,3.8711,-18.63,-0.47,70.0,False,NOT_NEAR_UNBROKEN_PIVOT|LOW_LIQUIDITY,753
UHAL-B,2026-09-30,52.85,62.24,COMPRESSED,RANGE_EXIT_CONFIRMED,DOWN_EXPANSION_CONFIRMED,9.92,3.57,51.19,69.44,False,False,29.37,False,56.865,52.86,1.603,2.28,13.26,-11.26,-9.39,-12.23,1.59,4.51,999,16461372.97,60.1267,-12.1,66.8407,-20.93,-12.2,37.0,False,ALREADY_EXPANDING|BELOW_SMA50|NOT_NEAR_UNBROKEN_PIVOT|WEAK_RS,752
TDW,2026-10-01,82.18,62.22,COMPRESSED,NEAR_LOWER_EDGE,NONE,17.86,9.52,44.84,71.83,False,False,17.06,False,89.75,80.79,1.289,3.75,25.72,-18.32,11.26,-5.98,1.55,4.17,291,51561251.97,101.58,-19.1,98.66,-16.7,17.81,91.0,False,BELOW_SMA50|NOT_NEAR_UNBROKEN_PIVOT,753
MCHP,2026-10-01,78.5,62.2,COMPRESSED,INSIDE_COIL,NONE,16.67,13.49,37.7,61.11,False,False,33.73,False,80.37,70.1,1.017,3.43,14.8,7.89,-7.62,3.85,4.25,9.4,350,616082939.69,80.37,-2.33,104.7509,-25.06,-9.53,45.0,False,WEAK_RS,753
INBX,2026-10-01,97.93,62.15,TIGHTENING,NO_EDGE,NONE,19.44,39.68,48.41,50.0,True,True,45.63,False,117.14,98.09,0.759,7.29,35.27,-21.64,0.85,-3.74,3.54,5.37,99,39021758.21,128.54,-23.81,155.29,-36.94,-2.48,64.0,False,NOT_COMPRESSED|BELOW_SMA50|NOT_NEAR_UNBROKEN_PIVOT|WEAK_RS,588
RES,2026-10-01,5.72,62.12,COMPRESSED,INSIDE_COIL,NONE,6.75,16.67,65.08,66.27,False,False,1.59,False,6.05,5.56,1.2,3.45,20.45,-12.94,2.3,-5.32,2.46,4.88,166,12284805.69,6.73,-15.01,8.0567,-29.0,0.01,71.0,False,BELOW_SMA50|NOT_NEAR_UNBROKEN_PIVOT,753
TIC,2026-10-01,8.28,62.12,COMPRESSED,NEAR_LOWER_EDGE,NONE,21.03,17.86,28.17,58.73,False,False,37.7,False,9.375,8.3,1.015,4.71,21.14,-11.54,4.41,-7.71,2.28,3.66,252,13387589.54,9.875,-16.15,10.9,-24.04,-0.74,69.0,False,BELOW_SMA50|NOT_NEAR_UNBROKEN_PIVOT|WEAK_RS,408
RGLD,2026-10-01,232.33,62.1,COMPRESSED,NEAR_LOWER_EDGE,NONE,12.3,31.35,21.43,53.97,False,False,45.24,False,259.88,235.98,0.825,3.08,15.27,-10.08,21.05,-2.95,3.89,4.8,999,165407749.47,267.65,-13.2,276.3281,-15.92,10.98,86.0,False,NOT_NEAR_UNBROKEN_PIVOT,753
LRN,2026-10-01,77.52,62.06,COMPRESSED,INSIDE_COIL,NONE,20.24,13.1,44.44,65.48,False,False,17.06,False,82.66,74.59,0.969,3.13,16.1,-8.91,-13.75,-6.51,1.84,8.71,170,57319199.75,87.41,-11.31,103.67,-25.22,-17.12,24.0,False,BELOW_SMA50|NOT_NEAR_UNBROKEN_PIVOT|WEAK_RS,753
CLS,2026-10-01,373.09,61.98,COMPRESSED,INSIDE_COIL,NONE,17.86,8.33,55.56,67.86,False,False,9.92,False,381.3,328.92,0.997,5.36,26.96,34.32,3.42,13.35,6.75,14.27,39,815604292.54,381.3,-2.15,474.03,-21.29,8.14,83.0,False,POST_GAP_COIL|RECENT_SURGE|EXTENDED_FROM_SMA50,753
DELL,2026-10-01,541.74,61.95,COMPRESSED,INSIDE_COIL,NONE,57.14,63.89,11.9,3.17,False,True,26.59,False,595.51,530.45,1.552,5.38,21.63,10.07,25.62,11.36,5.06,8.72,86,5070445695.49,595.51,-9.03,514.0,5.4,34.78,96.0,False,NOT_NEAR_UNBROKEN_PIVOT,753
LFUS,2026-10-01,435.55,61.88,COMPRESSED,RANGE_EXIT_CONFIRMED,UP_EXPANSION_CONFIRMED,46.43,26.98,25.79,38.1,False,False,17.06,False,435.42,400.58,1.266,3.27,10.58,6.1,8.67,2.57,4.29,6.89,999,78459150.66,435.42,0.03,499.6047,-12.82,1.45,74.0,False,ALREADY_EXPANDING,753
TGB,2026-10-01,8.31,61.81,COMPRESSED,NEAR_LOWER_EDGE,NONE,41.27,53.97,18.65,20.63,False,False,15.48,False,9.38,8.19,1.476,5.79,22.02,-0.12,28.44,-0.8,6.27,6.27,999,47220010.89,9.38,-11.41,9.82,-15.38,17.08,90.0,False,NOT_NEAR_UNBROKEN_PIVOT,753
QTWO,2026-10-01,56.48,61.77,COMPRESSED,INSIDE_COIL,NONE,17.06,19.84,44.44,59.92,False,False,19.84,False,59.96,54.51,1.403,3.33,20.89,-11.76,9.31,-7.37,2.48,3.53,999,36896261.61,66.31,-14.82,67.51,-16.34,4.48,78.0,False,BELOW_SMA50|NOT_NEAR_UNBROKEN_PIVOT,753
STVN,2026-10-01,19.98,61.77,COMPRESSED,RANGE_EXIT_CONFIRMED,DOWN_EXPANSION_CONFIRMED,21.83,29.76,19.05,13.1,False,False,80.95,False,23.254,20.74,2.262,4.35,18.74,-3.62,3.42,-5.1,1.39,3.66,600,6616036.99,23.254,-14.08,23.18,-13.81,2.32,75.0,False,ALREADY_EXPANDING|BELOW_SMA50|NOT_NEAR_UNBROKEN_PIVOT,753
AA,2026-10-01,42.06,61.75,COMPRESSED,NEAR_LOWER_EDGE,NONE,0.4,15.08,67.46,76.98,True,False,34.13,False,47.49,41.47,0.964,3.93,28.91,-17.61,-13.13,-11.68,3.25,3.82,999,173506488.14,53.17,-20.9,84.2166,-50.06,-16.27,26.0,False,BELOW_SMA50|NOT_NEAR_UNBROKEN_PIVOT|WEAK_RS,753
DOLE,2026-10-01,12.64,61.72,COMPRESSED,NEAR_LOWER_EDGE,NONE,3.17,20.24,64.29,61.9,False,False,23.02,True,13.29,12.71,0.684,2.02,11.55,-9.52,-9.52,-5.88,1.28,6.29,270,12326627.98,14.0494,-10.03,15.5367,-18.64,-12.1,37.0,False,BELOW_SMA50|NOT_NEAR_UNBROKEN_PIVOT|WEAK_RS,753
CVLT,2026-10-01,147.77,61.67,COMPRESSED,INSIDE_COIL,NONE,37.3,20.63,49.21,37.7,False,False,8.33,False,151.62,141.0,0.991,3.92,14.97,12.32,0.58,7.11,1.79,15.05,46,84983066.69,151.62,-2.54,154.83,-4.56,-4.31,59.0,False,POST_GAP_COIL|WEAK_RS,753
PSLV,2026-10-01,19.6,61.66,COMPRESSED,NEAR_LOWER_EDGE,NONE,31.75,30.56,20.63,43.25,False,False,48.41,True,22.03,19.25,0.63,3.27,16.17,-8.2,4.98,-5.88,5.0,5.0,135,134546981.94,22.42,-12.58,29.01,-32.44,-2.06,66.0,False,BELOW_SMA50|NOT_NEAR_UNBROKEN_PIVOT|WEAK_RS,753
CNQ,2026-10-01,47.79,61.61,COMPRESSED,INSIDE_COIL,NONE,13.1,33.33,40.87,57.94,False,True,34.92,False,50.65,46.58,1.319,2.45,11.02,-6.93,13.64,-1.0,2.04,3.85,999,338117165.15,51.8446,-7.82,51.5571,-7.31,18.81,91.0,False,NOT_NEAR_UNBROKEN_PIVOT,753
PECO,2026-10-01,37.49,61.61,COMPRESSED,NEAR_UPPER_EDGE,NONE,2.38,41.27,61.11,44.44,False,False,5.16,False,38.09,36.6,1.227,1.64,7.71,-4.1,-9.92,-4.89,0.77,3.21,999,42230771.78,39.4914,-5.07,44.1242,-15.04,-12.96,35.0,False,BELOW_SMA50|NOT_NEAR_UNBROKEN_PIVOT|WEAK_RS,753
ATEX,2026-10-01,82.48,61.61,COMPRESSED,INSIDE_COIL,NONE,35.71,58.73,24.6,5.56,False,False,25.0,False,86.43,75.5,2.051,5.74,17.76,-4.77,-21.39,-6.75,3.91,3.91,411,24603273.2,92.955,-11.27,113.0,-27.01,-24.39,12.0,False,BELOW_SMA50|NOT_NEAR_UNBROKEN_PIVOT|WEAK_RS,753
CATY,2026-10-01,60.08,61.55,COMPRESSED,NEAR_LOWER_EDGE,NONE,5.16,17.86,32.94,52.78,False,False,62.3,False,62.72,59.18,1.71,1.86,8.14,-3.1,0.25,-3.43,1.08,1.21,999,30614342.48,63.18,-4.91,64.8608,-7.37,-5.82,55.0,False,BELOW_SMA50|WEAK_RS,753
ENTG,2026-10-01,158.48,61.53,COMPRESSED,NEAR_UPPER_EDGE,NONE,19.84,15.48,43.65,53.17,False,False,31.35,False,156.65,132.54,1.04,4.16,21.59,20.69,14.34,12.48,7.82,9.8,178,284146742.39,156.65,1.17,186.7818,-15.15,5.32,79.0,False,RECENT_SURGE|EXTENDED_FROM_SMA50|NOT_NEAR_UNBROKEN_PIVOT,753
AVTX,2026-10-01,14.95,61.51,COMPRESSED,INSIDE_COIL,NONE,14.29,13.1,55.56,63.89,False,False,15.48,False,17.19,14.58,0.929,6.44,39.53,-22.7,-22.18,-17.92,3.17,5.15,102,19342609.59,20.49,-27.04,24.27,-38.4,-23.48,14.0,False,BELOW_SMA50|NOT_NEAR_UNBROKEN_PIVOT|WEAK_RS,753
PFS,2026-10-01,22.35,61.45,COMPRESSED,NEAR_LOWER_EDGE,NONE,2.38,12.7,39.29,60.71,False,False,57.14,False,23.46,22.0,1.944,1.92,9.71,-4.45,-1.84,-5.35,1.03,2.41,999,20290382.2,23.83,-6.21,25.2454,-11.47,-6.97,52.0,False,BELOW_SMA50|NOT_NEAR_UNBROKEN_PIVOT|WEAK_RS,753
LPL,2026-10-01,3.03,61.43,COMPRESSED,NEAR_UPPER_EDGE,NONE,40.08,42.06,33.33,27.78,False,False,8.73,False,3.08,2.87,1.2,3.97,16.5,-7.06,-20.68,-4.98,3.44,6.19,91,7116570.85,3.37,-10.09,5.83,-48.03,-18.43,22.0,False,BELOW_SMA50|NOT_NEAR_UNBROKEN_PIVOT|LOW_LIQUIDITY|WEAK_RS,753
IBKR,2026-10-01,85.81,61.41,COMPRESSED,NEAR_LOWER_EDGE,NONE,5.95,23.02,19.05,62.7,False,False,63.89,False,93.94,85.39,1.789,3.25,12.05,-3.71,-8.04,-5.36,2.28,2.93,999,340911858.42,93.94,-8.65,98.6607,-13.03,-8.79,47.0,False,BELOW_SMA50|NOT_NEAR_UNBROKEN_PIVOT|WEAK_RS,753
UDR,2026-10-01,33.68,61.41,COMPRESSED,NEAR_LOWER_EDGE,NONE,4.76,10.71,76.59,65.08,False,False,2.78,False,34.7,33.35,0.847,1.7,10.65,-7.57,-14.46,-7.66,0.66,2.01,999,148849797.08,36.9977,-8.97,41.519,-18.88,-19.92,19.0,False,BELOW_SMA50|NOT_NEAR_UNBROKEN_PIVOT|WEAK_RS,753
BHP,2026-10-01,84.65,61.37,COMPRESSED,INSIDE_COIL,NONE,28.57,47.22,31.35,30.56,False,False,17.46,False,88.31,82.93,1.232,2.57,12.62,-7.42,10.47,-3.21,4.85,4.85,999,231487654.26,93.61,-9.57,96.6019,-12.37,0.97,73.0,False,BELOW_SMA50|NOT_NEAR_UNBROKEN_PIVOT,753
SE,2026-10-01,95.27,61.37,COMPRESSED,RANGE_EXIT_CONFIRMED,DOWN_EXPANSION_CONFIRMED,4.37,8.33,56.35,69.05,False,False,29.76,False,105.39,96.365,1.679,3.64,22.25,-15.55,-9.53,-13.67,2.67,11.39,36,384891394.68,114.9,-17.08,131.94,-27.79,-10.61,42.0,False,ALREADY_EXPANDING|POST_GAP_COIL|BELOW_SMA50|NOT_NEAR_UNBROKEN_PIVOT|WEAK_RS,753
GPN,2026-10-01,80.29,61.31,COMPRESSED,RANGE_EXIT_CONFIRMED,DOWN_EXPANSION_CONFIRMED,12.7,33.33,42.06,52.38,False,False,21.43,False,87.41,81.36,1.362,3.15,18.61,-13.24,10.28,-8.6,2.05,3.96,156,211580704.51,94.9113,-15.41,95.6093,-16.02,-0.43,70.0,False,ALREADY_EXPANDING|BELOW_SMA50|NOT_NEAR_UNBROKEN_PIVOT,753
MANE,2026-10-01,117.22,61.29,COMPRESSED,INSIDE_COIL,NONE,13.7,5.88,55.78,66.05,False,False,24.84,False,122.44,102.83,1.367,5.27,24.24,19.05,-0.87,9.16,3.07,7.79,109,83088734.84,122.44,-4.26,131.24,-10.68,-12.48,36.0,False,RECENT_SURGE|WEAK_RS,166
HCI,2026-10-01,181.39,61.27,COMPRESSED,INSIDE_COIL,NONE,10.32,8.73,46.03,64.68,False,False,40.08,False,189.31,173.09,2.547,2.51,11.13,-3.19,1.4,-0.72,2.37,4.48,643,32500188.67,193.28,-6.15,198.5427,-8.64,-3.3,62.0,False,NOT_NEAR_UNBROKEN_PIVOT|WEAK_RS,753
PLGO,2026-10-01,24.35,61.21,COMPRESSED,NEAR_UPPER_EDGE,NONE,37.7,18.25,56.75,40.48,False,False,1.19,False,24.42,23.44,2.143,2.1,9.39,-1.82,-1.5,-0.29,1.36,13.32,34,11759518.03,25.726,-5.35,26.1832,-7.0,-7.0,52.0,False,POST_GAP_COIL|NOT_NEAR_UNBROKEN_PIVOT|WEAK_RS,753
AMTM,2026-10-01,18.48,61.19,COMPRESSED,INSIDE_COIL,NONE,10.32,9.92,33.33,60.32,False,False,60.32,False,20.33,17.89,1.588,3.37,13.58,-7.14,-11.49,-11.48,1.23,5.07,212,33609144.77,20.4,-9.41,28.54,-35.25,-15.83,28.0,False,BELOW_SMA50|NOT_NEAR_UNBROKEN_PIVOT|WEAK_RS,507
FLNC,2026-10-01,7.57,61.19,COMPRESSED,INSIDE_COIL,NONE,28.97,11.51,69.44,65.08,False,True,0.4,False,8.055,7.01,0.93,8.22,57.6,-28.31,-50.65,-30.95,20.11,20.11,10,73559233.74,11.37,-33.42,29.97,-74.74,-58.3,1.0,False,POST_GAP_COIL|BELOW_SMA50|NOT_NEAR_UNBROKEN_PIVOT|WEAK_RS,753
CCC,2026-10-01,6.62,61.13,COMPRESSED,INSIDE_COIL,NONE,45.63,43.25,32.54,10.71,False,False,19.84,False,7.04,6.24,1.169,4.68,19.64,-7.8,21.92,-2.6,2.46,10.59,58,86604853.0,7.54,-12.2,7.68,-13.8,15.8,90.0,False,POST_GAP_COIL|NOT_NEAR_UNBROKEN_PIVOT,753
CRDO,2026-10-01,210.17,61.13,COMPRESSED,INSIDE_COIL,NONE,13.89,5.16,64.29,65.48,False,False,15.87,False,214.87,163.52,1.568,6.52,31.27,27.21,-18.76,0.84,5.68,8.71,118,1601011763.17,214.87,-2.19,308.67,-31.91,-15.95,27.0,False,RECENT_SURGE|WEAK_RS,753
SMR,2026-10-01,7.79,61.11,COMPRESSED,NEAR_LOWER_EDGE,NONE,44.44,7.54,64.68,69.05,True,False,14.68,True,9.255,7.75,0.732,7.6,46.47,-18.51,-11.07,-13.74,5.39,5.39,186,335772607.63,11.37,-31.49,14.3,-45.52,-23.02,14.0,False,BELOW_SMA50|NOT_NEAR_UNBROKEN_PIVOT|WEAK_RS,753
ADPT,2026-10-01,27.37,61.07,COMPRESSED,INSIDE_COIL,NONE,17.46,9.92,64.29,56.75,False,False,13.89,False,29.96,26.733,1.438,4.65,23.49,10.99,35.76,7.46,2.7,4.62,181,68463039.75,29.96,-8.64,26.87,1.86,26.33,94.0,False,EXTENDED_60D_RUN|NOT_NEAR_UNBROKEN_PIVOT,753
SUPN,2026-10-01,42.18,61.07,COMPRESSED,NEAR_LOWER_EDGE,NONE,50.4,43.65,22.62,15.48,False,False,21.83,False,44.93,41.46,1.252,3.42,10.48,-4.2,-16.38,-5.9,1.25,13.04,42,26824493.36,45.05,-6.37,52.96,-20.35,-15.05,29.0,False,POST_GAP_COIL|BELOW_SMA50|NOT_NEAR_UNBROKEN_PIVOT|WEAK_RS,753
TRIP,2026-10-01,8.38,61.05,COMPRESSED,INSIDE_COIL,NONE,16.27,36.9,32.94,40.87,False,False,37.3,False,9.18,8.02,0.929,4.67,22.08,-12.8,-36.56,-19.73,2.61,21.8,39,40294731.42,9.87,-15.1,15.15,-44.69,-44.19,2.0,False,POST_GAP_COIL|BELOW_SMA50|NOT_NEAR_UNBROKEN_PIVOT|WEAK_RS,753
HXL,2026-10-01,86.74,61.03,COMPRESSED,INSIDE_COIL,NONE,15.48,25.79,44.05,56.35,False,False,23.02,False,92.47,82.69,1.621,2.8,12.17,-5.46,-11.81,-9.29,2.63,2.63,621,78916099.25,93.76,-7.49,111.5455,-22.24,-15.34,29.0,False,BELOW_SMA50|NOT_NEAR_UNBROKEN_PIVOT|WEAK_RS,753
DIS,2026-10-01,101.33,61.01,COMPRESSED,RANGE_EXIT_CONFIRMED,DOWN_EXPANSION_CONFIRMED,45.63,42.46,21.43,19.44,False,False,27.78,False,107.71,102.37,2.219,2.14,8.16,-6.16,4.79,-2.67,0.97,3.88,352,907418442.19,109.42,-7.39,111.87,-9.42,-0.99,69.0,False,ALREADY_EXPANDING|NOT_NEAR_UNBROKEN_PIVOT|WEAK_RS,753
GOOG,2026-10-01,334.93,61.01,COMPRESSED,NEAR_LOWER_EDGE,NONE,41.27,53.97,9.52,7.14,False,False,46.43,False,359.98,332.81,3.066,2.65,10.26,0.41,-6.57,-1.84,2.19,5.93,609,5994032077.08,359.98,-6.96,403.9645,-17.09,-8.74,47.0,False,NOT_NEAR_UNBROKEN_PIVOT|WEAK_RS,753
STAG,2026-10-01,35.72,61.01,COMPRESSED,NEAR_LOWER_EDGE,NONE,20.24,27.78,23.02,50.0,False,False,61.9,True,37.5508,35.8,0.634,1.64,6.19,-3.55,-6.48,-3.67,0.85,1.52,999,61084874.4,37.6003,-5.0,42.1618,-15.28,-10.65,42.0,False,BELOW_SMA50|WEAK_RS,753
NGL-PB,2026-10-01,25.46,60.99,COMPRESSED,NEAR_UPPER_EDGE,NONE,55.16,31.35,12.7,7.54,False,False,53.57,False,25.5295,24.8,6.36,0.9,2.86,1.08,3.02,1.68,1.54,1.77,999,764644.05,25.5295,-0.27,25.617,-0.61,0.84,73.0,False,LOW_LIQUIDITY,753
SDRL,2026-10-01,45.06,60.95,COMPRESSED,NEAR_LOWER_EDGE,NONE,10.71,16.67,41.67,70.63,False,False,30.95,False,48.718,44.2,1.481,3.73,16.11,-10.75,10.39,-2.68,2.19,7.75,999,28665595.7,51.075,-11.78,55.47,-18.77,10.18,85.0,False,NOT_NEAR_UNBROKEN_PIVOT,753
IHG,2026-10-01,161.44,60.95,COMPRESSED,NEAR_UPPER_EDGE,NONE,7.54,7.94,40.48,58.33,False,False,60.71,False,163.62,151.91,1.262,1.68,7.25,0.58,-0.84,1.96,2.0,3.48,999,25354286.45,163.62,-1.33,175.1798,-7.84,-7.45,51.0,False,WEAK_RS,753
UEC,2026-10-01,9.36,60.95,COMPRESSED,INSIDE_COIL,NONE,0.4,20.24,63.89,73.02,False,False,7.94,False,10.43,8.98,0.661,6.34,35.04,-19.45,-5.74,-13.32,7.6,7.6,218,95039445.97,12.26,-23.65,16.83,-44.39,-15.93,27.0,False,BELOW_SMA50|NOT_NEAR_UNBROKEN_PIVOT|WEAK_RS,753
ERO,2026-10-01,35.75,60.93,COMPRESSED,INSIDE_COIL,NONE,48.81,51.59,15.48,19.44,False,False,19.84,False,38.7,33.0,0.883,5.32,21.59,2.85,49.96,4.73,6.54,6.54,999,47332810.27,39.36,-9.17,40.83,-12.44,33.56,95.0,False,EXTENDED_60D_RUN|NOT_NEAR_UNBROKEN_PIVOT,753
FTRE,2026-10-01,19.4,60.93,COMPRESSED,NEAR_LOWER_EDGE,NONE,33.33,11.9,63.49,45.24,False,False,3.57,False,21.11,19.25,0.938,5.18,25.97,5.66,13.98,3.18,2.56,5.47,103,29067041.36,21.11,-8.1,21.39,-9.3,9.43,85.0,False,NOT_NEAR_UNBROKEN_PIVOT,753
BNT,2026-10-01,36.35,60.92,COMPRESSED,NEAR_LOWER_EDGE,NONE,3.17,12.7,78.17,75.0,True,True,46.83,False,38.66,36.04,2.287,2.01,15.39,-8.64,-15.05,-10.79,3.37,3.37,999,747218.49,41.3241,-12.04,48.3758,-24.86,-18.77,21.0,False,BELOW_SMA50|NOT_NEAR_UNBROKEN_PIVOT|LOW_LIQUIDITY|WEAK_RS,753
HTO,2026-10-01,60.2,60.89,COMPRESSED,RANGE_EXIT_CONFIRMED,DOWN_EXPANSION_CONFIRMED,5.95,23.81,35.71,63.1,False,False,43.65,False,63.42,60.5,1.608,2.17,9.12,-5.12,-1.15,-4.19,0.98,1.42,999,29784922.41,65.19,-7.65,66.6189,-9.64,-5.71,56.0,False,ALREADY_EXPANDING|BELOW_SMA50|NOT_NEAR_UNBROKEN_PIVOT|WEAK_RS,753
WMG,2026-10-01,27.05,60.89,COMPRESSED,INSIDE_COIL,NONE,38.49,47.22,23.81,36.11,False,False,11.9,False,28.56,26.45,1.932,3.21,11.9,-4.59,-5.68,-0.79,2.26,5.05,999,60583360.82,29.67,-8.83,34.9672,-22.64,-6.48,54.0,False,NOT_NEAR_UNBROKEN_PIVOT|WEAK_RS,753
LOB,2026-10-01,36.39,60.85,COMPRESSED,NEAR_LOWER_EDGE,NONE,0.4,7.14,48.02,66.27,False,False,53.97,False,38.67,36.115,1.354,2.44,13.63,-7.9,-9.79,-9.78,1.53,1.53,999,8254657.04,40.28,-9.66,44.4961,-18.22,-14.12,31.0,False,BELOW_SMA50|NOT_NEAR_UNBROKEN_PIVOT|WEAK_RS,753
SIMO,2026-10-01,275.24,60.79,TIGHTENING,NO_EDGE,NONE,75.79,40.48,50.0,35.71,True,True,3.97,True,287.37,245.0,0.816,5.75,23.25,13.5,-11.97,7.37,5.81,23.99,44,197544026.94,291.16,-5.47,354.2804,-22.31,-11.12,40.0,False,NOT_COMPRESSED|POST_GAP_COIL|NOT_NEAR_UNBROKEN_PIVOT|WEAK_RS,753
TSN,2026-10-01,50.47,60.78,TIGHTENING,NO_EDGE,NONE,63.1,37.3,14.29,49.6,True,True,45.63,False,53.41,50.5,0.805,2.19,8.48,-9.57,-12.62,-8.37,6.54,6.54,999,206035355.57,56.54,-10.74,68.262,-26.06,-16.33,26.0,False,NOT_COMPRESSED|BELOW_SMA50|NOT_NEAR_UNBROKEN_PIVOT|WEAK_RS,753
REYN,2026-10-01,21.94,60.75,COMPRESSED,INSIDE_COIL,NONE,48.02,70.24,4.76,0.79,False,False,30.16,False,22.8,21.415,1.0,2.51,7.0,-2.62,-13.84,-8.18,1.58,4.22,999,35731766.38,22.865,-4.05,27.0806,-18.98,-21.4,16.0,False,BELOW_SMA50|WEAK_RS,753
UE,2026-10-01,19.56,60.71,COMPRESSED,NEAR_LOWER_EDGE,NONE,0.79,11.11,61.9,64.29,False,False,32.54,False,20.3,19.53,0.931,1.7,10.2,-7.27,-13.67,-7.4,1.5,1.95,999,17743484.75,21.3202,-8.26,23.6759,-17.38,-16.76,25.0,False,BELOW_SMA50|NOT_NEAR_UNBROKEN_PIVOT|WEAK_RS,753
GLW,2026-10-01,160.42,60.69,COMPRESSED,NEAR_UPPER_EDGE,NONE,61.9,43.25,33.33,4.37,False,False,6.35,False,161.39,147.37,1.316,5.16,19.98,11.3,-12.67,5.1,9.47,15.07,46,1301819711.61,171.3,-6.35,271.2692,-40.86,-21.16,17.0,False,POST_GAP_COIL|NOT_NEAR_UNBROKEN_PIVOT|WEAK_RS,753
SANA,2026-10-01,2.89,60.68,TIGHTENING,NO_EDGE,NONE,44.84,36.9,55.16,49.21,True,True,17.06,False,3.36,2.855,1.212,7.18,38.41,-25.71,-27.39,-15.88,5.48,5.48,118,12832552.18,4.08,-29.17,4.215,-31.44,-30.76,7.0,False,NOT_COMPRESSED|BELOW_SMA50|NOT_NEAR_UNBROKEN_PIVOT|LOW_LIQUIDITY|WEAK_RS,753
APLE,2026-10-01,16.37,60.67,COMPRESSED,RANGE_EXIT_CONFIRMED,UP_EXPANSION_CONFIRMED,1.19,3.57,51.98,73.41,False,False,46.43,False,16.36,15.3193,1.22,1.87,8.15,4.45,3.37,2.52,1.35,2.9,999,40573285.75,16.36,0.06,17.1119,-4.34,-3.01,63.0,False,ALREADY_EXPANDING|WEAK_RS,753
GPC,2026-10-01,125.12,60.63,COMPRESSED,NEAR_LOWER_EDGE,NONE,11.9,39.68,41.67,49.6,False,False,21.83,False,132.85,125.57,1.167,2.41,11.41,-8.06,1.09,-4.65,1.95,6.05,486,123725556.92,138.2,-9.46,138.8095,-9.86,-7.72,50.0,False,BELOW_SMA50|NOT_NEAR_UNBROKEN_PIVOT|WEAK_RS,753
KBH,2026-10-01,46.54,60.6,COMPRESSED,NEAR_LOWER_EDGE,NONE,15.08,51.19,30.56,38.1,False,True,48.81,False,50.25,46.43,1.344,3.4,18.65,-10.64,-17.06,-12.16,3.2,3.2,195,88076684.1,53.6,-13.17,63.3602,-26.55,-26.41,10.0,False,BELOW_SMA50|NOT_NEAR_UNBROKEN_PIVOT|WEAK_RS,753
VTOL,2026-10-01,40.3,60.58,TIGHTENING,NO_EDGE,NONE,6.35,44.44,36.9,47.62,False,True,51.59,False,43.38,40.09,0.85,3.09,14.29,-10.82,-7.83,-8.92,1.17,4.92,539,12618873.5,45.95,-12.3,50.0972,-19.56,-5.25,57.0,False,NOT_COMPRESSED|BELOW_SMA50|NOT_NEAR_UNBROKEN_PIVOT|WEAK_RS,753
PRAX,2026-10-01,286.91,60.56,COMPRESSED,INSIDE_COIL,NONE,3.17,4.76,66.67,72.22,False,False,24.6,False,318.0,275.89,0.973,5.3,30.41,-19.75,-13.84,-13.99,2.72,9.79,190,135050542.79,365.71,-21.55,392.7,-26.94,-12.76,35.0,False,BELOW_SMA50|NOT_NEAR_UNBROKEN_PIVOT|WEAK_RS,753
HEI,2026-10-01,306.39,60.54,COMPRESSED,NEAR_UPPER_EDGE,NONE,48.41,38.49,35.71,10.32,False,False,22.62,False,312.62,293.57,1.166,2.57,11.08,-5.11,-11.9,-8.94,1.97,5.4,87,148669422.3,327.51,-6.45,376.86,-18.7,-18.22,22.0,False,BELOW_SMA50|NOT_NEAR_UNBROKEN_PIVOT|WEAK_RS,753
HUT,2026-10-01,86.36,60.53,COMPRESSED,NEAR_LOWER_EDGE,NONE,20.63,35.32,18.65,48.41,False,False,61.9,True,110.69,85.73,0.668,8.49,36.57,7.04,-18.61,-6.6,7.44,11.36,44,433530795.56,110.69,-21.98,140.8,-38.66,-13.93,32.0,False,POST_GAP_COIL|BELOW_SMA50|NOT_NEAR_UNBROKEN_PIVOT|WEAK_RS,753
SENEA,2026-10-01,177.03,60.5,COMPRESSED,NEAR_LOWER_EDGE,NONE,50.4,25.4,39.29,34.52,False,False,8.73,False,187.96,177.87,0.89,3.49,20.19,-14.6,-0.41,-3.96,1.29,2.13,999,18035816.39,210.0,-15.7,204.48,-13.42,-6.61,53.0,False,BELOW_SMA50|NOT_NEAR_UNBROKEN_PIVOT|WEAK_RS,753
TTI,2026-10-01,5.83,60.5,COMPRESSED,NEAR_LOWER_EDGE,NONE,10.71,15.48,62.7,68.65,False,False,9.52,False,6.45,5.77,1.211,4.63,27.79,-12.07,-37.51,-18.8,2.26,6.46,83,12213207.85,7.26,-19.7,11.58,-49.65,-40.15,2.0,False,BELOW_SMA50|NOT_NEAR_UNBROKEN_PIVOT|WEAK_RS,753
LNG,2026-10-01,272.4,60.48,COMPRESSED,INSIDE_COIL,NONE,50.4,44.05,25.79,24.21,False,False,12.3,False,281.0,264.36,1.332,2.61,11.7,-7.93,4.62,0.15,3.88,5.03,999,615308072.32,297.92,-8.57,299.18,-8.95,8.15,83.0,False,NOT_NEAR_UNBROKEN_PIVOT,753
ELE,2026-10-01,18.37,60.48,COMPRESSED,NEAR_LOWER_EDGE,NONE,7.14,34.13,9.92,61.51,False,False,67.06,False,22.4657,19.1,0.948,5.3,22.46,-13.66,17.56,-7.45,4.68,5.72,510,9794206.21,22.4657,-18.23,22.8501,-19.61,4.69,78.0,False,BELOW_SMA50|NOT_NEAR_UNBROKEN_PIVOT,753
VG,2026-10-01,12.77,60.46,COMPRESSED,INSIDE_COIL,NONE,4.37,11.11,57.54,69.84,False,False,29.76,False,14.61,12.34,0.841,5.11,30.68,-13.08,3.42,-7.89,2.56,7.78,122,206804530.97,16.2573,-21.45,16.8126,-24.05,12.2,87.0,False,BELOW_SMA50|NOT_NEAR_UNBROKEN_PIVOT,424
BFAM,2026-10-01,64.83,60.44,COMPRESSED,INSIDE_COIL,NONE,57.54,54.76,32.94,41.67,True,True,15.08,False,68.32,62.99,1.431,3.48,16.46,-9.9,-13.66,-8.78,2.63,2.63,293,67141171.7,73.66,-11.99,86.69,-25.22,-16.56,26.0,False,BELOW_SMA50|NOT_NEAR_UNBROKEN_PIVOT|WEAK_RS,753
GEF,2026-10-01,81.56,60.38,COMPRESSED,INSIDE_COIL,NONE,11.51,51.19,16.67,33.73,False,False,57.94,False,85.39,79.54,2.167,2.53,8.99,-3.97,14.72,-3.08,1.3,3.8,999,32775074.82,85.6943,-4.82,89.8926,-9.27,6.47,81.0,False,BELOW_SMA50,753
BTDR,2026-10-01,10.64,60.36,COMPRESSED,NEAR_LOWER_EDGE,NONE,24.21,28.17,10.71,46.03,False,False,67.46,False,13.658,10.45,0.941,8.18,33.82,-0.93,-15.29,-2.84,4.68,12.45,41,120478464.15,13.658,-22.1,20.72,-48.65,-26.01,11.0,False,POST_GAP_COIL|NOT_NEAR_UNBROKEN_PIVOT|WEAK_RS,753
NEO,2026-10-01,17.78,60.34,COMPRESSED,NEAR_LOWER_EDGE,NONE,28.97,47.22,36.11,18.65,False,False,29.37,False,20.05,18.27,1.159,4.8,17.89,2.18,24.86,3.85,1.6,15.37,45,39611502.7,20.05,-11.32,19.76,-10.02,14.45,89.0,False,POST_GAP_COIL|NOT_NEAR_UNBROKEN_PIVOT,753
NBR,2026-10-01,79.83,60.34,COMPRESSED,INSIDE_COIL,NONE,0.79,6.75,60.71,80.56,False,False,26.19,False,88.07,76.17,1.167,4.29,25.79,-16.5,-1.1,-8.04,2.66,7.72,999,18558759.03,96.91,-17.62,112.9,-29.29,-0.3,70.0,False,BELOW_SMA50|NOT_NEAR_UNBROKEN_PIVOT,753
NFJ,2026-10-01,15.04,60.33,COMPRESSED,NEAR_LOWER_EDGE,NONE,41.67,36.11,30.56,37.7,False,False,28.97,True,15.38,14.9,0.684,1.21,3.62,-1.24,2.32,-0.87,1.06,1.06,999,4420696.24,15.444,-2.62,15.444,-2.62,-2.32,65.0,False,LOW_LIQUIDITY|WEAK_RS,753
UCTT,2026-10-01,78.64,60.32,COMPRESSED,INSIDE_COIL,NONE,23.81,28.97,36.11,53.97,False,False,25.4,False,82.57,67.2,1.202,5.65,25.29,19.03,-22.07,1.28,8.0,14.46,44,64758637.79,82.57,-4.76,144.22,-45.47,-28.98,8.0,False,POST_GAP_COIL|RECENT_SURGE|WEAK_RS,753
SBRA,2026-10-01,19.2,60.24,COMPRESSED,RANGE_EXIT_CONFIRMED,DOWN_EXPANSION_CONFIRMED,2.38,27.78,61.51,58.33,False,False,17.86,False,20.42,19.59,1.9,2.02,10.63,-7.96,-2.7,-6.33,0.73,1.99,999,50656068.93,21.19,-9.39,22.431,-14.4,-6.16,55.0,False,ALREADY_EXPANDING|BELOW_SMA50|NOT_NEAR_UNBROKEN_PIVOT|WEAK_RS,753
PLSE,2026-10-01,49.83,60.2,COMPRESSED,NEAR_LOWER_EDGE,NONE,54.37,71.43,14.29,21.43,True,False,23.81,False,56.74,48.92,0.992,6.97,22.48,-5.41,77.27,7.04,4.8,4.8,561,34385720.12,58.9,-15.4,54.39,-8.38,67.79,99.0,False,EXTENDED_60D_RUN|NOT_NEAR_UNBROKEN_PIVOT,753
BSY,2026-10-01,32.75,60.18,COMPRESSED,NEAR_UPPER_EDGE,NONE,47.22,37.7,37.7,11.51,False,False,23.81,False,33.05,30.36,0.972,3.63,18.49,-6.54,3.7,-4.16,2.94,5.6,999,89059881.89,36.4151,-10.06,38.3458,-14.59,-1.09,69.0,False,BELOW_SMA50|NOT_NEAR_UNBROKEN_PIVOT|WEAK_RS,753
AXTA,2026-10-01,31.85,60.18,COMPRESSED,NEAR_LOWER_EDGE,NONE,10.71,22.22,61.11,48.41,False,False,25.0,False,33.615,31.84,1.315,2.65,16.42,-11.01,-2.18,-9.04,3.33,4.65,122,68179173.72,36.43,-12.57,38.61,-17.51,-12.12,37.0,False,BELOW_SMA50|NOT_NEAR_UNBROKEN_PIVOT|WEAK_RS,753
KOF,2026-10-01,105.55,60.1,COMPRESSED,RANGE_EXIT_CONFIRMED,DOWN_EXPANSION_CONFIRMED,14.68,28.97,25.0,53.17,False,True,74.6,False,114.13,107.25,1.421,2.2,8.65,-6.01,2.08,-4.17,1.48,1.48,999,12541561.32,114.13,-7.52,117.09,-9.86,-3.47,61.0,False,ALREADY_EXPANDING|BELOW_SMA50|NOT_NEAR_UNBROKEN_PIVOT|WEAK_RS,753
CURB,2026-10-01,27.95,60.08,COMPRESSED,INSIDE_COIL,NONE,24.6,22.22,46.83,55.95,False,False,18.65,False,28.836,27.34,1.299,2.07,8.38,-4.49,-7.81,-5.05,0.93,2.19,501,43072159.11,29.6809,-5.83,31.9572,-12.54,-10.16,43.0,False,BELOW_SMA50|NOT_NEAR_UNBROKEN_PIVOT|WEAK_RS,505
MSM,2026-10-01,128.5,60.06,COMPRESSED,RANGE_EXIT_CONFIRMED,UP_EXPANSION_CONFIRMED,31.75,17.06,27.38,51.98,False,False,46.03,False,125.18,119.34,1.876,2.43,10.54,10.33,7.99,5.49,1.83,2.88,999,92001149.27,125.18,2.65,130.46,-1.5,2.59,75.0,False,ALREADY_EXPANDING|NOT_NEAR_UNBROKEN_PIVOT,753
FRO,2026-10-01,51.54,60.04,COMPRESSED,NEAR_UPPER_EDGE,NONE,8.33,32.94,67.86,33.33,False,True,40.87,False,52.48,46.68,1.589,3.33,20.51,21.12,43.04,22.21,3.43,3.47,999,190384291.39,52.48,-1.79,42.4316,21.47,46.86,98.0,False,RECENT_SURGE|EXTENDED_60D_RUN|EXTENDED_FROM_SMA50|DETACHED_FROM_PRIOR_STRUCTURE,753
SANM,2026-10-01,221.96,60.02,COMPRESSED,INSIDE_COIL,NONE,19.05,26.19,34.13,54.37,False,False,39.68,False,232.5,194.74,1.281,4.97,21.43,18.27,5.92,10.0,4.4,11.84,46,122504869.47,232.5,-4.53,288.68,-23.11,-1.84,66.0,False,POST_GAP_COIL|RECENT_SURGE|WEAK_RS,753
UHAL,2026-10-01,60.99,60.02,COMPRESSED,NEAR_LOWER_EDGE,NONE,30.95,7.54,43.25,53.97,False,False,36.9,False,64.49,60.11,1.547,2.22,13.74,-8.37,-6.26,-10.63,1.04,1.89,999,9274250.23,68.14,-10.49,76.45,-20.22,-12.59,36.0,False,BELOW_SMA50|NOT_NEAR_UNBROKEN_PIVOT|WEAK_RS,753
XPEV,2026-10-01,9.42,60.02,COMPRESSED,NEAR_LOWER_EDGE,NONE,5.16,2.78,42.86,78.17,False,False,53.97,False,10.84,9.435,1.186,3.49,19.0,-14.98,-29.01,-16.89,3.02,5.41,373,72437324.5,11.21,-15.97,18.49,-49.05,-30.82,6.0,False,BELOW_SMA50|NOT_NEAR_UNBROKEN_PIVOT|WEAK_RS,753
SNEX,2026-10-01,65.4,60.0,COMPRESSED,NEAR_LOWER_EDGE,NONE,14.29,58.33,13.1,37.3,False,False,48.41,False,71.07,64.37,1.428,4.0,12.55,-2.18,-17.45,-5.39,2.16,11.55,39,60922169.53,71.46,-8.48,94.66,-30.91,-21.46,16.0,False,POST_GAP_COIL|BELOW_SMA50|NOT_NEAR_UNBROKEN_PIVOT|WEAK_RS,753
LTM,2026-10-01,47.74,59.98,TIGHTENING,RANGE_EXIT_CONFIRMED,DOWN_EXPANSION_CONFIRMED,22.22,36.11,17.06,22.62,False,False,76.98,False,54.91,49.79,1.796,3.28,15.78,-6.81,-12.4,-8.44,3.29,3.86,999,35909379.33,54.91,-13.06,59.18,-19.33,-18.23,22.0,False,NOT_COMPRESSED|ALREADY_EXPANDING|BELOW_SMA50|NOT_NEAR_UNBROKEN_PIVOT|WEAK_RS,549
MTX,2026-10-01,65.18,59.94,TIGHTENING,RANGE_EXIT_CONFIRMED,DOWN_EXPANSION_CONFIRMED,5.16,11.51,58.33,65.48,False,False,34.92,False,71.65,65.39,1.477,2.49,13.13,-8.16,-9.55,-8.21,1.45,2.37,999,12349559.95,72.56,-10.17,84.0686,-22.47,-15.15,29.0,False,NOT_COMPRESSED|ALREADY_EXPANDING|BELOW_SMA50|NOT_NEAR_UNBROKEN_PIVOT|WEAK_RS,753
BMI,2026-10-01,128.37,59.88,TIGHTENING,NO_EDGE,NONE,29.76,30.16,30.56,36.11,False,False,44.05,False,134.75,123.3,1.422,3.33,11.03,-3.19,-10.85,-2.26,1.86,2.26,115,49444150.68,136.68,-6.08,161.384,-20.46,-14.55,30.0,False,NOT_COMPRESSED|NOT_NEAR_UNBROKEN_PIVOT|WEAK_RS,753
MDU,2026-10-01,18.47,59.86,TIGHTENING,NO_EDGE,NONE,7.54,52.78,59.13,39.68,False,False,1.98,False,18.87,18.25,1.0,2.07,9.32,-6.07,-10.67,-5.94,2.1,6.07,999,40895230.58,19.9612,-7.47,22.6588,-18.49,-12.98,35.0,False,NOT_COMPRESSED|BELOW_SMA50|NOT_NEAR_UNBROKEN_PIVOT|WEAK_RS,753
WCC,2026-10-01,371.28,59.84,TIGHTENING,NO_EDGE,NONE,28.57,18.25,36.11,49.6,False,False,40.87,False,371.4,335.69,2.444,3.27,13.16,11.7,17.61,6.02,3.99,8.61,106,172410192.34,371.4,-0.03,384.8099,-3.52,17.93,91.0,False,NOT_COMPRESSED,753
PBI,2026-10-01,16.61,59.84,TIGHTENING,NO_EDGE,NONE,1.98,34.52,39.29,53.57,False,False,46.43,False,17.47,16.03,2.387,2.95,10.23,-4.54,-3.49,-2.5,1.51,4.42,156,30243049.74,17.72,-6.26,18.9605,-12.4,-3.51,61.0,False,NOT_COMPRESSED|NOT_NEAR_UNBROKEN_PIVOT|WEAK_RS,753
AIT,2026-10-01,339.39,59.82,TIGHTENING,NO_EDGE,NONE,13.1,13.89,39.68,61.11,False,False,51.19,False,340.66,313.14,1.545,2.24,8.37,6.24,7.6,0.57,1.78,3.88,999,93179711.76,340.66,-0.37,374.2655,-9.32,-0.11,71.0,False,NOT_COMPRESSED,753
BTI,2026-10-01,53.19,59.78,TIGHTENING,RANGE_EXIT_CONFIRMED,DOWN_EXPANSION_CONFIRMED,29.76,47.22,19.05,34.13,False,False,39.29,False,56.52,54.32,1.568,1.97,8.22,-4.47,-12.15,-6.71,3.4,3.4,999,296457973.96,57.5,-7.5,66.3768,-19.87,-15.53,28.0,False,NOT_COMPRESSED|ALREADY_EXPANDING|BELOW_SMA50|NOT_NEAR_UNBROKEN_PIVOT|WEAK_RS,753
OPCH,2026-10-01,22.58,59.69,TIGHTENING,NO_EDGE,NONE,17.06,23.81,32.54,68.65,False,True,55.56,False,24.56,22.34,1.204,2.83,11.47,-5.32,5.17,-3.9,1.4,6.45,106,50793963.4,24.88,-9.24,29.8,-24.23,0.27,72.0,False,NOT_COMPRESSED|BELOW_SMA50|NOT_NEAR_UNBROKEN_PIVOT,753
AGI,2026-10-01,31.89,59.68,TIGHTENING,NO_EDGE,NONE,16.27,28.17,34.13,69.05,False,False,41.67,True,36.42,32.11,0.614,4.05,18.62,-11.64,9.22,-5.97,5.51,7.33,71,130197300.19,37.799,-15.63,50.2844,-36.58,-1.74,67.0,False,NOT_COMPRESSED|BELOW_SMA50|NOT_NEAR_UNBROKEN_PIVOT|WEAK_RS,753
GOOGL,2026-10-01,338.24,59.66,TIGHTENING,NO_EDGE,NONE,42.46,51.98,14.68,7.94,False,False,48.81,False,364.17,336.02,2.992,2.7,10.77,0.4,-6.48,-1.59,2.87,6.13,609,9331273689.82,364.17,-7.12,408.1038,-17.12,-8.79,47.0,False,NOT_COMPRESSED|NOT_NEAR_UNBROKEN_PIVOT|WEAK_RS,753
NWBI,2026-10-01,14.99,59.62,TIGHTENING,NO_EDGE,NONE,5.95,37.3,26.19,53.17,False,False,56.75,False,15.59,14.72,1.84,1.87,8.01,-2.85,2.71,-2.78,0.78,2.99,999,17671886.39,15.74,-4.76,15.9575,-6.06,-2.37,65.0,False,NOT_COMPRESSED|WEAK_RS,753
OMDA,2026-10-01,20.41,59.58,TIGHTENING,NO_EDGE,NONE,58.73,32.14,25.79,20.63,False,False,26.59,False,21.52,18.68,1.22,5.12,21.02,-12.44,-11.18,-6.24,1.8,5.96,999,31306186.23,23.73,-13.99,25.45,-19.8,-11.68,39.0,False,NOT_COMPRESSED|BELOW_SMA50|NOT_NEAR_UNBROKEN_PIVOT|WEAK_RS,332
EXP,2026-10-01,173.07,59.56,TIGHTENING,NO_EDGE,NONE,1.59,25.4,46.03,59.52,False,False,46.03,False,183.87,170.46,1.346,2.93,17.67,-10.97,-14.89,-11.9,1.86,2.31,592,83526134.43,197.9024,-12.55,245.1984,-29.42,-24.11,13.0,False,NOT_COMPRESSED|BELOW_SMA50|NOT_NEAR_UNBROKEN_PIVOT|WEAK_RS,753
UCB,2026-10-01,33.77,59.54,TIGHTENING,NO_EDGE,NONE,5.95,28.97,42.06,55.16,False,False,45.24,False,35.24,33.19,1.9,2.06,9.03,-2.72,-1.65,-3.53,1.22,2.04,999,29845721.23,35.69,-5.38,36.9068,-8.5,-6.98,52.0,False,NOT_COMPRESSED|BELOW_SMA50|NOT_NEAR_UNBROKEN_PIVOT|WEAK_RS,753
PURR,2026-10-01,12.03,59.51,TIGHTENING,NO_EDGE,NONE,43.62,28.72,26.98,50.49,False,False,33.67,True,14.76,11.83,0.596,8.57,35.04,6.27,54.63,20.72,7.72,8.68,74,306008355.55,14.76,-18.5,14.14,-14.92,46.61,98.0,False,NOT_COMPRESSED|EXTENDED_60D_RUN|EXTENDED_FROM_SMA50|NOT_NEAR_UNBROKEN_PIVOT,208
RHI,2026-10-01,37.79,59.5,TIGHTENING,NO_EDGE,NONE,44.84,25.4,48.02,30.56,False,False,15.08,False,37.99,35.4,2.061,3.91,22.81,-11.91,16.0,-5.86,2.68,5.64,168,68359323.48,44.02,-14.15,46.0893,-18.01,11.53,87.0,False,NOT_COMPRESSED|BELOW_SMA50|NOT_NEAR_UNBROKEN_PIVOT,753
MFG,2026-10-01,10.76,59.5,TIGHTENING,NO_EDGE,NONE,39.68,71.83,6.75,11.51,False,False,34.13,False,11.34,10.46,2.0,2.62,9.57,-2.8,5.18,0.35,4.36,4.94,374,38720991.52,11.49,-6.35,11.06,-2.71,5.42,79.0,False,NOT_COMPRESSED|NOT_NEAR_UNBROKEN_PIVOT,753
NSC,2026-10-01,310.26,59.49,TIGHTENING,NO_EDGE,NONE,18.25,34.92,51.59,53.17,False,True,30.56,False,319.89,308.44,1.835,1.7,8.6,-6.0,-2.42,-6.43,0.84,3.64,999,334192874.63,333.89,-7.08,357.1864,-13.14,-6.31,54.0,False,NOT_COMPRESSED|BELOW_SMA50|NOT_NEAR_UNBROKEN_PIVOT|WEAK_RS,753
RELX,2026-10-01,33.49,59.48,TIGHTENING,NO_EDGE,NONE,67.86,33.73,43.25,37.7,True,False,5.95,False,34.58,32.69,1.255,2.25,12.87,-4.72,5.31,-4.09,5.53,5.53,166,74550123.58,37.0,-9.49,38.2789,-12.51,2.88,75.0,False,NOT_COMPRESSED|BELOW_SMA50|NOT_NEAR_UNBROKEN_PIVOT,753
AKR,2026-10-01,18.68,59.48,TIGHTENING,NO_EDGE,NONE,2.78,18.25,63.1,66.67,False,False,24.6,False,19.4453,18.68,1.422,1.93,10.15,-7.42,-11.42,-8.28,2.02,2.71,999,25293772.17,20.3755,-8.32,22.7901,-18.03,-14.09,31.0,False,NOT_COMPRESSED|BELOW_SMA50|NOT_NEAR_UNBROKEN_PIVOT|WEAK_RS,753
STNE,2026-10-01,9.42,59.48,TIGHTENING,NO_EDGE,NONE,13.89,32.14,39.29,57.14,False,False,32.54,False,10.01,9.04,2.031,4.17,19.64,-9.16,-10.46,-6.11,3.47,3.47,147,46605652.53,10.8,-12.78,13.0609,-27.88,-18.5,22.0,False,NOT_COMPRESSED|BELOW_SMA50|NOT_NEAR_UNBROKEN_PIVOT|WEAK_RS,753
ACMR,2026-10-01,83.58,59.46,TIGHTENING,NO_EDGE,NONE,37.3,30.95,32.94,31.75,False,False,36.9,False,82.78,65.94,1.098,5.98,26.86,19.57,-14.78,9.05,6.15,17.18,38,83201194.06,82.78,0.97,127.19,-34.29,-17.35,24.0,False,NOT_COMPRESSED|POST_GAP_COIL|RECENT_SURGE|WEAK_RS,753
MNSO,2026-10-01,9.13,59.44,TIGHTENING,NO_EDGE,NONE,19.44,42.86,41.67,6.75,False,False,58.33,False,9.46,8.55,1.125,2.99,13.47,-5.09,-22.69,-14.0,2.92,10.84,22,8068963.47,9.78,-6.65,16.6403,-45.13,-24.93,12.0,False,NOT_COMPRESSED|POST_GAP_COIL|BELOW_SMA50|NOT_NEAR_UNBROKEN_PIVOT|WEAK_RS,753
PGEN,2026-10-01,8.21,59.38,TIGHTENING,NO_EDGE,NONE,9.92,8.33,48.81,60.32,False,False,54.37,False,8.98,7.19,1.047,5.33,29.72,17.12,47.66,17.82,4.94,7.5,96,37296069.5,8.98,-8.57,7.72,6.35,42.73,97.0,False,NOT_COMPRESSED|RECENT_SURGE|EXTENDED_60D_RUN|EXTENDED_FROM_SMA50|NOT_NEAR_UNBROKEN_PIVOT,753
SITM,2026-10-01,678.87,59.38,TIGHTENING,RANGE_EXIT_CONFIRMED,UP_EXPANSION_CONFIRMED,32.54,23.41,34.92,52.38,False,False,30.56,False,672.81,569.75,1.714,5.7,22.98,19.35,10.9,11.71,6.4,26.1,39,290152511.67,672.81,0.9,901.81,-24.72,10.0,85.0,False,NOT_COMPRESSED|ALREADY_EXPANDING|POST_GAP_COIL|RECENT_SURGE,753
SIGI,2026-10-01,84.9,59.35,TIGHTENING,NO_EDGE,NONE,6.75,8.73,61.9,74.6,False,False,26.59,False,88.9,83.22,1.314,2.12,12.37,-7.95,-12.06,-7.01,1.17,1.98,999,44325694.29,93.52,-9.22,99.9425,-15.05,-17.67,23.0,False,NOT_COMPRESSED|BELOW_SMA50|NOT_NEAR_UNBROKEN_PIVOT|WEAK_RS,753
KAI,2026-10-01,263.52,59.27,TIGHTENING,NO_EDGE,NONE,23.81,28.17,59.13,41.67,False,False,15.08,False,280.13,261.3,0.845,3.55,16.7,-10.7,-10.13,-12.19,2.0,2.05,408,46273051.12,302.14,-12.78,352.3179,-25.2,-17.45,24.0,False,NOT_COMPRESSED|BELOW_SMA50|NOT_NEAR_UNBROKEN_PIVOT|WEAK_RS,753
NN,2026-10-01,13.76,59.27,TIGHTENING,NO_EDGE,NONE,32.54,53.97,15.08,38.1,False,False,31.35,False,15.885,13.555,1.392,6.95,16.93,-10.36,-19.91,-10.43,1.97,3.17,83,35459502.86,15.885,-13.38,24.42,-43.65,-18.31,22.0,False,NOT_COMPRESSED|BELOW_SMA50|NOT_NEAR_UNBROKEN_PIVOT|WEAK_RS,753
SBET,2026-10-01,9.58,59.23,TIGHTENING,NO_EDGE,NONE,73.41,10.71,37.7,31.35,False,True,31.35,False,10.4,8.1,0.875,5.83,27.04,18.27,76.43,22.45,6.84,6.84,302,81579079.2,10.4,-7.88,9.06,5.74,77.58,99.0,False,NOT_COMPRESSED|RECENT_SURGE|EXTENDED_60D_RUN|EXTENDED_FROM_SMA50|NOT_NEAR_UNBROKEN_PIVOT,753
VTR,2026-10-01,83.73,59.23,TIGHTENING,NO_EDGE,NONE,7.14,50.4,46.43,55.56,False,True,30.95,False,88.0997,84.96,1.181,2.0,10.87,-8.5,-8.85,-7.44,1.02,1.46,999,330093538.01,92.4336,-9.42,100.9921,-17.09,-11.79,38.0,False,NOT_COMPRESSED|BELOW_SMA50|NOT_NEAR_UNBROKEN_PIVOT|WEAK_RS,753
TEL,2026-10-01,217.76,59.19,TIGHTENING,NO_EDGE,NONE,38.49,28.97,34.52,48.81,False,False,20.63,False,219.63,201.09,2.643,2.76,8.82,7.69,11.4,4.45,4.06,4.63,112,393465732.06,219.63,-0.85,250.609,-13.11,7.89,83.0,False,NOT_COMPRESSED,753
MH,2026-10-01,13.06,59.11,TIGHTENING,NO_EDGE,NONE,40.87,19.44,30.16,35.32,False,False,50.0,False,14.179,12.17,1.015,4.7,16.72,1.63,31.92,4.74,4.22,7.33,159,7970686.38,14.179,-7.89,14.97,-12.76,21.55,92.0,False,NOT_COMPRESSED|EXTENDED_60D_RUN|NOT_NEAR_UNBROKEN_PIVOT,300
WT,2026-10-01,24.03,59.09,TIGHTENING,NO_EDGE,NONE,39.68,46.83,24.6,11.51,False,False,46.43,False,24.86,22.03,1.828,3.75,17.94,1.22,28.68,5.49,2.19,3.12,999,69747224.88,25.91,-7.26,25.89,-7.18,30.55,95.0,False,NOT_COMPRESSED|NOT_NEAR_UNBROKEN_PIVOT,753
DEC,2026-10-01,13.43,59.05,TIGHTENING,NO_EDGE,NONE,7.94,7.94,79.37,76.19,False,False,3.17,False,14.23,13.27,0.943,2.92,19.81,-11.93,-1.77,-4.38,1.92,3.21,675,12905371.48,15.89,-15.48,16.8815,-20.45,-7.08,52.0,False,NOT_COMPRESSED|BELOW_SMA50|NOT_NEAR_UNBROKEN_PIVOT|WEAK_RS,711
HCA,2026-10-01,423.39,59.03,TIGHTENING,NO_EDGE,NONE,50.4,67.86,26.59,14.68,False,True,18.65,False,446.36,420.0,1.002,2.95,12.07,5.5,3.3,2.03,1.53,9.31,999,640451215.12,446.36,-5.15,510.175,-17.01,0.5,72.0,False,NOT_COMPRESSED|NOT_NEAR_UNBROKEN_PIVOT,753
WMT,2026-10-01,104.26,59.02,TIGHTENING,NO_EDGE,NONE,39.68,49.6,14.29,24.21,False,False,57.54,True,111.23,103.92,0.486,2.14,7.33,-1.72,-7.6,-4.19,0.9,6.93,999,2406936198.36,111.23,-6.27,134.8372,-22.68,-9.39,45.0,False,NOT_COMPRESSED|BELOW_SMA50|NOT_NEAR_UNBROKEN_PIVOT|WEAK_RS,753
EXLS,2026-10-01,36.48,59.01,TIGHTENING,RANGE_EXIT_CONFIRMED,UP_EXPANSION_CONFIRMED,50.0,33.73,25.4,21.83,False,False,39.29,False,35.98,34.05,3.342,2.8,10.75,-1.16,33.24,3.87,2.91,4.42,999,70292232.3,37.97,-3.92,38.86,-6.12,32.18,95.0,False,NOT_COMPRESSED|ALREADY_EXPANDING|EXTENDED_60D_RUN,753
INVX,2026-10-01,27.52,59.01,TIGHTENING,NO_EDGE,NONE,30.16,46.83,37.3,55.56,False,True,18.65,False,29.87,27.0,1.321,3.97,17.91,-11.65,9.51,-5.21,2.16,7.33,401,24627987.82,31.56,-12.8,33.71,-18.36,11.4,86.0,False,NOT_COMPRESSED|BELOW_SMA50|NOT_NEAR_UNBROKEN_PIVOT,753
GLBE,2026-10-01,40.21,59.01,TIGHTENING,NO_EDGE,NONE,22.22,8.73,55.56,48.02,False,False,43.25,False,42.39,36.88,0.723,3.57,17.07,3.63,11.76,2.05,1.54,2.95,156,62056926.46,42.39,-5.14,43.99,-8.59,6.28,81.0,False,NOT_COMPRESSED|NOT_NEAR_UNBROKEN_PIVOT,753
VNO,2026-10-01,33.56,58.99,TIGHTENING,RANGE_EXIT_CONFIRMED,DOWN_EXPANSION_CONFIRMED,15.48,42.86,23.81,37.7,False,False,59.52,False,36.42,33.79,1.256,3.03,12.34,-8.23,-11.82,-10.06,2.22,2.22,999,49371153.35,37.21,-9.81,41.6,-19.33,-20.13,18.0,False,NOT_COMPRESSED|ALREADY_EXPANDING|BELOW_SMA50|NOT_NEAR_UNBROKEN_PIVOT|WEAK_RS,753
CNOB,2026-10-01,30.34,58.97,TIGHTENING,NO_EDGE,NONE,3.17,14.29,44.84,73.02,False,False,50.79,False,31.96,29.84,1.945,2.04,10.02,-4.38,-2.81,-5.12,1.27,7.03,734,12179293.1,32.39,-6.33,33.9404,-10.61,-8.99,46.0,False,NOT_COMPRESSED|BELOW_SMA50|NOT_NEAR_UNBROKEN_PIVOT|WEAK_RS,753
PVLA,2026-10-01,132.73,58.95,TIGHTENING,RANGE_EXIT_CONFIRMED,DOWN_EXPANSION_CONFIRMED,8.73,7.54,35.71,75.4,False,False,62.3,False,160.84,136.18,1.238,5.14,21.99,-13.22,-8.58,-10.88,3.3,4.22,152,33759707.37,160.84,-17.48,161.38,-17.75,-12.39,37.0,False,NOT_COMPRESSED|ALREADY_EXPANDING|BELOW_SMA50|NOT_NEAR_UNBROKEN_PIVOT|WEAK_RS,753
KALU,2026-10-01,148.39,58.95,TIGHTENING,NO_EDGE,NONE,26.98,53.17,28.97,35.71,False,False,25.79,False,158.59,144.36,1.547,4.42,22.1,-8.73,-11.76,-8.48,3.27,4.61,155,33045701.15,173.12,-14.28,199.89,-25.76,-18.29,22.0,False,NOT_COMPRESSED|BELOW_SMA50|NOT_NEAR_UNBROKEN_PIVOT|WEAK_RS,753
GL,2026-10-01,165.83,58.93,TIGHTENING,NO_EDGE,NONE,5.95,29.37,48.02,71.83,True,False,57.54,False,174.46,164.62,1.776,1.94,7.88,-4.33,-6.35,-5.07,1.29,7.51,619,74536816.49,176.99,-6.31,191.55,-13.43,-10.79,41.0,False,NOT_COMPRESSED|BELOW_SMA50|NOT_NEAR_UNBROKEN_PIVOT|WEAK_RS,753
SXI,2026-10-01,285.12,58.91,TIGHTENING,RANGE_EXIT_CONFIRMED,UP_EXPANSION_CONFIRMED,28.17,21.43,40.08,40.87,False,False,46.83,False,282.53,254.27,2.593,3.34,11.55,2.59,-5.26,-3.04,2.81,6.5,999,37337514.14,287.47,-0.82,363.5236,-21.57,-15.79,28.0,False,NOT_COMPRESSED|ALREADY_EXPANDING|BELOW_SMA50|WEAK_RS,753
BTU,2026-10-01,24.74,58.89,TIGHTENING,NO_EDGE,NONE,37.3,28.57,59.13,70.24,True,True,23.81,False,27.96,24.13,1.122,4.83,25.55,-15.94,8.46,-4.05,1.7,7.83,371,67540139.17,30.235,-18.17,34.1863,-27.63,8.45,83.0,False,NOT_COMPRESSED|BELOW_SMA50|NOT_NEAR_UNBROKEN_PIVOT,753
SEB,2026-10-01,3951.3101,58.85,TIGHTENING,NO_EDGE,NONE,14.29,25.0,36.11,55.95,False,False,51.19,False,4371.0098,3899.95,0.645,3.47,13.52,-7.3,-12.75,-7.15,2.46,2.55,999,47363197.01,4412.3398,-10.45,5983.3442,-33.96,-11.68,39.0,False,NOT_COMPRESSED|BELOW_SMA50|NOT_NEAR_UNBROKEN_PIVOT|WEAK_RS,753
WSFS,2026-10-01,76.62,58.81,TIGHTENING,NO_EDGE,NONE,3.57,13.1,53.57,67.06,False,False,47.22,False,80.19,75.3,1.975,1.8,9.1,-2.53,2.02,-3.5,0.74,2.6,999,28802375.22,81.26,-5.71,82.7369,-7.39,-3.3,62.0,False,NOT_COMPRESSED|BELOW_SMA50|NOT_NEAR_UNBROKEN_PIVOT|WEAK_RS,753
JBTM,2026-10-01,106.86,58.81,TIGHTENING,NO_EDGE,NONE,17.06,34.13,35.71,50.4,False,False,41.67,False,114.74,105.29,1.224,3.16,13.88,-7.9,-23.01,-10.63,1.89,10.32,41,65100514.58,119.28,-10.41,149.4156,-28.48,-29.5,7.0,False,NOT_COMPRESSED|POST_GAP_COIL|BELOW_SMA50|NOT_NEAR_UNBROKEN_PIVOT|WEAK_RS,753
FFIN,2026-10-01,31.75,58.79,TIGHTENING,NO_EDGE,NONE,4.76,20.63,45.24,58.73,False,False,55.16,False,33.66,31.4,1.929,2.02,8.41,-3.79,-5.94,-5.42,1.62,1.62,999,27228938.53,33.72,-5.84,36.2777,-12.48,-11.2,40.0,False,NOT_COMPRESSED|BELOW_SMA50|NOT_NEAR_UNBROKEN_PIVOT|WEAK_RS,753
NHI,2026-10-01,65.08,58.77,TIGHTENING,NO_EDGE,NONE,7.14,13.49,63.49,70.24,False,False,25.79,False,69.0129,65.51,1.155,1.97,9.98,-7.69,-13.9,-8.43,0.97,1.55,999,27214771.23,71.5565,-9.05,84.5712,-23.05,-17.65,24.0,False,NOT_COMPRESSED|BELOW_SMA50|NOT_NEAR_UNBROKEN_PIVOT|WEAK_RS,753
AEIS,2026-10-01,294.11,58.71,TIGHTENING,RANGE_EXIT_CONFIRMED,UP_EXPANSION_CONFIRMED,43.25,36.51,35.32,25.4,False,False,29.76,False,287.97,251.0,1.786,4.66,18.11,9.66,0.2,1.63,7.0,13.8,41,140709536.03,294.65,-0.18,397.1782,-25.95,-8.31,49.0,False,NOT_COMPRESSED|ALREADY_EXPANDING|POST_GAP_COIL|WEAK_RS,753
MBIN,2026-10-01,49.52,58.69,TIGHTENING,NO_EDGE,NONE,12.3,22.22,42.06,63.89,False,True,62.7,False,53.22,48.51,1.306,2.77,14.04,-5.59,6.35,-6.07,1.12,5.43,999,12062230.86,54.965,-9.91,56.7523,-12.74,-1.19,68.0,False,NOT_COMPRESSED|BELOW_SMA50|NOT_NEAR_UNBROKEN_PIVOT|WEAK_RS,753
PLXS,2026-10-01,270.27,58.65,TIGHTENING,RANGE_EXIT_CONFIRMED,UP_EXPANSION_CONFIRMED,31.75,5.16,54.37,62.7,False,False,24.6,False,269.79,243.36,1.423,3.09,12.74,12.95,1.65,6.45,4.06,4.98,424,54150962.21,269.79,0.18,307.06,-11.98,-4.59,58.0,False,NOT_COMPRESSED|ALREADY_EXPANDING|WEAK_RS,753
AGYS,2026-10-01,100.31,58.65,TIGHTENING,NO_EDGE,NONE,20.63,28.57,51.59,62.3,False,False,12.3,False,106.5,93.57,1.07,3.98,23.89,-11.63,-5.63,-6.88,2.53,4.5,93,23372054.66,117.53,-14.65,121.59,-17.5,-12.31,37.0,False,NOT_COMPRESSED|BELOW_SMA50|NOT_NEAR_UNBROKEN_PIVOT|WEAK_RS,753
LIVN,2026-10-01,74.7,58.65,TIGHTENING,NO_EDGE,NONE,7.14,36.9,38.89,55.95,False,False,42.46,False,80.19,74.11,1.221,2.94,12.6,-9.34,-9.47,-5.79,1.33,6.38,352,52162890.37,83.52,-10.56,85.76,-12.9,-13.5,33.0,False,NOT_COMPRESSED|BELOW_SMA50|NOT_NEAR_UNBROKEN_PIVOT|WEAK_RS,753
ENPH,2026-10-01,32.82,58.59,TIGHTENING,NO_EDGE,NONE,19.05,21.83,42.06,60.32,False,False,38.49,False,36.75,30.54,1.099,5.43,27.42,-7.6,-23.71,-11.46,3.63,7.08,65,165110464.89,39.54,-17.0,73.74,-55.49,-26.63,10.0,False,NOT_COMPRESSED|BELOW_SMA50|NOT_NEAR_UNBROKEN_PIVOT|WEAK_RS,753
CHA,2026-10-01,11.14,58.56,TIGHTENING,NO_EDGE,NONE,49.21,12.7,38.89,55.56,False,True,39.68,False,12.5,11.1,2.417,4.0,14.36,-4.05,-2.19,-0.9,1.54,3.8,86,13866589.77,12.7,-12.28,13.4,-16.87,-1.65,67.0,False,NOT_COMPRESSED|NOT_NEAR_UNBROKEN_PIVOT|WEAK_RS,366
INCY,2026-10-01,117.14,58.55,TIGHTENING,RANGE_EXIT_CONFIRMED,DOWN_EXPANSION_CONFIRMED,19.84,33.73,25.4,43.65,False,False,60.71,False,128.72,121.03,1.359,2.91,11.1,-9.07,-0.1,-5.27,2.08,2.81,388,192913430.08,130.0,-9.89,132.6,-11.66,-2.59,64.0,False,NOT_COMPRESSED|ALREADY_EXPANDING|BELOW_SMA50|NOT_NEAR_UNBROKEN_PIVOT|WEAK_RS,753
SA,2026-10-01,27.25,58.53,TIGHTENING,NO_EDGE,NONE,9.92,39.29,23.02,59.52,False,False,53.97,False,32.75,28.22,0.954,5.58,22.02,-12.41,9.22,-10.11,5.68,7.44,999,14880496.82,33.15,-17.8,35.75,-23.78,-4.17,60.0,False,NOT_COMPRESSED|BELOW_SMA50|NOT_NEAR_UNBROKEN_PIVOT|WEAK_RS,753
AAP,2026-10-01,38.74,58.51,TIGHTENING,NO_EDGE,NONE,11.51,38.49,35.32,65.87,False,False,43.65,True,43.57,38.3,0.593,4.77,19.28,-9.49,-29.36,-19.39,2.58,16.61,29,74581298.08,45.52,-14.89,62.9127,-38.42,-39.59,2.0,False,NOT_COMPRESSED|POST_GAP_COIL|BELOW_SMA50|NOT_NEAR_UNBROKEN_PIVOT|WEAK_RS,753
AMBA,2026-10-01,70.3,58.5,TIGHTENING,NO_EDGE,NONE,42.06,51.98,23.41,35.71,False,True,37.7,False,74.99,63.65,0.543,5.72,24.0,4.71,-5.94,-2.56,5.25,5.4,86,134421274.08,74.99,-6.25,96.36,-27.04,-13.12,34.0,False,NOT_COMPRESSED|NOT_NEAR_UNBROKEN_PIVOT|WEAK_RS,753
WAT,2026-10-01,425.53,58.49,TIGHTENING,NO_EDGE,NONE,22.22,30.56,44.05,60.71,False,False,20.24,False,448.21,418.0,1.432,2.77,12.99,3.23,15.59,3.96,1.79,3.23,103,295155654.52,448.21,-5.06,426.22,-0.16,9.36,84.0,False,NOT_COMPRESSED|NOT_NEAR_UNBROKEN_PIVOT,753
SSB,2026-10-01,100.61,58.49,TIGHTENING,NO_EDGE,NONE,0.4,15.08,59.92,64.68,False,False,44.84,False,106.2,99.27,2.547,1.87,10.74,-5.34,3.7,-4.82,1.1,2.53,999,66494275.33,108.4,-7.19,112.2,-10.33,-1.77,67.0,False,NOT_COMPRESSED|BELOW_SMA50|NOT_NEAR_UNBROKEN_PIVOT|WEAK_RS,753
FRPT,2026-10-01,57.72,58.47,TIGHTENING,NO_EDGE,NONE,0.79,15.48,65.48,71.43,False,False,29.76,False,63.38,56.0,0.859,3.8,27.27,-18.43,6.4,-12.35,2.02,6.76,292,65520042.58,72.188,-20.04,77.13,-25.17,-0.46,70.0,False,NOT_COMPRESSED|BELOW_SMA50|NOT_NEAR_UNBROKEN_PIVOT,753
LOAR,2026-10-01,61.92,58.47,TIGHTENING,NO_EDGE,NONE,26.98,50.79,30.16,36.11,False,False,30.16,False,66.53,61.52,1.152,4.18,15.97,-8.59,-14.19,-10.82,2.55,6.99,999,47293974.35,70.07,-11.63,82.49,-24.94,-26.3,10.0,False,NOT_COMPRESSED|BELOW_SMA50|NOT_NEAR_UNBROKEN_PIVOT|WEAK_RS,611
BTSG,2026-10-01,57.26,58.43,TIGHTENING,NO_EDGE,NONE,36.11,33.73,53.17,46.03,False,False,0.4,False,60.0,54.87,0.961,3.54,14.25,-4.96,-18.78,-5.66,2.01,4.68,355,151178941.49,63.03,-9.15,73.75,-22.36,-19.88,19.0,False,NOT_COMPRESSED|BELOW_SMA50|NOT_NEAR_UNBROKEN_PIVOT|WEAK_RS,673
BKE,2026-10-01,42.69,58.41,TIGHTENING,NO_EDGE,NONE,11.11,10.32,51.98,54.37,False,False,58.33,False,43.91,39.7,1.082,2.47,10.68,-1.32,3.82,-0.98,1.69,2.03,999,21139414.26,44.0,-2.98,56.6295,-24.62,-0.81,69.0,False,NOT_COMPRESSED|WEAK_RS,753
UGP,2026-10-01,7.34,58.35,TIGHTENING,NO_EDGE,NONE,22.62,58.33,15.87,37.3,False,False,57.94,True,7.78,6.97,0.571,2.99,11.04,2.95,33.29,8.99,3.74,3.88,724,28476357.65,7.78,-5.66,6.99,5.01,46.23,98.0,False,NOT_COMPRESSED|EXTENDED_60D_RUN|NOT_NEAR_UNBROKEN_PIVOT,753
VLYPO,2026-10-01,24.8,58.35,TIGHTENING,NO_EDGE,NONE,17.06,22.22,71.03,59.13,True,False,38.1,False,25.0,24.66,0.7,0.55,1.98,1.43,2.54,1.03,1.31,2.6,999,113419.99,25.0,-0.8,25.1466,-1.38,-0.25,70.0,False,NOT_COMPRESSED|EVENT_PRICE_PEG|LOW_LIQUIDITY,753
FBK,2026-10-01,52.09,58.34,TIGHTENING,NO_EDGE,NONE,1.98,10.32,70.24,73.02,False,True,48.02,False,54.675,51.435,1.752,1.98,12.56,-7.41,-6.36,-9.01,1.24,1.89,999,35053070.12,57.43,-9.3,62.655,-16.86,-9.33,45.0,False,NOT_COMPRESSED|BELOW_SMA50|NOT_NEAR_UNBROKEN_PIVOT|WEAK_RS,753
NWL,2026-10-01,5.31,58.33,TIGHTENING,NO_EDGE,NONE,19.05,31.35,35.32,58.33,False,False,38.49,False,5.87,5.21,0.905,4.74,25.05,-11.2,6.14,-7.83,2.11,28.4,43,34120124.75,6.47,-17.93,7.0491,-24.67,-10.71,41.0,False,NOT_COMPRESSED|POST_GAP_COIL|BELOW_SMA50|NOT_NEAR_UNBROKEN_PIVOT|WEAK_RS,753
SMPL,2026-10-01,9.88,58.33,TIGHTENING,NO_EDGE,NONE,39.29,28.57,61.9,53.97,True,False,17.46,False,10.42,9.375,1.608,4.0,22.42,-12.41,-23.05,-6.46,2.31,17.06,59,23739782.38,11.81,-16.34,15.088,-34.52,-30.87,6.0,False,NOT_COMPRESSED|POST_GAP_COIL|BELOW_SMA50|NOT_NEAR_UNBROKEN_PIVOT|WEAK_RS,753
GEO,2026-10-01,30.79,58.31,TIGHTENING,NO_EDGE,NONE,44.05,61.51,12.7,15.08,False,False,38.49,False,32.39,29.19,0.803,4.27,10.39,0.75,3.84,-1.34,1.86,1.86,102,73479043.16,32.39,-4.94,33.15,-7.12,-1.05,69.0,False,NOT_COMPRESSED|WEAK_RS,753
HLT,2026-10-01,315.44,58.23,TIGHTENING,NO_EDGE,NONE,10.71,27.38,28.17,61.9,False,False,61.51,False,325.93,302.11,0.719,2.08,8.22,1.26,-5.27,-0.67,1.48,3.09,999,529960985.92,325.93,-3.22,357.8371,-11.85,-9.5,45.0,False,NOT_COMPRESSED|WEAK_RS,753
AAPL,2026-10-01,330.32,58.21,TIGHTENING,NO_EDGE,NONE,46.03,51.19,30.16,14.68,False,False,27.38,False,345.34,328.7,1.01,2.19,10.73,1.65,5.49,2.55,0.91,8.58,999,14043184354.47,345.34,-4.35,344.2731,-4.05,4.29,77.0,False,NOT_COMPRESSED,753
ALC,2026-10-01,63.94,58.21,TIGHTENING,RANGE_EXIT_CONFIRMED,DOWN_EXPANSION_CONFIRMED,11.9,19.44,73.41,67.46,False,False,4.76,False,66.275,64.02,1.527,1.9,15.36,-11.49,-3.94,-8.11,1.94,3.99,102,119269121.82,73.52,-13.03,81.9637,-21.99,-11.05,40.0,False,NOT_COMPRESSED|ALREADY_EXPANDING|BELOW_SMA50|NOT_NEAR_UNBROKEN_PIVOT|WEAK_RS,753
GVA,2026-10-01,116.85,58.17,TIGHTENING,NO_EDGE,NONE,55.95,48.02,21.83,8.33,False,False,36.11,False,119.1267,110.2266,0.824,2.85,9.1,-1.72,-18.49,-2.79,2.25,2.94,999,68313353.87,120.8547,-3.31,161.7664,-27.77,-22.67,15.0,False,NOT_COMPRESSED|WEAK_RS,753
MESO,2026-10-01,14.32,58.15,TIGHTENING,NO_EDGE,NONE,13.49,25.4,53.97,54.37,False,False,34.13,False,16.03,14.31,1.07,3.95,22.0,-17.18,-3.24,-9.52,4.23,10.32,32,3016034.61,17.4,-17.7,19.36,-26.03,-3.25,62.0,False,NOT_COMPRESSED|POST_GAP_COIL|BELOW_SMA50|NOT_NEAR_UNBROKEN_PIVOT|LOW_LIQUIDITY|WEAK_RS,753
SJM,2026-10-01,115.95,58.12,TIGHTENING,RANGE_EXIT_CONFIRMED,DOWN_EXPANSION_CONFIRMED,13.1,52.78,25.4,42.46,False,False,48.41,False,124.66,118.46,1.49,2.52,12.87,-11.78,4.2,-5.06,1.75,7.45,150,160053137.67,132.65,-12.59,135.89,-14.67,-2.18,65.0,False,NOT_COMPRESSED|ALREADY_EXPANDING|BELOW_SMA50|NOT_NEAR_UNBROKEN_PIVOT|WEAK_RS,753
NG,2026-10-01,6.42,58.12,TIGHTENING,NO_EDGE,NONE,16.67,45.63,36.11,64.68,False,True,50.0,True,7.84,6.43,0.613,6.43,35.67,-21.42,8.81,-13.81,5.75,7.42,999,42503024.82,8.62,-25.52,11.3,-43.19,-3.14,62.0,False,NOT_COMPRESSED|BELOW_SMA50|NOT_NEAR_UNBROKEN_PIVOT|WEAK_RS,753
ICE,2026-10-01,151.47,58.08,TIGHTENING,NO_EDGE,NONE,60.71,43.25,20.24,30.16,False,False,17.06,False,158.08,151.42,0.929,2.22,8.94,-3.72,10.79,-2.14,1.55,1.67,999,474931854.41,164.1143,-7.7,167.0222,-9.31,11.44,87.0,False,NOT_COMPRESSED|NOT_NEAR_UNBROKEN_PIVOT,753
HAL,2026-10-01,31.88,58.07,TIGHTENING,NO_EDGE,NONE,0.4,4.76,84.13,86.9,False,False,20.24,True,34.63,31.26,0.685,2.82,21.33,-15.28,-8.41,-5.97,1.36,5.07,999,364192088.31,38.06,-16.24,43.2048,-26.21,-5.66,56.0,False,NOT_COMPRESSED|BELOW_SMA50|NOT_NEAR_UNBROKEN_PIVOT|WEAK_RS,753
CSL,2026-10-01,325.21,58.06,TIGHTENING,NO_EDGE,NONE,47.22,42.86,38.1,20.63,False,False,21.43,False,333.43,310.39,1.274,3.26,13.58,-4.89,-1.4,-6.6,2.26,6.97,999,179341913.67,354.55,-8.28,397.5705,-18.2,-13.84,32.0,False,NOT_COMPRESSED|BELOW_SMA50|NOT_NEAR_UNBROKEN_PIVOT|WEAK_RS,753
DLTR,2026-10-01,114.43,58.04,TIGHTENING,NO_EDGE,NONE,38.49,31.75,64.29,30.56,False,False,3.17,False,117.38,111.23,0.827,3.37,19.58,-13.25,-7.43,-7.84,1.25,9.21,87,333922046.58,134.99,-15.23,137.07,-16.52,-10.59,42.0,False,NOT_COMPRESSED|BELOW_SMA50|NOT_NEAR_UNBROKEN_PIVOT|WEAK_RS,753
RCUS,2026-10-01,25.23,58.04,TIGHTENING,NO_EDGE,NONE,30.95,18.25,65.08,30.95,False,False,29.76,False,27.9,24.335,0.978,5.05,27.31,-15.48,-16.62,-9.57,2.68,6.14,200,45266433.8,31.47,-19.83,31.735,-20.5,-19.65,19.0,False,NOT_COMPRESSED|BELOW_SMA50|NOT_NEAR_UNBROKEN_PIVOT|WEAK_RS,753
LHX,2026-10-01,238.4,58.03,TIGHTENING,NO_EDGE,NONE,1.98,21.43,61.9,71.43,False,False,41.27,True,252.09,234.01,0.73,2.24,12.47,-8.33,-18.37,-10.23,1.19,6.56,999,405108754.49,265.2292,-10.12,361.0701,-33.97,-23.53,14.0,False,NOT_COMPRESSED|BELOW_SMA50|NOT_NEAR_UNBROKEN_PIVOT|WEAK_RS,753
MKL,2026-10-01,1726.11,58.02,TIGHTENING,NO_EDGE,NONE,25.4,5.56,52.78,63.49,False,False,38.1,False,1800.0,1712.45,1.021,1.56,8.4,-4.95,-11.8,-5.45,1.3,2.79,999,124662877.85,1849.11,-6.65,2054.3701,-15.98,-15.64,28.0,False,NOT_COMPRESSED|BELOW_SMA50|NOT_NEAR_UNBROKEN_PIVOT|WEAK_RS,753
COCO,2026-10-01,57.01,58.02,TIGHTENING,NO_EDGE,NONE,30.56,41.67,48.81,45.63,False,True,26.19,False,61.3,55.18,0.956,4.27,18.73,-1.18,-16.69,-6.44,2.23,4.66,107,85954824.36,61.3,-7.0,85.83,-33.58,-16.66,25.0,False,NOT_COMPRESSED|BELOW_SMA50|NOT_NEAR_UNBROKEN_PIVOT|WEAK_RS,753
REXR,2026-10-01,36.02,58.01,TIGHTENING,NO_EDGE,NONE,17.46,34.52,42.06,53.57,False,False,47.62,True,38.6848,36.2,0.707,2.08,8.88,-0.51,7.44,-2.59,1.3,1.56,999,107482711.01,39.2086,-8.13,39.2086,-8.13,3.7,77.0,False,NOT_COMPRESSED|NOT_NEAR_UNBROKEN_PIVOT,753
OLED,2026-10-01,77.39,57.98,TIGHTENING,NO_EDGE,NONE,65.08,33.33,42.46,27.38,False,True,18.25,False,79.16,73.23,0.857,3.59,14.14,-6.79,-2.25,-5.75,1.75,2.03,224,59395716.48,84.1762,-8.06,100.4247,-22.94,-3.86,61.0,False,NOT_COMPRESSED|BELOW_SMA50|NOT_NEAR_UNBROKEN_PIVOT|WEAK_RS,753
KMT,2026-10-01,31.67,57.98,TIGHTENING,NO_EDGE,NONE,25.79,36.9,25.4,53.57,False,False,42.46,False,32.29,29.2,1.624,3.31,11.21,7.54,-3.74,1.7,2.13,12.31,40,44095533.02,32.29,-1.92,43.2978,-26.86,-7.67,50.0,False,NOT_COMPRESSED|POST_GAP_COIL|WEAK_RS,753
PLBL,2026-10-01,5.49,57.96,TIGHTENING,NO_EDGE,NONE,44.05,46.43,23.02,25.4,False,False,36.9,False,6.37,5.2,0.835,8.86,21.31,-1.79,-26.51,-7.58,3.04,7.1,78,882113.95,6.37,-13.81,11.09,-50.5,-49.33,1.0,False,NOT_COMPRESSED|BELOW_SMA50|NOT_NEAR_UNBROKEN_PIVOT|LOW_LIQUIDITY|WEAK_RS,289
TX,2026-10-01,55.3,57.94,TIGHTENING,NO_EDGE,NONE,18.65,26.98,39.68,63.89,False,False,36.11,False,58.12,53.22,1.683,2.6,9.96,-2.76,28.93,1.8,1.73,3.47,999,24835640.68,58.73,-5.84,58.24,-5.05,29.62,94.0,False,NOT_COMPRESSED|NOT_NEAR_UNBROKEN_PIVOT,753
BTE,2026-10-01,4.56,57.94,TIGHTENING,NO_EDGE,NONE,7.94,5.16,66.27,78.17,False,False,29.76,False,4.92,4.4,1.154,3.38,17.54,-9.77,10.23,-0.77,2.87,5.63,999,84700419.54,5.2,-12.31,5.3245,-14.36,14.76,89.0,False,NOT_COMPRESSED|NOT_NEAR_UNBROKEN_PIVOT|LOW_LIQUIDITY,753
KT,2026-10-01,18.71,57.94,TIGHTENING,RANGE_EXIT_CONFIRMED,DOWN_EXPANSION_CONFIRMED,20.24,42.46,23.81,48.81,False,False,49.6,False,19.82,18.81,1.31,1.95,8.34,-4.78,2.3,-2.11,1.42,2.16,999,24972812.93,20.13,-7.05,23.01,-18.69,2.93,76.0,False,NOT_COMPRESSED|ALREADY_EXPANDING|NOT_NEAR_UNBROKEN_PIVOT,753
RNG,2026-10-01,78.31,57.92,TIGHTENING,NO_EDGE,NONE,51.59,37.7,32.14,21.83,False,False,30.16,False,81.9,71.65,1.322,4.28,17.79,7.89,98.81,16.68,3.2,4.87,154,117695134.41,81.9,-4.38,70.78,10.64,93.29,100.0,False,NOT_COMPRESSED|EXTENDED_60D_RUN|EXTENDED_FROM_SMA50,753
MIDD,2026-10-01,102.69,57.92,TIGHTENING,NO_EDGE,NONE,12.3,26.98,34.52,58.33,False,False,57.14,False,113.85,103.41,0.716,2.89,11.39,-8.67,-22.33,-12.56,2.21,4.77,101,66039391.81,114.24,-10.11,148.55,-30.87,-29.94,7.0,False,NOT_COMPRESSED|BELOW_SMA50|NOT_NEAR_UNBROKEN_PIVOT|WEAK_RS,753
MLKN,2026-10-01,20.15,57.9,TIGHTENING,NO_EDGE,NONE,15.87,61.51,30.16,34.52,False,False,36.11,False,21.59,19.26,1.759,4.1,18.56,-9.88,3.27,-9.12,2.61,2.64,130,15685458.57,22.97,-12.28,24.5122,-17.8,-8.0,49.0,False,NOT_COMPRESSED|BELOW_SMA50|NOT_NEAR_UNBROKEN_PIVOT|WEAK_RS,753
XPRO,2026-10-01,16.3,57.88,TIGHTENING,NO_EDGE,NONE,0.4,36.9,56.35,62.7,False,False,26.59,False,17.2,15.75,1.862,4.29,20.55,-11.65,10.66,-4.87,1.71,3.5,296,13600094.8,18.72,-12.93,19.23,-15.24,10.52,85.0,False,NOT_COMPRESSED|BELOW_SMA50|NOT_NEAR_UNBROKEN_PIVOT,753
BMY,2026-10-01,61.46,57.88,TIGHTENING,NO_EDGE,NONE,7.94,47.22,62.3,38.49,False,False,19.05,False,64.35,60.6,0.834,2.31,12.43,-9.16,6.81,-4.73,1.74,2.0,472,744789619.05,68.24,-9.94,68.64,-10.46,2.89,75.0,False,NOT_COMPRESSED|BELOW_SMA50|NOT_NEAR_UNBROKEN_PIVOT,753
NRIX,2026-10-01,23.34,57.88,TIGHTENING,NO_EDGE,NONE,17.86,11.11,44.44,66.67,False,False,49.6,False,26.35,22.41,0.939,4.2,18.36,-9.6,-3.99,-7.76,2.75,2.75,80,38392484.33,26.915,-13.28,28.23,-17.32,-5.46,56.0,False,NOT_COMPRESSED|BELOW_SMA50|NOT_NEAR_UNBROKEN_PIVOT|WEAK_RS,753
CP,2026-10-01,84.47,57.88,TIGHTENING,NO_EDGE,NONE,2.38,25.0,50.79,64.29,False,False,45.63,False,88.8662,85.07,1.079,1.97,10.1,-5.46,-5.31,-6.68,0.94,1.06,999,209368055.97,92.1191,-8.3,96.6892,-12.64,-6.41,54.0,False,NOT_COMPRESSED|BELOW_SMA50|NOT_NEAR_UNBROKEN_PIVOT|WEAK_RS,753
ARIS,2026-10-01,17.32,57.84,TIGHTENING,NO_EDGE,NONE,19.05,43.65,21.03,59.92,False,False,42.86,False,20.02,17.295,1.0,5.21,22.49,-12.04,23.63,-4.13,6.34,7.57,168,30383721.83,20.805,-16.75,21.83,-20.66,5.42,79.0,False,NOT_COMPRESSED|BELOW_SMA50|NOT_NEAR_UNBROKEN_PIVOT,753
DMLP,2026-10-01,28.6,57.82,TIGHTENING,NO_EDGE,NONE,34.92,20.24,27.78,63.89,False,False,40.08,False,30.3,27.99,1.151,2.05,9.09,-2.36,13.91,1.69,2.34,2.34,999,2835035.36,30.54,-6.35,29.26,-2.26,15.35,89.0,False,NOT_COMPRESSED|NOT_NEAR_UNBROKEN_PIVOT|LOW_LIQUIDITY,753
BHVN,2026-10-01,13.14,57.82,TIGHTENING,NO_EDGE,NONE,69.84,39.29,59.92,18.65,True,True,23.81,False,14.97,12.05,1.009,7.22,33.18,-16.25,-21.03,-7.04,9.83,9.83,143,41062532.39,16.66,-21.13,18.24,-27.96,-20.5,18.0,False,NOT_COMPRESSED|BELOW_SMA50|NOT_NEAR_UNBROKEN_PIVOT|WEAK_RS,753
ABSI,2026-10-01,10.75,57.8,TIGHTENING,NO_EDGE,NONE,38.89,15.48,52.78,43.25,False,False,28.57,False,11.255,8.285,0.876,7.05,32.37,22.16,-3.15,20.31,4.25,6.44,69,38167459.6,11.255,-4.49,12.055,-10.83,-10.32,42.0,False,NOT_COMPRESSED|RECENT_SURGE|EXTENDED_FROM_SMA50|WEAK_RS,753
PNTG,2026-10-01,38.79,57.78,TIGHTENING,NO_EDGE,NONE,62.3,44.44,29.37,4.37,False,False,28.97,False,42.74,38.6,1.316,3.74,14.1,2.46,-1.05,-1.48,1.5,2.62,999,15995604.82,42.74,-9.24,42.69,-9.14,-2.13,65.0,False,NOT_COMPRESSED|NOT_NEAR_UNBROKEN_PIVOT|WEAK_RS,753
SLF,2026-10-01,77.67,57.78,TIGHTENING,RANGE_EXIT_CONFIRMED,DOWN_EXPANSION_CONFIRMED,17.06,43.25,25.0,42.86,False,True,78.17,False,81.68,77.94,1.9,1.52,6.58,-2.25,-1.31,-3.04,0.98,0.98,999,43019477.41,81.68,-4.91,83.6478,-7.15,-4.47,59.0,False,NOT_COMPRESSED|ALREADY_EXPANDING|BELOW_SMA50|WEAK_RS,753
MOG-A,2026-10-01,390.19,57.74,TIGHTENING,NO_EDGE,NONE,4.76,39.68,37.7,53.57,False,False,51.98,False,396.29,353.55,1.235,3.12,11.94,6.85,-3.81,0.02,2.01,3.52,999,104358620.09,396.29,-1.54,448.85,-13.07,-9.29,45.0,False,NOT_COMPRESSED|WEAK_RS,753
PGNY,2026-10-01,24.85,57.74,TIGHTENING,NO_EDGE,NONE,19.44,14.68,39.68,63.1,False,False,53.57,False,27.65,24.33,0.829,3.16,14.69,-5.48,-19.21,-9.12,1.51,15.39,38,31921845.25,27.98,-11.19,33.065,-24.84,-20.6,18.0,False,NOT_COMPRESSED|POST_GAP_COIL|BELOW_SMA50|NOT_NEAR_UNBROKEN_PIVOT|WEAK_RS,753
CIGI,2026-10-01,91.47,57.66,TIGHTENING,NO_EDGE,NONE,54.76,34.92,41.67,30.16,False,False,10.32,False,93.48,87.36,1.049,3.18,15.81,-6.44,-6.95,-6.89,1.88,3.04,999,26875706.61,101.82,-10.16,124.3387,-26.43,-9.98,44.0,False,NOT_COMPRESSED|BELOW_SMA50|NOT_NEAR_UNBROKEN_PIVOT|WEAK_RS,753
MDLN,2026-10-01,34.94,57.65,TIGHTENING,NO_EDGE,NONE,43.82,12.43,48.6,32.99,False,False,42.86,False,35.75,31.49,0.965,3.69,15.73,-3.75,-13.3,-1.23,1.85,11.27,40,295425058.98,36.985,-5.53,49.135,-28.89,-21.94,16.0,False,NOT_COMPRESSED|POST_GAP_COIL|NOT_NEAR_UNBROKEN_PIVOT|WEAK_RS,198
AKO-B,2026-10-01,28.66,57.64,TIGHTENING,NO_EDGE,NONE,67.06,26.59,28.97,20.63,False,True,51.59,False,31.65,29.02,0.592,3.27,11.3,-4.08,1.77,-4.38,4.95,4.95,999,329373.85,31.65,-9.45,32.0165,-10.48,-4.48,59.0,False,NOT_COMPRESSED|BELOW_SMA50|NOT_NEAR_UNBROKEN_PIVOT|LOW_LIQUIDITY|WEAK_RS,753
CYTK,2026-10-01,65.62,57.62,TIGHTENING,NO_EDGE,NONE,4.37,4.76,78.97,80.16,False,False,18.25,False,71.05,64.25,1.18,3.52,19.14,-8.77,-22.69,-11.27,2.25,5.16,103,141242446.76,76.81,-14.57,88.31,-25.69,-26.96,9.0,False,NOT_COMPRESSED|BELOW_SMA50|NOT_NEAR_UNBROKEN_PIVOT|WEAK_RS,753
WST,2026-10-01,365.01,57.58,TIGHTENING,NO_EDGE,NONE,18.25,11.51,72.22,63.89,False,False,16.27,False,382.71,359.52,1.095,2.29,13.9,6.53,3.27,3.81,1.56,7.42,111,226800488.17,382.71,-4.62,385.748,-5.38,-2.97,63.0,False,NOT_COMPRESSED|WEAK_RS,753
ALVO,2026-10-01,5.62,57.54,TIGHTENING,NO_EDGE,NONE,28.17,23.81,51.98,50.79,False,False,26.98,False,6.17,5.2,1.161,5.28,22.6,5.24,65.29,19.9,7.57,8.13,228,6659343.77,6.17,-8.91,5.39,4.27,52.84,98.0,False,NOT_COMPRESSED|EXTENDED_60D_RUN|EXTENDED_FROM_SMA50|NOT_NEAR_UNBROKEN_PIVOT,753
TNET,2026-10-01,64.86,57.52,TIGHTENING,NO_EDGE,NONE,24.6,30.95,41.67,61.11,False,False,25.79,False,68.8891,61.5433,1.759,3.53,12.51,-3.25,18.48,-3.42,2.98,2.98,483,20880264.09,69.6555,-6.88,72.7411,-10.83,15.19,89.0,False,NOT_COMPRESSED|BELOW_SMA50|NOT_NEAR_UNBROKEN_PIVOT,753
UFCS,2026-10-01,53.94,57.52,TIGHTENING,NO_EDGE,NONE,21.03,69.05,26.59,38.1,False,True,42.86,False,55.94,50.81,2.2,2.96,10.99,-1.31,3.88,0.75,1.53,2.78,290,8618526.98,56.74,-4.93,55.621,-3.02,-2.46,64.0,False,NOT_COMPRESSED|WEAK_RS,753
BSX,2026-10-01,43.23,57.52,TIGHTENING,NO_EDGE,NONE,59.13,42.46,31.35,21.03,False,False,18.25,False,45.74,42.72,1.031,3.16,15.15,-10.63,-3.53,-7.82,2.37,7.36,165,947621643.73,49.66,-12.95,66.88,-35.36,-7.07,52.0,False,NOT_COMPRESSED|BELOW_SMA50|NOT_NEAR_UNBROKEN_PIVOT|WEAK_RS,753
LIFE,2026-10-01,32.57,57.45,TIGHTENING,NO_EDGE,NONE,17.33,56.05,25.83,51.2,False,False,33.54,False,39.75,32.02,1.398,8.26,34.66,-11.49,72.33,-1.54,3.63,19.71,41,63729442.8,42.55,-23.45,40.97,-20.5,63.42,99.0,False,NOT_COMPRESSED|POST_GAP_COIL|EXTENDED_60D_RUN|NOT_NEAR_UNBROKEN_PIVOT,170
FLNG,2026-10-01,31.32,57.44,TIGHTENING,NO_EDGE,NONE,10.32,40.08,37.7,51.98,False,False,47.62,False,32.975,30.57,1.466,2.37,7.68,0.93,3.27,1.79,1.5,2.89,999,11916905.64,32.975,-5.02,32.4751,-3.56,6.68,81.0,False,NOT_COMPRESSED|NOT_NEAR_UNBROKEN_PIVOT,753
TXT,2026-10-01,77.17,57.42,TIGHTENING,NO_EDGE,NONE,11.11,31.35,32.94,57.94,False,False,58.73,False,81.93,75.51,1.0,2.31,9.43,-2.59,-14.07,-7.54,1.59,5.42,999,153128253.18,82.79,-6.79,97.5645,-20.9,-19.39,20.0,False,NOT_COMPRESSED|BELOW_SMA50|NOT_NEAR_UNBROKEN_PIVOT|WEAK_RS,753
BROS,2026-10-01,38.61,57.4,TIGHTENING,NO_EDGE,NONE,0.4,18.65,81.75,79.37,False,False,3.57,False,42.161,37.4,1.367,4.2,29.2,-19.78,-40.54,-22.2,2.05,14.02,39,177968505.68,48.675,-20.68,74.024,-47.84,-49.33,1.0,False,NOT_COMPRESSED|POST_GAP_COIL|BELOW_SMA50|NOT_NEAR_UNBROKEN_PIVOT|WEAK_RS,753
CG,2026-10-01,40.39,57.38,TIGHTENING,NO_EDGE,NONE,1.19,21.03,95.63,57.54,False,False,2.78,False,41.44,38.72,1.791,3.33,25.11,-14.32,-5.55,-10.98,2.67,3.0,163,140992681.4,48.86,-17.34,53.0778,-23.9,-7.86,50.0,False,NOT_COMPRESSED|BELOW_SMA50|NOT_NEAR_UNBROKEN_PIVOT|WEAK_RS,753
DEA,2026-10-01,23.23,57.38,TIGHTENING,NO_EDGE,NONE,6.75,23.81,74.21,59.52,False,False,18.25,False,23.65,22.56,1.972,1.96,9.17,-5.14,-5.26,-3.8,1.0,3.65,370,11685887.02,24.69,-5.91,25.492,-8.87,-10.21,43.0,False,NOT_COMPRESSED|BELOW_SMA50|NOT_NEAR_UNBROKEN_PIVOT|WEAK_RS,753
TFII,2026-10-01,120.55,57.38,TIGHTENING,NO_EDGE,NONE,18.25,29.76,57.94,67.86,False,False,8.33,False,127.7176,118.39,0.655,2.94,15.56,-6.17,-17.74,-10.19,2.09,3.32,999,30651717.32,137.1512,-12.1,166.502,-27.6,-15.86,27.0,False,NOT_COMPRESSED|BELOW_SMA50|NOT_NEAR_UNBROKEN_PIVOT|WEAK_RS,753
PTCT,2026-10-01,64.13,57.34,TIGHTENING,NO_EDGE,NONE,46.83,14.29,43.25,39.29,False,False,39.29,False,68.84,61.23,1.274,3.35,16.75,-10.67,-27.59,-8.18,2.15,6.09,100,83037153.5,72.68,-11.76,90.87,-29.43,-25.86,11.0,False,NOT_COMPRESSED|BELOW_SMA50|NOT_NEAR_UNBROKEN_PIVOT|WEAK_RS,753
NOG,2026-10-01,23.52,57.3,TIGHTENING,NO_EDGE,NONE,20.63,8.73,71.03,62.3,False,False,21.83,False,25.0546,22.3089,1.683,3.52,18.97,-9.83,23.89,-0.6,2.34,4.05,999,52621042.8,26.7707,-12.14,28.3543,-17.05,30.79,95.0,False,NOT_COMPRESSED|NOT_NEAR_UNBROKEN_PIVOT,753
XMTR,2026-10-01,104.23,57.3,TIGHTENING,NO_EDGE,NONE,24.21,5.95,73.81,70.24,False,False,9.13,False,107.93,94.5,0.835,4.88,23.92,13.01,16.44,13.81,2.84,2.84,101,81965111.92,107.93,-3.43,106.08,-1.74,10.69,86.0,False,NOT_COMPRESSED|EXTENDED_FROM_SMA50,753
SSNC,2026-10-01,78.44,57.26,TIGHTENING,NO_EDGE,NONE,33.73,30.16,40.87,61.11,False,False,17.46,False,80.9,76.8,1.738,2.12,10.4,-4.98,20.34,-1.7,1.87,7.92,999,126526347.08,84.96,-7.67,84.1945,-6.83,17.32,90.0,False,NOT_COMPRESSED|NOT_NEAR_UNBROKEN_PIVOT,753
NRP,2026-10-01,106.42,57.24,TIGHTENING,RANGE_EXIT_CONFIRMED,DOWN_EXPANSION_CONFIRMED,39.29,29.37,36.51,35.32,False,False,42.86,False,112.0,106.48,1.382,2.31,8.34,-5.41,8.43,0.17,1.25,5.22,999,2803672.2,114.15,-6.77,122.8189,-13.35,5.32,79.0,False,NOT_COMPRESSED|ALREADY_EXPANDING|NOT_NEAR_UNBROKEN_PIVOT|LOW_LIQUIDITY,753
CVX,2026-10-01,207.1,57.23,TIGHTENING,NO_EDGE,NONE,46.43,53.17,33.73,34.52,False,True,26.19,False,211.9,200.78,1.421,2.02,8.21,-2.21,18.72,2.7,1.68,3.14,999,2053898272.07,217.78,-4.9,211.08,-1.89,20.63,92.0,False,NOT_COMPRESSED,753
TARS,2026-10-01,75.46,57.18,TIGHTENING,NO_EDGE,NONE,70.63,18.25,48.41,35.32,False,False,0.4,False,79.78,73.85,1.707,4.01,23.43,-8.82,11.41,4.61,2.27,5.97,537,65397143.13,91.53,-17.56,75.08,0.51,12.48,87.0,False,NOT_COMPRESSED|NOT_NEAR_UNBROKEN_PIVOT,753
RUN,2026-10-01,7.64,57.16,TIGHTENING,NO_EDGE,NONE,6.35,7.54,57.14,79.37,False,False,44.84,False,8.95,7.49,1.078,5.97,25.2,-14.73,-36.39,-16.29,3.52,13.78,39,63412352.99,9.395,-18.68,16.79,-54.5,-42.87,2.0,False,NOT_COMPRESSED|POST_GAP_COIL|BELOW_SMA50|NOT_NEAR_UNBROKEN_PIVOT|WEAK_RS,753
CNR,2026-10-01,87.6,57.14,TIGHTENING,NO_EDGE,NONE,6.75,15.48,52.78,74.21,False,False,44.84,False,94.85,85.77,2.311,3.63,22.5,-14.67,8.87,-4.79,1.58,5.71,999,47394385.16,104.87,-16.47,106.0717,-17.41,7.69,82.0,False,NOT_COMPRESSED|BELOW_SMA50|NOT_NEAR_UNBROKEN_PIVOT,753
HAPN,2026-10-01,15.4,57.14,TIGHTENING,NO_EDGE,NONE,2.78,8.73,67.06,81.75,False,False,32.54,False,16.61,14.56,2.0,3.55,21.56,-11.29,-18.0,-13.21,2.15,4.27,235,25670137.57,17.88,-13.87,21.251,-27.53,-24.62,12.0,False,NOT_COMPRESSED|BELOW_SMA50|NOT_NEAR_UNBROKEN_PIVOT|WEAK_RS,753
PAGS,2026-10-01,8.87,57.12,TIGHTENING,NO_EDGE,NONE,22.22,32.94,33.33,70.63,False,False,30.56,False,9.67,8.695,1.83,3.62,15.27,-7.16,4.17,-1.8,1.85,2.84,519,29662345.34,10.0148,-11.43,11.2069,-20.85,-2.66,64.0,False,NOT_COMPRESSED|NOT_NEAR_UNBROKEN_PIVOT|WEAK_RS,753
WHD,2026-10-01,62.19,57.06,TIGHTENING,NO_EDGE,NONE,6.75,26.59,42.06,65.87,False,False,53.17,False,68.56,61.41,0.869,3.31,18.54,-13.79,16.0,-6.83,1.39,8.05,999,52712926.6,72.65,-14.4,73.9105,-15.86,20.78,92.0,False,NOT_COMPRESSED|BELOW_SMA50|NOT_NEAR_UNBROKEN_PIVOT,753
GLUE,2026-10-01,11.26,57.04,TIGHTENING,RANGE_EXIT_CONFIRMED,DOWN_EXPANSION_CONFIRMED,1.19,48.81,55.56,63.1,False,False,15.87,False,13.02,11.415,2.378,6.52,33.75,-20.82,-53.2,-25.25,2.1,31.79,43,15381437.46,15.0,-24.93,25.22,-55.35,-56.32,1.0,False,NOT_COMPRESSED|ALREADY_EXPANDING|POST_GAP_COIL|BELOW_SMA50|NOT_NEAR_UNBROKEN_PIVOT|WEAK_RS,753
TSEM,2026-10-01,241.3,57.02,TIGHTENING,RANGE_EXIT_CONFIRMED,UP_EXPANSION_CONFIRMED,47.22,33.33,42.06,43.65,False,False,12.7,False,240.0,212.01,1.662,5.72,23.77,16.68,11.35,7.37,6.76,18.21,56,433982114.26,240.0,0.54,319.94,-24.58,7.32,82.0,False,NOT_COMPRESSED|ALREADY_EXPANDING|POST_GAP_COIL|RECENT_SURGE,753
LUMN,2026-10-01,5.59,57.0,TIGHTENING,NO_EDGE,NONE,0.4,16.27,63.49,89.29,True,False,57.14,False,6.99,5.46,1.308,5.54,33.81,-17.91,-15.56,-11.4,3.75,5.25,165,84797503.75,7.27,-23.11,11.3,-50.53,-15.9,27.0,False,NOT_COMPRESSED|BELOW_SMA50|NOT_NEAR_UNBROKEN_PIVOT|WEAK_RS,753
XZO,2026-10-01,14.44,56.99,TIGHTENING,NO_EDGE,NONE,9.18,13.08,48.08,73.09,False,False,66.51,True,17.1,14.272,0.513,4.9,19.65,-12.38,-17.49,-9.98,1.99,5.03,999,5998340.04,17.11,-15.6,19.22,-24.87,-25.57,11.0,False,NOT_COMPRESSED|BELOW_SMA50|NOT_NEAR_UNBROKEN_PIVOT|WEAK_RS,227
WLDN,2026-10-01,73.68,56.92,TIGHTENING,NO_EDGE,NONE,7.14,6.75,54.76,67.46,False,False,61.51,False,84.45,73.64,0.772,3.83,21.55,-15.85,-2.14,-8.43,1.99,16.66,38,15127304.94,89.33,-17.52,101.75,-27.59,-6.27,54.0,False,NOT_COMPRESSED|POST_GAP_COIL|BELOW_SMA50|NOT_NEAR_UNBROKEN_PIVOT|WEAK_RS,753
ASO,2026-10-01,47.85,56.91,TIGHTENING,NO_EDGE,NONE,94.44,12.7,87.3,13.89,True,True,0.79,False,51.12,47.5,0.924,3.85,28.71,10.08,7.95,0.38,6.78,6.78,349,103870241.11,56.7108,-15.62,60.4031,-20.78,-2.51,64.0,False,NOT_COMPRESSED|NOT_NEAR_UNBROKEN_PIVOT|WEAK_RS,753
FCNCA,2026-10-01,2073.5,56.9,TIGHTENING,NO_EDGE,NONE,34.92,35.71,44.84,40.87,False,False,25.79,False,2134.72,2034.13,1.319,2.43,10.08,-4.76,1.51,-4.3,0.94,3.43,999,141122710.38,2219.26,-6.57,2294.1021,-9.62,-3.19,62.0,False,NOT_COMPRESSED|BELOW_SMA50|NOT_NEAR_UNBROKEN_PIVOT|WEAK_RS,753
ZYME,2026-10-01,25.96,56.88,TIGHTENING,NO_EDGE,NONE,42.86,65.08,34.13,13.89,False,False,17.46,False,28.26,25.66,0.5,4.72,21.88,-16.39,-2.59,-0.63,3.47,4.19,218,22143522.78,31.34,-17.17,30.62,-15.22,-4.16,60.0,False,NOT_COMPRESSED|NOT_NEAR_UNBROKEN_PIVOT|WEAK_RS,753
EW,2026-10-01,85.19,56.88,TIGHTENING,NO_EDGE,NONE,70.63,40.48,28.57,11.11,False,False,23.41,False,89.66,84.93,1.078,2.48,9.06,-6.2,-9.02,-3.69,1.3,4.99,548,302217224.31,92.36,-7.76,96.29,-11.53,-12.56,36.0,False,NOT_COMPRESSED|BELOW_SMA50|NOT_NEAR_UNBROKEN_PIVOT|WEAK_RS,753
ROAD,2026-10-01,90.15,56.88,TIGHTENING,NO_EDGE,NONE,33.73,35.71,45.24,52.38,False,False,15.48,False,98.22,88.73,0.938,4.51,18.6,-10.86,-11.53,-13.67,3.25,10.02,38,54173849.38,105.24,-14.34,151.0,-40.3,-19.3,20.0,False,NOT_COMPRESSED|POST_GAP_COIL|BELOW_SMA50|NOT_NEAR_UNBROKEN_PIVOT|WEAK_RS,753
LBRT,2026-10-01,18.47,56.88,TIGHTENING,NO_EDGE,NONE,28.57,48.41,51.98,33.33,False,False,15.48,False,19.797,17.651,0.918,5.14,25.01,-7.75,-24.09,-5.11,3.54,4.06,169,73814062.42,22.27,-17.06,34.2263,-46.04,-24.85,12.0,False,NOT_COMPRESSED|BELOW_SMA50|NOT_NEAR_UNBROKEN_PIVOT|WEAK_RS,753
LAUR,2026-10-01,38.0,56.83,TIGHTENING,NO_EDGE,NONE,1.98,28.17,39.29,75.79,False,False,52.78,False,38.93,35.48,1.147,2.7,10.5,5.02,-3.89,1.87,1.32,3.34,219,37382015.2,38.93,-2.39,40.925,-7.15,-3.36,62.0,False,NOT_COMPRESSED|WEAK_RS,753
HURN,2026-10-01,168.42,56.79,TIGHTENING,RANGE_EXIT_CONFIRMED,UP_EXPANSION_CONFIRMED,45.24,34.52,40.48,30.95,False,False,30.16,False,161.88,150.52,3.555,3.22,14.99,7.52,63.5,10.24,4.7,10.48,45,39288757.64,161.88,4.04,172.9,-2.59,70.51,99.0,False,NOT_COMPRESSED|ALREADY_EXPANDING|POST_GAP_COIL|EXTENDED_60D_RUN|NOT_NEAR_UNBROKEN_PIVOT,753
GNK,2026-10-01,27.22,56.79,TIGHTENING,NO_EDGE,NONE,34.92,40.48,32.14,43.65,False,True,54.37,False,28.42,25.68,1.774,3.09,10.07,0.81,11.58,4.36,1.94,3.91,999,17265578.96,28.42,-4.22,27.76,-1.95,11.75,87.0,False,NOT_COMPRESSED,753
SKM,2026-10-01,35.59,56.79,TIGHTENING,NO_EDGE,NONE,34.52,37.3,42.46,40.87,False,False,28.17,False,36.6,34.85,2.072,3.13,11.6,-3.99,10.12,-1.87,3.62,10.7,41,43245805.23,38.71,-8.06,47.18,-24.57,9.08,84.0,False,NOT_COMPRESSED|POST_GAP_COIL|NOT_NEAR_UNBROKEN_PIVOT,753
TEVA,2026-10-01,39.31,56.77,TIGHTENING,NO_EDGE,NONE,34.52,54.76,46.83,34.92,False,False,5.16,False,40.79,38.3,0.818,3.12,13.66,4.85,18.26,6.94,2.12,6.32,226,203217538.64,40.79,-3.63,38.37,2.45,10.65,86.0,False,NOT_COMPRESSED,753
T,2026-10-01,24.3,56.75,TIGHTENING,NO_EDGE,NONE,38.1,41.67,47.22,59.92,True,False,25.79,False,26.04,24.4,0.608,2.2,10.91,-6.36,16.6,-2.57,1.38,5.03,999,973419826.45,26.93,-9.77,27.9591,-13.09,16.82,90.0,False,NOT_COMPRESSED|NOT_NEAR_UNBROKEN_PIVOT,753
ALB,2026-10-01,105.03,56.75,TIGHTENING,NO_EDGE,NONE,22.62,19.84,72.62,68.65,True,False,32.94,False,117.59,104.66,0.945,4.43,33.53,-23.5,-18.55,-14.46,3.98,7.48,287,308924847.5,137.5865,-23.66,219.6971,-52.19,-25.09,12.0,False,NOT_COMPRESSED|BELOW_SMA50|NOT_NEAR_UNBROKEN_PIVOT|WEAK_RS,753
AFL,2026-10-01,111.18,56.73,TIGHTENING,NO_EDGE,NONE,9.52,20.63,38.89,70.63,False,False,59.13,False,117.18,111.73,0.888,1.58,7.67,-5.17,-7.99,-6.42,1.09,1.09,999,239822485.62,119.19,-6.72,129.5675,-14.19,-10.4,42.0,False,NOT_COMPRESSED|BELOW_SMA50|NOT_NEAR_UNBROKEN_PIVOT|WEAK_RS,753
WING,2026-10-01,104.36,56.67,TIGHTENING,NO_EDGE,NONE,66.27,31.75,32.94,24.21,False,False,23.41,False,109.78,95.82,0.802,5.62,23.01,-7.77,-33.95,-8.85,2.92,3.11,156,144741468.98,119.83,-12.91,203.5325,-48.73,-44.03,2.0,False,NOT_COMPRESSED|BELOW_SMA50|NOT_NEAR_UNBROKEN_PIVOT|WEAK_RS,753
AEM,2026-10-01,180.59,56.65,TIGHTENING,NO_EDGE,NONE,25.79,34.52,22.22,67.46,False,False,44.84,False,204.62,181.13,0.83,3.77,15.73,-8.17,24.92,-3.31,5.68,6.21,999,356295091.15,208.64,-13.44,223.9327,-19.36,14.8,89.0,False,NOT_COMPRESSED|BELOW_SMA50|NOT_NEAR_UNBROKEN_PIVOT,753
CMP,2026-10-01,21.81,56.61,TIGHTENING,NO_EDGE,NONE,0.4,3.17,64.29,87.3,False,False,44.84,False,24.43,21.72,1.625,3.7,23.89,-14.77,-25.03,-14.98,2.5,5.93,511,9341937.33,26.34,-17.2,34.5,-36.78,-30.01,7.0,False,NOT_COMPRESSED|BELOW_SMA50|NOT_NEAR_UNBROKEN_PIVOT|WEAK_RS,753
CUBI,2026-10-01,74.03,56.59,TIGHTENING,NO_EDGE,NONE,0.79,13.49,42.06,73.41,False,False,74.21,False,79.61,73.79,1.922,2.4,12.86,-5.89,-2.17,-6.34,1.42,1.42,999,23007522.35,81.09,-8.71,84.38,-12.27,-7.57,50.0,False,NOT_COMPRESSED|BELOW_SMA50|NOT_NEAR_UNBROKEN_PIVOT|WEAK_RS,753
SITE,2026-10-01,89.47,56.57,TIGHTENING,NO_EDGE,NONE,13.49,32.54,63.1,41.67,False,False,35.71,False,95.21,87.955,2.021,3.33,18.29,-8.97,-17.23,-6.57,2.4,6.03,999,98807411.68,102.29,-12.53,150.82,-40.68,-23.23,14.0,False,NOT_COMPRESSED|BELOW_SMA50|NOT_NEAR_UNBROKEN_PIVOT|WEAK_RS,753
PKX,2026-10-01,56.13,56.55,TIGHTENING,NO_EDGE,NONE,35.71,36.11,48.41,51.98,False,False,10.71,False,60.5,55.65,1.131,2.84,14.04,-8.63,9.42,-2.78,4.72,5.81,180,11836657.69,63.37,-11.42,92.4,-39.25,4.86,78.0,False,NOT_COMPRESSED|NOT_NEAR_UNBROKEN_PIVOT,753
M,2026-10-01,22.76,56.53,TIGHTENING,NO_EDGE,NONE,67.46,32.94,26.19,37.7,False,False,16.67,False,23.63,21.54,1.069,3.59,17.7,2.39,1.12,-1.33,5.86,5.86,271,154968751.92,23.63,-3.68,26.3639,-13.67,-4.1,60.0,False,NOT_COMPRESSED|WEAK_RS,753
AER,2026-10-01,143.93,56.53,TIGHTENING,NO_EDGE,NONE,36.9,36.51,37.7,37.7,False,False,37.3,False,149.92,140.9,0.877,2.06,9.14,-0.68,-3.1,-2.21,1.66,2.95,999,165827859.04,149.92,-4.0,158.3846,-9.13,-5.22,57.0,False,NOT_COMPRESSED|WEAK_RS,753
MZTI,2026-10-01,99.69,56.49,TIGHTENING,NO_EDGE,NONE,42.06,63.89,5.95,34.13,False,False,40.08,False,104.57,97.8,1.292,3.21,13.73,-9.63,-10.26,-7.33,1.37,3.1,357,46910393.97,112.1655,-11.12,144.1002,-30.82,-15.91,27.0,False,NOT_COMPRESSED|BELOW_SMA50|NOT_NEAR_UNBROKEN_PIVOT|WEAK_RS,753
EPR,2026-10-01,55.49,56.41,TIGHTENING,RANGE_EXIT_CONFIRMED,DOWN_EXPANSION_CONFIRMED,15.87,31.35,56.75,57.14,False,False,28.17,False,57.7851,55.7959,1.249,1.89,9.95,-6.4,-5.49,-6.53,0.57,1.17,999,53606804.92,60.5202,-8.31,63.9701,-13.26,-7.47,51.0,False,NOT_COMPRESSED|ALREADY_EXPANDING|BELOW_SMA50|NOT_NEAR_UNBROKEN_PIVOT|WEAK_RS,753
ELVN,2026-10-01,46.21,56.41,TIGHTENING,NO_EDGE,NONE,12.7,8.73,76.98,75.79,False,True,36.9,False,51.83,44.175,0.956,4.51,34.46,-21.69,-9.04,-16.32,1.37,2.24,77,75630482.66,60.55,-23.68,62.32,-25.85,-10.08,43.0,False,NOT_COMPRESSED|BELOW_SMA50|NOT_NEAR_UNBROKEN_PIVOT|WEAK_RS,753
EVR,2026-10-01,259.0,56.37,TIGHTENING,NO_EDGE,NONE,10.71,12.7,83.73,61.9,False,False,19.44,False,272.85,254.31,1.362,3.21,18.96,-10.28,-21.52,-11.19,2.05,4.55,611,132159223.0,300.24,-13.74,380.3078,-31.9,-27.01,9.0,False,NOT_COMPRESSED|BELOW_SMA50|NOT_NEAR_UNBROKEN_PIVOT|WEAK_RS,753
CORZ,2026-10-01,16.35,56.35,TIGHTENING,NO_EDGE,NONE,30.95,43.25,15.48,44.84,False,False,59.92,False,19.115,15.85,1.054,6.44,22.05,-2.74,-30.43,-12.76,6.56,9.24,312,198546229.42,19.115,-14.47,30.46,-46.32,-26.54,10.0,False,NOT_COMPRESSED|BELOW_SMA50|NOT_NEAR_UNBROKEN_PIVOT|WEAK_RS,675
LFST,2026-10-01,11.91,56.31,TIGHTENING,NO_EDGE,NONE,17.46,44.05,55.56,71.83,True,True,50.0,False,13.11,11.595,1.361,3.64,16.5,-7.6,13.54,-0.87,1.48,5.98,151,73675449.98,13.56,-12.17,12.965,-8.14,2.84,75.0,False,NOT_COMPRESSED|NOT_NEAR_UNBROKEN_PIVOT,753
SPOT,2026-10-01,491.4,56.31,TIGHTENING,NO_EDGE,NONE,46.83,27.78,55.16,67.06,True,False,17.86,False,553.77,486.64,1.105,3.5,18.54,-12.15,1.27,-4.84,2.8,3.98,108,750080281.2,576.0,-14.69,554.97,-11.45,-1.72,67.0,False,NOT_COMPRESSED|BELOW_SMA50|NOT_NEAR_UNBROKEN_PIVOT|WEAK_RS,753
UMBF,2026-10-01,129.79,56.31,TIGHTENING,RANGE_EXIT_CONFIRMED,DOWN_EXPANSION_CONFIRMED,0.4,15.08,64.29,66.27,False,False,51.98,False,137.32,129.93,1.429,2.21,13.35,-8.22,-8.33,-8.27,1.22,1.61,999,93522950.16,143.8489,-9.77,152.7772,-15.05,-12.26,37.0,False,NOT_COMPRESSED|ALREADY_EXPANDING|BELOW_SMA50|NOT_NEAR_UNBROKEN_PIVOT|WEAK_RS,753
AVAL,2026-10-01,4.74,56.29,TIGHTENING,NO_EDGE,NONE,7.94,25.79,54.37,78.97,False,False,41.67,True,5.3712,4.7334,0.702,3.35,15.0,-10.08,-1.13,-8.41,3.17,4.37,999,686161.97,5.4409,-12.88,6.1247,-22.61,-8.27,49.0,False,NOT_COMPRESSED|BELOW_SMA50|NOT_NEAR_UNBROKEN_PIVOT|LOW_LIQUIDITY|WEAK_RS,753
OMAB,2026-10-01,94.18,56.27,TIGHTENING,RANGE_EXIT_CONFIRMED,DOWN_EXPANSION_CONFIRMED,19.05,64.68,27.78,8.73,False,False,67.46,False,103.57,96.21,1.504,3.08,10.97,-5.88,-12.23,-8.2,1.57,1.76,749,15222160.05,103.57,-9.07,115.57,-18.51,-18.54,22.0,False,NOT_COMPRESSED|ALREADY_EXPANDING|BELOW_SMA50|NOT_NEAR_UNBROKEN_PIVOT|WEAK_RS,753
APPF,2026-10-01,204.24,56.25,TIGHTENING,NO_EDGE,NONE,40.48,32.54,28.17,50.0,False,False,40.08,False,222.898,191.57,0.872,3.85,19.89,-8.93,15.73,-0.7,3.25,4.16,360,59377052.32,232.195,-12.04,236.58,-13.67,16.67,90.0,False,NOT_COMPRESSED|NOT_NEAR_UNBROKEN_PIVOT,753
SBGI,2026-10-01,12.51,56.21,TIGHTENING,RANGE_EXIT_CONFIRMED,DOWN_EXPANSION_CONFIRMED,11.11,14.29,57.54,76.19,False,False,38.49,False,14.19,12.58,1.643,3.42,17.51,-9.02,-11.21,-8.54,1.53,4.31,286,6288003.24,14.52,-13.84,16.6437,-24.84,-20.27,18.0,False,NOT_COMPRESSED|ALREADY_EXPANDING|BELOW_SMA50|NOT_NEAR_UNBROKEN_PIVOT|WEAK_RS,753
EVTC,2026-10-01,27.39,56.19,TIGHTENING,NO_EDGE,NONE,20.24,40.48,57.14,59.13,False,False,9.13,False,28.61,26.71,1.308,3.2,15.95,-8.76,-1.63,-7.38,1.57,4.42,999,13671852.99,31.08,-11.87,34.41,-20.4,-10.24,43.0,False,NOT_COMPRESSED|BELOW_SMA50|NOT_NEAR_UNBROKEN_PIVOT|WEAK_RS,753
BN,2026-10-01,36.54,56.19,TIGHTENING,NO_EDGE,NONE,6.75,5.16,75.0,71.43,False,False,38.1,False,38.5,36.08,1.759,2.12,13.23,-7.81,-14.73,-9.87,1.97,1.97,999,192180358.88,40.5256,-9.83,48.4359,-24.56,-18.54,22.0,False,NOT_COMPRESSED|BELOW_SMA50|NOT_NEAR_UNBROKEN_PIVOT|WEAK_RS,753
HROW,2026-10-01,30.61,56.19,TIGHTENING,NO_EDGE,NONE,0.4,14.68,63.49,76.98,False,False,43.65,False,34.87,30.19,0.745,4.75,29.86,-21.61,-32.08,-18.05,1.84,4.18,98,19594818.57,39.33,-22.17,47.5,-35.56,-31.21,6.0,False,NOT_COMPRESSED|BELOW_SMA50|NOT_NEAR_UNBROKEN_PIVOT|WEAK_RS,753
KNTK,2026-10-01,51.01,56.17,TIGHTENING,NO_EDGE,NONE,3.57,32.14,34.92,68.25,False,False,63.1,False,55.11,50.16,1.549,3.06,15.13,-5.75,5.93,-2.87,3.57,3.57,999,72089468.52,56.92,-10.38,56.1,-9.07,5.69,80.0,False,NOT_COMPRESSED|NOT_NEAR_UNBROKEN_PIVOT,753
AGNCN,2026-10-01,25.28,56.17,TIGHTENING,NO_EDGE,NONE,31.35,45.24,16.67,23.41,False,False,77.78,False,25.3379,24.9695,1.337,0.45,1.7,-0.2,1.64,0.2,0.39,0.48,999,556461.78,25.3701,-0.36,25.3995,-0.47,-0.89,69.0,False,NOT_COMPRESSED|EVENT_PRICE_PEG|LOW_LIQUIDITY|WEAK_RS,753
FCF,2026-10-01,20.28,56.17,TIGHTENING,NO_EDGE,NONE,4.76,32.14,32.54,61.9,False,False,71.03,False,21.37,20.05,1.167,1.89,9.12,-3.38,2.17,-3.9,0.99,2.15,999,22310255.43,21.64,-6.28,22.1942,-8.62,-3.11,62.0,False,NOT_COMPRESSED|BELOW_SMA50|NOT_NEAR_UNBROKEN_PIVOT|WEAK_RS,753
OPEN,2026-10-01,2.4,56.17,TIGHTENING,NO_EDGE,NONE,2.78,3.17,70.63,82.14,False,False,41.27,False,2.81,2.35,1.8,6.47,41.67,-22.33,-49.9,-25.48,4.5,6.88,154,84428659.08,3.25,-26.15,6.0,-60.0,-53.85,1.0,False,NOT_COMPRESSED|BELOW_SMA50|NOT_NEAR_UNBROKEN_PIVOT|LOW_LIQUIDITY|WEAK_RS,753
NGG,2026-10-01,75.33,56.13,TIGHTENING,NO_EDGE,NONE,42.86,47.22,31.35,39.68,False,False,24.21,False,77.61,74.03,1.176,1.58,6.17,-3.48,-9.82,-4.36,1.99,2.83,999,76128340.03,78.68,-4.26,88.8343,-15.2,-11.91,38.0,False,NOT_COMPRESSED|BELOW_SMA50|WEAK_RS,753
ECVT,2026-10-01,9.96,56.13,TIGHTENING,NO_EDGE,NONE,43.25,20.63,36.11,42.06,False,False,50.4,False,10.906,9.744,2.068,2.95,13.7,-3.95,-16.72,-6.26,2.61,4.31,999,13130984.71,10.925,-8.83,15.085,-33.97,-18.64,22.0,False,NOT_COMPRESSED|BELOW_SMA50|NOT_NEAR_UNBROKEN_PIVOT|WEAK_RS,753
AROC,2026-10-01,30.42,56.09,TIGHTENING,NO_EDGE,NONE,54.76,50.4,44.44,55.56,False,True,4.37,True,31.68,29.75,0.671,3.22,13.81,-5.82,-22.6,-6.77,1.53,6.27,999,53904819.79,33.95,-10.4,41.9534,-27.49,-19.6,19.0,False,NOT_COMPRESSED|BELOW_SMA50|NOT_NEAR_UNBROKEN_PIVOT|WEAK_RS,753
WSO-B,2026-10-01,310.9,55.99,TIGHTENING,NO_EDGE,NONE,38.49,66.67,26.19,23.81,False,True,61.11,True,328.67,310.9,,0.76,5.72,-1.63,-18.55,-3.3,5.19,11.81,45,20676.3,328.67,-5.41,449.4839,-30.83,-13.24,34.0,False,NOT_COMPRESSED|POST_GAP_COIL|BELOW_SMA50|NOT_NEAR_UNBROKEN_PIVOT|LOW_LIQUIDITY|WEAK_RS,753
NTB,2026-10-01,58.32,55.91,TIGHTENING,NO_EDGE,NONE,26.98,31.75,48.02,50.4,False,False,34.52,False,59.76,57.809,2.036,1.83,8.68,-2.11,-1.55,-3.02,1.2,1.25,999,9861588.06,61.72,-5.51,64.17,-9.12,-4.32,59.0,False,NOT_COMPRESSED|BELOW_SMA50|NOT_NEAR_UNBROKEN_PIVOT|WEAK_RS,753
JCAP,2026-10-01,19.135,55.89,TIGHTENING,NO_EDGE,NONE,2.78,15.87,80.16,85.32,True,False,43.65,False,20.77,18.835,0.815,3.24,16.57,-9.53,8.37,-8.09,1.48,6.66,999,5177247.42,21.93,-12.75,24.1769,-20.85,-0.05,71.0,False,NOT_COMPRESSED|BELOW_SMA50|NOT_NEAR_UNBROKEN_PIVOT,319
NTCT,2026-10-01,40.33,55.87,TIGHTENING,NO_EDGE,NONE,16.27,25.0,46.03,66.67,False,False,44.44,False,41.15,37.91,0.856,2.57,11.75,7.58,-6.21,3.46,2.0,4.02,419,25442846.98,41.15,-1.99,45.28,-10.93,-4.3,59.0,False,NOT_COMPRESSED|WEAK_RS,753
MSFT,2026-10-01,512.8,55.85,TIGHTENING,NO_EDGE,NONE,49.21,39.68,21.43,51.98,False,False,28.57,False,519.83,491.1,0.95,2.29,7.19,3.22,34.02,5.81,2.07,12.13,44,10835646922.51,519.83,-1.35,517.78,-0.96,28.74,94.0,False,NOT_COMPRESSED|POST_GAP_COIL|EXTENDED_60D_RUN,753
INGR,2026-10-01,94.91,55.85,TIGHTENING,NO_EDGE,NONE,0.4,29.76,61.11,63.1,False,False,42.86,False,99.1337,94.7421,1.289,1.85,8.26,-6.69,-2.27,-5.72,1.23,2.81,999,63531870.16,103.8822,-8.64,114.4712,-17.09,-4.76,58.0,False,NOT_COMPRESSED|BELOW_SMA50|NOT_NEAR_UNBROKEN_PIVOT|WEAK_RS,753
KRMN,2026-10-01,31.89,55.83,TIGHTENING,NO_EDGE,NONE,35.71,61.11,37.3,38.49,False,False,23.81,True,38.38,32.2,0.572,7.82,31.91,-21.1,-36.17,-30.07,3.4,5.8,174,147921287.8,41.83,-23.76,94.26,-66.17,-46.26,1.0,False,NOT_COMPRESSED|BELOW_SMA50|NOT_NEAR_UNBROKEN_PIVOT|WEAK_RS,410
CSWC,2026-10-01,23.3,55.81,TIGHTENING,NO_EDGE,NONE,12.3,32.54,55.56,58.73,False,False,35.32,False,24.27,22.77,1.139,1.69,8.49,-4.82,1.75,-2.93,0.85,2.09,999,14339811.86,24.8272,-6.15,25.4802,-8.56,-2.03,66.0,False,NOT_COMPRESSED|NOT_NEAR_UNBROKEN_PIVOT|WEAK_RS,753
IMO,2026-10-01,124.53,55.79,TIGHTENING,NO_EDGE,NONE,31.75,19.05,47.62,59.92,False,False,36.9,False,131.37,120.28,1.203,2.39,12.79,-6.23,3.19,-3.64,1.35,2.93,999,85498169.45,136.21,-8.57,138.0851,-9.82,7.15,82.0,False,NOT_COMPRESSED|BELOW_SMA50|NOT_NEAR_UNBROKEN_PIVOT,753
AMG,2026-10-01,371.95,55.79,TIGHTENING,NO_EDGE,NONE,26.19,40.87,39.68,52.38,False,False,33.33,False,379.06,346.66,1.055,2.95,10.54,4.34,4.4,2.27,1.66,2.39,999,107256914.39,379.06,-1.88,392.9094,-5.33,5.11,79.0,False,NOT_COMPRESSED,753
RDWR,2026-10-01,30.12,55.77,TIGHTENING,NO_EDGE,NONE,44.05,45.63,34.13,19.84,False,False,43.25,False,31.7,28.5,1.033,3.73,13.41,8.35,-0.95,5.55,2.58,5.0,999,10369167.69,31.7,-4.98,32.79,-8.14,-1.39,68.0,False,NOT_COMPRESSED|WEAK_RS,753
ETSY,2026-10-01,72.84,55.77,TIGHTENING,NO_EDGE,NONE,40.87,44.84,25.0,35.32,False,False,45.24,False,75.98,66.21,0.659,4.3,27.17,-10.87,-5.65,-7.26,3.4,4.51,155,249164222.28,86.0,-15.3,87.974,-17.2,-8.2,49.0,False,NOT_COMPRESSED|BELOW_SMA50|NOT_NEAR_UNBROKEN_PIVOT|WEAK_RS,753
LEN,2026-10-01,82.11,55.75,TIGHTENING,NO_EDGE,NONE,62.7,45.24,18.65,15.87,False,False,43.65,False,84.25,75.7,2.158,3.33,12.97,-1.76,-1.18,-1.98,3.74,3.74,999,432937875.77,86.35,-4.91,96.846,-15.22,-9.19,46.0,False,NOT_COMPRESSED|WEAK_RS,753
MCRI,2026-10-01,116.18,55.73,TIGHTENING,NO_EDGE,NONE,33.33,21.03,48.41,67.06,False,False,37.7,True,126.3,115.0,0.687,2.3,9.97,-2.02,-7.66,-4.22,0.86,4.45,304,23761762.37,126.3,-8.01,135.5914,-14.32,-13.2,34.0,False,NOT_COMPRESSED|BELOW_SMA50|NOT_NEAR_UNBROKEN_PIVOT|WEAK_RS,753
BPOP,2026-10-01,156.52,55.69,TIGHTENING,NO_EDGE,NONE,10.71,11.11,58.33,65.48,False,False,56.35,False,163.43,155.1,2.136,1.91,12.66,-7.73,-5.35,-6.78,1.13,1.13,999,93125031.38,172.2445,-9.13,178.2614,-12.2,-8.74,47.0,False,NOT_COMPRESSED|BELOW_SMA50|NOT_NEAR_UNBROKEN_PIVOT|WEAK_RS,753
VFC,2026-10-01,14.41,55.69,TIGHTENING,NO_EDGE,NONE,14.68,5.56,56.35,76.98,False,False,49.6,False,14.68,12.72,0.88,3.47,15.41,9.77,-9.42,1.84,3.04,12.11,45,111337499.29,14.68,-1.84,21.9977,-34.49,-13.81,32.0,False,NOT_COMPRESSED|POST_GAP_COIL|WEAK_RS,753
BKD,2026-10-01,10.84,55.65,TIGHTENING,NO_EDGE,NONE,0.4,32.94,54.76,70.24,False,False,41.27,False,11.76,10.76,1.379,3.4,20.48,-9.06,-27.78,-13.59,2.14,5.63,999,49701188.78,12.79,-15.25,16.31,-33.54,-34.53,4.0,False,NOT_COMPRESSED|BELOW_SMA50|NOT_NEAR_UNBROKEN_PIVOT|WEAK_RS,753
CEG,2026-10-01,258.92,55.62,TIGHTENING,NO_EDGE,NONE,27.38,25.4,75.4,47.22,False,False,11.11,False,270.115,247.2,2.854,3.91,22.63,-10.73,6.05,-4.7,2.95,4.83,422,815163720.23,305.8,-15.33,327.786,-21.01,5.55,79.0,False,NOT_COMPRESSED|BELOW_SMA50|NOT_NEAR_UNBROKEN_PIVOT,753
BP,2026-10-01,44.5,55.58,TIGHTENING,NO_EDGE,NONE,35.71,59.92,35.71,32.54,False,False,21.83,False,45.73,42.47,1.03,2.41,10.27,1.3,14.89,2.01,2.41,4.01,999,409310811.27,47.04,-5.4,46.8712,-5.06,17.61,91.0,False,NOT_COMPRESSED|NOT_NEAR_UNBROKEN_PIVOT,753
BAM,2026-10-01,44.56,55.54,TIGHTENING,NO_EDGE,NONE,1.59,19.44,80.16,71.03,False,False,23.81,False,46.88,43.62,1.237,2.57,16.51,-10.29,-1.11,-9.08,1.86,2.16,999,147852777.76,50.975,-12.58,55.4359,-19.62,-4.75,58.0,False,NOT_COMPRESSED|BELOW_SMA50|NOT_NEAR_UNBROKEN_PIVOT|WEAK_RS,753
PHYS,2026-10-01,31.44,55.53,TIGHTENING,NO_EDGE,NONE,28.97,29.76,36.11,67.06,False,False,49.6,True,33.2,31.0,0.708,1.83,10.02,-5.47,2.34,-3.8,3.55,3.55,999,145081356.34,34.15,-7.94,37.06,-15.16,-1.68,67.0,False,NOT_COMPRESSED|BELOW_SMA50|NOT_NEAR_UNBROKEN_PIVOT|WEAK_RS,753
POOL,2026-10-01,160.67,55.52,TIGHTENING,NO_EDGE,NONE,15.87,32.14,55.95,59.13,False,False,32.14,False,172.36,160.38,1.031,3.01,17.42,-12.2,-20.8,-12.1,1.77,6.75,155,145119108.28,186.49,-13.85,245.5824,-34.58,-29.15,7.0,False,NOT_COMPRESSED|BELOW_SMA50|NOT_NEAR_UNBROKEN_PIVOT|WEAK_RS,753
AVPT,2026-10-01,14.08,55.5,TIGHTENING,NO_EDGE,NONE,45.24,35.32,21.43,38.89,False,False,55.16,False,14.265,12.64,0.64,3.55,12.36,5.47,12.82,6.21,2.25,4.97,399,29134583.7,14.265,-1.3,14.385,-2.12,20.03,91.0,False,NOT_COMPRESSED,753
VVX,2026-10-01,70.71,55.5,TIGHTENING,NO_EDGE,NONE,39.29,58.33,21.43,32.94,False,True,58.33,False,79.13,70.6,0.797,3.96,12.06,-5.71,-7.94,-10.14,1.5,5.22,291,55005828.3,79.13,-10.64,93.98,-24.76,-7.41,51.0,False,NOT_COMPRESSED|BELOW_SMA50|NOT_NEAR_UNBROKEN_PIVOT|WEAK_RS,753
LINE,2026-10-01,33.97,55.42,TIGHTENING,NO_EDGE,NONE,3.57,11.11,53.17,85.32,False,False,54.76,False,38.4023,33.9,1.156,3.05,14.76,-11.05,-20.32,-12.89,1.93,2.17,999,36580433.66,39.0277,-12.96,45.0547,-24.6,-24.44,12.0,False,NOT_COMPRESSED|BELOW_SMA50|NOT_NEAR_UNBROKEN_PIVOT|WEAK_RS,549
SHOO,2026-10-01,45.69,55.4,TIGHTENING,NO_EDGE,NONE,46.03,15.08,38.1,55.95,False,False,42.46,False,45.93,41.46,1.365,3.11,12.58,9.36,17.69,2.27,2.29,3.69,295,52112720.15,45.93,-0.52,49.4489,-7.6,12.2,87.0,False,NOT_COMPRESSED,753
PII,2026-10-01,52.37,55.34,TIGHTENING,NO_EDGE,NONE,7.14,29.37,85.32,84.92,True,False,17.06,False,56.51,51.58,1.468,3.94,23.33,-15.15,-19.38,-16.51,2.26,2.52,117,46607461.63,64.11,-18.31,77.1584,-32.13,-18.98,21.0,False,NOT_COMPRESSED|BELOW_SMA50|NOT_NEAR_UNBROKEN_PIVOT|WEAK_RS,753
NBXG,2026-10-01,15.85,55.32,TIGHTENING,NO_EDGE,NONE,38.1,45.24,36.51,39.29,False,False,32.14,False,15.9,15.0,1.297,1.99,7.03,5.94,2.39,4.62,1.77,1.92,999,1776024.93,15.9,-0.31,17.0333,-6.95,-1.78,67.0,False,NOT_COMPRESSED|LOW_LIQUIDITY|WEAK_RS,753
CLF,2026-10-01,11.47,55.28,TIGHTENING,NO_EDGE,NONE,30.95,42.46,23.41,48.81,False,False,53.57,False,13.11,10.97,1.422,5.27,19.88,-7.65,20.61,-3.61,3.61,12.91,49,168923141.22,13.11,-12.51,15.06,-23.84,13.49,88.0,False,NOT_COMPRESSED|POST_GAP_COIL|BELOW_SMA50|NOT_NEAR_UNBROKEN_PIVOT,753
DSGX,2026-10-01,81.19,55.28,TIGHTENING,NO_EDGE,NONE,53.97,38.49,31.75,23.02,False,False,42.86,False,81.32,75.57,1.617,3.52,16.17,3.44,13.71,4.73,2.19,2.49,332,56142296.84,81.5,-0.38,82.65,-1.77,8.69,84.0,False,NOT_COMPRESSED,753
AMBQ,2026-10-01,69.15,55.24,TIGHTENING,NO_EDGE,NONE,52.38,16.27,58.73,47.22,False,False,14.68,False,73.08,61.015,0.666,5.67,26.34,20.68,-15.6,9.02,4.88,6.58,98,37964020.0,73.08,-5.38,91.61,-24.52,-19.37,20.0,False,NOT_COMPRESSED|RECENT_SURGE|NOT_NEAR_UNBROKEN_PIVOT|WEAK_RS,296
NXE,2026-10-01,8.87,55.2,TIGHTENING,RANGE_EXIT_CONFIRMED,DOWN_EXPANSION_CONFIRMED,2.78,9.13,72.22,82.14,False,False,37.7,False,10.065,8.93,1.385,4.39,24.92,-13.21,-3.38,-11.03,3.64,4.21,999,39278550.92,10.98,-19.22,13.31,-33.36,-10.73,41.0,False,NOT_COMPRESSED|ALREADY_EXPANDING|BELOW_SMA50|NOT_NEAR_UNBROKEN_PIVOT|WEAK_RS,753
PAG,2026-10-01,202.84,55.18,TIGHTENING,NO_EDGE,NONE,12.3,10.71,50.79,76.98,False,False,56.75,False,216.97,200.3,1.263,1.77,10.84,-6.98,11.87,-5.67,1.06,10.15,50,84637562.26,221.04,-8.23,225.5052,-10.05,10.97,86.0,False,NOT_COMPRESSED|POST_GAP_COIL|BELOW_SMA50|NOT_NEAR_UNBROKEN_PIVOT,753
ASB,2026-10-01,28.72,55.18,TIGHTENING,NO_EDGE,NONE,3.17,19.44,64.29,70.63,False,False,45.63,False,30.14,28.56,1.653,1.96,11.18,-6.08,-2.93,-5.52,1.21,1.69,999,66239763.52,31.2,-7.95,32.2055,-10.82,-8.36,49.0,False,NOT_COMPRESSED|BELOW_SMA50|NOT_NEAR_UNBROKEN_PIVOT|WEAK_RS,753
CENX,2026-10-01,35.99,55.16,TIGHTENING,NO_EDGE,NONE,0.79,19.84,83.33,85.32,True,False,41.67,False,41.45,35.72,0.792,5.13,40.93,-23.88,-19.54,-18.28,3.88,4.93,128,69575357.37,49.77,-27.69,70.43,-48.9,-20.59,18.0,False,NOT_COMPRESSED|BELOW_SMA50|NOT_NEAR_UNBROKEN_PIVOT|WEAK_RS,753
HAYW,2026-10-01,12.24,55.14,TIGHTENING,NO_EDGE,NONE,15.87,28.97,48.81,63.1,False,False,44.44,False,13.32,12.24,1.0,2.76,16.58,-10.2,-22.78,-13.19,2.41,6.09,231,49612149.72,14.05,-12.88,17.415,-29.72,-30.71,7.0,False,NOT_COMPRESSED|BELOW_SMA50|NOT_NEAR_UNBROKEN_PIVOT|WEAK_RS,753
ATEC,2026-10-01,9.9,55.12,TIGHTENING,NO_EDGE,NONE,80.95,34.52,51.19,6.35,False,False,3.97,False,10.54,9.72,1.561,4.6,24.55,7.73,7.49,2.64,8.03,8.03,102,24674385.02,11.03,-10.24,11.78,-15.96,8.15,83.0,False,NOT_COMPRESSED|NOT_NEAR_UNBROKEN_PIVOT,753
KVYO,2026-10-01,16.19,55.12,TIGHTENING,NO_EDGE,NONE,42.06,36.51,51.19,41.67,False,False,17.86,False,17.065,14.77,0.788,5.8,36.35,-16.16,-2.47,-7.91,3.97,16.06,39,107433056.03,20.915,-22.59,23.52,-31.16,-7.04,52.0,False,NOT_COMPRESSED|POST_GAP_COIL|BELOW_SMA50|NOT_NEAR_UNBROKEN_PIVOT|WEAK_RS,753
VMC,2026-10-01,243.98,55.1,TIGHTENING,NO_EDGE,NONE,23.02,59.52,46.43,35.71,False,False,25.0,False,252.7,239.9,1.551,2.79,12.69,-7.56,-14.71,-8.16,2.66,3.52,999,317675174.53,267.99,-8.96,320.5644,-23.89,-22.21,15.0,False,NOT_COMPRESSED|BELOW_SMA50|NOT_NEAR_UNBROKEN_PIVOT|WEAK_RS,753
COIN,2026-10-01,189.29,55.08,TIGHTENING,NO_EDGE,NONE,86.11,26.98,41.27,38.49,False,True,21.83,True,208.33,165.73,0.727,5.78,24.91,8.19,18.78,9.8,5.63,7.83,293,1805129296.32,208.33,-9.14,222.35,-14.87,11.55,87.0,False,NOT_COMPRESSED|NOT_NEAR_UNBROKEN_PIVOT,753
ZM,2026-10-01,93.8,55.08,TIGHTENING,RANGE_EXIT_CONFIRMED,UP_EXPANSION_CONFIRMED,32.14,38.1,46.03,42.46,False,False,35.32,False,93.33,85.38,1.6,3.46,17.99,-2.15,7.32,-3.34,1.99,5.67,90,276642988.73,102.25,-8.26,114.74,-18.25,4.8,78.0,False,NOT_COMPRESSED|ALREADY_EXPANDING|BELOW_SMA50|NOT_NEAR_UNBROKEN_PIVOT,753
WS,2026-10-01,36.33,55.0,TIGHTENING,NO_EDGE,NONE,31.35,43.65,34.52,48.81,False,False,38.49,False,37.255,32.85,1.25,4.14,14.3,1.36,13.56,2.49,2.37,2.39,130,10823995.45,37.255,-2.48,44.7177,-18.76,11.19,86.0,False,NOT_COMPRESSED,713
APD,2026-10-01,273.33,55.0,TIGHTENING,RANGE_EXIT_CONFIRMED,DOWN_EXPANSION_CONFIRMED,10.71,12.3,53.17,73.41,False,False,58.33,False,287.9942,274.6714,2.12,2.06,15.52,-11.09,-7.29,-7.1,1.32,4.86,666,340893687.08,309.7716,-11.76,312.8216,-12.62,-15.27,29.0,False,NOT_COMPRESSED|ALREADY_EXPANDING|BELOW_SMA50|NOT_NEAR_UNBROKEN_PIVOT|WEAK_RS,753
RBA,2026-10-01,81.59,55.0,TIGHTENING,NO_EDGE,NONE,34.92,59.52,13.89,32.94,False,False,55.95,False,85.5,80.37,2.845,2.66,10.52,-1.58,-26.27,-9.1,1.48,2.22,599,140856717.02,86.63,-5.82,117.0388,-30.29,-30.22,7.0,False,NOT_COMPRESSED|BELOW_SMA50|NOT_NEAR_UNBROKEN_PIVOT|WEAK_RS,753
DMRA,2026-10-01,20.23,54.96,TIGHTENING,NO_EDGE,NONE,36.51,23.81,66.67,73.81,True,False,23.81,False,25.49,19.39,0.806,8.36,56.1,-28.21,-26.52,-26.61,3.61,4.02,221,18979484.85,30.74,-34.19,34.89,-42.02,-35.36,4.0,False,NOT_COMPRESSED|BELOW_SMA50|NOT_NEAR_UNBROKEN_PIVOT|WEAK_RS,753
TPG,2026-10-01,44.73,54.94,TIGHTENING,NO_EDGE,NONE,12.3,36.51,76.19,72.62,True,False,27.78,False,47.49,42.555,1.617,3.63,26.63,-14.51,8.66,-7.35,2.14,2.14,999,123603411.16,54.465,-17.87,55.5,-19.41,6.3,81.0,False,NOT_COMPRESSED|BELOW_SMA50|NOT_NEAR_UNBROKEN_PIVOT,753
HG,2026-10-01,33.75,54.94,TIGHTENING,NO_EDGE,NONE,18.65,31.75,51.98,62.7,False,False,34.52,False,35.37,32.701,4.4,2.49,12.0,-4.93,-2.15,-3.59,1.29,1.68,538,14106249.12,36.75,-8.16,37.31,-9.54,-4.84,58.0,False,NOT_COMPRESSED|BELOW_SMA50|NOT_NEAR_UNBROKEN_PIVOT|WEAK_RS,724
INSP,2026-10-01,70.78,54.92,TIGHTENING,NO_EDGE,NONE,46.03,41.27,45.24,13.1,False,False,44.05,False,78.8,68.13,2.219,5.07,26.56,12.22,43.57,12.67,3.2,22.86,41,68324122.64,78.8,-10.18,66.205,6.91,47.92,98.0,False,NOT_COMPRESSED|POST_GAP_COIL|EXTENDED_60D_RUN|EXTENDED_FROM_SMA50|NOT_NEAR_UNBROKEN_PIVOT,753
EQNR,2026-10-01,42.17,54.92,TIGHTENING,NO_EDGE,NONE,40.87,44.84,28.97,48.81,False,False,32.14,False,44.61,40.96,0.825,2.66,11.57,-3.24,24.25,0.86,3.36,6.82,122,163671183.03,45.84,-8.01,44.33,-4.87,30.06,94.0,False,NOT_COMPRESSED|NOT_NEAR_UNBROKEN_PIVOT,753
HLNE,2026-10-01,88.57,54.92,TIGHTENING,NO_EDGE,NONE,4.37,45.63,74.21,58.73,False,False,9.52,False,91.4106,82.65,2.319,4.03,26.42,-13.55,12.94,-7.58,2.37,4.38,999,57902335.16,106.0498,-16.48,109.4382,-19.07,8.98,84.0,False,NOT_COMPRESSED|BELOW_SMA50|NOT_NEAR_UNBROKEN_PIVOT,753
BW,2026-10-01,5.79,54.9,TIGHTENING,NO_EDGE,NONE,25.4,24.21,45.24,79.76,True,False,61.11,False,7.6,5.72,0.985,9.16,41.71,-17.64,-46.24,-28.01,7.68,33.56,36,32512204.39,8.045,-28.03,22.03,-73.72,-53.52,1.0,False,NOT_COMPRESSED|POST_GAP_COIL|BELOW_SMA50|NOT_NEAR_UNBROKEN_PIVOT|WEAK_RS,753
MAR,2026-10-01,354.79,54.88,TIGHTENING,NO_EDGE,NONE,2.38,10.32,55.16,78.17,False,False,65.48,False,364.09,332.35,0.686,2.08,12.17,6.5,-4.22,0.88,1.58,3.59,999,551176543.42,364.09,-2.55,410.1465,-13.5,-7.51,51.0,False,NOT_COMPRESSED|WEAK_RS,753
WAL,2026-10-01,75.7,54.76,TIGHTENING,NO_EDGE,NONE,9.13,29.76,45.63,62.7,False,False,59.52,False,80.71,74.11,1.59,2.78,11.2,-4.32,-3.33,-5.0,3.74,3.74,144,88841040.94,81.39,-6.99,85.1052,-11.05,-9.52,45.0,False,NOT_COMPRESSED|BELOW_SMA50|NOT_NEAR_UNBROKEN_PIVOT|WEAK_RS,753
ULS,2026-10-01,66.5,54.74,TIGHTENING,NO_EDGE,NONE,39.29,29.37,66.27,39.68,False,False,15.48,False,67.28,63.17,2.258,3.04,18.53,-10.28,-22.83,-11.23,2.51,4.54,999,65869005.36,75.49,-11.91,107.1742,-37.95,-34.14,4.0,False,NOT_COMPRESSED|BELOW_SMA50|NOT_NEAR_UNBROKEN_PIVOT|WEAK_RS,620
ADP,2026-10-01,263.96,54.72,TIGHTENING,NO_EDGE,NONE,36.11,40.87,36.9,51.59,False,False,31.75,False,273.3,257.74,1.508,2.18,10.63,-5.52,10.06,-2.18,2.1,2.9,999,612717862.89,285.8009,-7.64,286.1686,-7.76,6.82,81.0,False,NOT_COMPRESSED|NOT_NEAR_UNBROKEN_PIVOT,753
CRS,2026-10-01,383.69,54.68,TIGHTENING,NO_EDGE,NONE,1.59,31.75,82.54,78.97,False,False,1.98,False,422.07,380.13,0.746,4.0,26.13,-16.76,-34.68,-20.6,2.68,7.24,541,290690211.3,480.37,-20.13,625.7276,-38.68,-38.56,3.0,False,NOT_COMPRESSED|BELOW_SMA50|NOT_NEAR_UNBROKEN_PIVOT|WEAK_RS,753
PNFP,2026-10-01,94.63,54.64,TIGHTENING,NO_EDGE,NONE,6.35,26.98,66.67,61.51,False,False,40.87,False,98.52,92.1,2.073,2.5,11.25,-5.46,-2.79,-6.24,1.36,1.65,298,99267362.76,102.05,-7.27,109.8117,-13.83,-7.28,51.0,False,NOT_COMPRESSED|BELOW_SMA50|NOT_NEAR_UNBROKEN_PIVOT|WEAK_RS,753
TUYA,2026-10-01,1.72,54.61,TIGHTENING,NO_EDGE,NONE,40.48,11.11,57.94,58.33,False,True,51.59,False,1.81,1.6,0.816,3.43,18.31,-7.53,-8.02,-2.74,4.27,4.27,349,1222335.0,1.915,-10.18,2.54,-32.28,-5.11,57.0,False,NOT_COMPRESSED|NOT_NEAR_UNBROKEN_PIVOT|LOW_LIQUIDITY|WEAK_RS,753
CNK,2026-10-01,36.18,54.6,TIGHTENING,NO_EDGE,NONE,21.03,25.4,36.51,62.7,False,False,62.7,False,39.07,33.86,1.042,3.41,14.84,2.81,21.91,0.04,1.74,4.61,999,77091399.43,39.07,-7.4,38.8862,-6.96,12.19,87.0,False,NOT_COMPRESSED|NOT_NEAR_UNBROKEN_PIVOT,753
SQM,2026-10-01,64.12,54.6,TIGHTENING,RANGE_EXIT_CONFIRMED,DOWN_EXPANSION_CONFIRMED,19.05,21.43,67.46,80.16,True,False,45.24,False,72.52,64.18,1.314,3.66,27.42,-19.46,-12.2,-10.19,4.61,4.61,515,72493889.26,80.3623,-20.21,95.0787,-32.56,-12.95,35.0,False,NOT_COMPRESSED|ALREADY_EXPANDING|BELOW_SMA50|NOT_NEAR_UNBROKEN_PIVOT|WEAK_RS,753
IVT,2026-10-01,30.37,54.6,TIGHTENING,NO_EDGE,NONE,4.37,43.25,79.37,65.08,False,False,1.59,False,30.9148,29.9081,1.024,1.87,9.71,-6.59,-13.72,-6.5,1.11,2.24,999,21788132.39,32.7794,-7.35,36.9152,-17.73,-16.75,25.0,False,NOT_COMPRESSED|BELOW_SMA50|NOT_NEAR_UNBROKEN_PIVOT|WEAK_RS,753
ED,2026-10-01,103.5,54.56,TIGHTENING,NO_EDGE,NONE,15.87,18.25,71.03,69.84,False,False,26.19,False,107.19,102.0,1.394,1.6,6.68,-3.87,-6.91,-3.19,0.86,1.25,999,225503701.94,108.91,-4.97,114.3224,-9.47,-11.29,39.0,False,NOT_COMPRESSED|BELOW_SMA50|WEAK_RS,753
DVN,2026-10-01,47.16,54.55,TIGHTENING,NO_EDGE,NONE,60.32,36.51,30.56,55.95,False,True,30.56,False,49.71,45.56,0.986,2.99,12.72,-3.19,9.59,1.08,2.17,3.21,999,635976641.26,51.56,-8.53,51.2512,-7.98,14.45,89.0,False,NOT_COMPRESSED|NOT_NEAR_UNBROKEN_PIVOT,753
COLB,2026-10-01,28.73,54.5,TIGHTENING,NO_EDGE,NONE,9.52,32.94,41.27,64.29,False,False,60.71,False,30.33,28.49,1.426,2.24,10.27,-4.49,-7.0,-5.4,1.28,3.78,673,85705491.82,30.91,-7.05,33.274,-13.66,-11.15,40.0,False,NOT_COMPRESSED|BELOW_SMA50|NOT_NEAR_UNBROKEN_PIVOT|WEAK_RS,753
MFC,2026-10-01,42.55,54.48,TIGHTENING,RANGE_EXIT_CONFIRMED,DOWN_EXPANSION_CONFIRMED,55.56,36.11,10.32,26.98,False,False,73.81,False,44.88,42.56,1.5,1.69,7.24,-1.71,4.42,-2.26,0.87,2.99,999,72360706.14,44.88,-5.19,44.9543,-5.35,1.36,73.0,False,NOT_COMPRESSED|ALREADY_EXPANDING|NOT_NEAR_UNBROKEN_PIVOT,753
MTRN,2026-10-01,285.14,54.46,TIGHTENING,RANGE_EXIT_CONFIRMED,UP_EXPANSION_CONFIRMED,27.78,41.27,34.52,53.57,False,False,45.24,False,273.91,247.25,3.196,3.95,19.47,19.82,14.9,13.91,4.6,10.34,40,63802480.67,273.91,4.1,304.3999,-6.33,4.66,78.0,False,NOT_COMPRESSED|ALREADY_EXPANDING|POST_GAP_COIL|RECENT_SURGE|EXTENDED_FROM_SMA50|NOT_NEAR_UNBROKEN_PIVOT,753
CNS,2026-10-01,73.12,54.46,TIGHTENING,NO_EDGE,NONE,24.6,62.3,52.38,34.13,False,False,17.06,False,76.79,71.68,0.919,3.02,14.5,-5.32,-3.66,-7.73,1.43,7.81,614,23783300.89,80.88,-9.59,86.56,-15.53,-9.02,46.0,False,NOT_COMPRESSED|BELOW_SMA50|NOT_NEAR_UNBROKEN_PIVOT|WEAK_RS,753
BC,2026-10-01,64.22,54.44,TIGHTENING,NO_EDGE,NONE,4.37,36.9,61.51,65.08,False,False,34.92,False,69.29,64.1,1.11,3.45,19.85,-13.74,-14.24,-14.57,3.06,3.06,999,55301782.56,75.89,-15.38,88.1124,-27.12,-21.2,17.0,False,NOT_COMPRESSED|BELOW_SMA50|NOT_NEAR_UNBROKEN_PIVOT|WEAK_RS,753
EOSE,2026-10-01,3.14,54.44,TIGHTENING,NO_EDGE,NONE,19.05,22.62,44.44,75.4,True,False,80.16,False,4.35,3.01,1.412,9.32,51.91,-13.02,-30.3,-14.93,4.56,17.82,20,101390263.72,4.59,-31.59,9.99,-68.57,-42.8,2.0,False,NOT_COMPRESSED|POST_GAP_COIL|BELOW_SMA50|NOT_NEAR_UNBROKEN_PIVOT|LOW_LIQUIDITY|WEAK_RS,753
MHK,2026-10-01,125.12,54.4,TIGHTENING,NO_EDGE,NONE,63.89,51.98,23.41,21.43,False,False,30.16,False,132.36,116.45,1.324,3.38,14.39,-3.17,16.37,-2.34,3.14,4.53,483,142599257.17,134.45,-6.94,140.3,-10.82,2.0,74.0,False,NOT_COMPRESSED|NOT_NEAR_UNBROKEN_PIVOT,753
CCJ,2026-10-01,85.69,54.4,TIGHTENING,NO_EDGE,NONE,1.59,11.9,73.41,82.54,False,False,38.89,False,96.09,85.68,1.329,3.87,23.71,-11.09,-9.54,-9.52,3.7,3.7,232,268585080.09,104.12,-17.7,131.21,-34.69,-14.07,32.0,False,NOT_COMPRESSED|BELOW_SMA50|NOT_NEAR_UNBROKEN_PIVOT|WEAK_RS,753
USB-PH,2026-10-01,18.33,54.38,TIGHTENING,NO_EDGE,NONE,36.9,57.14,44.44,44.44,False,False,8.33,False,18.453,18.1184,0.947,1.08,3.38,2.22,0.57,0.65,0.88,0.88,999,1571814.75,18.453,-0.67,18.6253,-1.59,-2.32,65.0,False,NOT_COMPRESSED|LOW_LIQUIDITY|WEAK_RS,753
UWMC,2026-10-01,1.2,54.38,TIGHTENING,NO_EDGE,NONE,9.52,75.4,47.62,42.06,False,False,18.65,False,1.308,1.15,0.875,7.27,31.67,-17.24,-40.89,-18.3,2.96,38.04,39,14765594.92,1.53,-21.57,3.8437,-68.78,-47.53,1.0,False,NOT_COMPRESSED|POST_GAP_COIL|BELOW_SMA50|NOT_NEAR_UNBROKEN_PIVOT|LOW_LIQUIDITY|WEAK_RS,753
UROY,2026-10-01,3.88,54.37,TIGHTENING,RANGE_EXIT_CONFIRMED,DOWN_EXPANSION_CONFIRMED,44.44,29.37,46.43,67.46,True,True,63.1,False,4.705,3.985,1.426,5.91,28.87,-9.56,45.86,-4.2,3.54,5.4,240,20484624.56,4.98,-22.09,4.48,-13.39,35.24,96.0,False,NOT_COMPRESSED|ALREADY_EXPANDING|EXTENDED_60D_RUN|BELOW_SMA50|NOT_NEAR_UNBROKEN_PIVOT|LOW_LIQUIDITY,753
PSA,2026-10-01,284.0,54.33,TIGHTENING,NO_EDGE,NONE,20.63,22.22,44.44,56.75,False,False,64.68,False,302.06,281.91,1.202,2.03,9.62,-4.78,-10.55,-7.72,1.15,1.77,999,256209021.35,307.3466,-7.6,332.1422,-14.49,-15.8,28.0,False,NOT_COMPRESSED|BELOW_SMA50|NOT_NEAR_UNBROKEN_PIVOT|WEAK_RS,753
AXP,2026-10-01,302.09,54.33,TIGHTENING,NO_EDGE,NONE,14.68,11.11,72.22,67.06,False,False,40.08,False,316.74,299.91,1.66,1.96,12.51,-8.45,-10.2,-7.96,1.33,4.32,999,1035252295.9,335.0,-9.82,363.14,-16.81,-17.0,24.0,False,NOT_COMPRESSED|BELOW_SMA50|NOT_NEAR_UNBROKEN_PIVOT|WEAK_RS,753
NE,2026-10-01,41.72,54.29,TIGHTENING,NO_EDGE,NONE,21.03,36.11,32.14,67.46,False,False,51.59,False,45.82,41.345,1.261,3.66,17.43,-12.32,6.76,-4.74,2.19,6.63,358,53328649.08,48.0055,-13.09,53.8251,-22.49,8.14,83.0,False,NOT_COMPRESSED|BELOW_SMA50|NOT_NEAR_UNBROKEN_PIVOT,753
OPK,2026-10-01,1.57,54.29,TIGHTENING,RANGE_EXIT_CONFIRMED,DOWN_EXPANSION_CONFIRMED,63.89,35.71,51.98,32.54,True,True,56.75,False,1.75,1.6,1.5,3.93,17.83,-7.1,11.35,5.4,1.86,11.29,46,4285177.13,1.75,-10.29,1.73,-9.25,0.46,72.0,False,NOT_COMPRESSED|ALREADY_EXPANDING|POST_GAP_COIL|NOT_NEAR_UNBROKEN_PIVOT|LOW_LIQUIDITY,753
BORR,2026-10-01,4.05,54.25,TIGHTENING,NO_EDGE,NONE,24.6,19.84,43.25,63.49,False,False,57.94,False,4.58,3.89,1.5,4.86,24.44,-15.8,-10.6,-4.9,4.02,8.22,590,25608251.17,4.93,-17.85,6.655,-39.14,-12.63,36.0,False,NOT_COMPRESSED|BELOW_SMA50|NOT_NEAR_UNBROKEN_PIVOT|LOW_LIQUIDITY|WEAK_RS,753
NEXT,2026-10-01,6.31,54.23,TIGHTENING,NO_EDGE,NONE,0.4,10.71,73.41,88.49,False,False,37.3,False,7.143,6.244,0.625,4.89,25.44,-15.19,-22.39,-9.58,2.92,4.07,122,17478847.24,7.845,-19.57,9.24,-31.71,-19.59,19.0,False,NOT_COMPRESSED|BELOW_SMA50|NOT_NEAR_UNBROKEN_PIVOT|WEAK_RS,753
TM,2026-10-01,183.34,54.19,TIGHTENING,NO_EDGE,NONE,21.83,36.9,42.06,62.7,False,False,41.67,False,196.68,182.91,0.611,1.75,10.12,-7.54,3.49,-3.8,2.51,4.46,300,59049719.25,200.86,-8.72,219.85,-16.61,2.18,75.0,False,NOT_COMPRESSED|BELOW_SMA50|NOT_NEAR_UNBROKEN_PIVOT,753
ARLO,2026-10-01,12.77,54.19,TIGHTENING,NO_EDGE,NONE,48.41,32.14,44.05,67.86,True,False,38.1,False,13.78,12.29,1.538,4.23,16.37,-2.07,-0.23,-6.44,2.42,3.3,149,17269649.39,14.38,-11.2,16.89,-24.39,-4.45,59.0,False,NOT_COMPRESSED|BELOW_SMA50|NOT_NEAR_UNBROKEN_PIVOT|WEAK_RS,753
INDB,2026-10-01,78.93,54.17,TIGHTENING,NO_EDGE,NONE,17.46,20.24,53.97,69.44,False,False,47.22,False,82.6038,77.5,1.856,1.96,8.88,-2.56,-3.3,-4.22,1.17,7.42,999,30278184.5,83.6752,-5.67,86.8103,-9.08,-8.33,49.0,False,NOT_COMPRESSED|BELOW_SMA50|NOT_NEAR_UNBROKEN_PIVOT|WEAK_RS,753
ING,2026-10-01,34.25,54.09,TIGHTENING,RANGE_EXIT_CONFIRMED,DOWN_EXPANSION_CONFIRMED,28.97,52.38,13.1,35.71,False,False,77.78,False,37.09,35.44,3.354,1.92,10.6,-5.83,8.59,-3.39,2.65,6.12,999,74912981.06,37.52,-8.72,35.98,-4.81,5.25,79.0,False,NOT_COMPRESSED|ALREADY_EXPANDING|BELOW_SMA50|NOT_NEAR_UNBROKEN_PIVOT,753
JNJ,2026-10-01,258.66,54.09,TIGHTENING,RANGE_EXIT_CONFIRMED,DOWN_EXPANSION_CONFIRMED,27.38,74.21,23.81,15.08,False,False,57.14,False,275.23,264.51,1.421,2.01,7.95,-6.01,-1.32,-2.57,2.04,2.45,999,1701501547.07,281.07,-7.97,275.1132,-5.98,-4.01,60.0,False,NOT_COMPRESSED|ALREADY_EXPANDING|NOT_NEAR_UNBROKEN_PIVOT|WEAK_RS,753
EL,2026-10-01,90.19,54.07,TIGHTENING,NO_EDGE,NONE,28.57,47.62,25.79,46.83,False,False,56.75,False,100.92,91.64,1.192,3.65,17.81,-10.84,10.63,-3.38,1.79,11.24,30,289084190.65,104.74,-13.89,108.0131,-16.5,5.27,79.0,False,NOT_COMPRESSED|POST_GAP_COIL|BELOW_SMA50|NOT_NEAR_UNBROKEN_PIVOT,753
L,2026-10-01,105.05,54.07,TIGHTENING,NO_EDGE,NONE,8.73,31.35,52.38,67.06,False,False,49.21,False,109.59,103.92,1.158,1.52,6.83,-3.57,-8.76,-5.32,1.26,2.0,999,116726941.38,111.06,-5.41,120.9422,-13.14,-12.63,36.0,False,NOT_COMPRESSED|BELOW_SMA50|NOT_NEAR_UNBROKEN_PIVOT|WEAK_RS,753
TH,2026-10-01,20.48,54.05,TIGHTENING,NO_EDGE,NONE,62.3,63.49,31.75,21.43,False,True,28.17,False,21.76,18.94,1.46,4.81,17.87,11.36,12.34,13.66,7.41,7.41,126,48293426.03,21.76,-5.88,20.85,-1.77,8.05,83.0,False,NOT_COMPRESSED|EXTENDED_FROM_SMA50|NOT_NEAR_UNBROKEN_PIVOT,753
SKT,2026-10-01,34.45,54.05,TIGHTENING,NO_EDGE,NONE,2.38,19.05,70.24,78.97,False,False,38.49,False,36.12,34.26,1.234,1.87,11.93,-8.62,-11.35,-9.02,1.72,1.75,999,32064020.8,38.59,-10.73,42.2053,-18.38,-15.01,29.0,False,NOT_COMPRESSED|BELOW_SMA50|NOT_NEAR_UNBROKEN_PIVOT|WEAK_RS,753
GBX,2026-10-01,40.09,54.03,TIGHTENING,NO_EDGE,NONE,6.75,46.43,22.22,57.54,False,False,81.75,False,44.2,40.03,1.024,2.81,12.82,-6.22,-12.89,-11.46,2.5,4.64,314,17432474.74,44.2,-9.3,53.2165,-24.67,-17.9,23.0,False,NOT_COMPRESSED|BELOW_SMA50|NOT_NEAR_UNBROKEN_PIVOT|WEAK_RS,753
AAON,2026-10-01,82.28,54.02,TIGHTENING,NO_EDGE,NONE,35.32,31.35,35.71,51.59,False,False,65.08,True,91.52,75.52,0.605,5.0,22.02,10.41,-23.7,-1.68,5.5,5.5,101,99020588.2,91.52,-10.1,150.1625,-45.21,-26.28,10.0,False,NOT_COMPRESSED|NOT_NEAR_UNBROKEN_PIVOT|WEAK_RS,753
ITUB,2026-10-01,8.45,53.95,TIGHTENING,NO_EDGE,NONE,54.37,78.17,6.35,1.59,False,False,53.57,False,8.62,7.92,1.824,2.88,8.28,4.58,3.63,5.73,3.36,3.36,999,206817600.19,8.62,-1.97,9.464,-10.71,1.31,73.0,False,NOT_COMPRESSED,753
IOSP,2026-10-01,95.17,53.87,TIGHTENING,NO_EDGE,NONE,16.67,17.86,44.05,59.13,False,False,76.98,False,100.48,91.55,1.035,2.23,9.96,1.5,17.77,2.87,1.04,4.13,999,21302049.72,100.48,-5.28,96.68,-1.56,11.69,87.0,False,NOT_COMPRESSED|NOT_NEAR_UNBROKEN_PIVOT,753
DBD,2026-10-01,63.18,53.87,TIGHTENING,NO_EDGE,NONE,17.86,33.73,49.6,62.7,False,False,43.25,False,66.17,59.28,1.344,3.24,16.16,-6.58,-24.33,-9.44,1.91,2.68,999,15252836.82,69.49,-9.08,92.085,-31.39,-26.86,9.0,False,NOT_COMPRESSED|BELOW_SMA50|NOT_NEAR_UNBROKEN_PIVOT|WEAK_RS,753
JXN,2026-10-01,129.48,53.81,TIGHTENING,NO_EDGE,NONE,34.13,53.57,46.83,44.05,False,False,17.86,False,139.38,123.97,1.115,3.01,12.63,-4.94,20.26,-1.02,1.64,9.37,999,123719000.02,140.325,-7.73,137.0951,-5.55,21.91,92.0,False,NOT_COMPRESSED|NOT_NEAR_UNBROKEN_PIVOT,753
LZB,2026-10-01,29.44,53.73,TIGHTENING,NO_EDGE,NONE,13.89,64.68,49.21,47.22,False,False,24.21,False,30.85,28.92,1.507,3.14,14.44,-7.09,-22.79,-15.19,1.65,17.46,30,24534520.5,33.04,-10.9,44.5597,-33.93,-28.5,8.0,False,NOT_COMPRESSED|POST_GAP_COIL|BELOW_SMA50|NOT_NEAR_UNBROKEN_PIVOT|WEAK_RS,753
DAC,2026-10-01,161.74,53.71,TIGHTENING,NO_EDGE,NONE,62.7,46.43,23.81,5.95,False,False,58.73,False,163.64,151.0,2.665,2.25,7.82,5.5,27.79,8.37,0.89,2.49,999,20824166.54,163.64,-1.16,152.98,5.73,30.33,95.0,False,NOT_COMPRESSED,753
FSBC,2026-10-01,42.92,53.67,TIGHTENING,NO_EDGE,NONE,5.95,4.76,71.83,81.35,False,False,50.79,False,45.908,42.02,2.169,2.31,12.74,-7.42,-9.14,-6.05,1.33,7.34,999,9104959.67,47.17,-9.01,49.9937,-14.15,-14.16,31.0,False,NOT_COMPRESSED|BELOW_SMA50|NOT_NEAR_UNBROKEN_PIVOT|WEAK_RS,753
EXK,2026-10-01,8.56,53.63,TIGHTENING,NO_EDGE,NONE,17.46,22.62,66.67,86.9,True,False,59.92,True,10.59,8.54,0.512,6.35,37.03,-23.09,10.88,-12.2,5.75,7.59,135,80967509.15,11.65,-26.52,11.6,-26.21,-2.83,63.0,False,NOT_COMPRESSED|BELOW_SMA50|NOT_NEAR_UNBROKEN_PIVOT|WEAK_RS,753
ITW,2026-10-01,260.84,53.63,TIGHTENING,NO_EDGE,NONE,41.27,58.73,21.43,9.52,False,False,71.03,False,274.61,257.23,1.265,2.02,7.25,-2.44,-0.97,-5.94,1.24,4.88,999,369688617.87,274.61,-5.01,299.9756,-13.05,-6.58,53.0,False,NOT_COMPRESSED|BELOW_SMA50|NOT_NEAR_UNBROKEN_PIVOT|WEAK_RS,753
CNC,2026-10-01,60.99,53.63,TIGHTENING,NO_EDGE,NONE,9.92,39.68,40.87,60.32,False,False,61.51,False,67.79,60.94,1.685,3.57,16.67,-9.43,-9.09,-5.77,2.25,7.13,231,305596690.91,69.63,-12.41,69.36,-12.07,-12.96,35.0,False,NOT_COMPRESSED|BELOW_SMA50|NOT_NEAR_UNBROKEN_PIVOT|WEAK_RS,753
TCOM,2026-10-01,38.76,53.62,TIGHTENING,NO_EDGE,NONE,65.08,41.67,28.57,37.7,False,True,44.44,False,41.49,38.43,1.078,2.51,8.98,-11.16,-6.33,-10.4,4.65,5.49,68,181683884.98,44.37,-12.64,55.7,-30.41,-8.3,49.0,False,NOT_COMPRESSED|BELOW_SMA50|NOT_NEAR_UNBROKEN_PIVOT|WEAK_RS,753
PENG,2026-10-01,54.98,53.61,TIGHTENING,NO_EDGE,NONE,41.67,57.54,36.9,45.24,False,False,15.87,False,57.5,50.22,0.794,5.6,21.61,15.53,-29.94,3.32,7.72,7.72,71,71424184.29,57.5,-4.38,89.86,-38.82,-13.39,34.0,False,NOT_COMPRESSED|RECENT_SURGE|WEAK_RS,753
ESTA,2026-10-01,63.04,53.61,TIGHTENING,NO_EDGE,NONE,9.13,17.06,59.92,73.81,False,False,53.97,False,72.66,62.29,1.335,4.58,23.05,-15.86,-28.36,-16.84,2.11,3.35,152,22664403.5,76.42,-17.51,97.59,-35.4,-32.2,5.0,False,NOT_COMPRESSED|BELOW_SMA50|NOT_NEAR_UNBROKEN_PIVOT|WEAK_RS,753
ALAB,2026-10-01,356.42,53.51,TIGHTENING,NO_EDGE,NONE,40.08,2.78,72.22,69.05,False,False,34.13,True,377.87,278.25,0.655,6.16,35.42,30.02,-9.34,15.65,7.54,12.99,44,1318841166.11,377.87,-5.68,499.476,-28.64,-15.14,29.0,False,NOT_COMPRESSED|POST_GAP_COIL|RECENT_SURGE|EXTENDED_FROM_SMA50|NOT_NEAR_UNBROKEN_PIVOT|WEAK_RS,636
HTGC,2026-10-01,16.94,53.49,TIGHTENING,NO_EDGE,NONE,12.7,38.1,41.27,59.13,False,False,61.51,False,17.9,16.72,1.333,1.82,7.79,-4.35,9.61,0.12,1.36,2.89,999,21942010.71,17.93,-5.52,17.93,-5.52,6.29,81.0,False,NOT_COMPRESSED|NOT_NEAR_UNBROKEN_PIVOT,753
MARA,2026-10-01,11.21,53.48,TIGHTENING,NO_EDGE,NONE,40.08,28.17,40.08,49.21,False,True,69.84,False,13.98,10.86,0.6,7.4,31.22,7.07,-6.74,-0.63,7.35,7.35,149,557142000.18,13.98,-19.81,16.43,-31.77,-12.43,37.0,False,NOT_COMPRESSED|NOT_NEAR_UNBROKEN_PIVOT|WEAK_RS,753
EC,2026-10-01,16.27,53.45,TIGHTENING,NO_EDGE,NONE,25.0,37.7,48.02,65.08,False,False,30.95,False,17.62,16.07,0.889,3.21,14.2,-7.08,7.53,-4.35,2.05,2.91,999,26426941.89,18.38,-11.48,18.19,-10.56,7.85,83.0,False,NOT_COMPRESSED|BELOW_SMA50|NOT_NEAR_UNBROKEN_PIVOT,753
ANDE,2026-10-01,65.49,53.43,TIGHTENING,NO_EDGE,NONE,1.98,46.83,39.68,68.25,False,False,57.54,False,72.2693,65.0514,1.383,3.1,12.37,-7.37,-8.83,-4.51,1.19,9.95,406,26453035.31,72.4687,-9.63,81.6207,-19.76,-3.75,61.0,False,NOT_COMPRESSED|BELOW_SMA50|NOT_NEAR_UNBROKEN_PIVOT|WEAK_RS,753
FPS,2026-10-01,37.33,53.43,TIGHTENING,NO_EDGE,NONE,67.59,13.82,73.97,54.04,False,True,2.56,False,40.07,36.31,1.485,6.26,32.36,26.89,-17.58,6.91,8.0,8.0,160,392857236.22,40.07,-6.84,66.0,-43.44,-23.17,14.0,False,NOT_COMPRESSED|RECENT_SURGE|NOT_NEAR_UNBROKEN_PIVOT|WEAK_RS,165
APPN,2026-10-01,37.77,53.41,TIGHTENING,NO_EDGE,NONE,69.44,50.4,23.81,11.51,False,False,40.87,False,39.67,33.35,2.127,5.41,22.53,-5.31,55.62,7.56,3.74,4.8,289,33207757.25,41.79,-9.62,44.06,-14.28,51.96,98.0,False,NOT_COMPRESSED|EXTENDED_60D_RUN|NOT_NEAR_UNBROKEN_PIVOT,753
MRVL,2026-10-01,268.08,53.41,TIGHTENING,RANGE_EXIT_CONFIRMED,UP_EXPANSION_CONFIRMED,32.54,36.9,57.54,59.52,False,False,15.08,False,267.48,235.96,1.264,4.88,25.81,29.83,15.72,18.9,8.59,11.17,30,4314279062.7,267.48,0.22,329.7986,-18.71,6.48,81.0,False,NOT_COMPRESSED|ALREADY_EXPANDING|POST_GAP_COIL|RECENT_SURGE|EXTENDED_FROM_SMA50,753
BBVA,2026-10-01,26.87,53.41,TIGHTENING,RANGE_EXIT_CONFIRMED,DOWN_EXPANSION_CONFIRMED,39.29,50.0,22.22,29.37,False,False,65.87,False,29.05,27.83,2.531,2.22,11.2,-7.85,6.12,-5.33,2.06,6.31,999,38239453.05,29.64,-9.35,29.32,-8.36,2.13,75.0,False,NOT_COMPRESSED|ALREADY_EXPANDING|BELOW_SMA50|NOT_NEAR_UNBROKEN_PIVOT,753
CRM,2026-10-01,236.69,53.35,TIGHTENING,NO_EDGE,NONE,31.35,35.71,53.97,61.9,False,False,21.03,False,247.0,221.18,1.649,3.81,19.7,-7.72,42.34,8.47,3.87,11.88,24,3031812571.63,267.7989,-11.62,263.0672,-10.03,39.91,96.0,False,NOT_COMPRESSED|POST_GAP_COIL|EXTENDED_60D_RUN|NOT_NEAR_UNBROKEN_PIVOT,753
ACVA,2026-10-01,10.45,53.3,TIGHTENING,NO_EDGE,NONE,86.51,0.4,86.9,65.87,True,True,0.4,False,10.5,10.41,1.143,2.36,37.32,54.36,49.5,24.75,44.81,44.81,14,158432056.53,10.5,-0.48,8.375,24.78,40.32,97.0,False,NOT_COMPRESSED|POST_GAP_COIL|RECENT_SURGE|EXTENDED_60D_RUN|EXTENDED_FROM_SMA50|DETACHED_FROM_PRIOR_STRUCTURE,753
VCTR,2026-10-01,111.74,53.3,TIGHTENING,NO_EDGE,NONE,16.67,86.51,40.87,27.38,False,True,45.24,False,112.435,102.92,2.665,3.43,11.68,0.78,27.2,2.23,2.31,2.53,475,82255728.96,114.4561,-2.37,122.9977,-9.15,25.09,93.0,False,NOT_COMPRESSED,753
WTFC,2026-10-01,143.55,53.29,TIGHTENING,NO_EDGE,NONE,1.59,26.59,66.67,69.44,False,False,48.81,False,150.17,141.51,2.493,2.04,11.2,-5.7,-9.08,-6.46,1.3,1.3,999,67647078.48,154.64,-7.17,166.6503,-13.86,-13.47,33.0,False,NOT_COMPRESSED|BELOW_SMA50|NOT_NEAR_UNBROKEN_PIVOT|WEAK_RS,753
TER,2026-10-01,415.79,53.27,TIGHTENING,RANGE_EXIT_CONFIRMED,UP_EXPANSION_CONFIRMED,38.49,34.52,47.22,58.73,False,False,25.79,False,415.61,350.0,1.407,4.63,22.49,21.76,18.31,11.37,8.59,14.74,45,913051701.05,415.61,0.04,487.7226,-14.75,9.86,85.0,False,NOT_COMPRESSED|ALREADY_EXPANDING|POST_GAP_COIL|RECENT_SURGE,753
LNN,2026-10-01,112.38,53.25,TIGHTENING,NO_EDGE,NONE,21.83,34.13,62.3,64.68,False,False,22.62,False,119.63,111.25,1.52,2.85,13.67,-6.44,1.44,-2.57,1.51,2.8,739,20845877.83,125.14,-10.2,130.7468,-14.05,-10.5,42.0,False,NOT_COMPRESSED|NOT_NEAR_UNBROKEN_PIVOT|WEAK_RS,753
KNX,2026-10-01,65.41,53.25,TIGHTENING,NO_EDGE,NONE,21.43,36.9,52.78,67.86,False,False,28.97,False,69.09,63.12,1.497,3.45,14.43,-2.7,-12.51,-4.8,4.06,4.06,349,258487094.89,72.56,-9.85,82.6218,-20.83,-16.92,25.0,False,NOT_COMPRESSED|BELOW_SMA50|NOT_NEAR_UNBROKEN_PIVOT|WEAK_RS,753
HRL,2026-10-01,19.96,53.25,TIGHTENING,NO_EDGE,NONE,4.76,47.22,52.78,64.29,False,False,54.37,True,21.11,19.42,0.783,2.35,13.33,-9.48,-17.69,-12.33,1.31,2.99,274,96495692.75,22.4,-10.89,26.43,-24.48,-22.04,16.0,False,NOT_COMPRESSED|BELOW_SMA50|NOT_NEAR_UNBROKEN_PIVOT|WEAK_RS,753
SFBS,2026-10-01,39.75,53.13,TIGHTENING,NO_EDGE,NONE,4.76,37.3,44.05,61.9,False,False,69.05,False,42.1288,39.581,1.358,2.52,11.2,-5.58,-4.86,-7.42,1.3,2.94,999,29058942.9,43.1738,-7.93,45.8212,-13.25,-10.64,42.0,False,NOT_COMPRESSED|BELOW_SMA50|NOT_NEAR_UNBROKEN_PIVOT|WEAK_RS,753
BLTE,2026-10-01,162.98,53.12,TIGHTENING,RANGE_EXIT_CONFIRMED,DOWN_EXPANSION_CONFIRMED,85.71,16.27,53.97,50.79,False,True,7.14,False,178.442,164.41,1.242,4.17,23.76,1.44,7.01,-1.59,2.81,2.81,209,37984480.6,198.58,-17.93,183.67,-11.26,8.32,83.0,False,NOT_COMPRESSED|ALREADY_EXPANDING|NOT_NEAR_UNBROKEN_PIVOT,753
FINV,2026-10-01,3.02,53.12,TIGHTENING,NO_EDGE,NONE,6.35,52.78,50.4,78.57,True,True,74.6,False,3.47,3.01,1.0,4.25,16.89,-12.21,-35.88,-24.02,1.84,3.48,999,3693860.5,3.505,-13.84,5.87,-48.55,-40.31,2.0,False,NOT_COMPRESSED|BELOW_SMA50|NOT_NEAR_UNBROKEN_PIVOT|LOW_LIQUIDITY|WEAK_RS,753
ANNX,2026-10-01,4.12,53.1,TIGHTENING,NO_EDGE,NONE,44.84,31.35,65.48,21.03,False,False,36.11,False,4.358,3.63,1.182,6.38,34.22,-16.43,-30.87,-13.8,5.77,5.77,127,14261122.17,5.075,-18.82,6.615,-37.72,-27.38,9.0,False,NOT_COMPRESSED|BELOW_SMA50|NOT_NEAR_UNBROKEN_PIVOT|LOW_LIQUIDITY|WEAK_RS,753
SCSC,2026-10-01,62.22,53.08,TIGHTENING,RANGE_EXIT_CONFIRMED,UP_EXPANSION_CONFIRMED,68.65,42.06,17.06,21.03,False,False,54.76,False,59.28,56.33,2.927,3.1,11.8,9.85,20.51,10.45,1.52,26.1,29,16315333.63,59.28,4.96,66.78,-6.83,19.48,91.0,False,NOT_COMPRESSED|ALREADY_EXPANDING|POST_GAP_COIL|NOT_NEAR_UNBROKEN_PIVOT,753
YPF,2026-10-01,49.27,53.08,TIGHTENING,NO_EDGE,NONE,15.87,33.33,51.59,72.22,False,True,59.52,False,55.6,49.92,0.823,3.6,18.1,-8.61,2.86,-4.92,1.86,2.35,233,74357703.25,57.87,-14.86,57.49,-14.3,8.13,83.0,False,NOT_COMPRESSED|BELOW_SMA50|NOT_NEAR_UNBROKEN_PIVOT,753
NBHC,2026-10-01,39.17,53.04,TIGHTENING,NO_EDGE,NONE,0.4,7.14,68.65,84.92,False,False,59.92,False,41.63,38.93,1.764,1.8,10.34,-5.8,-8.49,-5.83,1.03,4.58,999,16667433.06,42.29,-7.38,46.9128,-16.5,-14.14,31.0,False,NOT_COMPRESSED|BELOW_SMA50|NOT_NEAR_UNBROKEN_PIVOT|WEAK_RS,753
ABCL,2026-10-01,13.91,53.02,TIGHTENING,NO_EDGE,NONE,23.81,13.89,56.75,69.84,False,False,50.79,False,15.015,11.78,0.958,5.68,33.75,22.45,95.92,34.13,4.11,26.41,37,60961323.94,15.015,-7.36,12.58,10.57,68.68,99.0,False,NOT_COMPRESSED|POST_GAP_COIL|RECENT_SURGE|EXTENDED_60D_RUN|EXTENDED_FROM_SMA50|NOT_NEAR_UNBROKEN_PIVOT,753
SCI,2026-10-01,76.5,53.02,TIGHTENING,NO_EDGE,NONE,33.33,34.13,56.75,74.6,False,False,6.35,False,81.46,76.15,1.055,2.09,8.93,-5.24,0.1,-6.28,1.21,4.98,999,78548420.81,82.9808,-7.81,90.587,-15.55,-5.02,57.0,False,NOT_COMPRESSED|BELOW_SMA50|NOT_NEAR_UNBROKEN_PIVOT|WEAK_RS,753
AZO,2026-10-01,2819.03,53.0,TIGHTENING,NO_EDGE,NONE,42.06,72.62,15.87,13.49,False,False,59.13,False,2999.3,2764.8799,1.018,2.98,8.63,-3.94,-8.18,-4.96,3.25,3.25,999,1194499595.73,2999.3,-6.01,3729.8201,-24.42,-13.6,33.0,False,NOT_COMPRESSED|BELOW_SMA50|NOT_NEAR_UNBROKEN_PIVOT|WEAK_RS,753
PEGA,2026-10-01,34.43,52.98,TIGHTENING,NO_EDGE,NONE,28.17,36.51,41.27,65.87,False,False,39.68,False,36.4071,31.5315,1.249,4.24,21.47,-7.66,9.51,2.38,5.13,18.16,50,79165748.31,38.9249,-11.55,44.7095,-22.99,8.44,83.0,False,NOT_COMPRESSED|POST_GAP_COIL|NOT_NEAR_UNBROKEN_PIVOT,753
KDP,2026-10-01,30.69,52.96,TIGHTENING,NO_EDGE,NONE,52.38,81.35,22.62,17.46,False,False,21.03,False,31.9086,30.06,0.981,2.73,9.36,-5.15,-0.19,-1.08,1.27,5.69,999,338973931.39,32.9312,-6.81,33.5765,-8.6,-10.0,44.0,False,NOT_COMPRESSED|NOT_NEAR_UNBROKEN_PIVOT|WEAK_RS,753
DOCS,2026-10-01,28.5,52.9,TIGHTENING,NO_EDGE,NONE,55.56,21.43,42.46,41.67,False,False,46.43,False,28.63,25.33,0.753,4.16,17.53,8.28,31.4,14.33,3.09,88.12,38,78167011.56,28.63,-0.45,40.0,-28.75,27.54,94.0,False,NOT_COMPRESSED|POST_GAP_COIL|EXTENDED_60D_RUN|EXTENDED_FROM_SMA50,753
HCM,2026-10-01,14.57,52.88,TIGHTENING,NO_EDGE,NONE,98.81,40.48,36.51,31.35,True,True,48.41,True,14.93,13.57,0.793,2.93,14.69,21.01,31.03,14.35,12.96,12.96,19,1306841.68,14.93,-2.41,15.79,-7.73,24.53,93.0,False,NOT_COMPRESSED|POST_GAP_COIL|RECENT_SURGE|EXTENDED_60D_RUN|EXTENDED_FROM_SMA50|LOW_LIQUIDITY,753
TAK,2026-10-01,17.86,52.88,TIGHTENING,NO_EDGE,NONE,43.65,62.3,23.41,17.06,False,False,57.94,False,19.1,18.19,1.031,1.72,6.94,-3.09,6.63,-0.81,2.04,4.0,999,44021412.37,19.1,-6.49,18.83,-5.15,3.67,77.0,False,NOT_COMPRESSED|NOT_NEAR_UNBROKEN_PIVOT,753
APG,2026-10-01,40.01,52.88,TIGHTENING,RANGE_EXIT_CONFIRMED,UP_EXPANSION_CONFIRMED,46.83,42.46,52.38,34.13,False,True,44.44,False,38.947,36.54,1.868,2.84,12.47,1.65,-3.52,0.23,2.35,6.19,999,143289281.72,40.56,-1.36,49.99,-19.96,-7.53,51.0,False,NOT_COMPRESSED|ALREADY_EXPANDING|WEAK_RS,753
NP,2026-10-01,27.24,52.84,TIGHTENING,NO_EDGE,NONE,1.29,12.55,79.4,81.45,False,False,41.98,False,31.7,26.64,1.269,4.63,29.41,-18.15,-13.55,-12.92,3.87,6.66,155,16421331.61,34.62,-21.32,35.15,-22.5,-20.84,17.0,False,NOT_COMPRESSED|BELOW_SMA50|NOT_NEAR_UNBROKEN_PIVOT|WEAK_RS,252
BBD,2026-10-01,3.51,52.82,TIGHTENING,NO_EDGE,NONE,70.24,68.25,8.73,15.87,False,False,35.71,False,3.61,3.3,2.286,3.08,9.4,1.86,2.87,3.49,3.06,3.06,351,100067958.94,3.63,-3.31,4.1939,-16.31,1.25,73.0,False,NOT_COMPRESSED|LOW_LIQUIDITY,753
GKOS,2026-10-01,163.17,52.8,TIGHTENING,NO_EDGE,NONE,46.03,44.84,48.41,36.9,False,False,25.4,False,166.735,151.01,0.997,4.17,21.05,-9.11,6.67,-5.0,3.15,11.48,44,142367126.73,185.35,-11.97,191.62,-14.85,7.16,82.0,False,NOT_COMPRESSED|POST_GAP_COIL|BELOW_SMA50|NOT_NEAR_UNBROKEN_PIVOT,753
PAC,2026-10-01,196.61,52.8,TIGHTENING,RANGE_EXIT_CONFIRMED,DOWN_EXPANSION_CONFIRMED,31.75,57.94,23.41,13.49,False,False,83.73,False,217.96,196.99,2.11,3.14,12.64,-5.68,-16.8,-6.48,1.35,1.95,749,30163568.72,217.96,-9.8,269.07,-26.93,-25.34,11.0,False,NOT_COMPRESSED|ALREADY_EXPANDING|BELOW_SMA50|NOT_NEAR_UNBROKEN_PIVOT|WEAK_RS,753
OGE,2026-10-01,45.67,52.76,TIGHTENING,NO_EDGE,NONE,26.98,35.71,67.86,60.32,False,False,13.89,False,46.36,44.24,1.423,1.66,8.01,-1.7,-5.85,-1.92,0.97,1.52,999,80821166.07,47.9,-4.66,50.59,-9.73,-9.66,44.0,False,NOT_COMPRESSED|WEAK_RS,753
CMPR,2026-10-01,75.03,52.66,TIGHTENING,RANGE_EXIT_CONFIRMED,DOWN_EXPANSION_CONFIRMED,0.4,49.21,62.7,66.27,False,False,32.94,False,82.74,75.63,1.872,4.13,23.71,-17.35,-23.27,-15.68,1.34,10.25,44,16678588.47,92.1,-18.53,106.58,-29.6,-25.97,11.0,False,NOT_COMPRESSED|ALREADY_EXPANDING|POST_GAP_COIL|BELOW_SMA50|NOT_NEAR_UNBROKEN_PIVOT|WEAK_RS,753
MSGS,2026-10-01,399.19,52.64,TIGHTENING,NO_EDGE,NONE,9.92,55.95,26.59,59.92,False,False,65.87,False,420.06,389.805,2.283,2.85,9.69,3.14,1.45,0.41,0.95,3.0,156,124053318.5,420.06,-4.97,438.93,-9.05,-1.81,66.0,False,NOT_COMPRESSED|WEAK_RS,753
FHN,2026-10-01,23.05,52.62,TIGHTENING,NO_EDGE,NONE,5.56,19.05,65.87,71.03,False,False,57.54,False,24.25,22.89,1.818,1.93,10.53,-5.54,-8.08,-6.38,1.06,3.58,475,121758001.72,24.9078,-7.46,26.2485,-12.19,-12.45,37.0,False,NOT_COMPRESSED|BELOW_SMA50|NOT_NEAR_UNBROKEN_PIVOT|WEAK_RS,753
PTEN,2026-10-01,11.3,52.6,TIGHTENING,NO_EDGE,NONE,19.05,21.43,71.83,77.78,False,False,21.83,False,12.21,10.46,1.119,4.25,25.93,-14.07,17.42,-0.43,2.86,6.32,122,95918945.68,13.39,-15.61,12.9,-12.4,28.69,94.0,False,NOT_COMPRESSED|NOT_NEAR_UNBROKEN_PIVOT,753
SBCF,2026-10-01,32.16,52.6,TIGHTENING,NO_EDGE,NONE,6.75,14.68,62.3,75.79,False,False,61.9,False,34.24,31.39,1.942,2.19,10.69,-5.28,1.53,-5.34,1.51,2.44,999,27809956.54,34.6672,-7.23,36.0694,-10.84,-5.66,56.0,False,NOT_COMPRESSED|BELOW_SMA50|NOT_NEAR_UNBROKEN_PIVOT|WEAK_RS,753
NWE,2026-10-01,68.53,52.58,TIGHTENING,NO_EDGE,NONE,17.46,50.79,33.73,35.32,False,False,78.17,False,71.42,65.84,1.42,2.18,9.5,-2.37,-1.64,-1.93,1.4,1.68,999,33405390.85,72.35,-5.28,73.7762,-7.11,-5.84,55.0,False,NOT_COMPRESSED|NOT_NEAR_UNBROKEN_PIVOT|WEAK_RS,753
BBAR,2026-10-01,12.43,52.58,TIGHTENING,NO_EDGE,NONE,2.78,19.05,52.78,84.92,False,False,65.08,False,14.86,12.37,1.844,5.05,30.81,-18.55,-35.97,-20.01,2.04,2.93,233,7293956.1,15.89,-21.77,22.2908,-44.24,-38.67,3.0,False,NOT_COMPRESSED|BELOW_SMA50|NOT_NEAR_UNBROKEN_PIVOT|WEAK_RS,753
AXON,2026-10-01,422.21,52.54,TIGHTENING,NO_EDGE,NONE,38.89,37.3,48.02,65.87,False,False,18.25,False,473.27,414.6,0.959,5.36,30.22,-16.72,-29.61,-20.54,4.59,4.59,151,486808622.89,539.41,-21.73,665.07,-36.52,-32.12,5.0,False,NOT_COMPRESSED|BELOW_SMA50|NOT_NEAR_UNBROKEN_PIVOT|WEAK_RS,753
INGM,2026-10-01,27.79,52.5,TIGHTENING,NO_EDGE,NONE,86.11,64.29,39.29,4.37,False,True,12.7,False,28.005,25.99,1.135,3.66,14.09,0.36,1.22,-0.46,4.93,4.93,105,70226405.27,29.595,-6.1,31.5917,-12.03,5.85,80.0,False,NOT_COMPRESSED|NOT_NEAR_UNBROKEN_PIVOT,485
CCEP,2026-10-01,100.79,52.5,TIGHTENING,NO_EDGE,NONE,61.11,43.25,59.52,37.3,False,False,7.54,True,103.62,99.0,0.839,2.02,10.2,-6.49,-4.4,-4.78,1.97,2.99,999,186010273.67,109.28,-7.77,113.67,-11.33,-8.29,49.0,False,NOT_COMPRESSED|BELOW_SMA50|NOT_NEAR_UNBROKEN_PIVOT|WEAK_RS,753
RKT,2026-10-01,11.97,52.5,TIGHTENING,NO_EDGE,NONE,10.32,27.78,72.62,79.37,False,False,23.02,False,13.45,11.375,1.764,5.09,25.9,-11.73,-15.47,-10.62,3.2,7.64,393,465341044.08,14.35,-16.59,17.36,-31.05,-26.93,9.0,False,NOT_COMPRESSED|BELOW_SMA50|NOT_NEAR_UNBROKEN_PIVOT|WEAK_RS,753
COF,2026-10-01,194.48,52.48,TIGHTENING,NO_EDGE,NONE,10.32,18.65,70.24,66.27,False,False,51.59,False,207.0,192.91,1.222,2.41,16.1,-10.21,1.68,-7.8,1.7,2.47,475,720441439.19,221.1,-12.04,227.3372,-14.45,-7.69,50.0,False,NOT_COMPRESSED|BELOW_SMA50|NOT_NEAR_UNBROKEN_PIVOT|WEAK_RS,753
FBP,2026-10-01,26.66,52.4,TIGHTENING,NO_EDGE,NONE,1.59,36.9,56.35,65.08,False,False,59.13,False,27.93,26.12,1.822,1.98,10.92,-6.19,3.19,-5.13,1.08,2.21,999,39651461.23,28.77,-7.33,29.6675,-10.14,-0.86,69.0,False,NOT_COMPRESSED|BELOW_SMA50|NOT_NEAR_UNBROKEN_PIVOT|WEAK_RS,753
IBRX,2026-10-01,9.28,52.4,TIGHTENING,NO_EDGE,NONE,43.65,26.19,46.43,46.03,False,False,49.6,False,10.09,8.12,0.86,5.98,26.4,16.73,5.45,16.86,2.91,5.71,153,100356325.59,10.09,-8.03,9.6,-3.33,-4.53,58.0,False,NOT_COMPRESSED|RECENT_SURGE|EXTENDED_FROM_SMA50|NOT_NEAR_UNBROKEN_PIVOT|WEAK_RS,753
CMC,2026-10-01,62.72,52.38,TIGHTENING,NO_EDGE,NONE,31.35,33.33,56.75,55.56,False,False,33.33,False,67.92,61.32,1.179,3.19,17.83,-9.3,1.03,-7.99,2.34,2.57,999,72389957.82,71.81,-12.66,79.6511,-21.26,-0.9,69.0,False,NOT_COMPRESSED|BELOW_SMA50|NOT_NEAR_UNBROKEN_PIVOT|WEAK_RS,753
SLG,2026-10-01,48.77,52.36,TIGHTENING,NO_EDGE,NONE,30.16,41.27,37.3,63.1,False,False,42.86,False,52.6577,48.1255,0.909,3.44,16.41,-10.47,2.11,-8.92,1.2,2.35,721,44006295.67,55.294,-11.8,59.3324,-17.8,-10.37,42.0,False,NOT_COMPRESSED|BELOW_SMA50|NOT_NEAR_UNBROKEN_PIVOT|WEAK_RS,753
CHYM,2026-10-01,26.845,52.33,TIGHTENING,NO_EDGE,NONE,31.75,17.46,78.57,84.92,True,True,49.21,False,32.18,25.92,1.754,4.84,35.87,-19.65,27.96,-9.17,9.35,9.35,999,236952635.37,35.55,-24.49,34.16,-21.41,25.8,93.0,False,NOT_COMPRESSED|BELOW_SMA50|NOT_NEAR_UNBROKEN_PIVOT,328
BCH,2026-10-01,38.97,52.32,TIGHTENING,RANGE_EXIT_CONFIRMED,DOWN_EXPANSION_CONFIRMED,4.76,43.25,41.27,52.78,False,False,79.37,False,42.62,39.9,2.425,2.5,12.52,-8.05,-1.76,-5.93,1.79,1.79,999,11930268.08,43.12,-9.62,43.14,-9.67,-3.88,60.0,False,NOT_COMPRESSED|ALREADY_EXPANDING|BELOW_SMA50|NOT_NEAR_UNBROKEN_PIVOT|WEAK_RS,753
MOH,2026-10-01,180.85,52.3,TIGHTENING,RANGE_EXIT_CONFIRMED,DOWN_EXPANSION_CONFIRMED,26.98,34.92,36.11,54.37,False,False,66.27,False,209.43,185.8,2.153,3.77,19.16,-10.74,-21.69,-8.87,1.28,3.25,163,119003269.23,214.36,-15.63,244.89,-26.15,-24.16,13.0,False,NOT_COMPRESSED|ALREADY_EXPANDING|BELOW_SMA50|NOT_NEAR_UNBROKEN_PIVOT|WEAK_RS,753
IP,2026-10-01,32.52,52.26,TIGHTENING,NO_EDGE,NONE,25.0,46.03,37.3,47.22,False,False,59.92,False,36.28,32.88,1.165,3.61,18.02,-10.41,-10.31,-14.96,2.75,3.24,999,187225998.85,37.76,-13.88,44.3153,-26.62,-18.04,23.0,False,NOT_COMPRESSED|BELOW_SMA50|NOT_NEAR_UNBROKEN_PIVOT|WEAK_RS,753
KEX,2026-10-01,133.46,52.24,TIGHTENING,NO_EDGE,NONE,27.38,22.22,55.56,63.89,False,False,47.62,False,139.75,127.62,1.265,2.46,11.95,-5.76,-5.69,-2.6,0.93,3.91,999,60902333.55,143.57,-7.04,157.69,-15.37,-0.05,71.0,False,NOT_COMPRESSED|NOT_NEAR_UNBROKEN_PIVOT,753
ABCB,2026-10-01,80.24,52.24,TIGHTENING,NO_EDGE,NONE,2.78,13.49,67.46,80.16,False,False,59.92,False,84.5393,79.35,1.987,1.83,10.21,-5.33,-8.68,-6.04,1.0,2.38,999,41749844.04,86.4047,-7.13,92.9883,-13.71,-13.58,33.0,False,NOT_COMPRESSED|BELOW_SMA50|NOT_NEAR_UNBROKEN_PIVOT|WEAK_RS,753
GOLD,2026-10-01,42.09,52.23,TIGHTENING,NO_EDGE,NONE,81.75,51.19,49.21,51.19,True,True,11.11,False,48.38,42.31,1.108,4.57,26.84,-1.47,4.59,-2.76,3.51,5.06,474,33233185.8,48.8325,-13.81,48.3342,-12.92,-4.69,58.0,False,NOT_COMPRESSED|NOT_NEAR_UNBROKEN_PIVOT|WEAK_RS,753
HWM,2026-10-01,228.38,52.23,TIGHTENING,NO_EDGE,NONE,93.65,48.41,71.03,19.44,True,True,1.59,False,233.42,223.28,0.889,3.1,17.65,-9.72,-15.87,-11.91,6.35,6.35,545,814101132.27,263.34,-13.28,309.8502,-26.29,-18.34,22.0,False,NOT_COMPRESSED|BELOW_SMA50|NOT_NEAR_UNBROKEN_PIVOT|WEAK_RS,753
VLYPP,2026-10-01,24.95,52.22,TIGHTENING,NO_EDGE,NONE,36.9,11.9,65.08,55.16,False,False,44.84,False,25.25,24.87,0.636,0.38,2.2,0.97,2.14,0.94,1.0,1.0,999,101297.76,25.25,-1.19,24.7104,0.97,0.01,71.0,False,NOT_COMPRESSED|LOW_LIQUIDITY,753
EXR,2026-10-01,133.08,52.22,TIGHTENING,NO_EDGE,NONE,33.73,32.54,41.67,57.54,False,False,50.4,False,139.54,130.7,0.993,2.04,7.18,-3.78,-6.49,-5.8,1.23,2.25,999,211060060.51,140.1916,-5.07,157.0336,-15.25,-12.67,35.0,False,NOT_COMPRESSED|BELOW_SMA50|NOT_NEAR_UNBROKEN_PIVOT|WEAK_RS,753
OMC,2026-10-01,74.7,52.2,TIGHTENING,NO_EDGE,NONE,35.71,42.46,59.92,63.1,False,False,4.76,False,78.9482,73.63,1.948,2.83,13.8,-7.7,-3.98,-8.04,2.36,3.45,999,258047305.11,86.5797,-13.72,88.6583,-15.74,-6.84,53.0,False,NOT_COMPRESSED|BELOW_SMA50|NOT_NEAR_UNBROKEN_PIVOT|WEAK_RS,753
BKU,2026-10-01,42.72,52.08,TIGHTENING,NO_EDGE,NONE,4.76,16.67,61.9,77.38,False,False,64.29,False,45.17,41.93,1.886,2.2,12.34,-5.99,-9.69,-6.55,1.13,4.35,999,45056441.5,46.58,-8.29,50.651,-15.66,-14.27,31.0,False,NOT_COMPRESSED|BELOW_SMA50|NOT_NEAR_UNBROKEN_PIVOT|WEAK_RS,753
AZN,2026-10-01,157.7,52.08,TIGHTENING,RANGE_EXIT_CONFIRMED,DOWN_EXPANSION_CONFIRMED,52.78,47.62,34.13,14.29,False,False,59.13,False,169.35,161.46,1.301,2.13,8.0,-2.43,-16.68,-3.59,2.48,8.36,999,488861410.48,169.35,-6.88,207.3,-23.93,-22.02,16.0,False,NOT_COMPRESSED|ALREADY_EXPANDING|BELOW_SMA50|NOT_NEAR_UNBROKEN_PIVOT|WEAK_RS,753
EAT,2026-10-01,194.33,52.02,TIGHTENING,NO_EDGE,NONE,25.79,67.86,43.25,46.43,False,False,24.21,False,214.64,190.83,0.777,4.63,23.16,-15.87,11.07,-11.25,2.49,5.74,107,316766540.4,236.62,-17.87,254.99,-23.79,6.52,81.0,False,NOT_COMPRESSED|BELOW_SMA50|NOT_NEAR_UNBROKEN_PIVOT,753
DOCN,2026-10-01,139.8,52.01,TIGHTENING,NO_EDGE,NONE,50.4,40.48,63.49,43.65,False,True,23.81,False,151.83,126.72,1.194,6.42,35.84,33.31,-0.48,12.24,5.32,6.72,61,365788500.63,151.83,-7.92,187.5,-25.44,4.6,78.0,False,NOT_COMPRESSED|RECENT_SURGE|EXTENDED_FROM_SMA50|NOT_NEAR_UNBROKEN_PIVOT,753
SLSR,2026-10-01,6.93,51.92,TIGHTENING,NO_EDGE,NONE,33.73,46.03,65.08,69.84,True,False,24.21,False,7.73,6.81,1.135,5.13,28.46,-17.2,-10.7,-11.78,4.06,4.06,372,1245825.04,8.762,-20.91,11.48,-39.63,-20.82,17.0,False,NOT_COMPRESSED|BELOW_SMA50|NOT_NEAR_UNBROKEN_PIVOT|LOW_LIQUIDITY|WEAK_RS,753
LYB,2026-10-01,57.78,51.9,TIGHTENING,NO_EDGE,NONE,10.32,15.48,58.73,79.76,False,False,61.51,False,64.69,56.81,1.422,3.36,19.61,-13.2,4.77,-6.96,1.75,3.35,999,224378950.89,67.49,-14.39,80.2827,-28.03,6.57,81.0,False,NOT_COMPRESSED|BELOW_SMA50|NOT_NEAR_UNBROKEN_PIVOT,753
ORCL,2026-10-01,138.07,51.88,TIGHTENING,NO_EDGE,NONE,32.94,44.84,41.67,61.9,False,False,32.94,False,153.6,131.58,0.891,4.98,28.33,-5.27,-1.38,-3.55,7.51,7.51,77,5245825562.71,170.7,-19.12,249.3824,-44.64,-4.06,60.0,False,NOT_COMPRESSED|BELOW_SMA50|NOT_NEAR_UNBROKEN_PIVOT|WEAK_RS,753
MDLZ,2026-10-01,57.76,51.88,TIGHTENING,NO_EDGE,NONE,9.13,23.02,58.33,82.94,False,False,63.89,True,62.0116,57.81,0.624,2.02,10.25,-6.69,-2.03,-5.99,2.31,2.31,999,497532886.33,63.2705,-8.71,66.0657,-12.57,-7.17,51.0,False,NOT_COMPRESSED|BELOW_SMA50|NOT_NEAR_UNBROKEN_PIVOT|WEAK_RS,753
ATO,2026-10-01,156.38,51.88,TIGHTENING,NO_EDGE,NONE,0.4,12.3,91.27,81.75,False,False,33.73,False,162.96,155.0,1.12,1.41,9.5,-6.74,-11.16,-6.19,0.72,1.28,999,167585769.14,169.58,-7.78,190.28,-17.82,-13.89,32.0,False,NOT_COMPRESSED|BELOW_SMA50|NOT_NEAR_UNBROKEN_PIVOT|WEAK_RS,753
LKQ,2026-10-01,22.78,51.88,TIGHTENING,NO_EDGE,NONE,33.33,40.08,62.7,61.9,False,False,10.71,False,23.93,22.43,1.12,2.97,14.71,-7.89,-8.32,-6.55,1.61,14.1,44,77232251.93,25.72,-11.43,31.7699,-28.3,-16.03,27.0,False,NOT_COMPRESSED|POST_GAP_COIL|BELOW_SMA50|NOT_NEAR_UNBROKEN_PIVOT|WEAK_RS,753
OTEX,2026-10-01,22.4,51.85,TIGHTENING,NO_EDGE,NONE,45.63,36.11,31.35,59.92,False,False,43.65,False,23.7,21.5,2.412,3.25,13.75,-3.92,0.38,-5.9,2.4,4.75,604,28318113.79,24.5799,-8.87,26.5277,-15.56,-4.5,59.0,False,NOT_COMPRESSED|BELOW_SMA50|NOT_NEAR_UNBROKEN_PIVOT|WEAK_RS,753
ZTS,2026-10-01,69.1,51.85,TIGHTENING,RANGE_EXIT_CONFIRMED,DOWN_EXPANSION_CONFIRMED,14.68,39.29,57.94,68.65,False,False,36.51,False,73.55,69.52,1.238,2.78,13.14,-9.28,-7.35,-7.24,1.69,5.96,101,331667038.87,78.0,-11.41,122.4663,-43.58,-9.81,44.0,False,NOT_COMPRESSED|ALREADY_EXPANDING|BELOW_SMA50|NOT_NEAR_UNBROKEN_PIVOT|WEAK_RS,753
XXI,2026-10-01,6.75,51.77,TIGHTENING,NO_EDGE,NONE,65.87,20.24,59.92,37.3,False,True,42.86,False,7.09,5.38,1.046,6.09,28.0,17.6,28.82,21.85,10.33,10.33,8,17251387.22,7.09,-4.8,9.34,-27.73,21.7,92.0,False,NOT_COMPRESSED|POST_GAP_COIL|RECENT_SURGE|EXTENDED_FROM_SMA50,536
ETOR,2026-10-01,25.78,51.71,TIGHTENING,NO_EDGE,NONE,3.97,6.75,82.54,91.27,True,False,73.02,False,29.8,25.39,1.243,4.04,31.15,-19.06,-35.47,-16.89,5.06,9.44,157,29947751.46,33.19,-22.33,43.315,-40.48,-39.13,3.0,False,NOT_COMPRESSED|BELOW_SMA50|NOT_NEAR_UNBROKEN_PIVOT|WEAK_RS,349
TRI,2026-10-01,99.36,51.69,TIGHTENING,NO_EDGE,NONE,69.44,35.32,47.22,22.22,False,False,30.56,False,101.05,92.57,1.672,3.9,20.33,-6.15,12.51,-1.66,3.84,3.99,166,151561655.8,112.77,-11.89,112.7234,-11.86,9.27,84.0,False,NOT_COMPRESSED|NOT_NEAR_UNBROKEN_PIVOT,753
TVTX,2026-10-01,56.85,51.69,TIGHTENING,RANGE_EXIT_CONFIRMED,DOWN_EXPANSION_CONFIRMED,17.46,26.59,54.37,70.24,False,False,53.97,False,65.86,58.32,1.821,4.38,21.99,-15.44,-2.59,-8.67,3.96,10.67,40,101249065.83,68.73,-17.29,67.85,-16.21,-2.96,63.0,False,NOT_COMPRESSED|ALREADY_EXPANDING|POST_GAP_COIL|BELOW_SMA50|NOT_NEAR_UNBROKEN_PIVOT|WEAK_RS,753
ASTH,2026-10-01,34.91,51.68,TIGHTENING,NO_EDGE,NONE,56.75,56.75,35.71,38.1,False,False,31.75,True,38.16,32.22,0.808,5.14,22.14,-9.49,-24.57,-6.15,5.78,5.78,148,15012164.25,39.95,-12.62,51.6,-32.34,-31.84,6.0,False,NOT_COMPRESSED|BELOW_SMA50|NOT_NEAR_UNBROKEN_PIVOT|WEAK_RS,753
COTY,2026-10-01,2.65,51.67,TIGHTENING,NO_EDGE,NONE,57.54,40.08,45.24,21.03,False,False,44.05,False,2.76,2.4,1.25,4.58,21.89,-8.62,23.83,-3.01,2.79,15.84,29,13925784.91,2.98,-11.07,3.09,-14.24,12.38,87.0,False,NOT_COMPRESSED|POST_GAP_COIL|BELOW_SMA50|NOT_NEAR_UNBROKEN_PIVOT|LOW_LIQUIDITY,753
ETG,2026-10-01,22.81,51.65,TIGHTENING,NO_EDGE,NONE,48.41,55.56,42.86,21.43,False,False,38.49,False,23.67,22.93,1.084,1.53,5.85,-4.23,-0.36,-3.06,1.09,1.23,999,1963802.41,24.2643,-5.99,24.4433,-6.68,-4.0,60.0,False,NOT_COMPRESSED|BELOW_SMA50|NOT_NEAR_UNBROKEN_PIVOT|LOW_LIQUIDITY|WEAK_RS,753
CCK,2026-10-01,106.19,51.65,TIGHTENING,NO_EDGE,NONE,14.29,30.95,55.16,72.22,False,False,49.6,False,114.28,105.34,1.333,2.24,14.13,-9.24,-2.52,-7.91,1.37,4.29,665,113085333.08,118.39,-10.3,122.91,-13.6,-8.83,47.0,False,NOT_COMPRESSED|BELOW_SMA50|NOT_NEAR_UNBROKEN_PIVOT|WEAK_RS,753
AXS,2026-10-01,95.51,51.65,TIGHTENING,NO_EDGE,NONE,12.3,19.44,61.51,70.24,False,False,61.11,False,100.185,93.3169,1.955,1.95,9.58,-3.73,-14.97,-5.11,1.56,17.88,45,68299747.47,102.1957,-6.54,119.4357,-20.03,-18.19,23.0,False,NOT_COMPRESSED|POST_GAP_COIL|BELOW_SMA50|NOT_NEAR_UNBROKEN_PIVOT|WEAK_RS,753
CERT,2026-10-01,9.34,51.63,TIGHTENING,NO_EDGE,NONE,37.7,7.54,63.89,73.02,False,False,37.3,False,9.43,8.165,0.77,3.9,23.5,12.8,42.81,13.61,1.76,22.59,41,22779863.83,9.43,-0.95,8.885,5.12,31.17,95.0,False,NOT_COMPRESSED|POST_GAP_COIL|EXTENDED_60D_RUN|EXTENDED_FROM_SMA50,753
PLD,2026-10-01,128.18,51.61,TIGHTENING,RANGE_EXIT_CONFIRMED,DOWN_EXPANSION_CONFIRMED,25.79,24.6,41.27,66.67,False,False,67.06,False,136.49,129.69,1.203,1.75,8.27,-5.41,-8.37,-7.23,1.42,2.98,999,480438928.57,137.8853,-7.04,152.1421,-15.75,-10.17,43.0,False,NOT_COMPRESSED|ALREADY_EXPANDING|BELOW_SMA50|NOT_NEAR_UNBROKEN_PIVOT|WEAK_RS,753
VTRS,2026-10-01,17.46,51.6,TIGHTENING,NO_EDGE,NONE,15.87,40.48,53.97,72.22,False,False,50.0,True,18.43,16.87,0.732,2.64,13.06,2.17,5.59,3.4,1.48,2.83,400,155814541.29,18.43,-5.26,18.2531,-4.35,2.5,75.0,False,NOT_COMPRESSED|NOT_NEAR_UNBROKEN_PIVOT,753
TTWO,2026-10-01,203.62,51.57,TIGHTENING,NO_EDGE,NONE,46.83,56.75,37.7,51.19,False,False,16.67,False,213.46,199.46,1.819,3.32,12.18,-5.79,-19.0,-10.2,1.37,2.83,999,525350793.82,224.26,-9.2,265.94,-23.43,-22.98,14.0,False,NOT_COMPRESSED|BELOW_SMA50|NOT_NEAR_UNBROKEN_PIVOT|WEAK_RS,753
CLBK,2026-10-01,11.16,51.55,TIGHTENING,NO_EDGE,NONE,23.02,40.87,31.35,61.9,False,False,67.46,False,11.79,10.75,1.841,2.27,9.41,-4.21,18.69,-1.47,1.22,3.58,999,55142404.49,11.8,-5.42,12.0,-7.0,13.67,88.0,False,NOT_COMPRESSED|NOT_NEAR_UNBROKEN_PIVOT,753
FCFS,2026-10-01,208.15,51.53,TIGHTENING,NO_EDGE,NONE,17.46,47.62,50.79,75.0,False,False,26.98,False,223.13,209.56,1.036,3.01,12.27,-5.43,-3.28,-3.15,1.4,4.17,999,82233560.97,231.83,-10.21,238.93,-12.88,-8.87,47.0,False,NOT_COMPRESSED|BELOW_SMA50|NOT_NEAR_UNBROKEN_PIVOT|WEAK_RS,753
LEN-B,2026-10-01,81.0,51.51,TIGHTENING,NO_EDGE,NONE,65.08,59.13,20.63,18.25,False,False,45.24,False,82.65,74.44,2.032,3.2,11.86,-1.4,-0.13,-1.48,2.59,2.59,999,11152303.64,84.05,-3.63,94.0321,-13.86,-8.37,48.0,False,NOT_COMPRESSED|WEAK_RS,753
ELV,2026-10-01,381.67,51.51,TIGHTENING,RANGE_EXIT_CONFIRMED,DOWN_EXPANSION_CONFIRMED,29.37,34.13,34.92,59.52,False,False,65.87,False,418.78,383.04,1.893,2.64,13.47,-5.55,-7.87,-3.6,3.09,7.97,365,514368132.25,427.17,-10.65,434.3495,-12.13,-11.1,40.0,False,NOT_COMPRESSED|ALREADY_EXPANDING|BELOW_SMA50|NOT_NEAR_UNBROKEN_PIVOT|WEAK_RS,753
ONTO,2026-10-01,314.88,51.47,TIGHTENING,NO_EDGE,NONE,52.78,19.44,56.75,66.67,False,True,51.59,True,311.0,249.09,0.754,4.74,24.11,23.7,8.04,11.69,8.84,11.65,38,226231255.83,311.0,1.25,386.46,-18.52,-0.46,70.0,False,NOT_COMPRESSED|POST_GAP_COIL|RECENT_SURGE|NOT_NEAR_UNBROKEN_PIVOT,753
SNN,2026-10-01,26.58,51.47,TIGHTENING,NO_EDGE,NONE,32.94,36.51,52.38,62.7,False,False,31.75,False,27.83,26.4,1.487,1.96,10.76,-7.26,-11.25,-8.6,3.31,4.29,225,41677183.76,29.24,-9.1,34.72,-23.44,-14.97,29.0,False,NOT_COMPRESSED|BELOW_SMA50|NOT_NEAR_UNBROKEN_PIVOT|WEAK_RS,753
CNH,2026-10-01,12.85,51.45,TIGHTENING,NO_EDGE,NONE,43.65,52.38,23.81,65.87,True,False,64.68,False,14.11,12.85,1.353,3.8,15.95,-5.86,25.12,6.6,2.0,11.32,42,246147306.39,14.46,-11.13,12.59,2.07,17.04,90.0,False,NOT_COMPRESSED|POST_GAP_COIL|NOT_NEAR_UNBROKEN_PIVOT,753
PAX,2026-10-01,10.14,51.45,TIGHTENING,NO_EDGE,NONE,34.92,33.73,66.67,55.95,False,False,20.63,False,10.58,9.89,1.5,2.79,16.12,-10.5,-6.5,-6.96,3.84,3.84,999,11089360.93,11.525,-12.02,13.1668,-22.99,-10.17,43.0,False,NOT_COMPRESSED|BELOW_SMA50|NOT_NEAR_UNBROKEN_PIVOT|WEAK_RS,753
NAVN,2026-10-01,21.5,51.41,TIGHTENING,NO_EDGE,NONE,84.83,17.89,78.77,53.74,True,True,14.86,False,22.81,18.71,1.134,5.72,44.14,-20.07,-15.75,-16.09,17.38,17.38,15,109800688.91,28.2,-23.76,30.88,-30.38,-19.08,20.0,False,NOT_COMPRESSED|POST_GAP_COIL|BELOW_SMA50|NOT_NEAR_UNBROKEN_PIVOT|WEAK_RS,231
CHT,2026-10-01,45.55,51.39,TIGHTENING,NO_EDGE,NONE,8.33,35.71,87.7,71.03,False,False,10.71,False,46.41,44.47,0.672,1.23,6.61,4.76,8.74,4.03,1.57,1.57,999,12023153.04,46.41,-1.85,44.7154,1.87,4.77,78.0,False,NOT_COMPRESSED,753
SGI,2026-10-01,62.75,51.39,TIGHTENING,NO_EDGE,NONE,28.97,39.68,59.52,61.9,False,False,24.6,False,66.24,60.99,1.518,3.6,17.31,-7.48,-14.03,-4.53,2.93,6.15,999,212954382.49,70.94,-11.54,85.9744,-27.01,-22.62,15.0,False,NOT_COMPRESSED|BELOW_SMA50|NOT_NEAR_UNBROKEN_PIVOT|WEAK_RS,753
EGO,2026-10-01,37.61,51.37,TIGHTENING,NO_EDGE,NONE,30.56,50.4,21.03,65.87,False,False,69.05,True,45.38,38.06,0.797,5.04,22.17,-12.84,26.76,-6.18,5.68,6.12,999,133769534.14,45.73,-17.76,48.2891,-22.11,9.02,84.0,False,NOT_COMPRESSED|BELOW_SMA50|NOT_NEAR_UNBROKEN_PIVOT,753
VTMX,2026-10-01,31.94,51.37,TIGHTENING,NO_EDGE,NONE,6.35,25.4,68.25,72.22,False,False,51.98,False,34.0,31.98,0.955,2.21,10.99,-7.42,-6.65,-5.77,0.91,1.19,475,2018050.96,35.11,-9.03,36.5031,-12.5,-9.95,44.0,False,NOT_COMPRESSED|BELOW_SMA50|NOT_NEAR_UNBROKEN_PIVOT|LOW_LIQUIDITY|WEAK_RS,753
BWXT,2026-10-01,136.79,51.37,TIGHTENING,NO_EDGE,NONE,0.79,20.24,84.52,87.7,False,False,42.46,True,150.0,133.21,0.735,3.71,21.71,-12.13,-25.58,-13.01,2.59,2.59,291,165845946.19,162.91,-16.03,241.1166,-43.27,-31.13,6.0,False,NOT_COMPRESSED|BELOW_SMA50|NOT_NEAR_UNBROKEN_PIVOT|WEAK_RS,753
UMC,2026-10-01,25.21,51.35,TIGHTENING,NO_EDGE,NONE,50.0,41.67,56.75,53.17,False,True,26.59,False,25.8,23.3,0.966,3.68,25.19,26.24,1.94,21.1,4.35,11.43,46,254527377.56,25.8,-2.29,28.4593,-11.42,1.7,74.0,False,NOT_COMPRESSED|POST_GAP_COIL|RECENT_SURGE|EXTENDED_FROM_SMA50,753
HSY,2026-10-01,159.3,51.31,TIGHTENING,NO_EDGE,NONE,3.97,21.83,57.54,80.56,False,False,66.27,False,171.56,157.44,1.132,2.25,13.73,-10.22,-7.95,-9.49,1.79,1.84,999,258141207.3,179.26,-11.13,207.8453,-23.36,-14.69,30.0,False,NOT_COMPRESSED|BELOW_SMA50|NOT_NEAR_UNBROKEN_PIVOT|WEAK_RS,753
VET,2026-10-01,11.6,51.29,TIGHTENING,NO_EDGE,NONE,9.92,21.83,71.03,79.76,False,False,41.27,False,12.74,11.2,1.229,3.67,21.12,-11.27,22.74,-2.94,2.34,4.61,999,17724738.06,13.6496,-15.02,14.0229,-17.28,27.15,94.0,False,NOT_COMPRESSED|NOT_NEAR_UNBROKEN_PIVOT,753
CVNA,2026-10-01,63.04,51.29,TIGHTENING,NO_EDGE,NONE,10.71,32.14,68.25,68.65,False,False,41.27,False,69.2,59.65,1.929,5.27,27.79,-14.99,-5.0,-8.2,3.41,11.11,44,506361858.44,76.44,-17.53,83.914,-24.88,-10.94,40.0,False,NOT_COMPRESSED|POST_GAP_COIL|BELOW_SMA50|NOT_NEAR_UNBROKEN_PIVOT|WEAK_RS,753
KRG,2026-10-01,24.44,51.21,TIGHTENING,NO_EDGE,NONE,1.19,21.43,71.03,78.97,False,False,54.76,False,25.82,24.11,0.8,1.65,9.7,-6.93,-13.85,-7.38,2.35,2.35,999,53887250.85,26.48,-7.7,29.92,-18.32,-16.75,25.0,False,NOT_COMPRESSED|BELOW_SMA50|NOT_NEAR_UNBROKEN_PIVOT|WEAK_RS,753
RMBS,2026-10-01,107.29,51.17,TIGHTENING,NO_EDGE,NONE,22.22,5.95,88.89,80.16,False,True,55.95,True,108.62,83.78,0.531,4.81,26.68,26.64,-2.14,14.93,6.5,6.59,108,249425260.09,108.62,-1.22,174.1,-38.37,-7.82,50.0,False,NOT_COMPRESSED|RECENT_SURGE|EXTENDED_FROM_SMA50|WEAK_RS,753
MRSH,2026-10-01,171.85,51.15,TIGHTENING,NO_EDGE,NONE,27.78,26.59,67.86,67.46,False,False,28.57,False,175.2181,166.2702,0.8,2.02,13.87,-7.98,-2.92,-6.06,1.58,2.5,999,484240261.6,190.1112,-9.61,197.339,-12.92,-5.47,56.0,False,NOT_COMPRESSED|BELOW_SMA50|NOT_NEAR_UNBROKEN_PIVOT|WEAK_RS,753
STLD,2026-10-01,226.17,51.13,TIGHTENING,NO_EDGE,NONE,21.03,64.29,26.59,52.38,False,False,57.54,False,246.5098,220.46,1.473,3.41,14.23,-8.45,-0.9,-6.73,1.77,3.72,335,240321199.9,251.2784,-9.99,287.3985,-21.3,0.03,71.0,False,NOT_COMPRESSED|BELOW_SMA50|NOT_NEAR_UNBROKEN_PIVOT,753
AAPG,2026-10-01,15.9,51.13,TIGHTENING,NO_EDGE,NONE,23.41,62.3,54.76,36.9,False,False,34.92,False,16.5,14.545,0.904,4.13,20.13,-5.41,-15.69,-7.2,5.64,8.99,133,104775.04,17.745,-10.4,28.062,-43.34,-16.89,25.0,False,NOT_COMPRESSED|BELOW_SMA50|NOT_NEAR_UNBROKEN_PIVOT|LOW_LIQUIDITY|WEAK_RS,424
WERN,2026-10-01,34.3,51.09,TIGHTENING,NO_EDGE,NONE,18.25,41.67,80.16,76.59,True,False,29.37,False,36.56,32.58,0.902,3.63,23.06,-9.45,-20.53,-8.42,4.05,4.05,107,31099298.29,40.49,-15.29,47.49,-27.77,-23.18,14.0,False,NOT_COMPRESSED|BELOW_SMA50|NOT_NEAR_UNBROKEN_PIVOT|WEAK_RS,753
PSX,2026-10-01,264.23,51.07,TIGHTENING,NO_EDGE,NONE,38.49,82.94,17.86,8.73,False,False,65.08,False,277.12,248.51,1.592,3.23,11.02,3.18,41.44,10.52,1.92,3.17,999,873172559.85,277.12,-4.65,252.05,4.83,47.73,98.0,False,NOT_COMPRESSED|EXTENDED_60D_RUN,753
IPAR,2026-10-01,111.85,51.05,TIGHTENING,NO_EDGE,NONE,72.22,49.21,28.97,13.89,False,False,45.24,False,119.75,109.25,1.014,3.23,10.33,-3.27,-2.57,-4.07,2.2,4.06,550,25870712.46,119.75,-6.6,128.3669,-12.87,-8.48,48.0,False,NOT_COMPRESSED|BELOW_SMA50|NOT_NEAR_UNBROKEN_PIVOT|WEAK_RS,753
OZK,2026-10-01,46.34,51.01,TIGHTENING,NO_EDGE,NONE,16.67,12.7,73.02,73.02,False,False,50.4,False,48.75,45.75,1.956,1.94,11.7,-6.04,-5.24,-6.44,0.92,1.63,587,54680625.8,50.52,-8.27,53.18,-12.86,-8.97,46.0,False,NOT_COMPRESSED|BELOW_SMA50|NOT_NEAR_UNBROKEN_PIVOT|WEAK_RS,753
XPEL,2026-10-01,44.56,51.01,TIGHTENING,NO_EDGE,NONE,26.98,27.38,67.06,63.89,False,False,34.13,False,47.0,42.565,1.148,3.45,20.16,-10.09,-0.31,-5.74,3.27,6.73,151,9116146.39,51.55,-13.56,52.655,-15.37,-11.0,40.0,False,NOT_COMPRESSED|BELOW_SMA50|NOT_NEAR_UNBROKEN_PIVOT|WEAK_RS,753
GLIBK,2026-10-01,23.495,50.87,TIGHTENING,NO_EDGE,NONE,8.73,27.38,71.43,76.19,False,False,41.27,False,25.09,22.885,1.453,3.32,15.64,-10.22,3.37,-5.07,1.36,6.51,999,8094698.03,26.69,-11.97,37.735,-37.74,1.87,74.0,False,NOT_COMPRESSED|BELOW_SMA50|NOT_NEAR_UNBROKEN_PIVOT,309
MELI,2026-10-01,1685.12,50.85,TIGHTENING,RANGE_EXIT_CONFIRMED,DOWN_EXPANSION_CONFIRMED,3.97,32.94,66.27,84.92,False,False,38.49,False,1851.99,1685.55,1.263,3.39,23.59,-16.02,-6.87,-9.51,1.69,5.05,404,1181489346.76,2066.0,-18.44,2011.2,-16.21,-7.27,51.0,False,NOT_COMPRESSED|ALREADY_EXPANDING|BELOW_SMA50|NOT_NEAR_UNBROKEN_PIVOT|WEAK_RS,753
TNC,2026-10-01,66.7,50.85,TIGHTENING,NO_EDGE,NONE,33.33,66.67,59.13,39.29,False,False,9.52,False,69.2,64.88,1.447,3.27,13.18,-5.03,-21.73,-7.55,1.5,8.29,152,12610284.49,73.67,-9.46,91.5204,-27.12,-26.25,10.0,False,NOT_COMPRESSED|BELOW_SMA50|NOT_NEAR_UNBROKEN_PIVOT|WEAK_RS,753
TPL,2026-10-01,336.46,50.84,TIGHTENING,NO_EDGE,NONE,53.57,39.29,57.54,70.24,True,True,43.65,False,369.46,324.8,1.53,4.12,20.27,-8.4,-14.59,-8.22,1.95,3.36,999,141009026.31,393.0,-14.39,456.9366,-26.37,-20.07,19.0,False,NOT_COMPRESSED|BELOW_SMA50|NOT_NEAR_UNBROKEN_PIVOT|WEAK_RS,753
FNB,2026-10-01,17.24,50.77,TIGHTENING,NO_EDGE,NONE,7.94,21.83,63.1,72.62,False,False,65.08,False,18.18,17.14,1.885,1.91,11.19,-5.69,-5.68,-6.25,1.29,3.49,999,81718883.19,18.72,-7.91,19.4503,-11.36,-11.59,39.0,False,NOT_COMPRESSED|BELOW_SMA50|NOT_NEAR_UNBROKEN_PIVOT|WEAK_RS,753
BLLN,2026-10-01,105.76,50.77,TIGHTENING,NO_EDGE,NONE,28.16,22.54,57.0,62.61,False,False,55.3,False,127.715,102.75,0.768,6.62,31.73,9.99,-12.31,-2.11,1.98,29.88,39,72137656.62,127.715,-17.19,150.44,-29.7,-14.96,29.0,False,NOT_COMPRESSED|POST_GAP_COIL|NOT_NEAR_UNBROKEN_PIVOT|WEAK_RS,226
ATI,2026-10-01,191.14,50.75,TIGHTENING,NO_EDGE,NONE,48.41,63.89,51.19,34.52,False,False,9.13,False,197.0,178.26,0.927,4.07,17.8,-5.23,2.98,-5.63,3.88,7.25,416,312343012.53,212.29,-9.96,243.57,-21.53,-1.22,68.0,False,NOT_COMPRESSED|BELOW_SMA50|NOT_NEAR_UNBROKEN_PIVOT|WEAK_RS,753
DT,2026-10-01,59.26,50.73,TIGHTENING,NO_EDGE,NONE,22.22,23.02,85.32,74.6,False,False,13.1,False,59.41,54.76,1.159,2.96,16.64,16.49,35.17,15.94,3.35,12.68,40,383121653.48,59.41,-0.25,54.835,8.07,29.53,94.0,False,NOT_COMPRESSED|POST_GAP_COIL|RECENT_SURGE|EXTENDED_60D_RUN|EXTENDED_FROM_SMA50,753
ACGL,2026-10-01,94.26,50.73,TIGHTENING,NO_EDGE,NONE,48.41,50.4,28.17,48.81,False,False,43.65,False,97.85,92.35,1.449,2.0,8.73,-4.02,-7.6,-4.14,1.4,4.2,999,438374019.03,100.51,-6.22,107.09,-11.98,-10.6,42.0,False,NOT_COMPRESSED|BELOW_SMA50|NOT_NEAR_UNBROKEN_PIVOT|WEAK_RS,753
RIO,2026-10-01,92.87,50.67,TIGHTENING,NO_EDGE,NONE,17.86,44.44,61.11,63.89,False,False,33.73,False,98.37,92.84,1.518,2.27,15.28,-9.62,6.88,-5.29,3.76,3.98,999,171241997.55,105.87,-12.28,110.161,-15.7,-2.32,65.0,False,NOT_COMPRESSED|BELOW_SMA50|NOT_NEAR_UNBROKEN_PIVOT|WEAK_RS,753
CART,2026-10-01,44.11,50.67,TIGHTENING,NO_EDGE,NONE,34.92,18.65,88.89,79.76,True,False,25.79,False,46.915,42.03,1.295,3.64,24.14,-14.4,-7.58,-6.77,4.99,11.04,38,193679956.62,52.68,-16.27,52.05,-15.25,-6.48,54.0,False,NOT_COMPRESSED|POST_GAP_COIL|BELOW_SMA50|NOT_NEAR_UNBROKEN_PIVOT|WEAK_RS,753
AB,2026-10-01,35.01,50.65,TIGHTENING,NO_EDGE,NONE,36.9,20.24,53.17,71.43,False,False,57.14,True,36.65,34.8,0.708,1.66,8.91,-4.42,-1.61,-3.4,1.07,1.52,999,11681408.8,37.7,-7.14,38.7772,-9.72,-4.23,59.0,False,NOT_COMPRESSED|BELOW_SMA50|NOT_NEAR_UNBROKEN_PIVOT|WEAK_RS,753
SPHR,2026-10-01,128.55,50.65,TIGHTENING,RANGE_EXIT_CONFIRMED,DOWN_EXPANSION_CONFIRMED,2.78,75.79,19.05,47.22,False,False,84.92,False,151.36,133.21,1.946,4.97,21.34,-8.59,-14.91,-13.26,3.05,3.05,159,71908322.67,151.36,-15.07,181.63,-29.22,-24.35,12.0,False,NOT_COMPRESSED|ALREADY_EXPANDING|BELOW_SMA50|NOT_NEAR_UNBROKEN_PIVOT|WEAK_RS,753
AMD,2026-10-01,615.73,50.63,TIGHTENING,NO_EDGE,NONE,31.35,5.16,79.37,68.65,False,False,39.29,False,639.0,527.6,0.943,3.86,32.24,34.72,19.0,20.34,5.78,7.09,102,12594651687.17,639.0,-3.64,584.73,5.3,16.07,90.0,False,NOT_COMPRESSED|RECENT_SURGE|EXTENDED_FROM_SMA50,753
BANR,2026-10-01,67.31,50.63,TIGHTENING,NO_EDGE,NONE,5.95,17.46,57.94,78.97,False,False,75.0,False,71.94,66.5,1.792,1.97,10.37,-3.9,2.25,-4.46,0.9,4.06,999,19915753.17,72.59,-7.27,74.84,-10.06,-1.88,66.0,False,NOT_COMPRESSED|BELOW_SMA50|NOT_NEAR_UNBROKEN_PIVOT|WEAK_RS,753
GSBD,2026-10-01,9.17,50.63,TIGHTENING,NO_EDGE,NONE,42.46,38.1,35.32,51.59,False,False,56.35,False,9.8319,9.0492,1.153,2.14,8.96,-4.43,6.59,-0.65,2.2,2.46,999,7700947.86,9.8319,-6.73,10.0252,-8.53,-3.48,61.0,False,NOT_COMPRESSED|NOT_NEAR_UNBROKEN_PIVOT|WEAK_RS,753
CIB,2026-10-01,91.08,50.6,TIGHTENING,NO_EDGE,NONE,36.51,61.51,37.7,57.14,False,False,24.6,False,99.169,90.1894,1.234,3.2,15.72,-4.47,17.52,-2.55,1.62,8.22,999,32066603.18,103.9738,-12.4,100.2526,-9.15,15.97,90.0,False,NOT_COMPRESSED|NOT_NEAR_UNBROKEN_PIVOT,753
VOYG,2026-10-01,29.91,50.6,TIGHTENING,NO_EDGE,NONE,47.62,53.97,19.84,43.65,False,False,57.14,False,38.33,29.875,0.596,8.38,28.49,-10.1,-12.26,-12.7,11.46,21.35,6,85560922.48,38.33,-21.97,52.4,-42.92,-15.43,28.0,False,NOT_COMPRESSED|POST_GAP_COIL|BELOW_SMA50|NOT_NEAR_UNBROKEN_PIVOT|WEAK_RS,329
NDAQ,2026-10-01,91.67,50.58,TIGHTENING,NO_EDGE,NONE,55.56,44.05,55.56,26.59,False,False,29.37,False,96.76,88.29,1.025,2.27,11.39,-3.91,8.99,-3.2,1.65,2.38,999,299263481.09,98.3774,-6.82,100.6298,-8.9,5.81,80.0,False,NOT_COMPRESSED|BELOW_SMA50|NOT_NEAR_UNBROKEN_PIVOT,753
ETW,2026-10-01,9.45,50.53,TIGHTENING,NO_EDGE,NONE,23.41,61.11,49.6,49.21,False,False,48.41,True,9.75,9.45,0.615,1.11,4.78,-2.91,1.42,-1.61,1.05,1.05,999,2527198.52,9.872,-4.27,9.8819,-4.37,-1.73,67.0,False,NOT_COMPRESSED|LOW_LIQUIDITY|WEAK_RS,753
SPH,2026-10-01,16.39,50.49,TIGHTENING,NO_EDGE,NONE,9.13,31.75,67.86,74.6,False,False,57.14,True,17.24,16.31,0.475,1.96,8.48,-6.77,-7.91,-6.09,0.75,2.07,999,3772992.75,17.85,-8.18,20.1755,-18.76,-7.59,50.0,False,NOT_COMPRESSED|BELOW_SMA50|NOT_NEAR_UNBROKEN_PIVOT|LOW_LIQUIDITY|WEAK_RS,753
ASML,2026-10-01,1808.49,50.46,TIGHTENING,NO_EDGE,NONE,42.06,17.86,52.38,69.05,False,False,44.84,False,1841.77,1614.02,0.708,2.76,14.87,7.5,2.38,5.14,6.13,6.13,999,2332689282.14,1841.77,-1.81,1997.3768,-9.46,-0.49,70.0,False,NOT_COMPRESSED,753
AMRC,2026-10-01,21.0,50.46,TIGHTENING,NO_EDGE,NONE,29.76,37.7,36.51,63.49,False,False,61.51,False,24.65,20.26,1.05,6.03,21.29,-3.76,-16.8,-9.46,4.96,40.48,41,14083042.31,24.65,-14.81,37.14,-43.46,-20.16,18.0,False,NOT_COMPRESSED|POST_GAP_COIL|BELOW_SMA50|NOT_NEAR_UNBROKEN_PIVOT|WEAK_RS,753
AGM,2026-10-01,209.19,50.44,TIGHTENING,NO_EDGE,NONE,13.89,38.49,46.03,66.67,False,False,65.87,False,225.51,206.44,0.973,2.68,11.89,-5.36,6.48,-5.71,1.14,1.63,999,25900413.32,228.2468,-8.35,246.526,-15.14,2.02,74.0,False,NOT_COMPRESSED|BELOW_SMA50|NOT_NEAR_UNBROKEN_PIVOT,753
CPT,2026-10-01,96.62,50.44,TIGHTENING,NO_EDGE,NONE,7.14,23.41,86.9,84.13,False,False,23.02,False,100.7733,95.8469,0.805,1.71,10.1,-7.46,-14.31,-8.01,0.78,1.43,999,119785280.37,105.393,-8.32,118.5202,-18.48,-19.53,20.0,False,NOT_COMPRESSED|BELOW_SMA50|NOT_NEAR_UNBROKEN_PIVOT|WEAK_RS,753
ONON,2026-10-01,30.2,50.42,TIGHTENING,NO_EDGE,NONE,24.6,19.84,60.32,62.3,False,False,61.9,False,31.16,26.365,0.823,3.72,15.88,8.63,-16.99,-3.22,11.27,18.54,7,340311145.16,31.16,-3.08,41.41,-27.07,-20.84,17.0,False,NOT_COMPRESSED|POST_GAP_COIL|BELOW_SMA50|WEAK_RS,753
NDSN,2026-10-01,329.02,50.38,TIGHTENING,NO_EDGE,NONE,17.06,12.3,60.71,81.35,False,False,62.7,False,332.93,309.15,0.855,1.83,8.18,4.23,16.25,4.8,1.67,1.96,999,113644706.86,332.93,-1.17,338.1046,-2.69,10.81,86.0,False,NOT_COMPRESSED,753
RL,2026-10-01,362.66,50.38,TIGHTENING,NO_EDGE,NONE,38.49,23.81,46.83,66.67,False,False,51.98,False,361.1,329.9895,1.05,2.82,9.82,8.08,-4.38,0.11,1.96,3.07,91,238210326.28,361.1,0.43,419.3767,-13.52,-11.5,39.0,False,NOT_COMPRESSED|WEAK_RS,753
FMX,2026-10-01,115.19,50.38,TIGHTENING,RANGE_EXIT_CONFIRMED,DOWN_EXPANSION_CONFIRMED,43.65,65.08,25.4,28.17,False,False,57.14,False,122.28,117.02,1.935,2.47,7.4,-5.09,-8.61,-4.84,1.16,2.47,999,49056382.32,122.61,-6.05,141.47,-18.58,-12.51,36.0,False,NOT_COMPRESSED|ALREADY_EXPANDING|BELOW_SMA50|NOT_NEAR_UNBROKEN_PIVOT|WEAK_RS,753
CB,2026-10-01,331.3,50.36,TIGHTENING,NO_EDGE,NONE,51.19,26.19,34.52,66.27,False,False,48.81,False,342.65,325.23,1.59,1.57,6.94,-2.1,-6.42,-3.27,1.32,2.62,999,558285363.71,347.9788,-4.79,364.808,-9.19,-10.83,41.0,False,NOT_COMPRESSED|BELOW_SMA50|WEAK_RS,753
VISN,2026-10-01,6.16,50.34,TIGHTENING,NO_EDGE,NONE,14.68,25.4,51.98,88.1,False,False,53.57,False,6.72,5.92,1.526,3.67,14.45,-4.79,-12.79,-4.66,3.23,11.17,39,47657759.3,6.79,-9.28,7.5364,-18.26,-13.9,32.0,False,NOT_COMPRESSED|POST_GAP_COIL|BELOW_SMA50|NOT_NEAR_UNBROKEN_PIVOT|WEAK_RS,753
BAC-PE,2026-10-01,18.66,50.3,TIGHTENING,NO_EDGE,NONE,35.71,91.27,20.63,27.38,False,False,40.48,False,18.8,18.32,0.923,1.27,2.89,0.05,1.85,1.34,0.93,1.42,999,476666.3,18.8,-0.74,19.2072,-2.85,-1.74,67.0,False,NOT_COMPRESSED|LOW_LIQUIDITY|WEAK_RS,753
VRSK,2026-10-01,168.38,50.26,TIGHTENING,NO_EDGE,NONE,56.35,32.94,55.56,69.05,True,False,36.11,False,182.91,163.29,1.169,3.16,18.04,-10.27,-10.99,-8.66,2.83,5.69,231,225733647.17,193.6709,-13.06,225.4756,-25.32,-13.2,34.0,False,NOT_COMPRESSED|BELOW_SMA50|NOT_NEAR_UNBROKEN_PIVOT|WEAK_RS,753
PODD,2026-10-01,130.79,50.26,TIGHTENING,NO_EDGE,NONE,35.32,33.73,56.75,60.71,False,False,36.51,False,142.17,130.1,0.913,3.54,17.0,-11.71,-16.94,-10.28,1.72,23.27,40,223514120.13,151.5,-13.67,209.36,-37.53,-23.32,14.0,False,NOT_COMPRESSED|POST_GAP_COIL|BELOW_SMA50|NOT_NEAR_UNBROKEN_PIVOT|WEAK_RS,753
TT,2026-10-01,458.94,50.24,TIGHTENING,NO_EDGE,NONE,28.57,13.89,57.54,69.44,False,False,62.3,False,459.78,417.8,1.642,2.37,10.2,4.78,-2.6,1.07,3.22,4.72,999,505530205.44,459.78,-0.18,504.6769,-9.06,-6.62,53.0,False,NOT_COMPRESSED|WEAK_RS,753
PTRN,2026-10-01,17.4,50.24,TIGHTENING,NO_EDGE,NONE,10.0,33.2,44.4,81.35,False,False,66.93,False,20.739,16.23,0.847,5.77,26.09,-14.71,-36.98,-16.38,2.34,4.82,75,33158041.74,20.77,-16.23,29.8,-41.61,-37.0,4.0,False,NOT_COMPRESSED|BELOW_SMA50|NOT_NEAR_UNBROKEN_PIVOT|WEAK_RS,260
PDM,2026-10-01,8.81,50.12,TIGHTENING,RANGE_EXIT_CONFIRMED,DOWN_EXPANSION_CONFIRMED,42.46,40.87,55.95,73.81,True,False,39.68,False,9.49,8.85,1.389,2.78,12.49,-9.18,-5.98,-7.27,5.96,5.96,999,19949892.65,9.83,-10.38,10.13,-13.03,-11.16,40.0,False,NOT_COMPRESSED|ALREADY_EXPANDING|BELOW_SMA50|NOT_NEAR_UNBROKEN_PIVOT|WEAK_RS,753
ESI,2026-10-01,36.33,50.06,TIGHTENING,NO_EDGE,NONE,51.19,33.73,53.17,46.83,False,False,35.32,False,36.63,32.52,1.142,3.64,14.73,5.52,-7.44,1.22,4.66,4.66,999,155035069.57,36.79,-1.25,49.1391,-26.07,-19.4,20.0,False,NOT_COMPRESSED|WEAK_RS,753
CROX,2026-10-01,119.24,50.04,TIGHTENING,NO_EDGE,NONE,46.03,41.27,59.52,48.81,False,False,21.83,False,127.75,117.02,0.941,3.72,16.11,2.98,-2.61,-4.41,2.85,6.53,159,136611644.84,127.75,-6.66,141.28,-15.6,-7.66,50.0,False,NOT_COMPRESSED|BELOW_SMA50|NOT_NEAR_UNBROKEN_PIVOT|WEAK_RS,753
TTEK,2026-10-01,33.72,50.02,TIGHTENING,NO_EDGE,NONE,20.24,30.16,50.4,73.81,False,False,58.33,False,36.77,32.91,1.25,2.75,12.93,-6.1,9.74,-4.0,1.03,3.49,220,74434370.92,37.27,-9.53,37.59,-10.3,10.17,85.0,False,NOT_COMPRESSED|BELOW_SMA50|NOT_NEAR_UNBROKEN_PIVOT,753
WBI,2026-10-01,28.13,50.0,TIGHTENING,NO_EDGE,NONE,0.83,13.25,80.25,93.25,False,False,47.62,False,31.76,28.0,1.214,4.12,24.67,-12.8,-17.3,-11.38,4.77,4.77,999,22790171.41,34.28,-17.94,36.8316,-23.63,-12.79,35.0,False,NOT_COMPRESSED|BELOW_SMA50|NOT_NEAR_UNBROKEN_PIVOT|WEAK_RS,262
EQX,2026-10-01,10.82,49.98,TIGHTENING,NO_EDGE,NONE,37.3,41.27,30.16,65.48,False,False,56.35,False,12.85,11.09,0.738,4.99,22.08,-14.33,14.85,-7.07,5.44,7.75,999,158707579.28,13.189,-17.96,15.9386,-32.11,4.09,77.0,False,NOT_COMPRESSED|BELOW_SMA50|NOT_NEAR_UNBROKEN_PIVOT,753
GTM,2026-10-01,3.85,49.96,TIGHTENING,NO_EDGE,NONE,55.56,37.7,39.68,50.4,False,False,39.29,False,4.125,3.5,1.25,5.48,22.34,-5.87,31.85,0.51,2.67,4.59,98,21059228.73,4.36,-11.7,6.868,-43.94,25.93,93.0,False,NOT_COMPRESSED|EXTENDED_60D_RUN|NOT_NEAR_UNBROKEN_PIVOT|LOW_LIQUIDITY,753
CMPS,2026-10-01,11.95,49.96,TIGHTENING,NO_EDGE,NONE,37.3,40.87,34.52,67.46,True,False,82.54,False,15.55,12.42,0.955,6.44,33.89,-9.67,-14.43,-10.54,2.04,8.9,94,41983555.8,15.87,-24.7,15.4,-22.4,-15.1,29.0,False,NOT_COMPRESSED|BELOW_SMA50|NOT_NEAR_UNBROKEN_PIVOT|WEAK_RS,753
HQY,2026-10-01,89.37,49.9,TIGHTENING,NO_EDGE,NONE,6.35,25.79,67.06,86.9,False,False,61.51,True,96.23,86.015,0.648,3.01,14.76,-9.31,-5.66,-9.13,1.77,6.95,386,81869098.98,99.775,-10.43,107.62,-16.96,-9.07,46.0,False,NOT_COMPRESSED|BELOW_SMA50|NOT_NEAR_UNBROKEN_PIVOT|WEAK_RS,753
HLIT,2026-10-01,10.72,49.9,TIGHTENING,NO_EDGE,NONE,46.03,47.22,44.44,67.86,False,False,15.87,False,11.55,10.43,1.76,4.04,16.51,-9.08,-21.92,-8.42,3.5,20.67,34,16498434.74,12.2,-12.13,17.68,-39.37,-26.64,10.0,False,NOT_COMPRESSED|POST_GAP_COIL|BELOW_SMA50|NOT_NEAR_UNBROKEN_PIVOT|WEAK_RS,753
UL,2026-10-01,59.58,49.86,TIGHTENING,RANGE_EXIT_CONFIRMED,DOWN_EXPANSION_CONFIRMED,32.54,49.6,32.54,47.22,False,False,67.46,False,63.25,60.71,1.887,1.7,9.11,-7.73,-2.84,-5.38,2.16,8.6,999,188832109.08,64.8,-8.06,66.8874,-10.92,-6.67,53.0,False,NOT_COMPRESSED|ALREADY_EXPANDING|BELOW_SMA50|NOT_NEAR_UNBROKEN_PIVOT|WEAK_RS,753
ELS,2026-10-01,57.62,49.82,TIGHTENING,RANGE_EXIT_CONFIRMED,DOWN_EXPANSION_CONFIRMED,11.51,18.25,66.67,78.17,False,False,61.11,False,61.068,58.32,1.642,1.65,9.84,-7.87,-8.87,-7.94,0.7,1.73,999,99475970.29,63.1291,-8.73,67.162,-14.21,-15.06,29.0,False,NOT_COMPRESSED|ALREADY_EXPANDING|BELOW_SMA50|NOT_NEAR_UNBROKEN_PIVOT|WEAK_RS,753
FUL,2026-10-01,50.23,49.78,TIGHTENING,NO_EDGE,NONE,3.97,78.17,35.32,38.1,False,False,73.41,False,53.55,46.7,1.236,3.73,16.96,-6.83,-8.59,-9.03,6.0,6.0,999,50213716.27,55.4,-9.33,66.158,-24.08,-15.94,27.0,False,NOT_COMPRESSED|BELOW_SMA50|NOT_NEAR_UNBROKEN_PIVOT|WEAK_RS,753
ALM,2026-10-01,13.18,49.76,TIGHTENING,NO_EDGE,NONE,32.54,48.02,73.81,57.54,False,False,18.25,True,15.23,12.37,0.594,8.41,53.72,-25.49,-11.84,-12.16,5.71,7.36,81,97916860.8,19.45,-32.24,24.41,-46.01,-18.94,21.0,False,NOT_COMPRESSED|BELOW_SMA50|NOT_NEAR_UNBROKEN_PIVOT|WEAK_RS,753
WIX,2026-10-01,73.35,49.72,TIGHTENING,NO_EDGE,NONE,51.59,68.65,18.25,41.67,False,False,55.56,True,85.37,67.495,0.535,6.7,30.41,-15.39,53.58,-0.09,3.2,7.72,97,91959416.88,91.63,-19.95,96.8,-24.23,45.8,97.0,False,NOT_COMPRESSED|EXTENDED_60D_RUN|NOT_NEAR_UNBROKEN_PIVOT,753
DRVN,2026-10-01,11.61,49.7,TIGHTENING,RANGE_EXIT_CONFIRMED,DOWN_EXPANSION_CONFIRMED,43.25,42.86,62.7,63.49,False,False,6.75,False,12.445,11.71,1.311,4.05,19.72,-9.86,-21.66,-10.44,4.09,4.09,106,15110241.92,13.84,-16.11,15.89,-26.94,-22.6,15.0,False,NOT_COMPRESSED|ALREADY_EXPANDING|BELOW_SMA50|NOT_NEAR_UNBROKEN_PIVOT|WEAK_RS,753
SPXC,2026-10-01,169.71,49.64,TIGHTENING,NO_EDGE,NONE,21.83,28.57,81.75,80.95,True,False,45.24,False,185.44,168.11,0.935,3.6,19.93,-12.19,-20.53,-14.12,4.01,7.22,401,109709873.51,199.99,-15.14,251.08,-32.41,-28.31,8.0,False,NOT_COMPRESSED|BELOW_SMA50|NOT_NEAR_UNBROKEN_PIVOT|WEAK_RS,753
DMC,2026-10-01,29.56,49.58,TIGHTENING,NO_EDGE,NONE,40.08,37.3,54.76,59.13,False,False,34.13,False,31.7,29.81,0.967,2.52,11.84,-8.68,5.37,-3.69,1.08,4.68,479,13377270.8,33.06,-10.59,42.2085,-29.97,2.95,76.0,False,NOT_COMPRESSED|BELOW_SMA50|NOT_NEAR_UNBROKEN_PIVOT,753
TY,2026-10-01,34.2,49.58,TIGHTENING,NO_EDGE,NONE,51.59,57.14,51.98,48.41,False,True,40.08,True,35.25,34.04,0.671,1.49,4.84,-2.78,-1.28,-2.12,0.61,0.94,999,1195337.64,35.675,-4.13,36.2402,-5.63,-4.12,60.0,False,NOT_COMPRESSED|LOW_LIQUIDITY|WEAK_RS,753
EVRG,2026-10-01,78.79,49.56,TIGHTENING,NO_EDGE,NONE,10.32,32.14,71.03,72.62,False,False,45.63,False,81.21,77.11,1.34,1.53,7.01,-2.45,-7.52,-3.41,0.99,2.03,999,190277251.27,82.63,-4.65,87.8862,-10.35,-12.69,35.0,False,NOT_COMPRESSED|BELOW_SMA50|WEAK_RS,753
SEIC,2026-10-01,103.87,49.55,TIGHTENING,NO_EDGE,NONE,24.21,55.16,55.16,42.86,False,True,67.46,False,106.26,101.47,3.185,2.2,12.54,-4.81,9.9,-1.98,1.07,3.58,999,94214326.54,111.48,-6.83,112.15,-7.38,10.77,86.0,False,NOT_COMPRESSED|NOT_NEAR_UNBROKEN_PIVOT,753
NWN,2026-10-01,46.66,49.54,TIGHTENING,NO_EDGE,NONE,3.17,22.22,65.87,80.16,False,False,67.86,False,49.02,46.37,1.389,1.79,9.15,-5.24,-5.11,-5.35,1.11,1.83,999,13547799.09,50.02,-6.72,54.9238,-15.05,-8.07,49.0,False,NOT_COMPRESSED|BELOW_SMA50|NOT_NEAR_UNBROKEN_PIVOT|WEAK_RS,753
MANU,2026-10-01,20.62,49.54,TIGHTENING,NO_EDGE,NONE,28.17,82.94,18.25,22.62,False,False,74.6,False,21.68,19.05,0.845,3.34,12.75,-2.92,-5.63,-5.68,5.66,5.66,331,8225201.68,21.8,-5.41,24.45,-15.66,-13.61,33.0,False,NOT_COMPRESSED|BELOW_SMA50|NOT_NEAR_UNBROKEN_PIVOT|WEAK_RS,753
LDOS,2026-10-01,121.97,49.52,TIGHTENING,NO_EDGE,NONE,39.68,43.25,48.02,61.51,False,False,33.73,False,131.64,121.11,1.428,2.92,12.57,-8.53,14.17,-6.19,1.79,5.26,999,164373404.26,138.0516,-11.65,160.9072,-24.2,9.59,85.0,False,NOT_COMPRESSED|BELOW_SMA50|NOT_NEAR_UNBROKEN_PIVOT,753
QMCO,2026-10-01,31.89,49.48,TIGHTENING,NO_EDGE,NONE,3.57,20.63,73.02,83.73,False,False,56.75,False,34.68,24.3,0.815,7.79,40.64,39.99,200.85,49.48,4.63,23.26,36,47205889.81,34.68,-8.04,27.8,14.71,211.04,100.0,False,NOT_COMPRESSED|POST_GAP_COIL|RECENT_SURGE|EXTENDED_60D_RUN|EXTENDED_FROM_SMA50|NOT_NEAR_UNBROKEN_PIVOT|DETACHED_FROM_PRIOR_STRUCTURE,753
NVT,2026-10-01,165.77,49.48,TIGHTENING,NO_EDGE,NONE,69.44,37.3,51.19,44.44,False,False,15.08,False,166.185,149.39,1.786,3.91,14.38,11.88,7.26,5.45,7.62,13.22,43,311923293.7,166.185,-0.25,184.3958,-10.1,6.26,81.0,False,NOT_COMPRESSED|POST_GAP_COIL,753
CFR,2026-10-01,153.48,49.46,TIGHTENING,NO_EDGE,NONE,3.97,36.51,60.71,69.84,False,False,65.48,False,161.04,152.66,2.358,1.98,10.77,-5.06,0.48,-5.26,2.17,2.17,999,83592383.44,166.75,-7.96,169.712,-9.56,-3.09,63.0,False,NOT_COMPRESSED|BELOW_SMA50|NOT_NEAR_UNBROKEN_PIVOT|WEAK_RS,753
OCSL,2026-10-01,11.99,49.44,TIGHTENING,NO_EDGE,NONE,15.48,38.89,46.03,65.48,False,False,71.03,False,12.74,11.87,1.0,1.92,9.63,-6.53,3.27,-2.48,0.88,0.88,999,5431892.1,12.9547,-7.45,12.9839,-7.65,-1.94,66.0,False,NOT_COMPRESSED|NOT_NEAR_UNBROKEN_PIVOT|WEAK_RS,753
TMO,2026-10-01,652.51,49.4,TIGHTENING,NO_EDGE,NONE,39.68,29.37,77.38,62.3,False,False,13.1,False,683.63,646.81,1.68,2.44,13.68,7.31,28.01,6.02,1.89,8.97,300,1500338436.6,683.63,-4.55,646.5044,0.93,21.92,92.0,False,NOT_COMPRESSED,753
BBY,2026-10-01,87.7,49.31,TIGHTENING,NO_EDGE,NONE,38.89,58.73,34.13,28.97,False,False,66.67,False,96.53,87.42,0.938,3.48,12.16,1.86,13.51,0.99,1.6,7.82,375,310192044.24,96.53,-9.15,90.3222,-2.9,10.8,86.0,False,NOT_COMPRESSED|NOT_NEAR_UNBROKEN_PIVOT,753
EFSC,2026-10-01,59.5,49.31,TIGHTENING,NO_EDGE,NONE,10.32,11.11,76.98,85.32,False,False,54.76,False,62.83,58.61,2.022,1.97,11.59,-5.99,-6.88,-6.49,1.26,9.24,999,19488687.77,64.5757,-7.86,68.355,-12.95,-11.91,38.0,False,NOT_COMPRESSED|BELOW_SMA50|NOT_NEAR_UNBROKEN_PIVOT|WEAK_RS,753
TTD,2026-10-01,12.1,49.31,TIGHTENING,NO_EDGE,NONE,21.83,29.76,73.41,81.35,True,True,76.59,False,14.865,11.85,0.972,4.8,28.55,-16.84,-36.55,-17.23,2.59,27.16,38,356909640.04,15.305,-20.94,24.87,-51.35,-39.48,2.0,False,NOT_COMPRESSED|POST_GAP_COIL|BELOW_SMA50|NOT_NEAR_UNBROKEN_PIVOT|WEAK_RS,753
KB,2026-10-01,122.08,49.19,TIGHTENING,RANGE_EXIT_CONFIRMED,DOWN_EXPANSION_CONFIRMED,58.73,46.83,29.76,47.62,False,False,44.05,False,131.85,122.64,1.478,2.66,11.11,-3.3,4.57,-0.76,4.69,5.57,999,19353130.91,133.29,-8.41,126.57,-3.55,8.81,84.0,False,NOT_COMPRESSED|ALREADY_EXPANDING|NOT_NEAR_UNBROKEN_PIVOT,753
CINF,2026-10-01,162.15,49.19,TIGHTENING,NO_EDGE,NONE,26.98,14.29,63.1,84.13,False,False,48.81,False,170.1699,159.2,1.403,1.7,9.18,-5.02,-10.19,-5.04,1.92,4.22,999,115856718.19,174.0876,-6.86,193.7057,-16.29,-17.91,23.0,False,NOT_COMPRESSED|BELOW_SMA50|NOT_NEAR_UNBROKEN_PIVOT|WEAK_RS,753
J,2026-10-01,139.79,49.17,TIGHTENING,NO_EDGE,NONE,37.3,38.89,47.62,66.27,False,False,40.87,False,145.58,134.23,1.568,2.59,11.7,-4.96,8.04,-2.21,1.4,1.99,999,114278192.25,150.58,-7.17,153.3,-8.81,6.74,81.0,False,NOT_COMPRESSED|NOT_NEAR_UNBROKEN_PIVOT,753
DKL,2026-10-01,54.47,49.17,TIGHTENING,NO_EDGE,NONE,38.1,13.49,53.17,72.62,False,False,59.92,False,57.71,53.17,1.895,2.33,8.87,-1.79,1.86,-2.41,1.31,15.0,34,13506413.92,57.96,-6.02,60.3426,-9.73,3.41,76.0,False,NOT_COMPRESSED|POST_GAP_COIL|NOT_NEAR_UNBROKEN_PIVOT,753
HASI,2026-10-01,36.03,49.15,TIGHTENING,NO_EDGE,NONE,51.98,31.75,54.76,57.14,False,False,30.56,False,37.63,35.37,0.878,2.56,14.24,-9.54,-3.66,-6.9,4.57,4.57,408,40148930.53,40.5,-11.04,43.6445,-17.45,-8.66,47.0,False,NOT_COMPRESSED|BELOW_SMA50|NOT_NEAR_UNBROKEN_PIVOT|WEAK_RS,753
FITB,2026-10-01,50.41,49.15,TIGHTENING,NO_EDGE,NONE,19.44,32.94,51.59,66.67,False,False,67.06,False,53.555,50.193,1.657,2.13,11.65,-6.56,-8.84,-7.57,1.41,1.41,999,329872552.51,55.0228,-8.38,59.0097,-14.57,-13.91,32.0,False,NOT_COMPRESSED|BELOW_SMA50|NOT_NEAR_UNBROKEN_PIVOT|WEAK_RS,753
VERA,2026-10-01,30.99,49.15,TIGHTENING,NO_EDGE,NONE,72.62,73.81,25.79,50.0,True,True,46.03,False,36.5,31.42,1.121,6.13,20.23,-13.1,-26.96,-6.66,9.07,9.07,331,81591190.37,37.14,-16.56,47.0,-34.06,-27.62,9.0,False,NOT_COMPRESSED|BELOW_SMA50|NOT_NEAR_UNBROKEN_PIVOT|WEAK_RS,753
IMAX,2026-10-01,52.52,49.11,TIGHTENING,NO_EDGE,NONE,28.17,53.17,31.75,55.16,False,False,66.67,False,57.73,51.12,1.633,3.7,13.73,1.63,36.42,1.78,1.84,6.23,90,55457754.21,57.73,-9.02,55.57,-5.49,28.86,94.0,False,NOT_COMPRESSED|EXTENDED_60D_RUN|NOT_NEAR_UNBROKEN_PIVOT,753
BBWI,2026-10-01,16.4,49.11,TIGHTENING,NO_EDGE,NONE,40.87,38.89,63.1,75.79,True,False,39.68,False,18.02,15.75,1.189,4.64,25.43,-11.49,-14.55,-11.53,3.15,3.93,215,111984394.28,19.92,-17.67,23.4883,-30.18,-27.38,9.0,False,NOT_COMPRESSED|BELOW_SMA50|NOT_NEAR_UNBROKEN_PIVOT|WEAK_RS,753
SBSW,2026-10-01,10.01,49.05,TIGHTENING,NO_EDGE,NONE,14.29,30.56,61.11,79.76,False,False,51.98,False,11.68,9.85,0.795,4.86,30.3,-16.86,26.27,-5.52,6.06,9.61,75,61071069.62,12.8834,-22.3,13.6311,-26.57,13.71,88.0,False,NOT_COMPRESSED|BELOW_SMA50|NOT_NEAR_UNBROKEN_PIVOT,753
IGIC,2026-10-01,24.54,49.05,TIGHTENING,NO_EDGE,NONE,17.06,26.98,84.52,76.59,False,False,25.0,False,25.58,24.03,0.914,2.48,12.33,-7.01,-12.73,-6.98,1.29,1.44,999,2410292.37,27.055,-9.3,29.5004,-16.81,-13.86,32.0,False,NOT_COMPRESSED|BELOW_SMA50|NOT_NEAR_UNBROKEN_PIVOT|LOW_LIQUIDITY|WEAK_RS,753
BXP,2026-10-01,60.24,48.99,TIGHTENING,NO_EDGE,NONE,24.6,31.75,62.7,68.65,False,False,46.03,False,64.0946,60.51,0.881,2.41,13.09,-9.19,-8.76,-9.01,1.24,1.51,999,89474248.39,67.6735,-10.98,74.0899,-18.69,-14.94,30.0,False,NOT_COMPRESSED|BELOW_SMA50|NOT_NEAR_UNBROKEN_PIVOT|WEAK_RS,753
FSK,2026-10-01,11.11,48.97,TIGHTENING,NO_EDGE,NONE,27.78,34.13,49.21,63.49,False,False,61.9,False,11.84,10.75,1.395,2.39,12.19,-5.85,9.21,-2.11,2.24,5.43,999,20086509.68,12.1043,-8.21,12.244,-9.26,7.74,82.0,False,NOT_COMPRESSED|NOT_NEAR_UNBROKEN_PIVOT,753
MUFG,2026-10-01,22.62,48.97,TIGHTENING,NO_EDGE,NONE,71.03,78.17,19.05,24.6,False,False,24.6,False,23.63,22.42,1.955,2.26,9.06,-3.42,7.31,-0.96,3.72,3.72,541,70832687.7,24.26,-6.76,23.25,-2.71,6.92,82.0,False,NOT_COMPRESSED|NOT_NEAR_UNBROKEN_PIVOT,753
GPK,2026-10-01,8.96,48.87,TIGHTENING,RANGE_EXIT_CONFIRMED,DOWN_EXPANSION_CONFIRMED,27.78,56.35,53.97,57.14,True,False,66.27,False,10.08,9.02,1.286,4.23,24.13,-17.44,-10.52,-15.35,2.81,3.63,103,66576417.2,11.0706,-19.06,12.1085,-26.0,-19.29,20.0,False,NOT_COMPRESSED|ALREADY_EXPANDING|BELOW_SMA50|NOT_NEAR_UNBROKEN_PIVOT|WEAK_RS,753
GRMN,2026-10-01,282.46,48.83,TIGHTENING,NO_EDGE,NONE,31.35,43.25,42.86,50.79,False,False,67.06,False,297.19,270.93,0.83,2.56,10.1,2.72,16.43,-1.34,1.46,3.22,156,230763780.19,297.19,-4.96,313.0677,-9.78,15.3,89.0,False,NOT_COMPRESSED,753
KR,2026-10-01,59.48,48.77,TIGHTENING,NO_EDGE,NONE,74.21,62.3,52.38,4.76,False,False,18.25,False,61.28,57.56,1.124,2.72,11.6,2.16,0.96,2.58,1.63,3.37,999,497849045.69,62.55,-4.91,73.0019,-18.52,0.03,71.0,False,NOT_COMPRESSED,753
ACEL,2026-10-01,10.59,48.75,TIGHTENING,NO_EDGE,NONE,1.19,21.43,70.24,90.48,False,False,60.71,False,11.59,10.61,0.621,2.33,12.56,-9.02,-14.87,-9.97,2.43,2.71,146,3914034.41,11.92,-11.16,14.0,-24.36,-19.91,19.0,False,NOT_COMPRESSED|BELOW_SMA50|NOT_NEAR_UNBROKEN_PIVOT|LOW_LIQUIDITY|WEAK_RS,753
PICS,2026-10-01,8.43,48.75,TIGHTENING,NO_EDGE,NONE,0.67,17.2,88.08,93.37,False,False,40.37,False,10.19,8.08,1.17,6.99,48.64,-24.6,-22.87,-21.68,2.48,3.36,999,3914034.58,12.18,-30.79,14.65,-42.46,-26.61,10.0,False,NOT_COMPRESSED|BELOW_SMA50|NOT_NEAR_UNBROKEN_PIVOT|LOW_LIQUIDITY|WEAK_RS,170
HOMB,2026-10-01,28.56,48.71,TIGHTENING,NO_EDGE,NONE,16.27,21.83,51.98,77.38,False,False,77.78,False,30.09,28.03,2.073,1.75,9.21,-3.81,2.0,-5.1,1.07,2.05,999,45516056.79,30.36,-5.93,31.54,-9.45,-2.51,64.0,False,NOT_COMPRESSED|BELOW_SMA50|NOT_NEAR_UNBROKEN_PIVOT|WEAK_RS,753
VERX,2026-10-01,12.3,48.71,TIGHTENING,NO_EDGE,NONE,40.08,32.14,59.52,63.89,False,False,35.71,False,12.696,10.78,1.707,4.75,28.13,-8.75,-3.3,-2.84,3.86,9.48,101,18113726.53,14.24,-13.62,15.0,-18.0,-7.11,52.0,False,NOT_COMPRESSED|NOT_NEAR_UNBROKEN_PIVOT|WEAK_RS,753
CI,2026-10-01,267.96,48.67,TIGHTENING,NO_EDGE,NONE,28.17,71.83,46.83,55.16,False,False,24.6,False,281.41,263.36,1.726,2.78,10.48,-4.73,-7.0,-3.71,1.52,3.53,230,455864739.36,290.94,-7.9,303.7534,-11.78,-9.2,46.0,False,NOT_COMPRESSED|BELOW_SMA50|NOT_NEAR_UNBROKEN_PIVOT|WEAK_RS,753
AMLX,2026-10-01,28.08,48.57,TIGHTENING,RANGE_EXIT_CONFIRMED,DOWN_EXPANSION_CONFIRMED,17.06,34.52,43.65,72.22,False,False,76.98,False,34.345,28.64,1.477,5.85,27.64,-18.59,57.05,-3.6,2.15,39.57,31,46094359.68,35.475,-20.85,41.14,-31.75,50.86,98.0,False,NOT_COMPRESSED|ALREADY_EXPANDING|POST_GAP_COIL|EXTENDED_60D_RUN|BELOW_SMA50|NOT_NEAR_UNBROKEN_PIVOT,753
BOKF,2026-10-01,126.44,48.55,TIGHTENING,NO_EDGE,NONE,5.56,19.84,66.67,80.16,False,False,73.41,False,134.61,125.96,1.773,1.88,11.44,-7.11,-6.2,-8.24,1.27,1.27,999,38410664.06,138.06,-8.42,146.2021,-13.52,-11.66,39.0,False,NOT_COMPRESSED|BELOW_SMA50|NOT_NEAR_UNBROKEN_PIVOT|WEAK_RS,753
ASR,2026-10-01,231.39,48.55,TIGHTENING,RANGE_EXIT_CONFIRMED,DOWN_EXPANSION_CONFIRMED,6.75,57.14,51.98,58.33,False,False,63.49,False,251.1,234.72,1.927,2.79,15.13,-9.52,-18.72,-10.54,1.52,2.19,749,16787895.5,261.34,-11.46,356.956,-35.18,-28.39,8.0,False,NOT_COMPRESSED|ALREADY_EXPANDING|BELOW_SMA50|NOT_NEAR_UNBROKEN_PIVOT|WEAK_RS,753
FIGS,2026-10-01,14.08,48.53,TIGHTENING,NO_EDGE,NONE,58.73,39.68,43.65,40.48,False,False,59.92,True,14.38,11.81,0.843,4.79,24.72,-6.13,37.1,6.1,2.17,35.23,38,37475402.73,15.445,-8.84,17.44,-19.27,38.11,96.0,False,NOT_COMPRESSED|POST_GAP_COIL|EXTENDED_60D_RUN|NOT_NEAR_UNBROKEN_PIVOT,753
KMTS,2026-10-01,27.115,48.53,TIGHTENING,NO_EDGE,NONE,35.32,9.92,59.13,80.56,False,False,56.75,False,29.58,23.64,1.908,5.43,29.87,5.38,1.18,5.82,8.98,8.98,999,10939477.41,29.58,-8.33,28.89,-6.14,-2.33,65.0,False,NOT_COMPRESSED|NOT_NEAR_UNBROKEN_PIVOT|WEAK_RS,396
FTK,2026-10-01,29.79,48.49,TIGHTENING,NO_EDGE,NONE,48.02,41.67,71.43,48.02,False,False,13.89,False,31.89,28.01,1.764,6.29,31.02,27.47,29.02,6.41,9.93,18.65,40,13767173.0,31.89,-6.59,39.67,-24.91,31.42,95.0,False,NOT_COMPRESSED|POST_GAP_COIL|RECENT_SURGE|NOT_NEAR_UNBROKEN_PIVOT,753
ITRI,2026-10-01,86.24,48.49,TIGHTENING,NO_EDGE,NONE,4.76,35.32,62.7,81.35,False,False,58.33,False,94.1,86.3,1.064,3.04,15.33,-10.28,2.61,-10.25,1.81,8.22,157,55802250.48,99.04,-12.92,108.2,-20.3,-1.51,68.0,False,NOT_COMPRESSED|BELOW_SMA50|NOT_NEAR_UNBROKEN_PIVOT|WEAK_RS,753
NVST,2026-10-01,23.16,48.47,TIGHTENING,NO_EDGE,NONE,30.16,45.63,88.1,77.78,True,False,13.89,False,25.28,23.105,1.714,3.2,23.53,-15.44,-10.02,-12.36,3.21,3.82,163,75525747.18,28.27,-18.08,29.525,-21.56,-19.01,21.0,False,NOT_COMPRESSED|BELOW_SMA50|NOT_NEAR_UNBROKEN_PIVOT|WEAK_RS,753
FG,2026-10-01,21.98,48.43,TIGHTENING,NO_EDGE,NONE,19.44,65.48,53.57,56.75,False,False,35.71,False,23.76,21.295,1.208,3.77,18.02,-7.32,-21.91,-11.66,2.04,5.26,385,16493575.34,25.0904,-12.4,33.1043,-33.6,-23.32,14.0,False,NOT_COMPRESSED|BELOW_SMA50|NOT_NEAR_UNBROKEN_PIVOT|WEAK_RS,753
EOG,2026-10-01,141.31,48.41,TIGHTENING,NO_EDGE,NONE,74.21,39.68,40.48,58.73,False,False,12.7,False,145.75,137.35,1.711,2.53,11.9,-5.14,3.47,-2.16,2.61,3.79,999,476812569.52,154.16,-8.34,153.67,-8.04,6.02,80.0,False,NOT_COMPRESSED|NOT_NEAR_UNBROKEN_PIVOT,753
GIC,2026-10-01,43.07,48.39,TIGHTENING,RANGE_EXIT_CONFIRMED,UP_EXPANSION_CONFIRMED,30.16,20.63,65.87,71.43,False,False,50.4,False,42.94,39.66,1.387,2.33,11.17,10.41,32.71,10.25,3.59,4.39,231,6172101.78,42.94,0.3,40.4174,6.56,27.79,94.0,False,NOT_COMPRESSED|ALREADY_EXPANDING|EXTENDED_60D_RUN,753
CRC,2026-10-01,51.66,48.39,TIGHTENING,NO_EDGE,NONE,36.9,19.44,63.89,68.25,False,False,48.81,False,55.41,50.77,1.42,3.09,15.0,-2.83,-1.07,-2.29,2.01,3.04,999,52302652.51,58.01,-10.95,69.4415,-25.61,-1.28,68.0,False,NOT_COMPRESSED|NOT_NEAR_UNBROKEN_PIVOT|WEAK_RS,753
PRMB,2026-10-01,19.05,48.36,TIGHTENING,NO_EDGE,NONE,13.89,65.87,66.67,74.6,True,True,61.11,False,21.56,19.0,1.265,3.78,20.58,-13.61,-19.06,-13.81,1.57,10.73,40,86657206.6,23.29,-18.21,26.074,-26.94,-26.3,10.0,False,NOT_COMPRESSED|POST_GAP_COIL|BELOW_SMA50|NOT_NEAR_UNBROKEN_PIVOT|WEAK_RS,753
NAMS,2026-10-01,24.16,48.33,TIGHTENING,NO_EDGE,NONE,72.22,40.87,48.81,17.46,False,False,44.44,False,25.12,21.29,0.605,5.49,21.4,-5.59,-32.57,-6.31,5.43,5.43,452,44875292.29,26.19,-7.75,42.205,-42.76,-33.47,5.0,False,NOT_COMPRESSED|BELOW_SMA50|NOT_NEAR_UNBROKEN_PIVOT|WEAK_RS,753
RBRK,2026-10-01,115.4,48.27,TIGHTENING,NO_EDGE,NONE,57.54,11.51,80.95,67.46,False,False,10.71,False,116.75,101.38,0.976,4.61,27.1,32.37,36.73,21.14,4.04,7.54,205,323533338.36,116.75,-1.16,107.91,6.94,35.14,96.0,False,NOT_COMPRESSED|RECENT_SURGE|EXTENDED_60D_RUN|EXTENDED_FROM_SMA50,611
HCC,2026-10-01,89.08,48.23,TIGHTENING,NO_EDGE,NONE,42.46,42.46,70.63,64.68,False,False,6.35,False,95.91,87.01,1.012,4.39,25.38,-17.92,14.44,-5.61,3.56,3.56,225,62161483.4,111.42,-20.05,111.2,-19.89,7.47,82.0,False,NOT_COMPRESSED|BELOW_SMA50|NOT_NEAR_UNBROKEN_PIVOT,753
WCN,2026-10-01,150.66,48.23,TIGHTENING,RANGE_EXIT_CONFIRMED,DOWN_EXPANSION_CONFIRMED,11.11,43.25,75.0,71.03,False,False,34.92,False,157.92,153.75,2.573,1.91,11.75,-8.18,-12.0,-7.71,1.36,1.55,999,198514145.5,167.1,-9.84,176.334,-14.56,-13.4,34.0,False,NOT_COMPRESSED|ALREADY_EXPANDING|BELOW_SMA50|NOT_NEAR_UNBROKEN_PIVOT|WEAK_RS,753
CWT,2026-10-01,45.05,48.21,TIGHTENING,NO_EDGE,NONE,7.54,26.98,82.14,90.48,False,False,32.54,False,48.29,45.05,1.807,2.09,13.1,-10.15,-8.1,-8.27,2.09,3.54,999,21059792.12,50.95,-11.58,53.4632,-15.74,-12.55,36.0,False,NOT_COMPRESSED|BELOW_SMA50|NOT_NEAR_UNBROKEN_PIVOT|WEAK_RS,753
EZPW,2026-10-01,30.06,48.21,TIGHTENING,NO_EDGE,NONE,47.62,67.86,50.0,46.03,False,False,11.9,False,31.93,29.32,0.991,4.0,15.37,-7.76,-6.53,-2.44,1.57,4.16,101,21379964.08,33.87,-11.25,37.13,-19.04,-18.37,22.0,False,NOT_COMPRESSED|NOT_NEAR_UNBROKEN_PIVOT|WEAK_RS,753
BCRX,2026-10-01,8.12,48.17,TIGHTENING,RANGE_EXIT_CONFIRMED,DOWN_EXPANSION_CONFIRMED,38.89,33.33,79.76,45.24,False,False,30.95,False,9.04,8.18,1.24,4.23,27.09,-20.16,-26.91,-12.19,8.43,8.43,292,49194013.96,10.23,-20.63,11.22,-27.63,-20.31,18.0,False,NOT_COMPRESSED|ALREADY_EXPANDING|BELOW_SMA50|NOT_NEAR_UNBROKEN_PIVOT|WEAK_RS,753
PCOR,2026-10-01,51.66,48.15,TIGHTENING,NO_EDGE,NONE,41.27,37.7,61.51,55.16,False,False,36.51,False,52.69,47.27,0.879,4.39,28.57,-13.16,17.81,-6.74,2.82,11.64,44,140754893.67,62.03,-16.72,64.79,-20.27,14.66,89.0,False,NOT_COMPRESSED|POST_GAP_COIL|BELOW_SMA50|NOT_NEAR_UNBROKEN_PIVOT,753
RCL,2026-10-01,269.99,48.15,TIGHTENING,NO_EDGE,NONE,45.24,39.68,45.63,32.94,False,False,85.32,True,269.65,222.22,0.717,3.81,18.02,2.26,-3.33,-3.87,6.02,6.02,999,812355571.32,270.4131,-0.16,332.0269,-18.68,-11.17,40.0,False,NOT_COMPRESSED|BELOW_SMA50|WEAK_RS,753
EVT,2026-10-01,27.83,48.13,TIGHTENING,NO_EDGE,NONE,67.06,54.37,42.86,36.9,False,False,36.51,True,28.54,27.73,0.6,1.41,5.36,-2.84,4.23,-2.01,1.1,1.21,999,2361020.85,29.0813,-4.3,29.3995,-5.34,-0.75,69.0,False,NOT_COMPRESSED|LOW_LIQUIDITY|WEAK_RS,753
SYNA,2026-10-01,106.15,48.13,TIGHTENING,RANGE_EXIT_CONFIRMED,UP_EXPANSION_CONFIRMED,78.17,26.19,36.51,55.16,False,False,36.11,False,103.04,88.7,1.944,4.2,17.46,10.58,-13.96,4.94,5.24,5.24,999,57532200.19,103.04,3.02,149.11,-28.81,-14.02,32.0,False,NOT_COMPRESSED|ALREADY_EXPANDING|NOT_NEAR_UNBROKEN_PIVOT|WEAK_RS,753
DNN,2026-10-01,2.54,48.13,TIGHTENING,NO_EDGE,NONE,8.73,27.38,92.86,95.24,True,False,45.24,False,2.97,2.55,0.9,5.53,37.8,-21.12,-18.33,-17.54,2.98,4.09,999,70373285.64,3.48,-27.01,4.17,-39.09,-23.46,14.0,False,NOT_COMPRESSED|BELOW_SMA50|NOT_NEAR_UNBROKEN_PIVOT|LOW_LIQUIDITY|WEAK_RS,753
BMA,2026-10-01,65.34,48.13,TIGHTENING,NO_EDGE,NONE,1.98,19.05,65.08,86.51,False,False,77.78,False,78.37,65.01,1.461,4.63,27.53,-17.36,-27.9,-17.56,1.56,2.58,233,19809462.27,80.77,-19.1,103.0015,-36.56,-30.0,7.0,False,NOT_COMPRESSED|BELOW_SMA50|NOT_NEAR_UNBROKEN_PIVOT|WEAK_RS,753
BKR,2026-10-01,55.62,48.08,TIGHTENING,NO_EDGE,NONE,36.9,43.25,75.0,55.56,False,False,17.06,False,58.44,54.79,1.398,2.92,21.11,-13.94,-3.05,-8.18,1.38,5.9,999,493281737.21,66.09,-15.84,69.9181,-20.45,2.93,76.0,False,NOT_COMPRESSED|BELOW_SMA50|NOT_NEAR_UNBROKEN_PIVOT,753
FOXA,2026-10-01,61.28,48.06,TIGHTENING,RANGE_EXIT_CONFIRMED,DOWN_EXPANSION_CONFIRMED,33.33,47.62,44.84,61.9,False,False,50.0,False,66.275,61.89,2.043,2.69,13.84,-9.24,15.29,-4.27,1.67,3.25,75,317330393.72,68.74,-10.85,70.6379,-13.25,6.14,80.0,False,NOT_COMPRESSED|ALREADY_EXPANDING|BELOW_SMA50|NOT_NEAR_UNBROKEN_PIVOT,753
MORN,2026-10-01,191.21,48.02,TIGHTENING,NO_EDGE,NONE,44.05,40.87,39.29,57.94,False,False,56.35,False,207.72,184.74,0.856,3.5,17.38,-8.86,16.21,-4.94,2.1,2.97,999,59813477.1,217.97,-12.28,221.2,-13.56,12.74,88.0,False,NOT_COMPRESSED|BELOW_SMA50|NOT_NEAR_UNBROKEN_PIVOT,753
TRGP,2026-10-01,279.31,48.0,TIGHTENING,NO_EDGE,NONE,7.94,60.32,37.3,67.06,False,False,72.22,False,296.63,268.87,1.959,2.78,11.16,-4.82,0.99,-0.67,1.87,5.57,999,320754262.15,298.18,-6.33,307.94,-9.3,5.56,80.0,False,NOT_COMPRESSED|NOT_NEAR_UNBROKEN_PIVOT,753
CLM,2026-10-01,6.32,48.0,TIGHTENING,NO_EDGE,NONE,40.08,66.27,63.49,28.17,False,False,25.4,False,6.46,6.27,1.375,1.54,6.54,-2.71,-11.75,-5.92,0.76,5.17,541,13151031.75,6.6433,-4.87,7.3075,-13.51,-13.99,32.0,False,NOT_COMPRESSED|BELOW_SMA50|WEAK_RS,753
TRV,2026-10-01,361.64,47.94,TIGHTENING,NO_EDGE,NONE,62.3,38.1,47.22,50.0,False,True,53.57,False,382.97,356.45,1.467,1.87,8.35,-0.9,7.38,-2.54,2.08,2.08,999,517222225.43,383.99,-5.82,397.3415,-8.99,3.17,76.0,False,NOT_COMPRESSED|NOT_NEAR_UNBROKEN_PIVOT,753
MTSI,2026-10-01,301.63,47.94,TIGHTENING,RANGE_EXIT_CONFIRMED,UP_EXPANSION_CONFIRMED,73.41,44.05,46.43,43.25,False,False,18.65,False,289.26,259.15,2.099,4.65,22.76,17.11,-1.18,9.8,5.85,6.79,101,363238330.96,289.26,4.28,418.9,-27.99,-9.24,45.0,False,NOT_COMPRESSED|ALREADY_EXPANDING|RECENT_SURGE|NOT_NEAR_UNBROKEN_PIVOT|WEAK_RS,753
WM,2026-10-01,201.9,47.9,TIGHTENING,RANGE_EXIT_CONFIRMED,DOWN_EXPANSION_CONFIRMED,21.43,21.03,76.98,83.33,False,False,38.1,False,214.39,203.55,1.287,1.64,9.67,-7.42,-13.31,-8.14,1.37,2.78,999,468795633.47,220.9734,-8.63,246.0625,-17.95,-14.82,30.0,False,NOT_COMPRESSED|ALREADY_EXPANDING|BELOW_SMA50|NOT_NEAR_UNBROKEN_PIVOT|WEAK_RS,753
PEP,2026-10-01,125.6,47.85,TIGHTENING,NO_EDGE,NONE,4.76,37.7,86.9,87.3,False,False,34.52,True,134.91,126.42,0.706,1.83,11.1,-9.66,-10.92,-7.82,1.55,3.8,999,1247671355.38,140.2121,-10.42,156.6899,-19.84,-14.81,30.0,False,NOT_COMPRESSED|BELOW_SMA50|NOT_NEAR_UNBROKEN_PIVOT|WEAK_RS,753
CXT,2026-10-01,48.06,47.82,TIGHTENING,NO_EDGE,NONE,69.84,50.0,48.81,23.81,False,False,32.54,False,49.28,44.84,1.791,3.74,15.21,-4.01,-1.95,-3.91,4.22,4.22,999,27884515.1,52.15,-7.84,57.5626,-16.51,-10.96,40.0,False,NOT_COMPRESSED|BELOW_SMA50|NOT_NEAR_UNBROKEN_PIVOT|WEAK_RS,753
BOBS,2026-10-01,13.88,47.82,TIGHTENING,NO_EDGE,NONE,68.28,33.55,65.07,69.57,True,False,22.44,False,15.33,13.02,1.569,6.15,33.86,-16.08,-4.93,-15.79,3.01,9.36,999,14246403.71,17.72,-21.67,19.48,-28.75,-18.15,23.0,False,NOT_COMPRESSED|BELOW_SMA50|NOT_NEAR_UNBROKEN_PIVOT|WEAK_RS,165
NGL-PC,2026-10-01,25.8,47.8,TIGHTENING,RANGE_EXIT_CONFIRMED,UP_EXPANSION_CONFIRMED,50.0,12.7,48.02,51.98,False,False,81.75,False,25.4858,24.9842,3.664,0.66,3.36,2.35,3.51,2.81,2.82,2.82,658,44983.14,25.4858,1.23,25.3054,1.95,1.49,74.0,False,NOT_COMPRESSED|ALREADY_EXPANDING|NOT_NEAR_UNBROKEN_PIVOT|LOW_LIQUIDITY,753
CCO,2026-10-01,2.4,47.8,TIGHTENING,NO_EDGE,NONE,43.65,42.86,48.02,47.62,False,False,54.37,False,2.4,2.33,3.0,1.14,3.33,1.69,-0.41,0.74,1.28,1.28,356,11521820.91,2.4,0.0,2.44,-1.64,-3.25,62.0,False,NOT_COMPRESSED|LOW_LIQUIDITY|WEAK_RS,753
FTS,2026-10-01,52.74,47.8,TIGHTENING,NO_EDGE,NONE,10.71,33.33,79.76,80.16,False,False,36.11,False,54.66,52.52,1.069,1.32,7.09,-4.2,-7.81,-4.43,0.77,0.99,999,40678458.96,55.95,-5.74,58.9151,-10.48,-11.12,40.0,False,NOT_COMPRESSED|BELOW_SMA50|NOT_NEAR_UNBROKEN_PIVOT|WEAK_RS,753
KLIC,2026-10-01,96.03,47.8,TIGHTENING,NO_EDGE,NONE,32.14,38.1,51.19,65.87,False,False,53.57,False,95.1,80.65,0.903,4.04,21.82,21.95,-7.63,9.1,5.67,7.33,101,65204074.68,95.1,0.98,135.45,-29.1,-23.48,14.0,False,NOT_COMPRESSED|RECENT_SURGE|WEAK_RS,753
SYY,2026-10-01,77.77,47.74,TIGHTENING,NO_EDGE,NONE,77.78,40.08,57.14,46.03,False,False,2.38,False,79.76,77.0,0.939,2.01,9.9,-4.88,-6.49,-5.03,1.7,2.4,999,387034594.86,84.7,-8.18,86.65,-10.25,-11.16,40.0,False,NOT_COMPRESSED|BELOW_SMA50|NOT_NEAR_UNBROKEN_PIVOT|WEAK_RS,753
RDNT,2026-10-01,67.7,47.72,TIGHTENING,NO_EDGE,NONE,33.73,22.62,51.19,73.81,False,False,64.68,False,78.01,68.94,0.869,3.86,18.39,-10.57,3.22,-6.32,1.43,2.29,399,58858699.27,79.77,-15.13,78.861,-14.15,-4.36,59.0,False,NOT_COMPRESSED|BELOW_SMA50|NOT_NEAR_UNBROKEN_PIVOT|WEAK_RS,753
STRA,2026-10-01,78.79,47.72,TIGHTENING,NO_EDGE,NONE,30.56,57.54,51.59,75.4,False,False,20.24,False,82.19,74.93,1.423,3.19,12.96,-3.41,-4.12,-2.75,1.4,3.81,111,25470034.57,85.14,-7.46,89.0726,-11.54,-4.82,58.0,False,NOT_COMPRESSED|NOT_NEAR_UNBROKEN_PIVOT|WEAK_RS,753
TKC,2026-10-01,5.02,47.72,TIGHTENING,NO_EDGE,NONE,73.81,65.08,24.6,32.54,False,False,31.35,False,5.25,4.93,1.455,2.45,12.15,-1.18,-11.46,-5.4,4.82,9.07,386,12473045.76,5.43,-7.55,6.85,-26.72,-16.88,25.0,False,NOT_COMPRESSED|BELOW_SMA50|NOT_NEAR_UNBROKEN_PIVOT|WEAK_RS,753
EXPE,2026-10-01,262.67,47.7,TIGHTENING,NO_EDGE,NONE,49.6,66.67,46.43,53.57,True,False,44.84,False,292.39,255.07,0.861,4.46,22.48,-14.73,1.05,-11.75,2.97,3.51,224,679369371.96,314.75,-16.55,341.5077,-23.09,-4.93,57.0,False,NOT_COMPRESSED|BELOW_SMA50|NOT_NEAR_UNBROKEN_PIVOT|WEAK_RS,753
GPGI,2026-10-01,12.05,47.7,TIGHTENING,NO_EDGE,NONE,21.03,47.62,64.29,68.25,False,False,36.51,False,12.85,11.165,1.615,5.57,28.01,-15.44,-17.45,-9.0,2.92,4.45,101,21602198.09,14.54,-17.13,17.9513,-32.87,-30.88,6.0,False,NOT_COMPRESSED|BELOW_SMA50|NOT_NEAR_UNBROKEN_PIVOT|WEAK_RS,753
XIFR,2026-10-01,10.43,47.64,TIGHTENING,NO_EDGE,NONE,9.13,5.95,92.86,90.87,False,False,47.62,False,11.35,10.21,1.08,2.75,21.33,-12.35,-16.43,-8.91,2.08,5.23,421,8391790.47,12.425,-16.06,13.25,-21.28,-18.38,22.0,False,NOT_COMPRESSED|BELOW_SMA50|NOT_NEAR_UNBROKEN_PIVOT|WEAK_RS,753
STZ,2026-10-01,112.99,47.64,TIGHTENING,NO_EDGE,NONE,31.35,17.46,91.67,91.27,True,True,57.14,False,123.94,111.54,1.226,2.44,17.21,-12.65,-12.63,-11.21,1.47,2.0,999,276343974.96,132.89,-14.97,166.1731,-32.0,-19.99,19.0,False,NOT_COMPRESSED|BELOW_SMA50|NOT_NEAR_UNBROKEN_PIVOT|WEAK_RS,753
DGII,2026-10-01,73.39,47.62,TIGHTENING,NO_EDGE,NONE,23.81,40.08,65.87,73.41,False,False,36.11,False,78.64,70.58,2.137,3.8,17.01,5.43,2.89,-0.96,2.14,5.68,101,27528276.2,78.64,-6.68,86.84,-15.49,-1.12,68.0,False,NOT_COMPRESSED|NOT_NEAR_UNBROKEN_PIVOT|WEAK_RS,753
PFBC,2026-10-01,105.99,47.62,TIGHTENING,NO_EDGE,NONE,45.63,40.48,48.41,41.67,False,False,61.51,False,110.34,104.16,1.209,2.26,8.72,1.85,2.73,0.87,1.02,1.62,999,19532433.76,110.34,-3.94,111.4248,-4.88,-3.18,62.0,False,NOT_COMPRESSED|WEAK_RS,753
BLSH,2026-10-01,34.79,47.6,TIGHTENING,NO_EDGE,NONE,85.71,45.63,36.11,41.67,False,True,37.7,False,41.47,32.7,0.798,6.69,28.31,6.59,36.43,13.76,4.5,8.47,96,54410181.53,41.47,-16.11,48.93,-28.9,33.22,95.0,False,NOT_COMPRESSED|EXTENDED_60D_RUN|EXTENDED_FROM_SMA50|NOT_NEAR_UNBROKEN_PIVOT,286
WSBC,2026-10-01,37.62,47.56,TIGHTENING,NO_EDGE,NONE,6.75,27.38,67.06,78.97,False,False,69.05,False,39.94,37.17,1.726,2.15,13.9,-6.16,-1.2,-6.66,1.01,2.76,999,46252393.21,41.62,-9.61,42.6243,-11.74,-7.05,52.0,False,NOT_COMPRESSED|BELOW_SMA50|NOT_NEAR_UNBROKEN_PIVOT|WEAK_RS,753
MPC,2026-10-01,420.15,47.48,TIGHTENING,NO_EDGE,NONE,62.3,87.3,29.76,1.59,False,True,62.7,False,431.08,378.8,2.09,3.63,12.44,8.57,50.1,15.77,2.66,2.66,999,1213995520.12,431.08,-2.54,383.01,9.7,55.34,99.0,False,NOT_COMPRESSED|EXTENDED_60D_RUN|EXTENDED_FROM_SMA50,753
VOR,2026-10-01,18.06,47.48,TIGHTENING,NO_EDGE,NONE,15.08,30.56,55.95,80.95,False,False,67.06,False,23.82,17.52,1.04,7.35,46.95,-27.06,-11.08,-17.82,2.64,3.31,203,28039845.14,26.0,-30.54,24.54,-26.41,-15.12,29.0,False,NOT_COMPRESSED|BELOW_SMA50|NOT_NEAR_UNBROKEN_PIVOT|WEAK_RS,753
EDN,2026-10-01,20.05,47.44,TIGHTENING,NO_EDGE,NONE,3.57,11.11,82.54,94.44,False,False,73.02,True,24.62,20.04,0.8,5.03,27.53,-19.51,-18.76,-15.84,3.18,3.18,233,1420621.89,25.55,-21.53,32.02,-37.38,-20.26,18.0,False,NOT_COMPRESSED|BELOW_SMA50|NOT_NEAR_UNBROKEN_PIVOT|LOW_LIQUIDITY|WEAK_RS,753
TNDM,2026-10-01,16.5,47.38,TIGHTENING,NO_EDGE,NONE,39.68,62.7,49.6,51.19,False,False,43.65,True,18.03,14.83,0.532,6.47,36.85,-19.75,8.84,-15.52,1.96,7.45,85,38545726.51,21.735,-24.09,24.81,-33.49,4.87,78.0,False,NOT_COMPRESSED|BELOW_SMA50|NOT_NEAR_UNBROKEN_PIVOT,753
GGB,2026-10-01,4.81,47.34,TIGHTENING,NO_EDGE,NONE,51.59,67.46,26.98,49.21,False,False,40.48,False,5.13,4.63,1.25,3.27,11.23,-3.22,13.04,0.04,4.47,4.47,999,56010633.0,5.17,-6.96,5.1262,-6.17,16.59,90.0,False,NOT_COMPRESSED|NOT_NEAR_UNBROKEN_PIVOT|LOW_LIQUIDITY,753
INOD,2026-10-01,71.85,47.2,TIGHTENING,NO_EDGE,NONE,29.37,15.08,78.17,60.32,False,False,61.51,False,74.93,54.88,2.791,6.28,32.32,32.34,4.1,18.04,4.48,15.94,38,101811161.12,74.93,-4.11,125.14,-42.58,1.48,74.0,False,NOT_COMPRESSED|POST_GAP_COIL|RECENT_SURGE|EXTENDED_FROM_SMA50,753
MSEX,2026-10-01,52.43,47.2,TIGHTENING,NO_EDGE,NONE,9.52,5.56,88.49,89.68,False,False,57.54,False,56.54,52.15,1.095,2.18,13.27,-9.46,-3.8,-7.63,0.77,3.53,228,7025049.17,58.93,-11.03,59.8,-12.32,-11.17,40.0,False,NOT_COMPRESSED|BELOW_SMA50|NOT_NEAR_UNBROKEN_PIVOT|WEAK_RS,753
STEP,2026-10-01,44.71,47.18,TIGHTENING,NO_EDGE,NONE,26.98,42.06,75.4,82.54,True,False,43.65,False,50.05,42.655,2.196,4.42,21.92,-11.47,5.87,-5.84,2.34,3.35,999,53923181.55,52.455,-14.77,56.3376,-20.64,6.59,81.0,False,NOT_COMPRESSED|BELOW_SMA50|NOT_NEAR_UNBROKEN_PIVOT,753
SGML,2026-10-01,8.335,47.14,TIGHTENING,RANGE_EXIT_CONFIRMED,DOWN_EXPANSION_CONFIRMED,39.68,41.67,59.13,34.13,False,False,64.29,False,10.64,8.86,3.167,8.92,62.21,-35.14,-27.71,-22.23,13.03,13.03,17,24408870.3,12.97,-35.74,24.48,-65.95,-35.01,4.0,False,NOT_COMPRESSED|ALREADY_EXPANDING|POST_GAP_COIL|BELOW_SMA50|NOT_NEAR_UNBROKEN_PIVOT|WEAK_RS,753
SM,2026-10-01,35.06,47.12,TIGHTENING,NO_EDGE,NONE,57.54,28.57,58.33,64.29,False,False,28.97,False,38.31,32.55,1.218,4.28,25.7,-7.9,21.15,1.26,3.15,5.44,122,152798190.76,41.56,-15.64,38.0262,-7.8,28.51,94.0,False,NOT_COMPRESSED|NOT_NEAR_UNBROKEN_PIVOT,753
LTH,2026-10-01,40.36,47.1,TIGHTENING,NO_EDGE,NONE,17.86,64.29,47.22,43.25,False,False,70.24,False,41.855,36.52,1.277,3.47,18.53,-7.2,-2.75,-5.78,2.18,2.78,543,137661504.24,44.0,-8.27,47.235,-14.55,-3.94,60.0,False,NOT_COMPRESSED|BELOW_SMA50|NOT_NEAR_UNBROKEN_PIVOT|WEAK_RS,753
KMPR,2026-10-01,25.94,47.08,TIGHTENING,NO_EDGE,NONE,31.35,50.0,55.56,63.49,False,False,40.08,False,27.56,24.84,1.097,3.72,16.42,-7.98,-10.05,-5.14,2.72,2.72,101,23579083.2,29.1,-10.86,33.8644,-23.4,-11.79,38.0,False,NOT_COMPRESSED|BELOW_SMA50|NOT_NEAR_UNBROKEN_PIVOT|WEAK_RS,753
IRON,2026-10-01,63.61,47.08,TIGHTENING,NO_EDGE,NONE,17.86,40.48,80.95,82.54,False,False,17.86,False,72.07,63.96,1.075,4.31,27.33,-20.54,-20.55,-15.31,3.18,3.18,239,39525356.47,81.01,-21.48,83.63,-23.94,-19.42,20.0,False,NOT_COMPRESSED|BELOW_SMA50|NOT_NEAR_UNBROKEN_PIVOT|WEAK_RS,753
SUI,2026-10-01,110.0,47.06,TIGHTENING,NO_EDGE,NONE,42.46,17.86,87.3,82.14,False,False,20.63,True,115.225,109.285,0.581,1.85,10.2,-8.35,-6.75,-6.66,0.73,3.12,999,123981967.72,121.2045,-9.24,128.6671,-14.51,-12.96,35.0,False,NOT_COMPRESSED|BELOW_SMA50|NOT_NEAR_UNBROKEN_PIVOT|WEAK_RS,753
AX,2026-10-01,87.61,47.04,TIGHTENING,NO_EDGE,NONE,3.57,40.87,73.02,76.59,False,False,53.17,False,93.4,85.43,2.188,2.68,16.19,-8.69,-8.35,-8.53,1.31,3.99,583,37779402.18,98.21,-10.79,105.74,-17.15,-13.34,34.0,False,NOT_COMPRESSED|BELOW_SMA50|NOT_NEAR_UNBROKEN_PIVOT|WEAK_RS,753
KLAC,2026-10-01,200.33,47.04,TIGHTENING,RANGE_EXIT_CONFIRMED,UP_EXPANSION_CONFIRMED,40.08,34.52,50.0,60.71,False,False,59.52,False,197.6,167.26,1.273,3.79,18.02,16.3,-9.32,6.91,6.95,9.79,999,1737549875.91,197.6,1.38,307.023,-34.75,-17.69,23.0,False,NOT_COMPRESSED|ALREADY_EXPANDING|RECENT_SURGE|NOT_NEAR_UNBROKEN_PIVOT|WEAK_RS,753
CBSH,2026-10-01,54.83,47.02,TIGHTENING,NO_EDGE,NONE,12.7,20.63,72.62,77.78,False,False,67.46,False,57.94,54.68,1.207,1.7,9.58,-4.95,-4.34,-5.51,0.81,1.39,999,60863224.67,59.1,-7.23,60.633,-9.57,-7.9,50.0,False,NOT_COMPRESSED|BELOW_SMA50|NOT_NEAR_UNBROKEN_PIVOT|WEAK_RS,753
BANC,2026-10-01,17.49,47.02,TIGHTENING,NO_EDGE,NONE,5.95,42.46,55.16,75.4,False,False,73.02,False,18.69,17.11,1.718,2.48,12.61,-6.61,-12.5,-6.71,1.42,6.33,999,49777272.07,19.0454,-8.17,21.7874,-19.72,-16.11,27.0,False,NOT_COMPRESSED|BELOW_SMA50|NOT_NEAR_UNBROKEN_PIVOT|WEAK_RS,753
IMCR,2026-10-01,30.54,46.87,TIGHTENING,NO_EDGE,NONE,1.59,16.27,91.27,86.9,False,False,55.16,False,33.86,30.1,1.228,3.93,24.89,-18.28,-9.59,-10.39,2.02,2.02,999,12673643.21,37.952,-19.53,37.5,-18.56,-8.86,47.0,False,NOT_COMPRESSED|BELOW_SMA50|NOT_NEAR_UNBROKEN_PIVOT|WEAK_RS,753
SBR,2026-10-01,69.79,46.85,TIGHTENING,NO_EDGE,NONE,25.79,10.71,64.68,82.54,False,False,70.24,False,73.98,68.9,0.66,1.92,10.97,-7.53,-3.92,-3.89,1.38,1.38,999,2117438.35,76.5542,-8.84,77.7752,-10.27,-5.56,56.0,False,NOT_COMPRESSED|BELOW_SMA50|NOT_NEAR_UNBROKEN_PIVOT|LOW_LIQUIDITY|WEAK_RS,753
EPAM,2026-10-01,114.35,46.75,TIGHTENING,NO_EDGE,NONE,53.97,46.43,36.11,49.6,False,False,56.75,False,119.04,104.33,3.294,4.65,19.39,-2.43,32.98,5.43,8.35,20.5,39,128472026.19,126.5,-9.6,141.28,-19.06,26.71,94.0,False,NOT_COMPRESSED|POST_GAP_COIL|EXTENDED_60D_RUN|NOT_NEAR_UNBROKEN_PIVOT,753
INSW,2026-10-01,114.6,46.73,TIGHTENING,NO_EDGE,NONE,26.19,57.14,54.76,38.1,False,False,66.27,False,114.793,99.45,1.32,3.67,17.04,19.0,36.52,18.29,4.02,4.02,999,85032837.64,114.793,-0.17,97.4191,17.64,43.3,97.0,False,NOT_COMPRESSED|RECENT_SURGE|EXTENDED_60D_RUN|EXTENDED_FROM_SMA50|DETACHED_FROM_PRIOR_STRUCTURE,753
AVAH,2026-10-01,12.43,46.73,TIGHTENING,NO_EDGE,NONE,16.27,34.13,61.51,78.57,False,False,60.71,False,14.36,12.09,0.945,4.17,21.08,-5.83,29.61,2.58,3.83,11.49,34,44743856.32,14.71,-15.5,14.0,-11.21,33.76,95.0,False,NOT_COMPRESSED|POST_GAP_COIL|NOT_NEAR_UNBROKEN_PIVOT,753
GS-PD,2026-10-01,18.81,46.71,TIGHTENING,NO_EDGE,NONE,49.6,39.68,53.97,51.98,False,False,45.63,False,19.15,18.7,0.937,0.84,3.19,0.97,0.9,0.09,0.64,0.64,999,2649203.11,19.15,-1.78,19.2438,-2.25,-2.42,64.0,False,NOT_COMPRESSED|LOW_LIQUIDITY|WEAK_RS,753
WFG,2026-10-01,66.99,46.71,TIGHTENING,RANGE_EXIT_CONFIRMED,DOWN_EXPANSION_CONFIRMED,41.27,71.43,48.81,25.4,False,True,67.86,False,74.2759,69.1,1.502,3.21,12.36,0.58,3.03,-2.82,1.6,1.6,999,15275060.96,74.2759,-9.81,73.1012,-8.36,-6.21,54.0,False,NOT_COMPRESSED|ALREADY_EXPANDING|NOT_NEAR_UNBROKEN_PIVOT|WEAK_RS,753
VIST,2026-10-01,64.63,46.7,TIGHTENING,NO_EDGE,NONE,22.22,43.65,79.37,90.87,True,False,50.79,True,74.6,65.22,0.755,4.18,23.64,-16.1,-0.95,-7.67,2.17,4.45,233,83160899.94,79.77,-18.98,81.44,-20.64,4.24,77.0,False,NOT_COMPRESSED|BELOW_SMA50|NOT_NEAR_UNBROKEN_PIVOT,753
EWTX,2026-10-01,40.48,46.67,TIGHTENING,NO_EDGE,NONE,28.17,34.13,43.65,82.54,False,False,65.08,False,48.51,38.51,0.726,5.43,24.7,-3.57,-12.57,-5.5,2.35,6.83,85,71999542.13,48.51,-16.55,48.4,-16.36,-0.51,70.0,False,NOT_COMPRESSED|BELOW_SMA50|NOT_NEAR_UNBROKEN_PIVOT,753
AMBP,2026-10-01,4.39,46.63,TIGHTENING,NO_EDGE,NONE,6.75,40.48,83.73,85.32,False,True,49.21,False,4.84,4.3,1.706,3.02,17.87,-11.78,-1.07,-9.1,6.25,9.55,999,7943364.06,5.0939,-13.82,5.3584,-18.07,-10.05,43.0,False,NOT_COMPRESSED|BELOW_SMA50|NOT_NEAR_UNBROKEN_PIVOT|LOW_LIQUIDITY|WEAK_RS,753
LAZ,2026-10-01,36.44,46.63,TIGHTENING,NO_EDGE,NONE,29.37,55.95,94.05,82.94,True,False,0.4,False,37.54,35.16,1.239,4.44,32.35,-15.16,-9.6,-12.04,2.71,5.9,999,72571180.81,46.95,-22.39,50.1773,-27.38,-14.06,32.0,False,NOT_COMPRESSED|BELOW_SMA50|NOT_NEAR_UNBROKEN_PIVOT|WEAK_RS,753
C,2026-10-01,127.0,46.59,TIGHTENING,RANGE_EXIT_CONFIRMED,DOWN_EXPANSION_CONFIRMED,27.78,54.37,40.87,60.71,False,False,64.68,False,135.73,129.45,2.711,2.67,13.94,-5.46,-7.09,-5.16,1.69,2.11,999,1341874677.1,141.27,-10.1,147.2115,-13.73,-11.64,39.0,False,NOT_COMPRESSED|ALREADY_EXPANDING|BELOW_SMA50|NOT_NEAR_UNBROKEN_PIVOT|WEAK_RS,753
MSTR,2026-10-01,160.5,46.53,TIGHTENING,NO_EDGE,NONE,82.14,10.71,62.7,52.38,False,True,50.0,False,171.19,127.79,1.307,5.58,29.82,30.29,70.98,31.26,6.93,8.61,373,3508155716.72,171.19,-6.24,197.0,-18.53,56.44,99.0,False,NOT_COMPRESSED|RECENT_SURGE|EXTENDED_60D_RUN|EXTENDED_FROM_SMA50|NOT_NEAR_UNBROKEN_PIVOT,753
OVV,2026-10-01,59.98,46.51,TIGHTENING,NO_EDGE,NONE,51.19,33.73,63.49,65.87,False,False,26.19,False,63.36,57.46,1.819,3.12,16.59,-9.94,6.93,-4.13,2.07,6.51,999,212544624.8,67.41,-11.02,67.1305,-10.65,10.94,86.0,False,NOT_COMPRESSED|BELOW_SMA50|NOT_NEAR_UNBROKEN_PIVOT,753
MSGE,2026-10-01,80.05,46.49,TIGHTENING,NO_EDGE,NONE,65.48,78.57,15.48,26.19,False,False,51.19,False,83.58,76.33,1.989,3.43,10.29,3.84,7.06,1.09,2.51,4.08,999,42533312.16,83.58,-4.22,90.41,-11.46,-0.72,69.0,False,NOT_COMPRESSED|WEAK_RS,753
RPRX,2026-10-01,57.63,46.49,TIGHTENING,NO_EDGE,NONE,68.25,59.92,78.97,45.24,True,False,1.98,False,59.18,57.51,1.223,2.22,12.42,-8.68,-0.87,-2.95,7.43,7.43,999,196880282.96,64.38,-10.48,62.58,-7.91,-2.67,64.0,False,NOT_COMPRESSED|NOT_NEAR_UNBROKEN_PIVOT|WEAK_RS,753
BML-PG,2026-10-01,18.465,46.47,TIGHTENING,NO_EDGE,NONE,71.03,59.92,43.25,20.24,False,False,37.7,False,18.7257,18.32,0.903,0.97,2.85,-0.46,0.15,-0.06,0.57,1.08,999,205231.13,18.7257,-1.39,19.1851,-3.75,-3.0,63.0,False,NOT_COMPRESSED|LOW_LIQUIDITY|WEAK_RS,753
BMEZ,2026-10-01,16.58,46.45,TIGHTENING,NO_EDGE,NONE,56.35,80.56,43.65,21.03,False,False,28.57,False,17.04,16.37,0.896,1.61,6.69,-1.05,8.38,1.92,1.0,2.33,999,2324813.27,17.04,-2.7,17.1334,-3.23,4.93,78.0,False,NOT_COMPRESSED|LOW_LIQUIDITY,753
KSPI,2026-10-01,92.02,46.45,TIGHTENING,RANGE_EXIT_CONFIRMED,DOWN_EXPANSION_CONFIRMED,65.87,28.17,71.43,63.89,False,True,25.79,False,99.22,92.09,1.592,3.05,17.46,-11.95,7.5,-4.25,1.2,2.5,999,60288210.75,106.6576,-13.72,107.5774,-14.46,1.87,74.0,False,NOT_COMPRESSED|ALREADY_EXPANDING|BELOW_SMA50|NOT_NEAR_UNBROKEN_PIVOT,678
UGI,2026-10-01,36.36,46.41,TIGHTENING,NO_EDGE,NONE,15.48,38.1,52.78,75.4,False,False,73.41,False,38.6,35.66,2.203,2.06,9.66,-3.1,3.19,-0.9,2.17,2.17,999,74874389.62,38.7212,-6.1,39.6023,-8.19,1.65,74.0,False,NOT_COMPRESSED|NOT_NEAR_UNBROKEN_PIVOT,753
DASH,2026-10-01,182.175,46.33,TIGHTENING,NO_EDGE,NONE,48.81,46.03,54.76,55.56,False,False,36.11,False,201.488,178.04,0.634,4.36,29.62,-19.48,-3.79,-11.32,2.5,3.57,225,832950403.9,232.0,-21.48,238.828,-23.72,-7.96,49.0,False,NOT_COMPRESSED|BELOW_SMA50|NOT_NEAR_UNBROKEN_PIVOT|WEAK_RS,753
CDP,2026-10-01,33.27,46.31,TIGHTENING,NO_EDGE,NONE,20.24,82.54,44.84,51.59,False,False,42.86,False,34.6733,33.1972,1.375,2.15,8.52,-5.29,-7.76,-7.02,1.16,1.54,999,33208791.09,35.6738,-6.74,38.5369,-13.67,-13.68,32.0,False,NOT_COMPRESSED|BELOW_SMA50|NOT_NEAR_UNBROKEN_PIVOT|WEAK_RS,753
BBIO,2026-10-01,66.91,46.31,TIGHTENING,NO_EDGE,NONE,48.81,36.9,73.81,66.67,False,False,11.9,False,70.0,64.36,1.061,3.74,18.61,-12.54,-14.58,-12.69,2.08,7.24,108,201908828.47,78.25,-14.49,93.415,-28.37,-16.15,27.0,False,NOT_COMPRESSED|BELOW_SMA50|NOT_NEAR_UNBROKEN_PIVOT|WEAK_RS,753
DY,2026-10-01,269.96,46.31,TIGHTENING,NO_EDGE,NONE,32.94,56.75,43.65,65.48,False,False,48.02,False,299.02,265.09,1.136,4.72,17.08,-9.1,-36.73,-21.7,4.52,7.56,88,186251010.82,309.48,-12.77,566.47,-52.34,-41.17,2.0,False,NOT_COMPRESSED|BELOW_SMA50|NOT_NEAR_UNBROKEN_PIVOT|WEAK_RS,753
CLMT,2026-10-01,53.72,46.27,TIGHTENING,NO_EDGE,NONE,26.19,61.11,39.68,57.94,False,False,64.29,False,59.87,51.33,0.939,4.39,15.9,1.22,38.49,8.22,2.65,2.8,410,86231635.64,59.87,-10.27,51.57,4.17,44.67,97.0,False,NOT_COMPRESSED|EXTENDED_60D_RUN|NOT_NEAR_UNBROKEN_PIVOT,753
CSGP,2026-10-01,27.72,46.25,TIGHTENING,NO_EDGE,NONE,25.4,33.73,73.02,76.19,False,False,39.29,False,30.59,26.52,1.097,4.13,22.62,-11.32,-5.52,-8.44,2.33,14.18,45,181924386.33,32.79,-15.46,41.29,-32.87,-10.43,42.0,False,NOT_COMPRESSED|POST_GAP_COIL|BELOW_SMA50|NOT_NEAR_UNBROKEN_PIVOT|WEAK_RS,753
CRK,2026-10-01,12.84,46.25,TIGHTENING,NO_EDGE,NONE,32.14,44.05,67.86,70.63,False,False,28.97,False,13.95,12.31,1.215,5.16,27.41,-17.37,-7.76,-6.85,2.32,9.63,999,35143067.39,15.85,-18.99,20.15,-36.28,-15.37,28.0,False,NOT_COMPRESSED|BELOW_SMA50|NOT_NEAR_UNBROKEN_PIVOT|WEAK_RS,753
ESAB,2026-10-01,67.11,46.25,TIGHTENING,NO_EDGE,NONE,62.7,64.29,52.78,19.84,False,False,32.14,False,71.99,64.83,1.677,4.54,16.73,-9.27,-22.47,-13.95,3.18,3.18,999,66890645.82,76.06,-11.77,110.2087,-39.11,-30.5,7.0,False,NOT_COMPRESSED|BELOW_SMA50|NOT_NEAR_UNBROKEN_PIVOT|WEAK_RS,753
BDC,2026-10-01,108.28,46.23,TIGHTENING,NO_EDGE,NONE,74.21,53.57,36.9,42.46,False,False,29.76,False,116.24,106.02,1.021,3.87,16.42,-6.42,2.35,-8.62,4.1,9.54,729,48897896.45,123.4545,-12.29,140.187,-22.76,-8.97,46.0,False,NOT_COMPRESSED|BELOW_SMA50|NOT_NEAR_UNBROKEN_PIVOT|WEAK_RS,753
OXY,2026-10-01,57.84,46.21,TIGHTENING,NO_EDGE,NONE,60.71,27.78,59.92,69.84,False,False,24.21,False,59.47,54.76,1.843,2.71,15.58,-4.6,8.43,-0.61,1.93,4.87,999,548168660.2,63.77,-9.3,65.4163,-11.58,15.97,90.0,False,NOT_COMPRESSED|NOT_NEAR_UNBROKEN_PIVOT,753
ARW,2026-10-01,231.63,46.19,TIGHTENING,NO_EDGE,NONE,65.08,40.87,46.43,59.52,False,False,29.37,False,233.94,213.78,1.175,3.18,13.32,11.29,16.68,7.77,3.28,5.71,999,118795918.89,233.94,-0.99,237.33,-2.4,14.46,89.0,False,NOT_COMPRESSED,753
PGR,2026-10-01,210.96,46.17,TIGHTENING,NO_EDGE,NONE,38.89,23.41,72.62,67.06,False,False,45.24,False,217.8748,200.8631,0.968,2.14,11.6,-4.66,-9.38,-1.51,1.29,8.19,999,604278574.32,225.3412,-6.38,239.2645,-11.83,-11.95,38.0,False,NOT_COMPRESSED|NOT_NEAR_UNBROKEN_PIVOT|WEAK_RS,753
SGHC,2026-10-01,11.36,46.17,TIGHTENING,NO_EDGE,NONE,1.98,15.87,90.48,94.84,False,False,66.27,True,13.456,11.3,0.523,3.82,25.86,-17.29,-26.46,-14.38,1.42,2.23,152,35191210.2,14.1732,-19.85,15.7967,-28.09,-24.23,13.0,False,NOT_COMPRESSED|BELOW_SMA50|NOT_NEAR_UNBROKEN_PIVOT|WEAK_RS,753
TTAM,2026-10-01,13.67,46.15,TIGHTENING,NO_EDGE,NONE,35.71,51.19,80.56,59.92,False,False,9.13,False,14.1184,13.241,1.797,3.52,18.53,-7.86,-19.3,-9.22,2.26,2.26,999,3867769.11,15.7736,-13.34,19.5126,-29.94,-27.54,9.0,False,NOT_COMPRESSED|BELOW_SMA50|NOT_NEAR_UNBROKEN_PIVOT|LOW_LIQUIDITY|WEAK_RS,414
BML-PJ,2026-10-01,19.7806,46.13,TIGHTENING,NO_EDGE,NONE,21.83,96.83,16.67,57.54,False,False,67.86,True,19.9597,19.24,0.667,1.31,4.61,0.82,1.29,1.81,2.79,2.79,999,813803.76,19.9597,-0.9,20.0403,-1.3,-3.45,62.0,False,NOT_COMPRESSED|LOW_LIQUIDITY|WEAK_RS,753
GLOP-PC,2026-10-01,25.36,46.09,TIGHTENING,NO_EDGE,NONE,45.24,49.21,46.83,37.7,False,False,66.67,False,25.68,25.1,1.071,0.74,2.62,0.51,1.57,0.41,1.43,1.62,999,56341.2,25.73,-1.44,25.3577,0.01,-0.7,69.0,False,NOT_COMPRESSED|LOW_LIQUIDITY|WEAK_RS,585
QGEN,2026-10-01,42.04,46.07,TIGHTENING,RANGE_EXIT_CONFIRMED,DOWN_EXPANSION_CONFIRMED,65.48,73.81,28.57,13.49,False,False,55.56,False,45.53,42.56,1.99,2.91,9.02,-4.89,10.63,-2.23,2.65,2.65,999,84066362.45,45.53,-7.67,45.53,-7.67,2.95,76.0,False,NOT_COMPRESSED|ALREADY_EXPANDING|NOT_NEAR_UNBROKEN_PIVOT,753
VOD,2026-10-01,16.38,46.01,TIGHTENING,NO_EDGE,NONE,58.33,34.92,54.37,63.49,False,False,32.94,False,17.59,16.15,0.852,1.88,9.52,1.93,25.13,0.28,4.51,12.46,58,57953036.05,17.71,-7.51,16.44,-0.36,21.73,92.0,False,NOT_COMPRESSED|POST_GAP_COIL|NOT_NEAR_UNBROKEN_PIVOT,753
EFOR,2026-10-01,36.19,45.95,TIGHTENING,RANGE_EXIT_CONFIRMED,UP_EXPANSION_CONFIRMED,54.76,40.48,46.43,36.51,False,False,68.25,False,34.01,31.54,4.212,4.97,21.97,17.2,103.77,16.96,5.02,9.39,111,23856876.61,34.42,5.14,41.71,-13.23,102.09,100.0,False,NOT_COMPRESSED|ALREADY_EXPANDING|RECENT_SURGE|EXTENDED_60D_RUN|EXTENDED_FROM_SMA50|NOT_NEAR_UNBROKEN_PIVOT,753
JCI,2026-10-01,151.77,45.95,TIGHTENING,NO_EDGE,NONE,61.51,17.46,48.41,72.62,False,False,51.19,False,151.51,140.0978,1.18,2.28,10.97,9.3,8.53,4.38,4.15,4.15,415,480304836.01,151.51,0.17,156.6215,-3.1,5.29,79.0,False,NOT_COMPRESSED,753
PCG-PG,2026-10-01,15.75,45.94,TIGHTENING,NO_EDGE,NONE,55.16,15.08,97.22,93.25,True,True,30.56,False,16.75,15.71,0.802,1.81,17.59,-11.81,-12.31,-10.07,3.33,6.42,999,24987.58,18.48,-14.77,19.8695,-20.73,-19.15,20.0,False,NOT_COMPRESSED|BELOW_SMA50|NOT_NEAR_UNBROKEN_PIVOT|LOW_LIQUIDITY|WEAK_RS,385
NWG,2026-10-01,17.4,45.91,TIGHTENING,RANGE_EXIT_CONFIRMED,DOWN_EXPANSION_CONFIRMED,45.63,58.73,21.43,40.08,False,False,86.11,False,19.06,17.91,3.931,2.36,11.78,-6.4,1.06,-5.97,3.36,4.04,733,61670544.89,19.06,-8.71,19.21,-9.42,-4.47,59.0,False,NOT_COMPRESSED|ALREADY_EXPANDING|BELOW_SMA50|NOT_NEAR_UNBROKEN_PIVOT|WEAK_RS,753
MAA,2026-10-01,116.38,45.87,TIGHTENING,NO_EDGE,NONE,11.11,30.56,95.63,88.89,False,False,22.22,False,122.79,116.67,0.805,1.75,11.9,-9.51,-14.6,-9.17,0.86,2.25,999,147710993.42,130.02,-10.49,142.7572,-18.48,-20.04,19.0,False,NOT_COMPRESSED|BELOW_SMA50|NOT_NEAR_UNBROKEN_PIVOT|WEAK_RS,753
NMR,2026-10-01,9.74,45.85,TIGHTENING,NO_EDGE,NONE,35.71,53.17,64.29,63.49,False,False,26.59,False,10.36,9.66,1.389,2.22,14.27,-4.98,3.07,-2.66,2.94,4.29,542,7749058.74,10.94,-10.97,10.36,-5.98,4.67,78.0,False,NOT_COMPRESSED|NOT_NEAR_UNBROKEN_PIVOT,753
RVT,2026-10-01,17.09,45.81,TIGHTENING,NO_EDGE,NONE,21.03,69.05,54.37,58.33,False,False,43.65,False,17.75,16.89,1.2,1.93,8.46,-4.96,-2.9,-4.64,1.6,1.6,999,3448719.82,18.3162,-6.69,18.7677,-8.94,-8.57,48.0,False,NOT_COMPRESSED|BELOW_SMA50|NOT_NEAR_UNBROKEN_PIVOT|LOW_LIQUIDITY|WEAK_RS,753
BGSI,2026-10-01,78.67,45.81,TIGHTENING,NO_EDGE,NONE,66.51,55.09,73.33,68.0,True,True,20.0,False,84.5813,77.7009,0.829,3.98,18.93,-7.57,-17.84,-13.73,4.11,4.11,999,4972598.1,91.7712,-14.28,130.9634,-39.93,-21.84,16.0,False,NOT_COMPRESSED|BELOW_SMA50|NOT_NEAR_UNBROKEN_PIVOT|LOW_LIQUIDITY|WEAK_RS,229
RSG,2026-10-01,206.98,45.78,TIGHTENING,RANGE_EXIT_CONFIRMED,DOWN_EXPANSION_CONFIRMED,11.9,26.19,89.68,92.86,False,True,51.59,False,220.7,209.51,1.747,1.67,9.97,-6.98,-6.11,-4.6,1.23,1.99,999,346644363.95,227.32,-8.95,228.22,-9.31,-7.6,50.0,False,NOT_COMPRESSED|ALREADY_EXPANDING|BELOW_SMA50|NOT_NEAR_UNBROKEN_PIVOT|WEAK_RS,753
ON,2026-10-01,80.08,45.77,TIGHTENING,RANGE_EXIT_CONFIRMED,UP_EXPANSION_CONFIRMED,72.22,36.11,34.52,51.59,False,False,52.78,False,77.68,66.05,1.847,4.25,18.31,10.7,-14.62,4.34,4.94,5.61,67,844847966.5,77.68,3.09,134.92,-40.65,-15.05,29.0,False,NOT_COMPRESSED|ALREADY_EXPANDING|NOT_NEAR_UNBROKEN_PIVOT|WEAK_RS,753
MRX,2026-10-01,70.96,45.71,TIGHTENING,NO_EDGE,NONE,54.76,65.87,34.13,43.25,False,False,45.63,False,76.655,69.492,1.261,4.5,17.01,-0.99,5.86,1.62,1.9,4.46,999,63539086.75,79.11,-10.3,75.2347,-5.68,10.92,86.0,False,NOT_COMPRESSED|NOT_NEAR_UNBROKEN_PIVOT,611
FOX,2026-10-01,54.92,45.67,TIGHTENING,RANGE_EXIT_CONFIRMED,DOWN_EXPANSION_CONFIRMED,40.08,55.95,44.05,59.52,False,False,49.21,False,59.365,55.41,2.139,2.72,13.67,-8.88,15.1,-3.87,1.21,3.01,75,72276604.45,61.41,-10.57,62.6208,-12.3,6.33,81.0,False,NOT_COMPRESSED|ALREADY_EXPANDING|BELOW_SMA50|NOT_NEAR_UNBROKEN_PIVOT,753
ZBIO,2026-10-01,27.94,45.67,TIGHTENING,NO_EDGE,NONE,19.44,30.95,58.73,78.97,False,False,71.03,False,33.844,25.7,1.455,7.18,29.15,-15.67,-2.87,-10.68,1.42,2.88,129,20814340.79,33.844,-17.44,34.05,-17.94,-0.23,70.0,False,NOT_COMPRESSED|BELOW_SMA50|NOT_NEAR_UNBROKEN_PIVOT,514
THO,2026-10-01,69.05,45.67,TIGHTENING,NO_EDGE,NONE,36.11,46.03,69.84,40.08,False,False,52.78,False,74.79,67.31,1.482,3.61,15.19,-8.8,-4.52,-8.46,3.7,3.7,396,64010579.17,77.8,-11.25,84.4119,-18.2,-12.57,36.0,False,NOT_COMPRESSED|BELOW_SMA50|NOT_NEAR_UNBROKEN_PIVOT|WEAK_RS,753
BSAC,2026-10-01,32.59,45.65,TIGHTENING,RANGE_EXIT_CONFIRMED,DOWN_EXPANSION_CONFIRMED,9.92,48.02,53.97,66.27,False,False,80.16,False,35.24,33.29,2.254,2.49,13.59,-8.81,-1.42,-6.08,1.79,2.63,999,9574130.6,36.37,-10.39,36.4,-10.47,-3.05,63.0,False,NOT_COMPRESSED|ALREADY_EXPANDING|BELOW_SMA50|NOT_NEAR_UNBROKEN_PIVOT|WEAK_RS,753
CCL,2026-10-01,25.07,45.65,TIGHTENING,NO_EDGE,NONE,59.52,38.1,47.22,42.06,False,False,73.81,True,25.48,21.45,0.691,3.68,16.07,5.6,-1.71,-0.63,10.16,10.16,2,607348636.83,25.48,-1.61,31.4354,-20.25,-12.54,36.0,False,NOT_COMPRESSED|POST_GAP_COIL|WEAK_RS,753
DUK,2026-10-01,113.74,45.65,TIGHTENING,NO_EDGE,NONE,5.16,15.48,90.08,90.48,False,False,57.54,False,118.57,112.4,1.239,1.4,8.42,-5.66,-9.5,-5.86,0.75,1.47,999,480758580.9,121.98,-6.76,131.8219,-13.72,-14.3,31.0,False,NOT_COMPRESSED|BELOW_SMA50|NOT_NEAR_UNBROKEN_PIVOT|WEAK_RS,753
WLFC,2026-10-01,47.8,45.65,TIGHTENING,RANGE_EXIT_CONFIRMED,DOWN_EXPANSION_CONFIRMED,17.06,59.13,39.29,67.06,False,False,74.6,False,56.2,49.68,1.332,4.44,26.99,-12.93,-34.88,-17.6,4.06,4.06,353,8309810.38,60.0,-20.33,81.3483,-41.24,-39.38,2.0,False,NOT_COMPRESSED|ALREADY_EXPANDING|BELOW_SMA50|NOT_NEAR_UNBROKEN_PIVOT|WEAK_RS,753
DHT,2026-10-01,23.56,45.62,TIGHTENING,NO_EDGE,NONE,52.38,52.38,53.17,21.03,False,False,64.29,False,23.56,20.64,1.623,3.47,15.7,17.39,41.82,19.27,2.9,3.41,999,95234585.45,23.56,0.0,20.62,14.26,43.44,97.0,False,NOT_COMPRESSED|RECENT_SURGE|EXTENDED_60D_RUN|EXTENDED_FROM_SMA50|DETACHED_FROM_PRIOR_STRUCTURE,753
LGND,2026-10-01,302.74,45.62,TIGHTENING,NO_EDGE,NONE,35.32,20.24,63.1,79.76,False,False,57.94,False,317.23,273.1,0.951,3.21,15.35,5.51,-3.86,3.78,1.57,2.53,101,79153198.29,317.23,-4.57,326.63,-7.31,-8.09,49.0,False,NOT_COMPRESSED|WEAK_RS,753
TIMB,2026-10-01,17.46,45.62,TIGHTENING,RANGE_EXIT_CONFIRMED,DOWN_EXPANSION_CONFIRMED,11.51,53.97,44.84,69.44,False,False,79.37,False,19.23,17.55,1.429,2.57,12.08,-5.11,-19.69,-5.73,3.15,3.36,999,8847103.18,19.38,-9.91,28.0125,-37.67,-22.41,15.0,False,NOT_COMPRESSED|ALREADY_EXPANDING|BELOW_SMA50|NOT_NEAR_UNBROKEN_PIVOT|WEAK_RS,753
RYAN,2026-10-01,38.39,45.6,TIGHTENING,NO_EDGE,NONE,55.56,50.79,50.79,36.51,False,False,50.0,False,40.62,35.9,1.202,3.99,21.07,-9.33,-6.74,-7.51,2.47,6.6,105,83652802.35,43.99,-12.73,48.0624,-20.12,-11.21,40.0,False,NOT_COMPRESSED|BELOW_SMA50|NOT_NEAR_UNBROKEN_PIVOT|WEAK_RS,753
DINO,2026-10-01,112.7,45.56,TIGHTENING,NO_EDGE,NONE,58.73,80.95,31.35,5.56,False,False,62.7,False,118.39,103.0,1.487,4.13,13.66,6.26,44.24,14.13,2.01,3.28,156,305435044.76,118.39,-4.81,103.99,8.38,53.58,98.0,False,NOT_COMPRESSED|EXTENDED_60D_RUN|EXTENDED_FROM_SMA50,753
UPBD,2026-10-01,15.68,45.56,TIGHTENING,NO_EDGE,NONE,0.4,23.02,86.9,87.7,False,False,61.51,False,18.2,15.37,1.711,3.78,26.66,-16.6,-21.01,-15.91,2.43,6.01,356,16053127.79,19.31,-18.8,23.1,-32.12,-24.0,13.0,False,NOT_COMPRESSED|BELOW_SMA50|NOT_NEAR_UNBROKEN_PIVOT|WEAK_RS,753
PDFS,2026-10-01,53.39,45.54,TIGHTENING,RANGE_EXIT_CONFIRMED,UP_EXPANSION_CONFIRMED,44.84,38.1,48.02,63.89,False,False,57.94,False,51.62,42.76,1.546,4.81,25.89,26.97,1.85,13.6,8.02,8.02,110,28368083.97,51.62,3.43,71.69,-25.53,-12.62,36.0,False,NOT_COMPRESSED|ALREADY_EXPANDING|RECENT_SURGE|EXTENDED_FROM_SMA50|NOT_NEAR_UNBROKEN_PIVOT|WEAK_RS,753
IBM,2026-10-01,225.62,45.54,TIGHTENING,NO_EDGE,NONE,46.43,45.24,51.19,68.65,False,False,37.3,False,243.37,218.6,3.774,3.12,14.72,-2.62,-24.77,-2.4,4.92,22.0,56,1342748465.01,251.82,-10.4,330.0921,-31.65,-24.35,12.0,False,NOT_COMPRESSED|POST_GAP_COIL|NOT_NEAR_UNBROKEN_PIVOT|WEAK_RS,753
GNL-PA,2026-10-01,22.6,45.5,TIGHTENING,NO_EDGE,NONE,63.89,42.86,51.19,26.98,False,False,59.13,False,22.9299,22.06,1.315,1.16,4.6,-1.53,-1.99,-1.0,0.75,0.75,999,154822.33,23.0999,-2.16,23.33,-3.13,-4.27,59.0,False,NOT_COMPRESSED|LOW_LIQUIDITY|WEAK_RS,753
BHFAP,2026-10-01,13.73,45.47,TIGHTENING,NO_EDGE,NONE,67.06,55.16,41.67,36.11,False,False,55.56,True,14.48,13.56,0.6,1.76,7.36,-0.67,-4.13,0.5,1.07,1.07,999,516409.56,14.48,-5.18,15.6344,-12.18,-6.96,52.0,False,NOT_COMPRESSED|NOT_NEAR_UNBROKEN_PIVOT|LOW_LIQUIDITY|WEAK_RS,753
SAIL,2026-10-01,20.58,45.46,TIGHTENING,NO_EDGE,NONE,65.48,48.41,60.32,42.46,False,False,22.22,False,22.285,19.37,0.926,5.68,27.53,12.4,36.2,9.68,6.15,6.86,79,111364243.84,22.285,-7.65,21.365,-3.67,31.94,95.0,False,NOT_COMPRESSED|EXTENDED_60D_RUN|NOT_NEAR_UNBROKEN_PIVOT,410
FTI,2026-10-01,68.85,45.4,TIGHTENING,NO_EDGE,NONE,28.17,40.87,78.97,76.59,False,False,23.41,False,73.68,67.8,1.156,3.02,19.45,-13.58,-2.13,-7.19,2.02,2.02,999,220870068.06,80.7,-14.68,80.55,-14.53,0.38,72.0,False,NOT_COMPRESSED|BELOW_SMA50|NOT_NEAR_UNBROKEN_PIVOT,753
FFIV,2026-10-01,443.68,45.36,TIGHTENING,NO_EDGE,NONE,39.68,26.98,80.95,67.46,False,False,33.33,False,462.0,423.3,0.807,3.04,17.32,13.45,5.85,8.19,1.33,3.42,170,234710333.34,462.0,-3.97,435.0,2.0,5.87,80.0,False,NOT_COMPRESSED,753
FLO,2026-10-01,5.56,45.36,TIGHTENING,NO_EDGE,NONE,15.87,53.57,51.98,69.44,False,False,66.27,False,6.3,5.5,1.118,4.09,20.92,-15.03,-32.18,-16.22,1.51,2.82,999,49016017.15,6.7295,-17.38,8.8481,-37.16,-37.06,3.0,False,NOT_COMPRESSED|BELOW_SMA50|NOT_NEAR_UNBROKEN_PIVOT|WEAK_RS,753
FSLY,2026-10-01,26.39,45.32,TIGHTENING,NO_EDGE,NONE,55.95,75.4,50.79,37.7,True,True,70.63,False,31.33,22.9,0.819,9.0,43.84,29.17,33.69,9.22,6.24,12.68,39,213817454.47,31.33,-15.77,34.82,-24.21,42.73,97.0,False,NOT_COMPRESSED|POST_GAP_COIL|RECENT_SURGE|EXTENDED_60D_RUN|NOT_NEAR_UNBROKEN_PIVOT,753
SIG,2026-10-01,104.25,45.3,TIGHTENING,NO_EDGE,NONE,95.24,23.41,92.46,64.29,True,True,5.56,False,105.94,97.86,1.838,3.8,24.88,27.55,28.48,11.89,14.93,14.93,16,118435081.42,105.94,-1.6,100.41,3.82,21.58,92.0,False,NOT_COMPRESSED|POST_GAP_COIL|RECENT_SURGE,753
ATRC,2026-10-01,53.59,45.26,TIGHTENING,RANGE_EXIT_CONFIRMED,DOWN_EXPANSION_CONFIRMED,36.51,44.44,54.37,42.46,False,False,75.4,False,61.7,56.15,1.785,4.36,19.91,1.9,59.21,10.11,5.42,5.42,160,92524808.47,61.7,-13.14,49.98,7.22,65.74,99.0,False,NOT_COMPRESSED|ALREADY_EXPANDING|EXTENDED_60D_RUN|NOT_NEAR_UNBROKEN_PIVOT,753
SRPT,2026-10-01,17.57,45.24,TIGHTENING,NO_EDGE,NONE,42.86,76.19,49.21,70.24,True,True,57.14,False,21.75,17.64,0.973,6.5,33.12,-24.3,-13.06,-6.66,11.73,11.73,17,57934694.97,23.62,-25.61,23.84,-26.3,-11.7,38.0,False,NOT_COMPRESSED|POST_GAP_COIL|BELOW_SMA50|NOT_NEAR_UNBROKEN_PIVOT|WEAK_RS,753
FTAI,2026-10-01,167.32,45.23,TIGHTENING,NO_EDGE,NONE,42.86,31.35,57.54,82.14,False,False,53.97,True,199.88,166.39,0.652,5.18,22.85,-9.85,-22.4,-15.83,3.95,7.35,122,252368071.24,202.47,-17.36,287.7608,-41.85,-35.23,4.0,False,NOT_COMPRESSED|BELOW_SMA50|NOT_NEAR_UNBROKEN_PIVOT|WEAK_RS,753
NET,2026-10-01,351.0,45.22,TIGHTENING,NO_EDGE,NONE,45.63,26.98,74.21,66.27,False,False,36.51,False,367.43,313.5,0.64,4.69,27.27,28.69,28.38,14.71,3.94,11.8,38,1030175732.46,367.43,-4.47,332.22,5.65,41.96,97.0,False,NOT_COMPRESSED|POST_GAP_COIL|RECENT_SURGE|EXTENDED_FROM_SMA50,753
HRI,2026-10-01,131.86,45.14,TIGHTENING,NO_EDGE,NONE,32.94,84.13,26.98,54.37,False,True,72.62,False,146.97,124.58,1.372,5.99,25.35,-4.29,-5.39,-12.52,6.44,6.44,407,127617782.87,153.82,-14.28,175.1266,-24.71,-4.61,58.0,False,NOT_COMPRESSED|BELOW_SMA50|NOT_NEAR_UNBROKEN_PIVOT|WEAK_RS,753
BNS,2026-10-01,90.67,45.12,TIGHTENING,RANGE_EXIT_CONFIRMED,DOWN_EXPANSION_CONFIRMED,34.13,78.97,22.62,34.92,False,False,83.33,False,95.74,90.82,1.658,1.74,7.49,-2.83,6.78,-0.18,1.69,2.39,999,175058172.76,95.74,-5.3,94.96,-4.52,4.33,77.0,False,NOT_COMPRESSED|ALREADY_EXPANDING|NOT_NEAR_UNBROKEN_PIVOT,753
CGON,2026-10-01,68.35,45.12,TIGHTENING,NO_EDGE,NONE,25.79,45.24,40.87,62.3,False,False,87.7,False,80.63,66.01,0.75,4.95,21.39,-8.37,-2.08,-7.72,1.93,1.98,359,72438622.49,80.63,-15.23,80.97,-15.59,-5.69,56.0,False,NOT_COMPRESSED|BELOW_SMA50|NOT_NEAR_UNBROKEN_PIVOT|WEAK_RS,674
TTC,2026-10-01,97.79,45.1,TIGHTENING,NO_EDGE,NONE,88.49,30.16,35.71,61.51,False,True,51.98,False,98.28,91.11,1.612,2.27,8.61,-1.37,5.49,1.73,1.23,1.42,519,94183410.19,100.18,-2.39,100.8,-2.99,-2.1,66.0,False,NOT_COMPRESSED|WEAK_RS,753
EEFT,2026-10-01,63.64,45.1,TIGHTENING,NO_EDGE,NONE,9.13,49.6,82.14,82.94,False,False,28.57,False,69.67,62.56,1.386,3.5,20.03,-12.79,-16.22,-10.29,1.65,7.91,409,40233810.56,75.0,-15.15,83.97,-24.21,-20.38,18.0,False,NOT_COMPRESSED|BELOW_SMA50|NOT_NEAR_UNBROKEN_PIVOT|WEAK_RS,753
HR,2026-10-01,17.43,45.06,TIGHTENING,RANGE_EXIT_CONFIRMED,DOWN_EXPANSION_CONFIRMED,3.97,36.11,76.59,78.17,False,False,65.87,False,18.69,17.67,1.633,1.83,13.65,-9.69,-14.47,-9.52,0.79,1.19,999,74330111.46,19.63,-11.21,21.7707,-19.94,-17.22,24.0,False,NOT_COMPRESSED|ALREADY_EXPANDING|BELOW_SMA50|NOT_NEAR_UNBROKEN_PIVOT|WEAK_RS,753
BFLY,2026-10-01,8.53,45.02,TIGHTENING,NO_EDGE,NONE,48.81,40.48,59.13,54.37,False,False,47.62,False,10.05,7.36,0.941,7.51,35.52,12.24,16.21,2.48,8.72,8.72,72,46719906.95,10.05,-15.12,10.05,-15.12,8.23,83.0,False,NOT_COMPRESSED|NOT_NEAR_UNBROKEN_PIVOT,753
SNY,2026-10-01,40.67,45.02,TIGHTENING,NO_EDGE,NONE,21.43,31.75,76.19,88.49,False,False,38.89,False,43.23,40.4,1.938,1.8,11.7,-8.55,-4.93,-6.41,2.17,6.27,733,118959938.26,45.22,-10.06,46.11,-11.8,-8.6,48.0,False,NOT_COMPRESSED|BELOW_SMA50|NOT_NEAR_UNBROKEN_PIVOT|WEAK_RS,753
JBL,2026-10-01,299.79,45.02,TIGHTENING,NO_EDGE,NONE,83.33,80.56,8.33,2.78,False,False,67.46,False,331.58,284.39,1.086,4.82,15.74,0.13,-7.8,-5.48,4.91,6.03,446,446831680.62,331.58,-9.59,428.8373,-30.09,-14.98,29.0,False,NOT_COMPRESSED|BELOW_SMA50|NOT_NEAR_UNBROKEN_PIVOT|WEAK_RS,753
CPK,2026-10-01,124.33,45.0,TIGHTENING,RANGE_EXIT_CONFIRMED,DOWN_EXPANSION_CONFIRMED,32.14,71.83,29.37,51.59,False,False,70.63,False,133.1,125.9,1.271,2.37,7.06,-4.45,-0.18,-5.83,1.44,2.0,999,24839712.68,133.1021,-6.59,140.0327,-11.21,-2.8,63.0,False,NOT_COMPRESSED|ALREADY_EXPANDING|BELOW_SMA50|NOT_NEAR_UNBROKEN_PIVOT|WEAK_RS,753
LOW,2026-10-01,182.38,44.98,TIGHTENING,RANGE_EXIT_CONFIRMED,DOWN_EXPANSION_CONFIRMED,20.63,43.25,54.37,71.03,False,False,71.43,False,199.35,184.22,1.481,2.43,14.4,-8.74,-13.79,-11.24,2.32,2.32,999,644235137.49,205.48,-11.24,254.3002,-28.28,-22.17,15.0,False,NOT_COMPRESSED|ALREADY_EXPANDING|BELOW_SMA50|NOT_NEAR_UNBROKEN_PIVOT|WEAK_RS,753
RARE,2026-10-01,14.75,44.98,TIGHTENING,NO_EDGE,NONE,98.81,86.9,38.89,15.87,True,True,38.1,False,16.12,13.2,0.94,7.85,22.98,-44.4,-57.46,-31.16,47.23,47.23,19,105828153.74,26.795,-44.95,36.57,-59.67,-58.76,1.0,False,NOT_COMPRESSED|POST_GAP_COIL|BELOW_SMA50|NOT_NEAR_UNBROKEN_PIVOT|WEAK_RS,753
GGAL,2026-10-01,36.07,44.96,TIGHTENING,RANGE_EXIT_CONFIRMED,DOWN_EXPANSION_CONFIRMED,0.4,23.81,71.83,93.65,False,False,78.57,False,43.0366,36.56,1.598,4.39,30.01,-19.76,-27.98,-17.84,1.93,2.7,233,30668255.13,46.0329,-21.64,57.9436,-37.75,-30.98,6.0,False,NOT_COMPRESSED|ALREADY_EXPANDING|BELOW_SMA50|NOT_NEAR_UNBROKEN_PIVOT|WEAK_RS,753
BRUN,2026-10-01,15.89,44.9,TIGHTENING,NO_EDGE,NONE,61.9,62.7,51.19,17.46,False,False,48.81,False,17.99,15.33,1.59,9.36,37.07,-3.99,-46.74,-13.14,5.35,16.39,33,34320184.47,19.37,-17.97,42.0,-62.17,-52.8,1.0,False,NOT_COMPRESSED|POST_GAP_COIL|BELOW_SMA50|NOT_NEAR_UNBROKEN_PIVOT|WEAK_RS,440
CDRE,2026-10-01,25.01,44.88,TIGHTENING,NO_EDGE,NONE,10.71,43.65,87.3,85.32,False,False,26.59,False,27.37,25.08,1.034,4.25,21.89,-12.58,-12.97,-17.01,1.87,11.47,39,13121866.88,30.155,-17.06,37.37,-33.07,-17.6,24.0,False,NOT_COMPRESSED|POST_GAP_COIL|BELOW_SMA50|NOT_NEAR_UNBROKEN_PIVOT|WEAK_RS,753
IEP,2026-10-01,6.77,44.86,TIGHTENING,NO_EDGE,NONE,46.83,39.68,37.7,53.17,False,False,82.14,False,7.26,6.74,1.273,2.05,9.01,-0.44,-0.83,-2.68,0.87,2.2,473,5606520.55,7.26,-6.75,7.4433,-9.05,-2.57,64.0,False,NOT_COMPRESSED|NOT_NEAR_UNBROKEN_PIVOT|WEAK_RS,753
ETN,2026-10-01,437.28,44.82,TIGHTENING,NO_EDGE,NONE,69.05,26.19,70.24,64.29,False,False,16.27,False,447.33,408.73,1.492,3.12,14.31,11.88,9.71,3.8,7.61,8.56,422,874816908.67,447.33,-2.25,478.0,-8.52,7.16,82.0,False,NOT_COMPRESSED,753
NOMD,2026-10-01,10.81,44.8,TIGHTENING,NO_EDGE,NONE,41.27,70.24,57.94,48.81,False,False,26.59,False,11.135,10.29,2.194,3.09,13.69,-6.73,-3.18,-5.26,1.0,4.12,999,14299552.28,11.94,-9.46,12.6034,-14.23,-6.77,53.0,False,NOT_COMPRESSED|BELOW_SMA50|NOT_NEAR_UNBROKEN_PIVOT|WEAK_RS,753
PSN,2026-10-01,41.01,44.74,TIGHTENING,NO_EDGE,NONE,11.11,47.22,53.97,79.37,False,False,72.62,False,47.4,40.765,1.122,4.04,19.3,-9.61,-27.58,-13.0,1.74,24.25,45,53334351.51,48.38,-15.23,62.299,-34.17,-29.98,7.0,False,NOT_COMPRESSED|POST_GAP_COIL|BELOW_SMA50|NOT_NEAR_UNBROKEN_PIVOT|WEAK_RS,753
BKH,2026-10-01,70.14,44.7,TIGHTENING,NO_EDGE,NONE,16.67,52.78,54.37,57.14,False,False,79.76,False,73.46,67.54,1.352,2.16,10.29,-3.38,-2.87,-2.76,3.34,3.34,999,75355060.91,74.76,-6.18,77.2094,-9.16,-6.87,52.0,False,NOT_COMPRESSED|NOT_NEAR_UNBROKEN_PIVOT|WEAK_RS,753
GRND,2026-10-01,14.17,44.68,TIGHTENING,RANGE_EXIT_CONFIRMED,DOWN_EXPANSION_CONFIRMED,62.3,83.73,18.65,4.76,False,False,77.78,False,16.41,15.18,4.652,5.03,20.32,-9.57,-11.55,-10.72,2.74,7.9,234,24010766.4,16.41,-13.65,18.5,-23.41,-14.6,30.0,False,NOT_COMPRESSED|ALREADY_EXPANDING|BELOW_SMA50|NOT_NEAR_UNBROKEN_PIVOT|WEAK_RS,753
LBRX,2026-10-01,37.28,44.67,TIGHTENING,NO_EDGE,NONE,18.7,13.89,86.64,94.05,False,False,49.21,False,43.5,36.57,0.916,5.46,35.78,-24.66,9.1,-14.93,1.79,2.94,999,14124124.67,49.93,-25.34,50.16,-25.68,8.68,84.0,False,NOT_COMPRESSED|BELOW_SMA50|NOT_NEAR_UNBROKEN_PIVOT,266
LEA,2026-10-01,121.37,44.64,TIGHTENING,NO_EDGE,NONE,57.94,57.54,65.48,53.57,False,False,7.54,False,126.04,117.59,2.038,3.03,15.23,-6.35,-6.54,-4.01,1.92,4.05,999,82290691.89,134.93,-10.05,149.0773,-18.59,-9.5,45.0,False,NOT_COMPRESSED|BELOW_SMA50|NOT_NEAR_UNBROKEN_PIVOT|WEAK_RS,753
INTC,2026-10-01,120.0,44.6,TIGHTENING,NO_EDGE,NONE,51.19,31.75,71.43,63.49,False,False,33.33,False,127.44,104.7,1.004,5.06,33.09,33.26,8.85,19.41,7.3,7.3,80,12348610414.92,127.44,-5.84,142.35,-15.7,-3.12,62.0,False,NOT_COMPRESSED|RECENT_SURGE|EXTENDED_FROM_SMA50|NOT_NEAR_UNBROKEN_PIVOT|WEAK_RS,753
FDS,2026-10-01,277.61,44.54,TIGHTENING,NO_EDGE,NONE,59.92,54.37,49.6,33.33,False,False,51.19,False,289.78,252.05,1.131,4.38,24.65,-9.3,12.44,-1.41,3.92,3.92,999,256257637.31,320.48,-13.38,315.0,-11.87,8.59,83.0,False,NOT_COMPRESSED|NOT_NEAR_UNBROKEN_PIVOT,753
PAM,2026-10-01,76.09,44.54,TIGHTENING,NO_EDGE,NONE,7.94,9.92,91.27,94.05,False,False,63.49,False,84.81,75.0,1.364,3.12,18.18,-11.95,-7.72,-7.8,1.17,2.1,233,16478285.86,88.83,-14.34,90.2,-15.64,-8.41,48.0,False,NOT_COMPRESSED|BELOW_SMA50|NOT_NEAR_UNBROKEN_PIVOT|WEAK_RS,753
JHX,2026-10-01,25.2,44.53,TIGHTENING,NO_EDGE,NONE,28.17,61.11,68.25,75.4,False,True,37.7,False,27.57,24.62,0.832,3.93,27.46,-11.45,3.87,-10.81,3.1,6.89,280,376735529.97,31.43,-19.82,31.36,-19.64,-5.2,57.0,False,NOT_COMPRESSED|BELOW_SMA50|NOT_NEAR_UNBROKEN_PIVOT|WEAK_RS,753
ERIC,2026-10-01,9.22,44.5,TIGHTENING,NO_EDGE,NONE,38.1,35.71,61.11,73.81,True,False,82.94,False,10.2649,9.15,1.118,2.28,13.29,-6.6,-15.06,-5.92,5.27,10.32,56,71816737.84,10.2649,-10.18,13.539,-31.9,-15.93,27.0,False,NOT_COMPRESSED|POST_GAP_COIL|BELOW_SMA50|NOT_NEAR_UNBROKEN_PIVOT|WEAK_RS,753
VRSN,2026-10-01,286.9,44.48,TIGHTENING,NO_EDGE,NONE,41.27,42.86,41.67,57.54,False,False,78.17,False,310.0,275.23,1.016,2.65,12.12,-1.06,7.54,-0.53,2.28,2.98,999,211887751.7,310.0,-7.45,311.5654,-7.92,9.38,85.0,False,NOT_COMPRESSED|NOT_NEAR_UNBROKEN_PIVOT,753
ARES,2026-10-01,116.57,44.46,TIGHTENING,NO_EDGE,NONE,9.13,50.79,65.08,70.24,False,False,66.67,False,130.65,115.41,1.4,3.83,24.56,-14.67,-0.17,-11.83,3.14,3.48,999,289701056.08,141.6877,-17.73,148.3028,-21.4,-2.06,66.0,False,NOT_COMPRESSED|BELOW_SMA50|NOT_NEAR_UNBROKEN_PIVOT|WEAK_RS,753
WIT,2026-10-01,1.76,44.44,TIGHTENING,RANGE_EXIT_CONFIRMED,UP_EXPANSION_CONFIRMED,65.48,51.59,36.9,25.0,False,False,73.41,False,1.72,1.59,5.0,3.5,14.77,-2.22,-2.73,-3.75,6.06,6.25,999,16397579.2,1.84,-4.35,2.5016,-29.64,-8.65,47.0,False,NOT_COMPRESSED|ALREADY_EXPANDING|BELOW_SMA50|LOW_LIQUIDITY|WEAK_RS,753
UNF,2026-10-01,252.32,44.42,TIGHTENING,NO_EDGE,NONE,26.98,55.95,57.14,69.44,False,False,47.62,False,271.96,248.54,0.999,2.76,16.9,-8.21,-7.21,-9.59,0.93,1.2,161,99893746.92,291.17,-13.34,306.2631,-17.61,-10.48,42.0,False,NOT_COMPRESSED|BELOW_SMA50|NOT_NEAR_UNBROKEN_PIVOT|WEAK_RS,753
BOX,2026-10-01,34.6,44.35,TIGHTENING,NO_EDGE,NONE,48.41,38.49,55.95,52.78,False,False,61.11,False,35.1,30.44,1.352,3.29,16.21,0.03,19.81,4.59,2.7,3.94,338,90439684.98,36.05,-4.02,36.34,-4.79,21.22,92.0,False,NOT_COMPRESSED,753
UA,2026-10-01,4.53,44.31,TIGHTENING,NO_EDGE,NONE,23.02,41.67,59.92,71.43,False,False,67.06,False,4.961,4.1601,1.969,4.34,22.74,-9.94,-28.32,-14.71,2.69,4.31,98,12408115.68,5.19,-12.72,7.325,-38.16,-32.93,5.0,False,NOT_COMPRESSED|BELOW_SMA50|NOT_NEAR_UNBROKEN_PIVOT|LOW_LIQUIDITY|WEAK_RS,753
RIOT,2026-10-01,19.61,44.25,TIGHTENING,NO_EDGE,NONE,42.86,40.48,40.08,59.13,False,False,81.35,False,25.39,20.115,1.041,7.66,35.29,5.23,-7.02,-6.64,4.75,21.49,36,362401082.82,25.39,-22.76,30.32,-35.32,-14.14,31.0,False,NOT_COMPRESSED|POST_GAP_COIL|BELOW_SMA50|NOT_NEAR_UNBROKEN_PIVOT|WEAK_RS,753
INSM,2026-10-01,108.59,44.23,TIGHTENING,RANGE_EXIT_CONFIRMED,DOWN_EXPANSION_CONFIRMED,27.38,71.83,35.32,65.08,False,False,60.71,False,127.4,113.6,2.301,4.54,20.58,-14.25,-6.81,-9.31,2.55,29.49,39,265547611.32,130.83,-17.0,166.19,-34.66,-5.53,56.0,False,NOT_COMPRESSED|ALREADY_EXPANDING|POST_GAP_COIL|BELOW_SMA50|NOT_NEAR_UNBROKEN_PIVOT|WEAK_RS,753
OI,2026-10-01,5.65,44.21,TIGHTENING,NO_EDGE,NONE,0.79,52.78,76.59,81.35,False,False,50.4,False,6.37,5.61,0.87,4.72,30.27,-20.08,-40.65,-18.26,2.96,14.02,45,22463798.44,7.3,-22.6,11.12,-49.19,-45.12,2.0,False,NOT_COMPRESSED|POST_GAP_COIL|BELOW_SMA50|NOT_NEAR_UNBROKEN_PIVOT|WEAK_RS,753
DDOG,2026-10-01,276.46,44.2,TIGHTENING,NO_EDGE,NONE,14.68,32.54,82.54,90.08,False,False,55.56,True,280.7,226.833,0.802,4.41,28.02,32.13,5.89,13.3,5.15,19.68,39,832940081.95,280.7,-1.51,292.72,-5.55,3.35,76.0,False,NOT_COMPRESSED|POST_GAP_COIL|RECENT_SURGE|EXTENDED_FROM_SMA50,753
GLIBA,2026-10-01,23.47,44.19,TIGHTENING,NO_EDGE,NONE,14.29,49.21,76.59,80.16,False,False,38.49,False,25.145,22.85,1.184,3.39,17.38,-12.2,2.27,-6.42,2.32,2.57,999,1007250.96,27.218,-13.77,37.99,-38.22,0.06,71.0,False,NOT_COMPRESSED|BELOW_SMA50|NOT_NEAR_UNBROKEN_PIVOT|LOW_LIQUIDITY,309
HDB,2026-10-01,22.95,44.15,TIGHTENING,NO_EDGE,NONE,82.54,71.03,32.54,17.06,False,False,40.48,False,23.78,22.26,3.184,2.48,8.76,-1.12,-12.24,-0.9,3.0,6.14,999,241569982.19,23.78,-3.49,28.0,-18.04,-13.78,32.0,False,NOT_COMPRESSED|WEAK_RS,753
UPS,2026-10-01,93.89,44.14,TIGHTENING,NO_EDGE,NONE,65.48,23.41,67.06,73.81,True,False,70.63,True,101.05,91.63,0.685,2.16,13.58,-8.85,-13.24,-7.77,1.49,3.85,232,469183930.8,104.38,-10.05,116.5615,-19.45,-16.64,25.0,False,NOT_COMPRESSED|BELOW_SMA50|NOT_NEAR_UNBROKEN_PIVOT|WEAK_RS,753
OII,2026-10-01,44.36,44.07,TIGHTENING,NO_EDGE,NONE,50.4,36.9,68.25,74.6,False,False,24.21,False,47.57,43.27,1.202,3.89,21.01,-14.08,7.75,-9.96,1.59,4.93,999,44389332.23,52.45,-15.42,54.25,-18.23,12.39,87.0,False,NOT_COMPRESSED|BELOW_SMA50|NOT_NEAR_UNBROKEN_PIVOT,753
AEG,2026-10-01,8.49,44.05,TIGHTENING,RANGE_EXIT_CONFIRMED,DOWN_EXPANSION_CONFIRMED,19.05,40.08,48.02,78.17,False,False,85.32,False,9.16,8.62,2.091,1.65,10.25,-5.71,0.02,-5.7,1.65,3.33,999,41548521.43,9.27,-8.41,9.3544,-9.24,-2.12,65.0,False,NOT_COMPRESSED|ALREADY_EXPANDING|BELOW_SMA50|NOT_NEAR_UNBROKEN_PIVOT|WEAK_RS,753
TRMK,2026-10-01,45.08,44.05,TIGHTENING,NO_EDGE,NONE,56.35,19.44,48.02,64.29,False,False,76.98,False,47.75,44.55,1.371,1.98,9.09,-1.62,0.59,-3.22,0.92,1.06,999,19930822.53,47.98,-6.04,48.7332,-7.5,-5.1,57.0,False,NOT_COMPRESSED|BELOW_SMA50|NOT_NEAR_UNBROKEN_PIVOT|WEAK_RS,753
MSDL,2026-10-01,13.71,44.05,TIGHTENING,NO_EDGE,NONE,10.32,27.78,72.62,86.9,False,False,71.83,False,14.5754,13.62,0.982,1.82,10.43,-7.29,-7.05,-5.55,1.3,2.24,999,6280716.58,14.9144,-8.08,15.3308,-10.57,-10.91,41.0,False,NOT_COMPRESSED|BELOW_SMA50|NOT_NEAR_UNBROKEN_PIVOT|WEAK_RS,675
PCG-PH,2026-09-29,15.51,44.04,TIGHTENING,NO_EDGE,NONE,42.46,24.21,81.75,93.25,False,False,28.57,True,16.29,15.5,0.0,1.57,9.28,-5.3,-12.55,-5.29,3.19,5.28,999,24295.33,16.9387,-8.43,18.5421,-16.35,-6.63,53.0,False,NOT_COMPRESSED|BELOW_SMA50|NOT_NEAR_UNBROKEN_PIVOT|LOW_LIQUIDITY|WEAK_RS,397
PATH,2026-10-01,13.32,44.03,TIGHTENING,NO_EDGE,NONE,78.17,35.32,72.62,61.11,True,False,30.56,False,14.035,11.57,0.931,5.73,54.5,-25.96,16.64,-8.35,10.87,10.87,18,754385621.07,18.83,-29.26,18.765,-29.02,10.91,86.0,False,NOT_COMPRESSED|POST_GAP_COIL|BELOW_SMA50|NOT_NEAR_UNBROKEN_PIVOT,753
ZION,2026-10-01,62.65,43.97,TIGHTENING,NO_EDGE,NONE,14.68,38.1,79.76,78.17,False,False,51.98,False,66.44,62.07,2.261,2.25,14.96,-7.89,-8.11,-7.66,1.18,5.38,999,102291024.39,70.13,-10.67,72.8505,-14.0,-11.89,38.0,False,NOT_COMPRESSED|BELOW_SMA50|NOT_NEAR_UNBROKEN_PIVOT|WEAK_RS,753
GLOB,2026-10-01,36.98,43.93,TIGHTENING,NO_EDGE,NONE,52.78,37.7,57.14,60.32,False,False,50.0,False,38.735,33.0,3.075,5.17,22.15,-4.89,23.68,-1.02,9.14,9.14,345,37732476.51,41.19,-10.22,52.19,-29.14,10.92,86.0,False,NOT_COMPRESSED|NOT_NEAR_UNBROKEN_PIVOT,753
WF,2026-10-01,73.1,43.91,TIGHTENING,RANGE_EXIT_CONFIRMED,DOWN_EXPANSION_CONFIRMED,78.57,62.3,35.71,7.94,False,False,63.89,False,80.36,74.84,1.864,3.16,13.94,-3.46,18.04,0.17,5.82,5.82,999,6694881.5,81.74,-10.57,75.65,-3.37,19.39,91.0,False,NOT_COMPRESSED|ALREADY_EXPANDING|NOT_NEAR_UNBROKEN_PIVOT,753
FANG,2026-10-01,185.51,43.91,TIGHTENING,NO_EDGE,NONE,76.19,24.21,93.25,88.89,True,True,13.49,False,197.31,181.91,0.837,2.93,16.93,-8.8,-0.04,-6.18,6.85,6.85,999,628986823.15,213.31,-13.03,216.9,-14.47,5.59,80.0,False,NOT_COMPRESSED|BELOW_SMA50|NOT_NEAR_UNBROKEN_PIVOT,753
INTR,2026-10-01,5.3,43.91,TIGHTENING,NO_EDGE,NONE,36.11,44.84,63.49,76.59,False,False,38.1,False,5.628,4.97,1.556,4.41,20.85,-9.86,-4.85,-2.54,3.85,4.2,290,25343644.78,6.075,-12.76,8.74,-39.36,-5.94,55.0,False,NOT_COMPRESSED|NOT_NEAR_UNBROKEN_PIVOT|WEAK_RS,753
WRBY,2026-10-01,27.49,43.91,TIGHTENING,NO_EDGE,NONE,75.4,35.71,35.71,61.11,False,False,50.4,False,28.33,22.41,0.58,6.07,21.59,14.97,-0.65,7.44,2.76,14.35,39,89827121.46,28.33,-2.97,30.93,-11.12,-8.88,47.0,False,NOT_COMPRESSED|POST_GAP_COIL|WEAK_RS,753
BNL,2026-10-01,18.25,43.91,TIGHTENING,RANGE_EXIT_CONFIRMED,DOWN_EXPANSION_CONFIRMED,2.78,53.97,98.41,92.46,True,False,41.27,False,19.4583,18.395,1.575,1.88,15.72,-11.81,-15.16,-10.2,0.88,1.32,999,37757849.41,21.0384,-13.25,22.7415,-19.75,-15.6,28.0,False,NOT_COMPRESSED|ALREADY_EXPANDING|BELOW_SMA50|NOT_NEAR_UNBROKEN_PIVOT|WEAK_RS,753
MCK,2026-10-01,898.82,43.89,TIGHTENING,NO_EDGE,NONE,58.33,78.57,21.03,35.32,False,False,61.51,False,907.07,847.29,3.727,2.72,9.2,-2.81,9.91,2.6,3.83,3.99,474,781072516.79,929.95,-3.35,917.0253,-1.99,11.6,87.0,False,NOT_COMPRESSED,753
CSQ,2026-10-01,20.32,43.87,TIGHTENING,NO_EDGE,NONE,55.16,63.89,40.48,34.13,False,False,60.71,False,21.1,20.21,1.227,1.58,5.36,-2.09,1.62,-0.87,1.61,1.61,999,3792298.83,21.1,-3.7,20.9831,-3.16,-1.86,66.0,False,NOT_COMPRESSED|LOW_LIQUIDITY|WEAK_RS,753
BIP,2026-10-01,35.79,43.87,TIGHTENING,NO_EDGE,NONE,67.86,63.1,50.0,37.3,False,False,28.97,False,36.29,34.3,1.075,2.34,9.14,-1.38,-3.04,-5.25,1.2,1.67,999,30394078.42,37.57,-4.74,43.5141,-17.75,-4.96,57.0,False,NOT_COMPRESSED|BELOW_SMA50|WEAK_RS,753
AKTS,2026-10-01,18.52,43.86,TIGHTENING,RANGE_EXIT_CONFIRMED,DOWN_EXPANSION_CONFIRMED,31.9,28.82,90.85,93.3,True,True,65.52,False,23.97,18.965,2.662,6.73,50.5,-31.2,-35.45,-21.16,2.2,5.12,999,10814543.3,27.663,-33.05,34.19,-45.83,-44.52,2.0,False,NOT_COMPRESSED|ALREADY_EXPANDING|BELOW_SMA50|NOT_NEAR_UNBROKEN_PIVOT|WEAK_RS,183
INFY,2026-10-01,11.35,43.85,TIGHTENING,RANGE_EXIT_CONFIRMED,UP_EXPANSION_CONFIRMED,51.59,28.97,62.7,38.89,False,False,77.78,False,11.17,10.35,5.091,3.14,16.21,-5.18,3.84,-2.45,6.41,6.41,999,189880249.22,12.19,-6.89,14.3987,-21.17,-1.13,68.0,False,NOT_COMPRESSED|ALREADY_EXPANDING|NOT_NEAR_UNBROKEN_PIVOT|WEAK_RS,753
NOC,2026-10-01,482.0,43.85,TIGHTENING,NO_EDGE,NONE,42.06,47.62,44.84,70.24,False,False,71.43,True,534.86,479.9,0.547,2.45,11.77,-7.98,-11.18,-10.39,4.28,6.48,999,451043271.69,536.62,-10.18,702.2513,-31.36,-14.64,30.0,False,NOT_COMPRESSED|BELOW_SMA50|NOT_NEAR_UNBROKEN_PIVOT|WEAK_RS,753
CHRD,2026-10-01,136.85,43.77,TIGHTENING,NO_EDGE,NONE,36.9,28.57,74.6,78.57,False,False,42.86,False,148.31,132.69,1.165,3.23,17.81,-8.51,13.05,-2.99,2.7,3.61,999,103994304.16,157.06,-12.87,153.0,-10.56,19.0,91.0,False,NOT_COMPRESSED|NOT_NEAR_UNBROKEN_PIVOT,753
MPWR,2026-10-01,1360.97,43.77,TIGHTENING,NO_EDGE,NONE,39.29,20.24,82.14,78.57,False,True,60.71,False,1385.4136,1144.7092,0.89,3.79,18.61,11.78,3.61,4.54,4.05,13.89,43,910166571.23,1385.4136,-1.76,1708.9543,-20.36,2.97,76.0,False,NOT_COMPRESSED|POST_GAP_COIL,753
SRG-PA,2026-09-30,20.9898,43.75,TIGHTENING,NO_EDGE,NONE,89.29,58.73,40.48,25.4,False,True,51.59,False,21.1229,20.0848,2.011,2.22,8.4,-1.68,2.07,-1.57,2.31,3.87,999,65874.51,21.7692,-3.58,23.0777,-9.05,-4.51,59.0,False,NOT_COMPRESSED|LOW_LIQUIDITY|WEAK_RS,752
IBN,2026-10-01,27.51,43.73,TIGHTENING,NO_EDGE,NONE,34.52,40.87,76.19,75.79,False,False,30.56,False,28.48,27.07,1.677,1.66,13.09,-10.04,-3.85,-6.2,3.14,3.14,999,131836393.98,30.67,-10.3,30.67,-10.3,-8.77,47.0,False,NOT_COMPRESSED|BELOW_SMA50|NOT_NEAR_UNBROKEN_PIVOT|WEAK_RS,753
ECO,2026-10-01,85.74,43.63,TIGHTENING,NO_EDGE,NONE,57.54,59.52,78.57,23.81,False,True,44.44,False,87.31,75.56,1.647,3.98,20.99,24.22,69.97,27.31,5.81,9.67,704,62936060.39,87.31,-1.8,68.51,25.15,73.31,99.0,False,NOT_COMPRESSED|RECENT_SURGE|EXTENDED_60D_RUN|EXTENDED_FROM_SMA50|DETACHED_FROM_PRIOR_STRUCTURE,753
OPY,2026-10-01,119.47,43.61,TIGHTENING,NO_EDGE,NONE,71.43,71.43,38.49,16.27,False,False,51.19,False,125.25,111.05,0.734,3.95,13.0,1.8,6.5,2.78,1.97,1.97,999,14485864.78,125.88,-5.09,123.73,-3.44,6.5,81.0,False,NOT_COMPRESSED|NOT_NEAR_UNBROKEN_PIVOT,753
QQQX,2026-10-01,30.86,43.61,TIGHTENING,NO_EDGE,NONE,50.4,63.1,54.76,53.97,False,False,30.95,False,30.99,29.77,1.0,1.47,5.32,3.29,5.46,3.53,1.49,1.49,999,2997674.19,30.99,-0.42,30.5889,0.89,2.31,75.0,False,NOT_COMPRESSED|LOW_LIQUIDITY,753
ABT,2026-10-01,96.69,43.61,TIGHTENING,RANGE_EXIT_CONFIRMED,DOWN_EXPANSION_CONFIRMED,23.81,57.14,53.97,64.29,False,False,65.08,False,104.54,98.72,1.682,2.36,15.99,-12.47,2.31,-9.55,1.58,6.74,174,889562931.05,112.2,-13.82,117.34,-17.6,-0.76,69.0,False,NOT_COMPRESSED|ALREADY_EXPANDING|BELOW_SMA50|NOT_NEAR_UNBROKEN_PIVOT|WEAK_RS,753
FER,2026-10-01,52.94,43.61,TIGHTENING,RANGE_EXIT_CONFIRMED,DOWN_EXPANSION_CONFIRMED,37.3,61.9,50.0,42.06,False,False,68.25,False,56.465,53.685,2.514,2.04,11.81,-8.47,-17.69,-12.0,2.85,3.89,364,92650041.26,58.49,-9.49,71.7669,-26.23,-24.66,12.0,False,NOT_COMPRESSED|ALREADY_EXPANDING|BELOW_SMA50|NOT_NEAR_UNBROKEN_PIVOT|WEAK_RS,753
LCII,2026-10-01,82.11,43.59,TIGHTENING,NO_EDGE,NONE,18.65,48.81,82.14,73.02,False,False,36.9,False,89.22,82.78,1.029,3.49,26.71,-20.04,-17.45,-16.22,1.92,2.27,999,29483928.94,103.6,-20.74,135.2509,-39.29,-22.52,15.0,False,NOT_COMPRESSED|BELOW_SMA50|NOT_NEAR_UNBROKEN_PIVOT|WEAK_RS,753
KMB,2026-10-01,94.34,43.53,TIGHTENING,RANGE_EXIT_CONFIRMED,DOWN_EXPANSION_CONFIRMED,42.86,50.4,68.25,47.62,False,False,46.83,False,99.92,96.72,1.831,2.3,15.38,-12.64,-13.97,-9.86,1.88,1.94,228,476093402.27,108.6957,-13.21,115.4348,-18.27,-19.61,19.0,False,NOT_COMPRESSED|ALREADY_EXPANDING|BELOW_SMA50|NOT_NEAR_UNBROKEN_PIVOT|WEAK_RS,753
WFRD,2026-10-01,78.44,43.45,TIGHTENING,NO_EDGE,NONE,0.4,62.3,83.73,75.79,False,False,39.29,False,86.005,78.58,0.871,4.07,26.33,-19.72,-6.26,-11.23,1.34,5.24,999,83727926.24,99.4,-21.09,112.7945,-30.46,-8.04,49.0,False,NOT_COMPRESSED|BELOW_SMA50|NOT_NEAR_UNBROKEN_PIVOT|WEAK_RS,753
TDAY,2026-10-01,7.06,43.43,TIGHTENING,RANGE_EXIT_CONFIRMED,UP_EXPANSION_CONFIRMED,80.16,56.75,32.54,11.9,False,False,72.62,False,6.62,6.18,4.947,4.23,14.87,12.06,-16.65,1.0,4.45,7.04,511,14989030.69,6.73,4.9,9.21,-23.34,-22.88,15.0,False,NOT_COMPRESSED|ALREADY_EXPANDING|NOT_NEAR_UNBROKEN_PIVOT|WEAK_RS,753
ENLT,2026-10-01,65.3,43.41,TIGHTENING,RANGE_EXIT_CONFIRMED,DOWN_EXPANSION_CONFIRMED,25.4,48.81,49.21,69.44,False,False,76.59,False,76.34,68.0,3.36,4.2,22.94,-14.62,-21.84,-17.1,6.63,9.27,747,14021205.57,79.35,-17.71,108.65,-39.9,-25.34,11.0,False,NOT_COMPRESSED|ALREADY_EXPANDING|BELOW_SMA50|NOT_NEAR_UNBROKEN_PIVOT|WEAK_RS,753
BAH,2026-10-01,70.47,43.37,TIGHTENING,NO_EDGE,NONE,27.38,39.29,58.73,76.19,False,False,67.46,False,79.47,69.11,1.968,3.47,17.14,-3.69,13.28,-5.09,3.92,6.25,173,127412542.76,81.19,-13.2,84.3504,-16.46,10.86,86.0,False,NOT_COMPRESSED|BELOW_SMA50|NOT_NEAR_UNBROKEN_PIVOT,753
GRAB,2026-10-01,3.12,43.37,TIGHTENING,NO_EDGE,NONE,96.83,18.25,78.17,7.54,True,False,78.97,False,3.26,2.74,1.0,3.92,26.12,-11.61,-18.11,-7.17,4.64,6.27,999,241344596.25,3.555,-12.24,4.28,-27.1,-22.83,15.0,False,NOT_COMPRESSED|BELOW_SMA50|NOT_NEAR_UNBROKEN_PIVOT|LOW_LIQUIDITY|WEAK_RS,753
SARO,2026-10-01,21.17,43.37,TIGHTENING,NO_EDGE,NONE,15.08,47.22,70.24,80.95,False,False,53.17,False,23.54,21.33,1.08,3.47,23.02,-12.05,-24.8,-17.46,1.98,2.77,999,92915620.32,25.659,-17.49,31.64,-33.09,-32.53,5.0,False,NOT_COMPRESSED|BELOW_SMA50|NOT_NEAR_UNBROKEN_PIVOT|WEAK_RS,501
BSBR,2026-10-01,5.33,43.33,TIGHTENING,RANGE_EXIT_CONFIRMED,DOWN_EXPANSION_CONFIRMED,43.65,47.22,36.51,67.46,False,False,73.81,False,5.98,5.56,2.7,2.59,14.07,-9.51,7.98,-6.54,2.69,11.49,43,20169784.07,6.05,-11.9,6.3238,-15.72,2.02,74.0,False,NOT_COMPRESSED|ALREADY_EXPANDING|POST_GAP_COIL|BELOW_SMA50|NOT_NEAR_UNBROKEN_PIVOT,753
STN,2026-10-01,67.14,43.33,TIGHTENING,NO_EDGE,NONE,32.54,38.89,64.29,73.41,False,False,56.75,False,71.5095,66.79,0.995,2.49,11.14,-7.36,-3.3,-6.12,1.38,1.98,999,23933969.64,74.2127,-9.53,93.1516,-27.92,-6.72,53.0,False,NOT_COMPRESSED|BELOW_SMA50|NOT_NEAR_UNBROKEN_PIVOT|WEAK_RS,753
NGL,2026-10-01,15.6,43.31,TIGHTENING,NO_EDGE,NONE,11.9,38.49,80.95,88.49,False,False,47.62,False,16.77,14.5,1.755,4.26,26.22,-16.53,-0.57,-6.8,2.18,8.48,165,3192545.56,18.98,-17.81,19.06,-18.15,-0.13,70.0,False,NOT_COMPRESSED|BELOW_SMA50|NOT_NEAR_UNBROKEN_PIVOT|LOW_LIQUIDITY,753
SPB,2026-10-01,79.45,43.31,TIGHTENING,NO_EDGE,NONE,4.76,33.33,64.68,87.3,False,False,86.9,False,88.43,79.32,0.954,2.88,15.29,-11.02,-2.13,-8.71,1.68,9.34,220,24998150.81,89.86,-11.58,98.533,-19.37,-8.85,47.0,False,NOT_COMPRESSED|BELOW_SMA50|NOT_NEAR_UNBROKEN_PIVOT|WEAK_RS,753
FRT,2026-10-01,108.03,43.29,TIGHTENING,NO_EDGE,NONE,4.37,50.79,88.49,82.14,False,False,37.7,False,111.6511,107.0509,1.803,1.58,11.06,-7.41,-9.33,-6.56,0.84,1.68,999,106712758.28,117.5769,-8.12,126.8366,-14.83,-13.1,34.0,False,NOT_COMPRESSED|BELOW_SMA50|NOT_NEAR_UNBROKEN_PIVOT|WEAK_RS,753
TRN,2026-10-01,25.8,43.29,TIGHTENING,NO_EDGE,NONE,25.4,65.48,33.73,65.48,False,False,79.76,False,28.94,25.48,0.843,3.17,15.04,-7.86,-23.8,-13.43,1.62,3.0,999,19919461.87,28.94,-10.85,38.31,-32.65,-26.57,10.0,False,NOT_COMPRESSED|BELOW_SMA50|NOT_NEAR_UNBROKEN_PIVOT|WEAK_RS,753
NAT,2026-10-01,8.17,43.27,TIGHTENING,NO_EDGE,NONE,34.13,54.37,75.79,47.22,False,False,45.24,False,8.33,7.36,1.281,3.86,19.46,20.02,40.02,18.73,2.63,2.75,148,38222397.75,8.33,-1.92,6.9326,17.85,43.21,97.0,False,NOT_COMPRESSED|RECENT_SURGE|EXTENDED_60D_RUN|EXTENDED_FROM_SMA50|DETACHED_FROM_PRIOR_STRUCTURE,753
NXST,2026-10-01,158.61,43.27,TIGHTENING,NO_EDGE,NONE,72.62,54.37,51.59,48.81,True,False,57.94,False,171.53,155.13,1.541,3.74,16.27,-10.49,-9.09,-10.89,1.07,3.7,400,65438995.61,182.69,-13.18,208.1271,-23.79,-14.38,31.0,False,NOT_COMPRESSED|BELOW_SMA50|NOT_NEAR_UNBROKEN_PIVOT|WEAK_RS,753
DOX,2026-10-01,58.36,43.25,TIGHTENING,NO_EDGE,NONE,40.87,43.25,66.27,67.06,False,False,44.05,False,60.7835,56.0408,2.903,2.61,13.22,-5.63,14.81,-0.08,4.41,4.41,999,56174100.1,63.7538,-8.46,66.6521,-12.44,11.06,86.0,False,NOT_COMPRESSED|NOT_NEAR_UNBROKEN_PIVOT,753
AMRZ,2026-10-01,37.25,43.25,TIGHTENING,NO_EDGE,NONE,28.57,46.83,78.57,59.92,False,False,46.43,False,40.05,36.87,0.936,3.04,20.3,-13.31,-24.49,-15.17,3.78,7.26,289,171549323.43,44.11,-15.55,59.3954,-37.28,-33.22,5.0,False,NOT_COMPRESSED|BELOW_SMA50|NOT_NEAR_UNBROKEN_PIVOT|WEAK_RS,322
IX,2026-10-01,37.36,43.21,TIGHTENING,NO_EDGE,NONE,43.65,51.98,44.84,55.95,False,False,68.65,False,40.33,37.7,0.921,2.11,12.04,-6.46,-5.08,-5.46,2.96,3.97,99,12962808.45,41.28,-9.5,42.39,-11.87,-7.19,51.0,False,NOT_COMPRESSED|BELOW_SMA50|NOT_NEAR_UNBROKEN_PIVOT|WEAK_RS,753
ATEN,2026-10-01,27.6,43.21,TIGHTENING,NO_EDGE,NONE,56.35,69.84,53.57,26.98,False,False,45.24,False,27.63,24.68,0.939,3.83,12.86,11.47,-25.42,1.65,3.45,9.44,390,30186295.21,27.63,-0.11,38.4057,-28.14,-26.63,10.0,False,NOT_COMPRESSED|WEAK_RS,753
SLDE,2026-10-01,23.63,43.17,TIGHTENING,NO_EDGE,NONE,57.14,18.65,60.71,77.38,False,False,52.78,False,25.996,22.31,2.112,3.48,19.02,-2.27,15.81,3.8,1.48,1.91,999,37154171.14,26.75,-11.66,23.75,-0.51,8.73,84.0,False,NOT_COMPRESSED|NOT_NEAR_UNBROKEN_PIVOT,324
KKR,2026-10-01,91.24,43.17,TIGHTENING,NO_EDGE,NONE,13.89,32.14,72.62,80.16,False,False,73.81,False,102.23,91.18,1.871,3.44,23.78,-14.27,-2.02,-11.75,2.11,2.89,999,397359904.66,110.89,-17.72,116.57,-21.73,-5.42,56.0,False,NOT_COMPRESSED|BELOW_SMA50|NOT_NEAR_UNBROKEN_PIVOT|WEAK_RS,753
WPC,2026-10-01,63.83,43.17,TIGHTENING,RANGE_EXIT_CONFIRMED,DOWN_EXPANSION_CONFIRMED,3.57,59.52,86.51,78.17,False,False,34.52,False,66.2719,64.4189,2.941,1.7,10.18,-8.24,-8.16,-7.9,0.88,1.96,999,111374928.73,70.1157,-8.96,76.1082,-16.13,-12.03,38.0,False,NOT_COMPRESSED|ALREADY_EXPANDING|BELOW_SMA50|NOT_NEAR_UNBROKEN_PIVOT|WEAK_RS,753
MC,2026-10-01,56.95,43.15,TIGHTENING,NO_EDGE,NONE,10.32,48.41,87.7,77.38,False,False,39.68,False,61.1,56.43,1.284,3.73,25.94,-15.65,-10.95,-12.25,2.34,2.84,475,52731027.54,70.195,-18.87,71.9413,-20.84,-18.94,21.0,False,NOT_COMPRESSED|BELOW_SMA50|NOT_NEAR_UNBROKEN_PIVOT|WEAK_RS,753
ADM,2026-10-01,79.52,43.13,TIGHTENING,NO_EDGE,NONE,21.83,38.1,69.05,85.32,True,False,88.49,False,88.27,78.52,1.014,2.78,13.39,-6.86,-0.33,-2.8,2.0,2.48,676,306627820.76,88.75,-10.4,87.9021,-9.54,1.38,73.0,False,NOT_COMPRESSED|NOT_NEAR_UNBROKEN_PIVOT,753
NWS,2026-10-01,31.45,43.12,TIGHTENING,NO_EDGE,NONE,48.41,42.86,61.9,71.43,False,False,36.9,False,33.6,31.14,1.211,2.46,11.85,-8.33,4.8,-4.35,1.5,4.77,999,39694727.99,34.8252,-9.69,35.6527,-11.79,1.72,74.0,False,NOT_COMPRESSED|BELOW_SMA50|NOT_NEAR_UNBROKEN_PIVOT,753
LH,2026-10-01,304.6,43.1,TIGHTENING,NO_EDGE,NONE,73.81,44.84,62.3,61.51,True,False,43.25,False,326.79,303.13,0.99,2.38,10.71,-8.16,9.91,-4.41,5.46,5.46,999,260773150.24,335.87,-9.31,341.0687,-10.69,3.53,77.0,False,NOT_COMPRESSED|BELOW_SMA50|NOT_NEAR_UNBROKEN_PIVOT,753
NI,2026-10-01,39.5,43.1,TIGHTENING,NO_EDGE,NONE,15.48,18.25,87.7,87.7,False,False,63.1,False,41.05,38.87,1.931,1.73,9.52,-4.01,-15.12,-5.49,0.81,3.53,999,230325638.16,42.18,-6.35,48.8824,-19.19,-19.68,19.0,False,NOT_COMPRESSED|BELOW_SMA50|NOT_NEAR_UNBROKEN_PIVOT|WEAK_RS,753
PLMR,2026-10-01,125.93,43.06,TIGHTENING,NO_EDGE,NONE,12.7,28.17,74.21,86.11,False,False,73.41,False,142.57,119.56,1.277,3.19,18.27,-4.69,-12.56,-4.67,2.07,2.51,729,31177821.26,142.57,-11.67,147.1078,-14.4,-12.57,36.0,False,NOT_COMPRESSED|BELOW_SMA50|NOT_NEAR_UNBROKEN_PIVOT|WEAK_RS,753
AYI,2026-10-01,299.28,43.06,TIGHTENING,NO_EDGE,NONE,57.54,72.22,59.13,15.48,False,False,45.63,False,319.64,295.76,1.934,3.47,14.97,-9.47,-9.19,-9.51,6.05,6.05,68,113709619.13,337.98,-11.45,378.4274,-20.91,-19.43,20.0,False,NOT_COMPRESSED|BELOW_SMA50|NOT_NEAR_UNBROKEN_PIVOT|WEAK_RS,753
DLB,2026-10-01,59.06,43.04,TIGHTENING,NO_EDGE,NONE,69.05,58.33,78.97,59.13,True,True,32.14,False,59.97,56.39,1.264,2.78,15.76,-4.42,19.09,-1.3,1.36,9.21,999,57552676.23,65.7,-10.11,66.62,-11.35,13.3,88.0,False,NOT_COMPRESSED|NOT_NEAR_UNBROKEN_PIVOT,753
VSXY,2026-10-01,88.51,43.02,TIGHTENING,NO_EDGE,NONE,76.19,10.71,67.46,71.03,False,True,56.35,False,91.974,74.34,0.701,4.42,22.88,4.36,15.58,3.9,9.37,9.37,84,166228808.75,91.974,-3.77,102.46,-13.62,12.55,88.0,False,NOT_COMPRESSED,753
HIW,2026-10-01,29.09,43.0,TIGHTENING,NO_EDGE,NONE,45.63,53.97,32.14,61.11,False,False,76.59,False,31.33,28.52,0.936,2.47,10.83,-5.74,-5.41,-6.48,1.07,4.01,999,36932649.16,31.53,-7.74,34.8776,-16.59,-10.06,43.0,False,NOT_COMPRESSED|BELOW_SMA50|NOT_NEAR_UNBROKEN_PIVOT|WEAK_RS,753
ANRO,2026-10-01,25.31,42.98,TIGHTENING,NO_EDGE,NONE,9.52,34.52,79.76,88.89,False,False,59.52,False,31.65,25.53,0.818,7.32,48.36,-30.92,-2.99,-18.19,2.42,3.58,125,18299853.97,37.39,-32.31,37.48,-32.47,-0.7,69.0,False,NOT_COMPRESSED|BELOW_SMA50|NOT_NEAR_UNBROKEN_PIVOT|WEAK_RS,668
KARO,2026-10-01,60.76,42.96,TIGHTENING,NO_EDGE,NONE,17.46,27.38,71.03,83.33,False,False,75.79,False,68.76,59.21,0.813,3.72,15.72,-6.0,7.73,-5.2,1.62,4.34,241,4721590.63,68.76,-11.63,68.8,-11.69,12.61,88.0,False,NOT_COMPRESSED|BELOW_SMA50|NOT_NEAR_UNBROKEN_PIVOT|LOW_LIQUIDITY,753
AGNCM,2026-10-01,24.71,42.92,TIGHTENING,NO_EDGE,NONE,31.35,63.1,47.22,55.56,False,False,69.44,False,24.9676,24.4685,1.606,0.59,2.14,0.03,1.72,0.17,0.52,0.64,999,430625.22,24.997,-1.15,24.7523,-0.17,-0.83,69.0,False,NOT_COMPRESSED|LOW_LIQUIDITY|WEAK_RS,753
RGEN,2026-10-01,177.23,42.9,TIGHTENING,NO_EDGE,NONE,46.83,38.89,68.25,72.22,False,False,36.51,False,198.87,173.24,2.977,4.22,21.29,2.48,28.98,5.0,1.5,9.31,545,197404721.96,198.87,-10.88,188.73,-6.09,21.63,92.0,False,NOT_COMPRESSED|NOT_NEAR_UNBROKEN_PIVOT,753
UFPI,2026-10-01,77.08,42.9,TIGHTENING,NO_EDGE,NONE,50.0,53.57,37.3,54.37,False,False,71.83,False,83.93,77.19,1.132,3.0,13.1,-7.03,-5.96,-9.63,2.34,5.91,999,37097670.45,85.3,-9.64,97.5355,-20.97,-16.04,27.0,False,NOT_COMPRESSED|BELOW_SMA50|NOT_NEAR_UNBROKEN_PIVOT|WEAK_RS,753
SHOP,2026-10-01,149.09,42.84,TIGHTENING,NO_EDGE,NONE,67.46,26.98,64.68,63.49,False,True,58.73,False,151.725,126.39,0.818,4.45,19.19,5.09,25.05,6.53,4.81,21.65,40,1448581098.53,151.725,-1.74,158.87,-6.16,21.97,92.0,False,NOT_COMPRESSED|POST_GAP_COIL,753
WLK,2026-10-01,62.47,42.84,TIGHTENING,NO_EDGE,NONE,21.03,35.32,60.71,76.59,False,False,81.75,False,71.62,62.3,1.957,3.76,29.61,-18.09,-17.01,-14.54,2.74,4.25,103,54286113.07,77.45,-19.34,122.6278,-49.06,-18.7,21.0,False,NOT_COMPRESSED|BELOW_SMA50|NOT_NEAR_UNBROKEN_PIVOT|WEAK_RS,753
LRCX,2026-10-01,340.1,42.74,TIGHTENING,RANGE_EXIT_CONFIRMED,UP_EXPANSION_CONFIRMED,50.79,22.62,64.68,59.52,False,False,71.43,False,330.5,266.6168,1.317,4.09,22.51,18.08,2.19,11.43,7.79,26.13,44,2867072766.79,330.5,2.9,438.0347,-22.36,-5.95,55.0,False,NOT_COMPRESSED|ALREADY_EXPANDING|POST_GAP_COIL|RECENT_SURGE|NOT_NEAR_UNBROKEN_PIVOT|WEAK_RS,753
MCO,2026-10-01,447.36,42.68,TIGHTENING,RANGE_EXIT_CONFIRMED,DOWN_EXPANSION_CONFIRMED,23.02,46.43,63.89,68.65,False,False,69.05,False,479.09,450.53,1.928,2.46,14.77,-8.7,-7.58,-7.05,2.44,2.71,999,359371427.63,507.65,-11.88,522.2064,-14.33,-11.44,39.0,False,NOT_COMPRESSED|ALREADY_EXPANDING|BELOW_SMA50|NOT_NEAR_UNBROKEN_PIVOT|WEAK_RS,753
IMVT,2026-10-01,33.65,42.64,TIGHTENING,NO_EDGE,NONE,20.63,24.21,66.67,86.51,False,False,80.56,False,38.35,32.45,1.209,4.22,24.1,-14.79,-16.52,-14.34,2.52,3.31,92,56280020.58,40.955,-17.84,45.42,-25.91,-16.08,27.0,False,NOT_COMPRESSED|BELOW_SMA50|NOT_NEAR_UNBROKEN_PIVOT|WEAK_RS,753
SMFG,2026-10-01,25.28,42.62,TIGHTENING,RANGE_EXIT_CONFIRMED,DOWN_EXPANSION_CONFIRMED,64.68,84.13,25.0,26.59,False,False,57.54,False,26.82,25.29,1.662,2.48,11.23,-5.39,-0.16,-2.62,3.76,4.1,541,39193077.03,27.62,-8.47,26.67,-5.21,0.22,72.0,False,NOT_COMPRESSED|ALREADY_EXPANDING|NOT_NEAR_UNBROKEN_PIVOT,753
GNRC,2026-10-01,207.91,42.62,TIGHTENING,NO_EDGE,NONE,91.27,51.19,61.51,55.56,False,True,8.33,False,231.89,193.96,0.948,4.75,28.2,15.02,-12.13,3.6,31.06,31.06,10,290176167.04,231.89,-10.34,296.44,-29.86,-20.55,18.0,False,NOT_COMPRESSED|POST_GAP_COIL|RECENT_SURGE|NOT_NEAR_UNBROKEN_PIVOT|WEAK_RS,753
MLTX,2026-10-01,11.47,42.62,TIGHTENING,NO_EDGE,NONE,32.54,46.43,74.6,79.76,True,False,64.68,False,13.69,11.385,1.078,5.9,36.27,-23.84,-39.85,-25.06,1.63,5.61,183,22829425.03,15.47,-25.86,23.29,-50.75,-42.31,2.0,False,NOT_COMPRESSED|BELOW_SMA50|NOT_NEAR_UNBROKEN_PIVOT|WEAK_RS,753
USFD,2026-10-01,93.93,42.6,TIGHTENING,NO_EDGE,NONE,41.27,67.06,64.68,44.05,False,False,41.27,False,96.98,91.57,1.728,2.8,17.84,-10.36,-5.96,-7.34,1.61,4.82,999,245012666.49,107.67,-12.76,111.42,-15.7,-12.77,35.0,False,NOT_COMPRESSED|BELOW_SMA50|NOT_NEAR_UNBROKEN_PIVOT|WEAK_RS,753
TENB,2026-10-01,36.11,42.58,TIGHTENING,NO_EDGE,NONE,91.67,71.43,46.43,15.08,False,True,41.67,False,37.94,32.49,0.716,5.96,24.7,5.46,-8.65,3.08,3.74,11.5,44,164120855.98,38.89,-7.15,43.67,-17.31,-9.28,45.0,False,NOT_COMPRESSED|POST_GAP_COIL|NOT_NEAR_UNBROKEN_PIVOT|WEAK_RS,753
EXE,2026-10-01,85.96,42.54,TIGHTENING,NO_EDGE,NONE,36.9,31.35,92.86,90.08,False,False,11.51,False,88.88,83.25,1.277,2.69,19.65,-13.45,-4.02,-7.55,1.58,3.89,999,310516220.44,100.14,-14.16,105.8599,-18.8,-7.51,51.0,False,NOT_COMPRESSED|BELOW_SMA50|NOT_NEAR_UNBROKEN_PIVOT|WEAK_RS,753
CIG,2026-10-01,2.1,42.52,TIGHTENING,NO_EDGE,NONE,80.56,56.75,31.35,52.38,False,False,39.29,False,2.19,2.02,1.5,2.82,11.9,-1.41,0.96,0.98,3.18,3.18,999,10914815.33,2.27,-7.49,2.6455,-20.62,-2.36,65.0,False,NOT_COMPRESSED|NOT_NEAR_UNBROKEN_PIVOT|LOW_LIQUIDITY|WEAK_RS,753
HUBS,2026-10-01,217.45,42.5,TIGHTENING,NO_EDGE,NONE,49.6,52.78,48.81,64.68,False,False,50.4,False,242.9,190.03,1.214,6.51,33.53,-11.43,9.92,-5.54,6.43,22.79,39,400649236.9,262.95,-17.3,265.0,-17.94,10.35,85.0,False,NOT_COMPRESSED|POST_GAP_COIL|BELOW_SMA50|NOT_NEAR_UNBROKEN_PIVOT,753
ALLY,2026-10-01,37.65,42.5,TIGHTENING,NO_EDGE,NONE,7.94,19.05,90.87,94.05,False,False,65.48,False,40.97,37.055,1.325,2.47,19.32,-11.74,-14.77,-10.65,1.46,1.74,516,149391348.32,43.925,-14.29,46.9637,-19.83,-19.18,20.0,False,NOT_COMPRESSED|BELOW_SMA50|NOT_NEAR_UNBROKEN_PIVOT|WEAK_RS,753
ADMA,2026-10-01,9.93,42.48,TIGHTENING,NO_EDGE,NONE,59.52,25.0,63.49,57.14,False,False,62.3,False,10.185,8.81,0.896,3.75,17.31,4.42,8.41,5.89,1.57,4.75,101,29798433.39,10.185,-2.5,11.42,-13.05,8.12,83.0,False,NOT_COMPRESSED,753
BML-PH,2026-10-01,18.5074,42.46,TIGHTENING,NO_EDGE,NONE,81.35,81.75,26.98,14.68,False,False,48.81,False,18.65,18.25,0.844,1.16,2.16,-0.07,0.44,0.44,0.81,0.81,999,650964.31,18.65,-0.76,19.3222,-4.22,-2.4,64.0,False,NOT_COMPRESSED|LOW_LIQUIDITY|WEAK_RS,753
PRI,2026-10-01,274.72,42.46,TIGHTENING,NO_EDGE,NONE,22.62,9.13,83.33,86.11,False,False,77.38,False,294.81,272.21,1.524,1.95,11.15,-6.4,-7.97,-8.0,1.26,1.78,999,56740019.05,300.06,-8.44,325.9615,-15.72,-9.98,44.0,False,NOT_COMPRESSED|BELOW_SMA50|NOT_NEAR_UNBROKEN_PIVOT|WEAK_RS,753
BSTZ,2026-10-01,30.89,42.44,TIGHTENING,RANGE_EXIT_CONFIRMED,UP_EXPANSION_CONFIRMED,58.33,62.3,36.51,34.52,False,False,73.02,False,30.11,28.36,3.391,2.53,13.14,6.33,15.26,7.6,2.0,2.49,999,5863585.18,30.11,2.59,30.196,2.3,9.36,84.0,False,NOT_COMPRESSED|ALREADY_EXPANDING|NOT_NEAR_UNBROKEN_PIVOT,753
LNC,2026-10-01,39.73,42.42,TIGHTENING,RANGE_EXIT_CONFIRMED,DOWN_EXPANSION_CONFIRMED,17.46,50.4,70.63,74.21,False,False,58.33,False,43.66,40.23,1.704,2.94,17.67,-9.95,3.79,-8.34,1.63,6.08,999,85189609.6,45.9,-13.44,47.67,-16.66,5.78,80.0,False,NOT_COMPRESSED|ALREADY_EXPANDING|BELOW_SMA50|NOT_NEAR_UNBROKEN_PIVOT,753
MWA,2026-10-01,21.5,42.32,TIGHTENING,NO_EDGE,NONE,34.13,23.81,94.44,83.73,False,False,30.95,False,22.45,21.21,1.615,2.28,15.44,-9.74,-12.9,-11.1,1.54,3.14,602,33535876.28,24.22,-11.23,30.5878,-29.71,-16.5,26.0,False,NOT_COMPRESSED|BELOW_SMA50|NOT_NEAR_UNBROKEN_PIVOT|WEAK_RS,753
DXC,2026-10-01,11.64,42.3,TIGHTENING,NO_EDGE,NONE,52.38,44.05,58.73,51.59,False,False,59.52,False,11.68,10.13,2.897,4.42,18.04,0.09,21.5,6.01,4.52,5.56,100,29790972.54,12.23,-4.82,13.54,-14.03,14.62,89.0,False,NOT_COMPRESSED,753
AEE,2026-10-01,99.64,42.28,TIGHTENING,NO_EDGE,NONE,14.68,33.73,89.29,88.49,False,False,46.03,False,104.23,98.25,1.195,1.57,9.25,-5.23,-11.35,-5.85,1.32,1.32,999,192809093.94,107.4,-7.23,117.4865,-15.19,-15.59,28.0,False,NOT_COMPRESSED|BELOW_SMA50|NOT_NEAR_UNBROKEN_PIVOT|WEAK_RS,753
ACLS,2026-10-01,136.71,42.22,TIGHTENING,NO_EDGE,NONE,32.14,12.7,75.0,80.56,False,False,78.17,False,132.69,103.94,1.188,4.28,25.22,23.42,0.95,10.38,5.44,6.11,102,41410899.46,132.69,3.03,193.78,-29.45,-8.23,49.0,False,NOT_COMPRESSED|RECENT_SURGE|NOT_NEAR_UNBROKEN_PIVOT|WEAK_RS,753
AVA,2026-10-01,35.07,42.2,TIGHTENING,NO_EDGE,NONE,2.38,38.49,82.94,90.87,False,False,62.7,False,37.05,34.5,1.05,1.73,9.84,-5.85,-13.09,-7.06,0.92,1.85,999,25556969.73,37.91,-7.49,42.5556,-17.59,-17.04,24.0,False,NOT_COMPRESSED|BELOW_SMA50|NOT_NEAR_UNBROKEN_PIVOT|WEAK_RS,753
HOG,2026-10-01,24.83,42.18,TIGHTENING,NO_EDGE,NONE,14.68,48.02,67.46,84.52,False,False,60.71,False,27.21,24.18,1.099,3.65,18.78,-10.1,-1.42,-5.97,2.04,3.42,295,47164962.09,28.6633,-13.37,28.574,-13.1,-2.67,64.0,False,NOT_COMPRESSED|BELOW_SMA50|NOT_NEAR_UNBROKEN_PIVOT|WEAK_RS,753
ADI,2026-10-01,404.6,42.16,TIGHTENING,NO_EDGE,NONE,36.51,27.38,69.05,78.57,False,False,63.1,False,405.38,360.58,1.545,2.68,14.38,13.74,5.3,8.15,3.91,4.15,999,1235736325.87,405.38,-0.19,444.5555,-8.99,4.77,78.0,False,NOT_COMPRESSED,753
BGC,2026-10-01,11.62,42.12,TIGHTENING,NO_EDGE,NONE,28.17,70.24,38.89,65.48,False,False,70.63,False,12.51,11.26,0.789,3.25,10.76,-1.94,9.61,-0.09,1.88,2.55,999,48732733.86,12.51,-7.11,12.8667,-9.69,2.8,75.0,False,NOT_COMPRESSED|NOT_NEAR_UNBROKEN_PIVOT,753
MLM,2026-10-01,479.17,42.02,TIGHTENING,NO_EDGE,NONE,25.79,64.68,46.43,71.03,False,False,66.27,False,510.81,471.88,0.982,2.86,11.43,-7.33,-15.8,-8.3,1.74,2.06,999,440756946.6,524.98,-8.73,641.14,-25.26,-22.77,15.0,False,NOT_COMPRESSED|BELOW_SMA50|NOT_NEAR_UNBROKEN_PIVOT|WEAK_RS,753
CWEN,2026-10-01,29.14,41.96,TIGHTENING,NO_EDGE,NONE,51.59,40.87,61.11,69.05,False,False,46.43,False,31.23,28.83,1.243,2.73,16.51,-7.26,-11.22,-7.4,1.84,4.27,999,37440469.06,33.38,-12.7,41.1155,-29.13,-12.53,36.0,False,NOT_COMPRESSED|BELOW_SMA50|NOT_NEAR_UNBROKEN_PIVOT|WEAK_RS,753
CAKE,2026-10-01,107.95,41.94,TIGHTENING,NO_EDGE,NONE,82.54,41.27,45.63,28.97,False,False,65.48,False,107.61,94.54,1.113,3.34,14.21,-0.57,41.25,3.03,1.56,4.42,999,141607888.18,109.95,-1.82,118.46,-8.87,33.87,95.0,False,NOT_COMPRESSED|EXTENDED_60D_RUN,753
PBT,2026-10-01,31.31,41.94,TIGHTENING,NO_EDGE,NONE,16.27,31.75,67.86,82.54,False,False,83.33,False,35.6778,31.44,1.141,3.7,19.98,-8.63,15.8,-5.03,2.2,4.61,999,3349297.85,36.977,-15.33,35.458,-11.7,23.75,93.0,False,NOT_COMPRESSED|BELOW_SMA50|NOT_NEAR_UNBROKEN_PIVOT|LOW_LIQUIDITY,753
RELY,2026-10-01,21.48,41.93,TIGHTENING,NO_EDGE,NONE,68.65,73.41,72.22,46.83,True,True,41.27,False,22.925,19.525,0.681,4.6,37.03,-19.91,-7.01,-9.97,2.08,7.94,155,92780970.47,27.479,-21.83,27.15,-20.88,-12.39,37.0,False,NOT_COMPRESSED|BELOW_SMA50|NOT_NEAR_UNBROKEN_PIVOT|WEAK_RS,753
WEC,2026-10-01,101.73,41.9,TIGHTENING,NO_EDGE,NONE,46.43,43.65,76.59,68.65,False,False,29.76,False,104.76,100.14,1.301,1.66,7.6,-3.78,-11.72,-4.55,0.68,1.33,999,297219420.16,107.53,-5.39,118.8738,-14.42,-16.48,26.0,False,NOT_COMPRESSED|BELOW_SMA50|NOT_NEAR_UNBROKEN_PIVOT|WEAK_RS,753
CFFN,2026-10-01,8.47,41.75,TIGHTENING,NO_EDGE,NONE,16.27,55.56,50.4,75.0,False,False,83.73,False,8.97,8.22,1.5,2.17,9.45,-2.53,4.15,-2.79,1.57,6.15,999,9016331.55,8.97,-5.57,9.1724,-7.66,-1.64,67.0,False,NOT_COMPRESSED|NOT_NEAR_UNBROKEN_PIVOT|WEAK_RS,753
DAR,2026-10-01,61.64,41.73,TIGHTENING,NO_EDGE,NONE,23.02,72.22,53.57,67.86,False,False,55.56,False,67.08,59.36,0.974,3.74,15.07,-8.84,1.02,-2.89,2.31,4.09,999,141721867.79,68.65,-10.21,69.98,-11.92,6.21,81.0,False,NOT_COMPRESSED|NOT_NEAR_UNBROKEN_PIVOT,753
ITT,2026-10-01,202.13,41.71,TIGHTENING,NO_EDGE,NONE,53.57,66.27,43.65,31.35,False,False,72.62,False,216.95,195.07,1.065,3.06,12.04,0.75,9.27,-1.26,2.86,7.9,999,182446409.74,216.95,-6.83,229.8849,-12.07,5.58,80.0,False,NOT_COMPRESSED|NOT_NEAR_UNBROKEN_PIVOT,753
PRU,2026-10-01,113.13,41.71,TIGHTENING,NO_EDGE,NONE,44.84,62.3,42.06,57.94,False,False,65.08,False,119.77,113.49,1.049,2.12,10.64,-5.6,1.57,-5.38,1.28,1.69,999,181852182.97,123.57,-8.45,126.2624,-10.4,-1.52,67.0,False,NOT_COMPRESSED|BELOW_SMA50|NOT_NEAR_UNBROKEN_PIVOT|WEAK_RS,753
KNSL,2026-10-01,334.53,41.71,TIGHTENING,NO_EDGE,NONE,18.65,19.44,78.97,90.08,False,False,75.79,False,364.43,319.0,1.876,2.97,20.49,-11.21,-3.24,-8.07,2.3,2.57,158,74158147.74,387.54,-13.68,398.319,-16.01,-8.5,48.0,False,NOT_COMPRESSED|BELOW_SMA50|NOT_NEAR_UNBROKEN_PIVOT|WEAK_RS,753
CM,2026-10-01,109.95,41.69,TIGHTENING,NO_EDGE,NONE,32.14,71.03,44.05,47.22,False,False,78.57,False,115.7237,109.6842,1.527,1.96,9.23,-4.3,-2.88,-4.92,1.15,1.38,999,177017968.99,117.8097,-6.67,124.028,-11.35,-5.65,56.0,False,NOT_COMPRESSED|BELOW_SMA50|NOT_NEAR_UNBROKEN_PIVOT|WEAK_RS,753
SYF,2026-10-01,71.51,41.69,TIGHTENING,NO_EDGE,NONE,17.06,49.6,76.98,69.84,False,False,60.71,False,76.236,70.22,1.348,2.75,15.93,-8.78,5.21,-6.7,1.7,1.93,475,216116624.52,80.795,-11.49,81.92,-12.71,-8.74,47.0,False,NOT_COMPRESSED|BELOW_SMA50|NOT_NEAR_UNBROKEN_PIVOT|WEAK_RS,753
SBLK,2026-10-01,30.43,41.67,TIGHTENING,NO_EDGE,NONE,46.03,51.59,36.9,62.3,False,False,80.56,False,32.66,28.94,1.636,2.98,12.95,-4.37,18.55,3.14,3.3,5.51,999,61611394.45,32.88,-7.45,31.37,-3.0,21.89,92.0,False,NOT_COMPRESSED|NOT_NEAR_UNBROKEN_PIVOT,753
WLYB,2026-09-30,48.93,41.65,TIGHTENING,NO_EDGE,NONE,76.98,64.68,57.54,27.78,False,False,28.97,False,48.98,46.68,2.18,1.56,15.98,-7.57,-6.91,-3.94,2.47,3.93,392,203565.82,54.5,-10.22,55.51,-11.85,-5.16,57.0,False,NOT_COMPRESSED|BELOW_SMA50|NOT_NEAR_UNBROKEN_PIVOT|LOW_LIQUIDITY|WEAK_RS,752
LSCC,2026-10-01,128.86,41.65,TIGHTENING,NO_EDGE,NONE,45.63,17.86,76.19,82.14,False,False,53.97,False,128.36,108.18,0.913,4.16,20.45,13.15,-2.73,6.46,6.62,6.62,160,201799503.97,128.36,0.39,157.01,-17.93,-8.45,48.0,False,NOT_COMPRESSED|WEAK_RS,753
NJR,2026-10-01,51.15,41.63,TIGHTENING,NO_EDGE,NONE,4.37,65.48,55.95,81.35,False,False,73.41,False,53.7999,49.94,1.651,1.95,8.25,-3.72,-10.34,-5.33,1.53,2.21,999,39573475.07,53.9683,-5.22,60.2773,-15.14,-13.0,35.0,False,NOT_COMPRESSED|BELOW_SMA50|NOT_NEAR_UNBROKEN_PIVOT|WEAK_RS,753
G,2026-10-01,34.7,41.53,TIGHTENING,NO_EDGE,NONE,59.13,39.68,62.3,67.86,False,False,40.48,False,35.35,32.04,3.527,3.19,18.28,-6.94,18.91,-0.71,3.75,4.0,224,66615870.58,38.3819,-9.59,38.6405,-10.2,17.06,90.0,False,NOT_COMPRESSED|NOT_NEAR_UNBROKEN_PIVOT,753
STOK,2026-10-01,26.01,41.52,TIGHTENING,NO_EDGE,NONE,50.0,10.32,77.78,86.11,False,False,66.27,True,29.4,24.205,0.686,4.85,24.97,-14.72,-20.34,-13.26,2.28,4.04,181,25887264.5,32.12,-19.02,37.35,-30.36,-23.29,14.0,False,NOT_COMPRESSED|BELOW_SMA50|NOT_NEAR_UNBROKEN_PIVOT|WEAK_RS,753
SPGI,2026-10-01,388.16,41.49,TIGHTENING,RANGE_EXIT_CONFIRMED,DOWN_EXPANSION_CONFIRMED,36.9,40.08,78.97,78.97,False,False,36.51,False,410.99,388.57,2.031,2.54,16.69,-10.09,-9.69,-7.0,2.7,4.8,999,790176713.95,450.66,-13.87,460.985,-15.8,-14.4,31.0,False,NOT_COMPRESSED|ALREADY_EXPANDING|BELOW_SMA50|NOT_NEAR_UNBROKEN_PIVOT|WEAK_RS,753
DTM,2026-10-01,120.08,41.41,TIGHTENING,NO_EDGE,NONE,1.98,73.41,51.19,75.4,False,False,79.76,False,127.76,119.33,1.053,2.48,11.34,-6.18,-17.15,-7.58,1.35,1.99,999,111320603.98,131.6729,-8.8,150.9372,-20.44,-19.2,20.0,False,NOT_COMPRESSED|BELOW_SMA50|NOT_NEAR_UNBROKEN_PIVOT|WEAK_RS,753
EQT,2026-10-01,50.09,41.39,TIGHTENING,NO_EDGE,NONE,42.86,33.33,84.13,81.75,False,False,28.57,False,52.1,48.53,1.548,2.8,16.67,-10.15,-1.78,-5.23,1.41,2.61,999,400346100.21,56.52,-11.38,61.8015,-18.95,-7.33,51.0,False,NOT_COMPRESSED|BELOW_SMA50|NOT_NEAR_UNBROKEN_PIVOT|WEAK_RS,753
WDS,2026-10-01,21.8,41.37,TIGHTENING,NO_EDGE,NONE,41.27,57.14,53.97,65.87,False,False,55.16,False,23.66,21.55,1.757,2.41,12.66,-6.27,10.14,-3.9,2.94,4.62,999,14582580.68,24.28,-10.21,24.3114,-10.33,11.48,87.0,False,NOT_COMPRESSED|BELOW_SMA50|NOT_NEAR_UNBROKEN_PIVOT,753
VLO,2026-10-01,408.46,41.35,TIGHTENING,NO_EDGE,NONE,67.46,88.49,30.16,2.78,False,False,73.41,False,419.04,364.96,1.82,3.79,14.38,11.57,44.95,15.74,2.28,2.64,999,1549317161.4,419.04,-2.52,364.9,11.94,50.3,98.0,False,NOT_COMPRESSED|EXTENDED_60D_RUN|EXTENDED_FROM_SMA50,753
FISV,2026-10-01,45.38,41.31,TIGHTENING,NO_EDGE,NONE,38.1,33.73,81.75,78.57,False,False,41.27,False,50.01,44.82,1.088,3.49,19.44,-12.7,-10.32,-11.17,1.56,7.82,230,369764737.28,53.63,-15.38,65.29,-30.49,-16.12,27.0,False,NOT_COMPRESSED|BELOW_SMA50|NOT_NEAR_UNBROKEN_PIVOT|WEAK_RS,752
SLVM,2026-10-01,33.17,41.29,TIGHTENING,NO_EDGE,NONE,31.35,45.63,51.98,67.46,False,False,85.32,False,37.2,32.63,1.829,3.7,16.43,-7.37,-12.94,-9.76,3.18,4.63,288,12215381.44,37.2,-10.83,45.0536,-26.38,-15.77,28.0,False,NOT_COMPRESSED|BELOW_SMA50|NOT_NEAR_UNBROKEN_PIVOT|WEAK_RS,753
TBLA,2026-10-01,3.32,41.29,TIGHTENING,RANGE_EXIT_CONFIRMED,DOWN_EXPANSION_CONFIRMED,26.98,67.06,55.16,70.24,False,False,55.56,False,3.872,3.35,2.0,4.2,20.18,-13.09,-38.86,-16.59,1.61,29.49,40,6766996.41,3.94,-15.74,5.71,-41.86,-38.24,3.0,False,NOT_COMPRESSED|ALREADY_EXPANDING|POST_GAP_COIL|BELOW_SMA50|NOT_NEAR_UNBROKEN_PIVOT|LOW_LIQUIDITY|WEAK_RS,753
GD,2026-10-01,332.72,41.27,TIGHTENING,NO_EDGE,NONE,10.71,31.35,84.52,94.84,False,False,74.6,True,362.39,329.41,0.654,1.88,11.37,-8.61,-11.11,-10.21,1.17,1.43,999,452329411.32,370.37,-10.17,400.0,-16.82,-13.76,32.0,False,NOT_COMPRESSED|BELOW_SMA50|NOT_NEAR_UNBROKEN_PIVOT|WEAK_RS,753
LULU,2026-10-01,95.86,41.27,TIGHTENING,NO_EDGE,NONE,92.06,79.37,72.62,34.52,True,True,18.25,False,104.24,95.35,0.834,4.31,28.43,-20.16,-15.63,-14.61,19.4,19.4,18,811783486.32,122.6,-21.81,170.2,-43.68,-21.89,16.0,False,NOT_COMPRESSED|POST_GAP_COIL|BELOW_SMA50|NOT_NEAR_UNBROKEN_PIVOT|WEAK_RS,753
COMP,2026-10-01,9.12,41.27,TIGHTENING,NO_EDGE,NONE,18.25,57.14,57.54,75.79,False,False,71.83,False,10.72,8.87,1.474,5.57,29.0,-13.88,-19.43,-17.87,3.39,6.25,102,157936500.12,11.23,-18.79,13.6,-32.94,-30.57,7.0,False,NOT_COMPRESSED|BELOW_SMA50|NOT_NEAR_UNBROKEN_PIVOT|WEAK_RS,753
BMRN,2026-10-01,58.44,41.25,TIGHTENING,RANGE_EXIT_CONFIRMED,DOWN_EXPANSION_CONFIRMED,8.73,24.6,79.76,95.24,False,False,78.97,False,66.21,58.74,1.331,2.74,15.93,-12.74,-2.19,-8.71,1.94,5.48,999,125634815.05,67.7,-13.68,70.98,-17.67,-3.77,61.0,False,NOT_COMPRESSED|ALREADY_EXPANDING|BELOW_SMA50|NOT_NEAR_UNBROKEN_PIVOT|WEAK_RS,753
CNXN,2026-10-01,92.57,41.23,TIGHTENING,RANGE_EXIT_CONFIRMED,UP_EXPANSION_CONFIRMED,40.08,30.95,62.7,71.43,False,False,75.4,False,90.67,84.11,1.682,2.54,14.24,14.33,23.89,10.99,1.17,1.55,999,12683352.93,90.67,2.1,88.0957,5.08,25.28,93.0,False,NOT_COMPRESSED|ALREADY_EXPANDING|NOT_NEAR_UNBROKEN_PIVOT,753
IRT,2026-10-01,14.5,41.23,TIGHTENING,NO_EDGE,NONE,37.3,53.17,90.87,74.21,False,False,9.13,False,15.0353,14.2845,0.709,2.16,13.83,-10.06,-12.94,-8.43,1.82,1.82,999,62840033.17,16.2899,-10.99,17.4852,-17.07,-18.14,23.0,False,NOT_COMPRESSED|BELOW_SMA50|NOT_NEAR_UNBROKEN_PIVOT|WEAK_RS,753
FSCO,2026-10-01,5.12,41.21,TIGHTENING,NO_EDGE,NONE,69.84,43.25,47.22,35.71,False,False,75.79,False,5.461,5.02,1.306,2.13,8.61,-1.23,9.0,1.33,1.33,1.33,144,5013413.19,5.461,-6.24,5.1939,-1.42,4.18,77.0,False,NOT_COMPRESSED|NOT_NEAR_UNBROKEN_PIVOT,753
SRE,2026-10-01,78.05,41.19,TIGHTENING,NO_EDGE,NONE,18.65,33.33,86.11,88.49,False,False,52.78,False,81.8426,76.21,0.983,2.0,11.82,-6.07,-17.44,-6.76,0.83,5.14,402,283448206.52,85.4325,-8.64,99.4874,-21.55,-18.26,22.0,False,NOT_COMPRESSED|BELOW_SMA50|NOT_NEAR_UNBROKEN_PIVOT|WEAK_RS,753
PHIN,2026-10-01,60.03,41.19,TIGHTENING,NO_EDGE,NONE,43.65,59.13,86.51,60.32,False,False,12.7,False,62.69,58.79,1.159,3.25,18.62,-11.1,-21.61,-13.37,1.84,5.15,360,26936639.7,69.245,-13.31,86.5538,-30.64,-23.2,14.0,False,NOT_COMPRESSED|BELOW_SMA50|NOT_NEAR_UNBROKEN_PIVOT|WEAK_RS,753
WPM,2026-10-01,133.42,41.17,TIGHTENING,NO_EDGE,NONE,31.75,49.21,50.4,82.54,False,False,67.86,False,154.96,133.46,0.85,4.06,22.24,-11.59,24.16,-4.19,4.93,6.35,999,281216454.4,160.99,-17.13,163.9,-18.6,12.6,88.0,False,NOT_COMPRESSED|BELOW_SMA50|NOT_NEAR_UNBROKEN_PIVOT,753
ARLP,2026-10-01,24.34,41.15,TIGHTENING,NO_EDGE,NONE,5.16,20.24,84.92,91.67,False,False,86.9,False,26.31,24.29,0.83,2.04,12.04,-8.29,2.18,-4.98,2.7,2.76,999,6801784.16,26.94,-9.65,27.0759,-10.1,1.87,74.0,False,NOT_COMPRESSED|BELOW_SMA50|NOT_NEAR_UNBROKEN_PIVOT,753
LU,2026-10-01,1.19,41.13,TIGHTENING,NO_EDGE,NONE,82.14,76.59,28.17,3.57,False,False,73.02,False,1.4,1.14,0.5,5.87,21.85,-1.65,-14.39,-11.96,9.43,9.43,157,1808942.75,1.4,-15.0,2.13,-44.13,-17.83,23.0,False,NOT_COMPRESSED|BELOW_SMA50|NOT_NEAR_UNBROKEN_PIVOT|LOW_LIQUIDITY|WEAK_RS,753
KMX,2026-10-01,55.89,41.09,TIGHTENING,NO_EDGE,NONE,48.81,71.43,44.44,47.62,False,False,72.22,True,63.67,54.9,0.558,4.69,16.6,-9.02,11.11,-5.85,6.83,6.83,118,190391916.89,63.67,-12.22,65.28,-14.38,6.8,81.0,False,NOT_COMPRESSED|BELOW_SMA50|NOT_NEAR_UNBROKEN_PIVOT,753
PCG-PB,2026-10-01,18.2,41.08,TIGHTENING,NO_EDGE,NONE,52.78,27.38,77.38,94.44,True,True,75.0,False,19.125,18.13,0.35,1.46,8.08,-7.8,-7.68,-6.84,2.74,12.4,38,52928.32,19.9,-8.54,23.68,-23.14,-11.79,38.0,False,NOT_COMPRESSED|POST_GAP_COIL|BELOW_SMA50|NOT_NEAR_UNBROKEN_PIVOT|LOW_LIQUIDITY|WEAK_RS,620
IT,2026-10-01,192.8,41.07,TIGHTENING,NO_EDGE,NONE,76.59,44.05,59.13,20.24,False,False,66.27,False,193.01,176.04,2.835,4.53,19.85,3.24,43.15,6.39,5.17,5.17,166,201495673.87,202.98,-5.02,203.03,-5.04,38.6,96.0,False,NOT_COMPRESSED|EXTENDED_60D_RUN|NOT_NEAR_UNBROKEN_PIVOT,753
DNTH,2026-10-01,88.32,41.05,TIGHTENING,NO_EDGE,NONE,11.11,46.03,83.73,92.86,True,False,78.97,False,105.85,84.72,1.076,5.41,29.88,-16.87,-9.94,-15.91,3.39,3.39,78,88275235.75,111.11,-20.51,117.88,-25.08,-9.22,45.0,False,NOT_COMPRESSED|BELOW_SMA50|NOT_NEAR_UNBROKEN_PIVOT|WEAK_RS,753
PCAR,2026-10-01,109.94,41.05,TIGHTENING,NO_EDGE,NONE,7.54,35.32,94.44,92.06,False,False,51.19,False,119.76,109.5,1.171,2.43,15.66,-9.98,-10.02,-12.05,1.53,1.83,999,414139181.59,126.49,-13.08,138.8723,-20.83,-10.59,42.0,False,NOT_COMPRESSED|BELOW_SMA50|NOT_NEAR_UNBROKEN_PIVOT|WEAK_RS,753
CRF,2026-10-01,6.06,41.05,TIGHTENING,NO_EDGE,NONE,61.9,74.21,64.29,32.94,False,False,26.19,False,6.22,6.06,1.444,1.53,5.75,-3.52,-10.86,-6.16,0.99,6.11,373,9171602.28,6.3986,-5.29,7.0269,-13.76,-13.45,33.0,False,NOT_COMPRESSED|BELOW_SMA50|NOT_NEAR_UNBROKEN_PIVOT|WEAK_RS,753
MAAS,2026-10-01,15.81,41.04,TIGHTENING,NO_EDGE,NONE,67.86,73.81,40.48,26.98,False,True,76.59,False,18.78,12.02,0.601,11.58,42.76,-9.14,12.69,-5.32,1.46,7.78,201,7802724.33,18.78,-15.81,24.9,-36.51,2.36,75.0,False,NOT_COMPRESSED|BELOW_SMA50|NOT_NEAR_UNBROKEN_PIVOT,753
EQIX,2026-10-01,1012.33,40.99,TIGHTENING,NO_EDGE,NONE,71.03,74.21,30.16,41.67,False,False,51.19,False,1066.51,1000.04,0.967,2.61,7.78,-0.68,0.12,-2.85,1.75,5.32,159,524888883.15,1066.51,-5.08,1118.655,-9.5,-1.32,68.0,False,NOT_COMPRESSED|NOT_NEAR_UNBROKEN_PIVOT|WEAK_RS,753
ENIC,2026-10-01,4.13,40.96,TIGHTENING,RANGE_EXIT_CONFIRMED,DOWN_EXPANSION_CONFIRMED,63.49,37.7,71.83,76.98,True,True,72.62,False,4.455,4.14,2.0,2.63,12.59,-5.71,-6.14,-6.19,3.82,3.82,999,2962289.2,4.61,-10.41,4.715,-12.41,-9.18,46.0,False,NOT_COMPRESSED|ALREADY_EXPANDING|BELOW_SMA50|NOT_NEAR_UNBROKEN_PIVOT|LOW_LIQUIDITY|WEAK_RS,753
MICC,2026-10-01,17.18,40.94,TIGHTENING,RANGE_EXIT_CONFIRMED,DOWN_EXPANSION_CONFIRMED,39.46,41.67,48.39,67.66,False,False,86.73,False,19.585,17.76,1.596,2.69,17.29,-13.45,-6.83,-10.35,3.71,4.26,95,15297737.96,20.04,-14.27,20.685,-16.94,-11.06,40.0,False,NOT_COMPRESSED|ALREADY_EXPANDING|BELOW_SMA50|NOT_NEAR_UNBROKEN_PIVOT|WEAK_RS,205
STT,2026-10-01,174.62,40.87,TIGHTENING,NO_EDGE,NONE,9.92,44.44,82.94,84.92,False,False,59.52,False,184.4927,173.5805,1.345,2.31,13.93,-7.63,-1.06,-5.81,1.44,2.29,999,391665676.01,194.3703,-10.16,194.8976,-10.4,0.01,71.0,False,NOT_COMPRESSED|BELOW_SMA50|NOT_NEAR_UNBROKEN_PIVOT,753
PNR,2026-10-01,52.88,40.87,TIGHTENING,NO_EDGE,NONE,21.43,47.62,67.06,75.79,False,False,70.24,False,57.46,52.64,1.579,2.83,17.3,-11.63,-27.5,-13.58,1.77,23.37,55,144331524.31,61.35,-13.81,93.7604,-43.6,-33.61,5.0,False,NOT_COMPRESSED|POST_GAP_COIL|BELOW_SMA50|NOT_NEAR_UNBROKEN_PIVOT|WEAK_RS,753
IQ,2026-10-01,0.983,40.74,TIGHTENING,NO_EDGE,NONE,93.25,76.98,59.52,9.92,True,True,65.48,False,1.17,0.98,0.978,5.88,30.52,14.3,-6.38,-10.95,1.94,4.84,282,9264952.46,1.17,-15.98,1.47,-33.13,-5.51,56.0,False,NOT_COMPRESSED|BELOW_SMA50|NOT_NEAR_UNBROKEN_PIVOT|LOW_LIQUIDITY|WEAK_RS,753
BEPC,2026-10-01,28.49,40.73,TIGHTENING,NO_EDGE,NONE,35.71,20.24,85.32,86.9,False,False,53.17,False,30.42,27.57,1.09,2.85,19.34,-9.21,-19.71,-10.25,1.64,1.69,999,54772294.74,33.08,-13.88,43.1949,-34.04,-23.8,13.0,False,NOT_COMPRESSED|BELOW_SMA50|NOT_NEAR_UNBROKEN_PIVOT|WEAK_RS,753
PATK,2026-10-01,66.56,40.73,TIGHTENING,NO_EDGE,NONE,28.57,53.17,89.29,76.59,False,False,23.81,False,72.52,67.0,0.781,3.75,26.73,-19.56,-19.43,-16.44,3.0,3.5,999,43553497.33,84.03,-20.79,120.0817,-44.57,-24.11,13.0,False,NOT_COMPRESSED|BELOW_SMA50|NOT_NEAR_UNBROKEN_PIVOT|WEAK_RS,753
OWL,2026-10-01,8.95,40.69,TIGHTENING,RANGE_EXIT_CONFIRMED,DOWN_EXPANSION_CONFIRMED,1.19,48.41,84.13,86.11,False,False,64.29,False,10.4,9.015,1.672,4.34,36.42,-22.84,-1.28,-16.9,2.71,2.94,999,188480318.31,12.03,-25.6,12.77,-29.91,-1.93,66.0,False,NOT_COMPRESSED|ALREADY_EXPANDING|BELOW_SMA50|NOT_NEAR_UNBROKEN_PIVOT|WEAK_RS,753
TGLS,2026-10-01,35.05,40.69,TIGHTENING,NO_EDGE,NONE,43.25,47.22,80.16,70.24,False,False,30.95,False,37.7364,33.903,1.12,4.06,20.37,-8.61,-19.89,-12.52,2.74,2.74,568,11519411.34,41.0421,-14.6,48.5694,-27.84,-25.67,11.0,False,NOT_COMPRESSED|BELOW_SMA50|NOT_NEAR_UNBROKEN_PIVOT|WEAK_RS,753
PB,2026-10-01,66.8,40.67,TIGHTENING,NO_EDGE,NONE,6.35,26.19,83.73,92.86,False,False,80.95,False,71.26,65.88,1.796,1.92,11.9,-6.55,-4.35,-6.56,1.78,2.08,999,81105557.3,73.0915,-8.61,75.2333,-11.21,-7.82,50.0,False,NOT_COMPRESSED|BELOW_SMA50|NOT_NEAR_UNBROKEN_PIVOT|WEAK_RS,753
IMOS,2026-10-01,72.68,40.65,TIGHTENING,NO_EDGE,NONE,38.89,30.56,80.56,81.35,False,False,47.62,False,72.9,54.95,0.59,4.15,28.62,29.44,6.77,26.83,7.12,9.69,221,5365945.14,72.9,-0.3,78.35,-7.24,10.85,86.0,False,NOT_COMPRESSED|RECENT_SURGE|EXTENDED_FROM_SMA50,753
BRO,2026-10-01,61.77,40.65,TIGHTENING,NO_EDGE,NONE,33.33,40.48,84.52,83.73,True,False,67.46,False,67.16,59.01,0.848,2.77,24.27,-14.26,-9.5,-10.1,1.95,1.95,999,148030105.0,74.0,-16.53,75.4553,-18.14,-14.39,31.0,False,NOT_COMPRESSED|BELOW_SMA50|NOT_NEAR_UNBROKEN_PIVOT|WEAK_RS,753
CAI,2026-10-01,28.35,40.64,TIGHTENING,RANGE_EXIT_CONFIRMED,DOWN_EXPANSION_CONFIRMED,62.3,31.35,86.9,72.62,False,True,35.71,False,32.89,28.53,1.854,5.43,34.18,14.31,63.68,17.15,3.45,15.5,39,149066137.99,32.89,-13.8,28.32,0.11,52.08,98.0,False,NOT_COMPRESSED|ALREADY_EXPANDING|POST_GAP_COIL|EXTENDED_60D_RUN|EXTENDED_FROM_SMA50|NOT_NEAR_UNBROKEN_PIVOT,324
CUBE,2026-10-01,37.53,40.63,TIGHTENING,NO_EDGE,NONE,35.71,26.19,67.06,75.4,False,False,81.75,False,39.7711,36.5768,1.285,1.98,8.59,-3.53,-4.69,-5.46,0.91,2.31,999,108837812.16,39.8007,-5.71,42.6499,-12.0,-9.94,44.0,False,NOT_COMPRESSED|BELOW_SMA50|NOT_NEAR_UNBROKEN_PIVOT|WEAK_RS,753
JEF,2026-10-01,45.25,40.63,TIGHTENING,NO_EDGE,NONE,33.73,57.14,79.76,69.84,False,False,31.75,False,49.25,45.09,1.182,3.84,26.72,-14.46,-10.79,-13.49,2.23,4.43,999,124835705.66,56.14,-19.4,63.5109,-28.75,-16.2,26.0,False,NOT_COMPRESSED|BELOW_SMA50|NOT_NEAR_UNBROKEN_PIVOT|WEAK_RS,753
WHR,2026-10-01,30.48,40.62,TIGHTENING,NO_EDGE,NONE,11.11,58.33,78.97,82.14,False,False,49.21,False,34.0,30.21,0.819,5.13,34.19,-21.69,-19.09,-19.17,2.18,4.03,101,98247839.38,40.23,-24.24,59.22,-48.53,-22.83,15.0,False,NOT_COMPRESSED|BELOW_SMA50|NOT_NEAR_UNBROKEN_PIVOT|WEAK_RS,753
TWFG,2026-10-01,24.75,40.5,TIGHTENING,NO_EDGE,NONE,51.98,50.4,84.52,87.7,True,True,46.43,False,27.355,23.7,1.588,4.63,29.13,-17.68,-5.17,-9.35,1.25,2.5,999,4709282.92,30.91,-19.93,31.3,-20.93,-6.9,52.0,False,NOT_COMPRESSED|BELOW_SMA50|NOT_NEAR_UNBROKEN_PIVOT|LOW_LIQUIDITY|WEAK_RS,554
VFS,2026-10-01,3.06,40.48,TIGHTENING,RANGE_EXIT_CONFIRMED,DOWN_EXPANSION_CONFIRMED,69.44,42.86,51.98,44.05,False,False,67.06,False,3.47,3.1,1.972,3.58,15.36,-1.61,0.66,-2.28,2.89,2.89,592,1183457.73,3.47,-11.82,5.285,-42.1,-3.16,62.0,False,NOT_COMPRESSED|ALREADY_EXPANDING|NOT_NEAR_UNBROKEN_PIVOT|LOW_LIQUIDITY|WEAK_RS,753
CELC,2026-10-01,75.13,40.48,TIGHTENING,RANGE_EXIT_CONFIRMED,DOWN_EXPANSION_CONFIRMED,19.44,59.92,65.87,69.05,False,False,67.46,False,88.68,77.07,1.449,5.87,30.61,-21.9,-31.01,-14.22,5.07,14.62,55,81159712.14,98.0,-23.34,151.02,-50.25,-33.24,5.0,False,NOT_COMPRESSED|ALREADY_EXPANDING|POST_GAP_COIL|BELOW_SMA50|NOT_NEAR_UNBROKEN_PIVOT|WEAK_RS,753
BL,2026-10-01,27.48,40.44,TIGHTENING,NO_EDGE,NONE,55.16,35.32,75.79,76.59,False,False,32.14,False,29.25,25.9,1.68,4.72,29.22,-14.61,-3.75,-8.71,3.93,6.7,410,26434344.45,33.93,-19.01,36.775,-25.28,-10.87,41.0,False,NOT_COMPRESSED|BELOW_SMA50|NOT_NEAR_UNBROKEN_PIVOT|WEAK_RS,753
IDA,2026-10-01,131.86,40.44,TIGHTENING,NO_EDGE,NONE,40.87,55.95,73.02,55.16,False,False,48.81,False,134.2,126.06,1.404,1.88,9.47,-2.42,-11.07,-4.21,1.02,1.46,999,84856105.6,138.55,-4.83,153.9671,-14.36,-16.99,24.0,False,NOT_COMPRESSED|BELOW_SMA50|WEAK_RS,753
EQBK,2026-10-01,47.48,40.4,TIGHTENING,NO_EDGE,NONE,20.63,34.52,79.76,85.71,False,False,65.08,False,49.6289,46.74,1.78,2.27,12.19,-3.77,-0.14,-4.46,1.32,2.08,999,5534565.13,51.8087,-8.36,52.0277,-8.74,-5.94,55.0,False,NOT_COMPRESSED|BELOW_SMA50|NOT_NEAR_UNBROKEN_PIVOT|WEAK_RS,753
CNL,2026-10-01,12.06,40.38,TIGHTENING,NO_EDGE,NONE,45.63,54.76,94.44,82.54,True,False,21.83,False,13.81,12.03,0.632,6.33,48.51,-25.92,1.6,-14.22,4.87,13.37,35,2562325.32,17.78,-32.17,21.97,-45.11,-11.19,40.0,False,NOT_COMPRESSED|POST_GAP_COIL|BELOW_SMA50|NOT_NEAR_UNBROKEN_PIVOT|LOW_LIQUIDITY|WEAK_RS,753
BZ,2026-10-01,14.95,40.36,TIGHTENING,NO_EDGE,NONE,71.43,41.27,82.94,63.1,False,True,26.98,False,14.825,13.5181,0.553,3.63,21.69,-10.34,8.54,-2.86,2.49,3.04,496,130304367.65,17.1373,-12.76,18.6361,-19.78,16.48,90.0,False,NOT_COMPRESSED|NOT_NEAR_UNBROKEN_PIVOT,753
ORI,2026-10-01,37.49,40.34,TIGHTENING,NO_EDGE,NONE,13.89,25.0,88.89,90.08,False,False,70.63,False,41.04,37.28,1.135,1.89,15.05,-10.26,-8.99,-9.12,1.18,2.4,174,60563968.95,42.7017,-12.2,44.3196,-15.41,-12.63,36.0,False,NOT_COMPRESSED|BELOW_SMA50|NOT_NEAR_UNBROKEN_PIVOT|WEAK_RS,753
AAUC,2026-10-01,20.29,40.32,TIGHTENING,NO_EDGE,NONE,53.57,68.25,45.63,48.41,False,False,59.52,False,23.09,20.83,0.962,4.54,21.29,-14.57,-10.46,-7.22,3.54,17.23,45,10158248.31,24.44,-16.98,32.2,-36.99,-20.35,18.0,False,NOT_COMPRESSED|POST_GAP_COIL|BELOW_SMA50|NOT_NEAR_UNBROKEN_PIVOT|WEAK_RS,534
GAP,2026-10-01,22.73,40.3,TIGHTENING,NO_EDGE,NONE,36.51,38.1,58.73,75.4,False,False,78.17,False,24.39,20.32,0.612,3.71,19.97,3.04,23.87,8.2,2.06,18.76,23,142755037.66,24.39,-6.81,27.6935,-17.92,16.34,90.0,False,NOT_COMPRESSED|POST_GAP_COIL|NOT_NEAR_UNBROKEN_PIVOT,753
APAM,2026-10-01,36.2,40.3,TIGHTENING,NO_EDGE,NONE,36.51,50.0,92.06,77.38,False,False,15.87,False,37.2,35.2,1.304,2.64,19.97,-12.07,3.19,-9.18,1.43,2.5,999,32108145.04,42.45,-14.72,44.27,-18.23,1.37,73.0,False,NOT_COMPRESSED|BELOW_SMA50|NOT_NEAR_UNBROKEN_PIVOT,753
LXRX,2026-10-01,1.82,40.29,TIGHTENING,NO_EDGE,NONE,40.08,50.4,60.32,74.6,False,False,69.05,True,2.2,1.77,0.438,6.7,27.47,-18.75,-19.82,-17.57,4.44,20.0,39,6588587.83,2.27,-19.82,2.68,-32.09,-24.39,12.0,False,NOT_COMPRESSED|POST_GAP_COIL|BELOW_SMA50|NOT_NEAR_UNBROKEN_PIVOT|LOW_LIQUIDITY|WEAK_RS,753
LECO,2026-10-01,269.4,40.26,TIGHTENING,NO_EDGE,NONE,80.16,37.7,69.84,45.24,False,False,36.11,False,273.3802,253.7675,1.442,2.69,13.46,-0.88,9.08,-0.2,2.8,3.25,409,110053674.7,279.1633,-3.5,291.7763,-7.67,1.72,74.0,False,NOT_COMPRESSED,753
SYK,2026-10-01,272.96,40.24,TIGHTENING,NO_EDGE,NONE,78.97,66.27,72.62,36.51,False,False,4.76,False,285.2268,267.8418,1.203,2.92,19.17,-12.29,-16.22,-12.27,2.45,5.15,999,891126381.74,320.7343,-14.9,351.3773,-22.32,-18.98,21.0,False,NOT_COMPRESSED|BELOW_SMA50|NOT_NEAR_UNBROKEN_PIVOT|WEAK_RS,753
ASX,2026-10-01,44.73,40.22,TIGHTENING,NO_EDGE,NONE,59.92,50.4,65.08,63.49,False,False,34.52,False,45.75,38.9,0.933,3.78,21.26,20.63,12.02,15.22,5.22,8.69,999,286338713.53,45.75,-2.23,45.27,-1.19,5.07,79.0,False,NOT_COMPRESSED|RECENT_SURGE|EXTENDED_FROM_SMA50,753
HLI,2026-10-01,128.38,40.22,TIGHTENING,NO_EDGE,NONE,38.49,77.38,47.62,57.14,False,False,56.75,False,135.455,125.34,1.812,3.29,13.55,-3.63,-3.91,-1.92,1.61,13.63,44,118079454.87,141.08,-9.0,162.5751,-21.03,-10.75,41.0,False,NOT_COMPRESSED|POST_GAP_COIL|NOT_NEAR_UNBROKEN_PIVOT|WEAK_RS,753
FORM,2026-10-01,148.44,40.19,TIGHTENING,NO_EDGE,NONE,38.1,24.6,86.51,83.73,False,False,62.7,True,150.65,109.25,0.671,5.01,39.48,53.7,33.02,29.58,9.32,22.18,44,148874118.04,150.65,-1.47,160.27,-7.38,17.27,90.0,False,NOT_COMPRESSED|POST_GAP_COIL|RECENT_SURGE|EXTENDED_60D_RUN|EXTENDED_FROM_SMA50,753
SMTC,2026-10-01,186.59,40.18,TIGHTENING,NO_EDGE,NONE,70.63,46.83,70.63,61.51,False,False,19.84,False,190.64,162.56,1.27,6.09,34.25,39.4,44.82,28.83,7.13,10.85,44,570026333.17,190.64,-2.12,177.35,5.21,35.1,96.0,False,NOT_COMPRESSED|POST_GAP_COIL|RECENT_SURGE|EXTENDED_60D_RUN|EXTENDED_FROM_SMA50,753
QLYS,2026-10-01,187.43,40.18,TIGHTENING,NO_EDGE,NONE,88.1,54.76,53.57,27.38,False,False,42.86,False,190.27,168.06,0.842,4.9,22.3,9.72,22.07,8.24,3.11,23.2,40,127983193.16,190.27,-1.49,201.54,-7.0,23.71,93.0,False,NOT_COMPRESSED|POST_GAP_COIL,753
TYL,2026-10-01,330.18,40.18,TIGHTENING,NO_EDGE,NONE,55.95,41.27,71.83,74.21,False,False,32.54,False,345.42,312.04,1.271,3.82,24.68,-11.92,5.06,-1.57,3.29,4.03,999,251831935.69,393.53,-16.1,382.39,-13.65,0.96,73.0,False,NOT_COMPRESSED|NOT_NEAR_UNBROKEN_PIVOT,753
GRDN,2026-10-01,40.84,40.18,TIGHTENING,NO_EDGE,NONE,58.73,37.7,78.57,79.37,True,False,52.78,False,46.97,40.09,0.893,4.15,25.19,4.61,1.11,0.03,1.35,9.32,470,32610341.02,48.33,-15.5,47.02,-13.14,-5.6,56.0,False,NOT_COMPRESSED|NOT_NEAR_UNBROKEN_PIVOT|WEAK_RS,505
TAP,2026-10-01,37.11,40.16,TIGHTENING,NO_EDGE,NONE,15.08,52.38,86.9,86.11,False,True,60.32,False,39.64,35.52,1.395,2.77,15.49,-8.46,-3.22,-7.22,1.4,4.37,999,213717693.16,41.27,-10.08,44.4632,-16.54,-8.46,48.0,False,NOT_COMPRESSED|BELOW_SMA50|NOT_NEAR_UNBROKEN_PIVOT|WEAK_RS,753
PPL,2026-10-01,32.76,40.16,TIGHTENING,NO_EDGE,NONE,26.59,29.76,88.1,81.35,False,False,58.33,False,33.72,31.56,1.058,1.64,11.38,-4.36,-8.22,-4.53,0.78,1.0,999,240676628.14,35.2865,-7.16,39.462,-16.98,-13.29,34.0,False,NOT_COMPRESSED|BELOW_SMA50|NOT_NEAR_UNBROKEN_PIVOT|WEAK_RS,753
TTE,2026-10-01,84.51,40.14,TIGHTENING,RANGE_EXIT_CONFIRMED,DOWN_EXPANSION_CONFIRMED,39.68,57.14,39.68,61.11,False,False,89.29,False,91.4924,85.5,1.797,1.93,10.76,-5.23,8.41,-3.53,2.48,2.83,999,145900513.68,92.3721,-8.51,93.0738,-9.2,8.66,84.0,False,NOT_COMPRESSED|ALREADY_EXPANDING|BELOW_SMA50|NOT_NEAR_UNBROKEN_PIVOT,753
AWR,2026-10-01,81.19,40.14,TIGHTENING,NO_EDGE,NONE,13.1,22.22,95.24,98.02,False,False,60.32,False,87.62,80.59,1.447,1.89,11.6,-8.0,-2.26,-6.32,1.37,1.68,999,19697364.27,90.01,-9.8,91.72,-11.48,-6.45,54.0,False,NOT_COMPRESSED|BELOW_SMA50|NOT_NEAR_UNBROKEN_PIVOT|WEAK_RS,753
MMS,2026-10-01,53.53,40.14,TIGHTENING,NO_EDGE,NONE,38.1,42.46,66.67,76.19,False,False,59.92,False,57.68,51.04,1.375,3.18,16.35,-7.05,-5.89,-6.61,2.81,8.31,999,41104794.77,59.79,-10.47,70.0155,-23.55,-6.25,54.0,False,NOT_COMPRESSED|BELOW_SMA50|NOT_NEAR_UNBROKEN_PIVOT|WEAK_RS,753
FHI,2026-10-01,56.16,40.12,TIGHTENING,NO_EDGE,NONE,37.7,51.59,90.48,71.43,False,False,21.43,False,58.64,55.86,0.916,2.6,13.44,-7.53,-1.09,-7.85,1.25,3.45,999,41006165.57,62.86,-10.66,66.7963,-15.92,-3.01,63.0,False,NOT_COMPRESSED|BELOW_SMA50|NOT_NEAR_UNBROKEN_PIVOT|WEAK_RS,753
CNX,2026-10-01,31.52,40.12,TIGHTENING,NO_EDGE,NONE,13.89,24.6,99.6,100.0,False,False,48.41,False,33.99,31.11,1.133,2.75,23.45,-16.13,-5.0,-10.04,1.59,2.48,999,69996507.76,38.17,-17.42,40.61,-22.38,-9.69,44.0,False,NOT_COMPRESSED|BELOW_SMA50|NOT_NEAR_UNBROKEN_PIVOT|WEAK_RS,753
ANIP,2026-10-01,72.96,40.12,TIGHTENING,NO_EDGE,NONE,58.73,27.38,84.13,41.67,False,False,63.89,False,79.43,72.37,1.282,3.14,13.5,-0.14,-13.93,-3.29,1.41,6.7,288,30650818.91,79.43,-8.15,87.76,-16.86,-18.03,23.0,False,NOT_COMPRESSED|BELOW_SMA50|NOT_NEAR_UNBROKEN_PIVOT|WEAK_RS,753
GEF-B,2026-10-01,106.33,40.1,TIGHTENING,NO_EDGE,NONE,71.03,65.48,29.37,29.76,False,False,81.75,False,114.64,102.89,2.396,2.93,12.16,-0.05,20.65,-0.8,2.02,3.94,999,11051155.67,114.64,-7.25,113.0001,-5.9,13.04,88.0,False,NOT_COMPRESSED|NOT_NEAR_UNBROKEN_PIVOT,753
CRH,2026-10-01,81.7,40.1,TIGHTENING,NO_EDGE,NONE,19.44,54.76,71.43,75.0,False,False,63.49,False,88.95,82.17,1.105,3.04,17.03,-11.84,-20.32,-12.16,2.08,2.38,999,478916202.93,94.72,-13.75,119.6238,-31.7,-26.55,10.0,False,NOT_COMPRESSED|BELOW_SMA50|NOT_NEAR_UNBROKEN_PIVOT|WEAK_RS,753
NEOG,2026-10-01,12.24,40.08,TIGHTENING,NO_EDGE,NONE,33.33,43.65,72.62,65.87,False,False,67.46,False,14.26,12.51,1.145,4.45,23.61,3.64,32.18,3.29,1.76,11.7,44,57082985.35,14.26,-14.17,12.85,-4.75,28.22,94.0,False,NOT_COMPRESSED|POST_GAP_COIL|EXTENDED_60D_RUN|NOT_NEAR_UNBROKEN_PIVOT,753
TGS,2026-10-01,24.95,40.08,TIGHTENING,RANGE_EXIT_CONFIRMED,DOWN_EXPANSION_CONFIRMED,17.06,9.92,89.29,95.63,False,False,82.14,False,29.42,25.23,1.87,3.52,24.93,-15.91,-15.28,-13.22,1.27,1.99,233,6667842.42,30.97,-19.44,35.94,-30.58,-14.98,29.0,False,NOT_COMPRESSED|ALREADY_EXPANDING|BELOW_SMA50|NOT_NEAR_UNBROKEN_PIVOT|WEAK_RS,753
ALNY,2026-10-01,231.18,40.02,TIGHTENING,RANGE_EXIT_CONFIRMED,DOWN_EXPANSION_CONFIRMED,64.68,79.76,52.78,12.3,False,False,57.94,False,257.27,237.97,2.783,4.5,18.18,-13.55,-28.54,-4.66,2.67,21.49,44,347842684.82,272.08,-15.03,380.0,-39.16,-28.92,8.0,False,NOT_COMPRESSED|ALREADY_EXPANDING|POST_GAP_COIL|BELOW_SMA50|NOT_NEAR_UNBROKEN_PIVOT|WEAK_RS,753
CWK,2026-10-01,12.06,40.0,TIGHTENING,NO_EDGE,NONE,26.59,51.59,63.49,80.56,False,False,63.89,False,13.29,11.61,2.484,4.12,18.49,-7.52,-10.13,-9.81,2.39,2.39,999,25819484.1,13.84,-12.86,15.66,-22.99,-16.63,25.0,False,NOT_COMPRESSED|BELOW_SMA50|NOT_NEAR_UNBROKEN_PIVOT|WEAK_RS,753
UAN,2026-10-01,124.58,39.98,LOOSE,NO_EDGE,NONE,46.43,39.68,54.76,79.76,False,False,65.87,False,136.21,121.05,0.726,2.62,12.66,-6.98,10.95,-0.54,1.42,2.25,999,3435957.04,136.82,-8.95,130.5,-4.54,11.96,87.0,False,NOT_COMPRESSED|NOT_NEAR_UNBROKEN_PIVOT|LOW_LIQUIDITY,753
AWK,2026-10-01,127.86,39.98,LOOSE,NO_EDGE,NONE,0.4,21.03,90.87,96.83,False,False,86.9,False,138.54,127.33,1.209,2.03,12.53,-8.34,-2.4,-5.75,1.05,1.47,999,252728218.17,142.37,-10.19,140.3167,-8.88,-8.79,47.0,False,NOT_COMPRESSED|BELOW_SMA50|NOT_NEAR_UNBROKEN_PIVOT|WEAK_RS,753
ARE,2026-10-01,47.03,39.98,LOOSE,RANGE_EXIT_CONFIRMED,DOWN_EXPANSION_CONFIRMED,31.75,40.08,48.81,78.97,False,False,93.65,False,56.4291,47.1589,1.483,3.72,22.9,-9.45,-0.63,-6.48,2.43,2.43,232,95673434.18,56.4291,-16.66,54.912,-14.35,-12.04,38.0,False,NOT_COMPRESSED|ALREADY_EXPANDING|BELOW_SMA50|NOT_NEAR_UNBROKEN_PIVOT|WEAK_RS,753
VZ,2026-10-01,45.98,39.94,LOOSE,NO_EDGE,NONE,52.38,50.4,87.3,87.3,True,False,39.68,True,49.99,45.73,0.612,2.03,12.92,-8.44,10.16,-4.76,1.72,2.88,999,1031810848.64,51.67,-11.01,50.93,-9.72,7.04,82.0,False,NOT_COMPRESSED|BELOW_SMA50|NOT_NEAR_UNBROKEN_PIVOT,753
AOD,2026-10-01,10.06,39.94,LOOSE,RANGE_EXIT_CONFIRMED,DOWN_EXPANSION_CONFIRMED,20.63,63.49,64.68,67.86,False,False,67.46,False,10.51,10.14,1.919,1.36,6.34,-4.46,0.76,-3.34,1.06,1.06,999,3995187.33,10.638,-5.43,10.737,-6.31,-2.56,64.0,False,NOT_COMPRESSED|ALREADY_EXPANDING|BELOW_SMA50|NOT_NEAR_UNBROKEN_PIVOT|LOW_LIQUIDITY|WEAK_RS,753
KMI,2026-10-01,30.53,39.92,LOOSE,NO_EDGE,NONE,23.02,79.37,33.73,65.08,False,False,87.3,False,32.19,30.07,2.196,2.32,9.5,-4.5,-5.13,-2.97,0.95,1.8,999,403391576.45,32.33,-5.57,34.4876,-11.48,-6.72,53.0,False,NOT_COMPRESSED|NOT_NEAR_UNBROKEN_PIVOT|WEAK_RS,753
COP,2026-10-01,127.06,39.86,LOOSE,NO_EDGE,NONE,70.63,32.54,71.03,70.24,False,False,31.75,False,133.4,123.46,1.143,2.55,14.29,-7.39,15.52,-0.42,1.98,4.31,999,902699008.25,141.62,-10.28,136.3,-6.78,19.3,91.0,False,NOT_COMPRESSED|NOT_NEAR_UNBROKEN_PIVOT,753
NOV,2026-10-01,18.91,39.86,LOOSE,NO_EDGE,NONE,0.4,48.02,79.37,90.48,False,False,73.41,False,20.7,18.52,0.944,3.24,17.86,-12.53,1.33,-6.96,1.54,6.0,415,65195117.54,21.8374,-13.41,21.6482,-12.65,2.55,75.0,False,NOT_COMPRESSED|BELOW_SMA50|NOT_NEAR_UNBROKEN_PIVOT,753
SO,2026-10-01,83.47,39.78,LOOSE,NO_EDGE,NONE,14.68,32.14,92.06,89.29,False,False,60.32,False,86.79,81.69,1.403,1.6,9.16,-5.48,-12.68,-6.55,0.71,1.72,999,553612609.56,89.34,-6.57,98.4471,-15.21,-16.94,25.0,False,NOT_COMPRESSED|BELOW_SMA50|NOT_NEAR_UNBROKEN_PIVOT|WEAK_RS,753
GLNG,2026-10-01,48.3,39.76,LOOSE,NO_EDGE,NONE,21.43,41.67,66.67,84.92,False,False,76.98,False,51.94,47.46,1.527,2.71,13.95,-9.09,-5.71,-4.49,2.02,8.22,999,70035480.73,53.56,-9.82,57.2232,-15.59,-3.81,61.0,False,NOT_COMPRESSED|BELOW_SMA50|NOT_NEAR_UNBROKEN_PIVOT|WEAK_RS,753
UAA,2026-10-01,4.64,39.76,LOOSE,NO_EDGE,NONE,26.19,48.41,63.49,74.6,False,False,76.19,False,5.11,4.22,1.778,4.62,23.71,-9.9,-28.28,-14.62,2.82,4.69,98,47762016.28,5.32,-12.78,7.5,-38.13,-32.85,5.0,False,NOT_COMPRESSED|BELOW_SMA50|NOT_NEAR_UNBROKEN_PIVOT|LOW_LIQUIDITY|WEAK_RS,753
CME,2026-10-01,265.1,39.74,LOOSE,NO_EDGE,NONE,42.86,67.46,48.41,68.65,False,False,54.76,False,277.74,258.87,1.33,2.21,8.72,-4.11,9.58,-1.63,1.54,4.3,999,478242226.99,284.8031,-6.92,309.6137,-14.38,9.74,85.0,False,NOT_COMPRESSED|NOT_NEAR_UNBROKEN_PIVOT,753
NWSA,2026-10-01,28.64,39.72,LOOSE,NO_EDGE,NONE,50.79,48.02,61.51,70.24,False,False,51.19,False,30.43,27.98,0.841,2.48,10.39,-6.24,7.55,-2.02,1.21,2.99,663,134517969.92,31.215,-8.25,31.5538,-9.23,5.04,79.0,False,NOT_COMPRESSED|NOT_NEAR_UNBROKEN_PIVOT,753
UTI,2026-10-01,19.03,39.68,LOOSE,NO_EDGE,NONE,26.19,82.54,45.24,69.84,False,False,60.32,False,21.7,18.02,1.385,6.69,24.22,-9.03,-61.5,-26.14,5.26,26.72,39,39681122.28,22.66,-16.02,51.34,-62.93,-63.39,0.0,False,NOT_COMPRESSED|POST_GAP_COIL|BELOW_SMA50|NOT_NEAR_UNBROKEN_PIVOT|WEAK_RS,753
VEON,2026-10-01,73.92,39.66,LOOSE,NO_EDGE,NONE,67.06,48.02,57.94,69.05,False,False,49.21,True,76.03,67.93,0.387,3.73,16.72,12.39,37.53,19.66,3.86,3.86,139,13646535.17,76.03,-2.78,63.48,16.45,39.32,96.0,False,NOT_COMPRESSED|EXTENDED_60D_RUN|EXTENDED_FROM_SMA50|DETACHED_FROM_PRIOR_STRUCTURE,753
ICL,2026-10-01,4.97,39.66,LOOSE,NO_EDGE,NONE,11.11,44.44,75.0,84.52,False,False,76.98,False,5.56,5.015,1.115,2.63,21.43,-14.9,-0.98,-7.98,3.59,4.6,225,6852556.27,5.94,-16.33,6.8435,-27.38,-3.02,63.0,False,NOT_COMPRESSED|BELOW_SMA50|NOT_NEAR_UNBROKEN_PIVOT|LOW_LIQUIDITY|WEAK_RS,753
AJG,2026-10-01,231.82,39.64,LOOSE,NO_EDGE,NONE,58.73,36.11,78.97,75.0,False,False,28.97,False,244.73,225.11,1.027,2.74,19.6,-12.11,-9.42,-7.12,2.19,4.11,999,353749886.84,270.5471,-14.31,272.0631,-14.79,-10.76,41.0,False,NOT_COMPRESSED|BELOW_SMA50|NOT_NEAR_UNBROKEN_PIVOT|WEAK_RS,753
CASH,2026-10-01,73.72,39.6,LOOSE,NO_EDGE,NONE,32.94,24.6,87.3,87.7,False,False,55.16,False,79.32,70.67,2.54,2.36,17.41,-9.86,-16.45,-10.01,1.01,12.76,49,18622099.71,83.4372,-11.65,101.134,-27.11,-19.69,19.0,False,NOT_COMPRESSED|POST_GAP_COIL|BELOW_SMA50|NOT_NEAR_UNBROKEN_PIVOT|WEAK_RS,753
ALKS,2026-10-01,40.54,39.6,LOOSE,NO_EDGE,NONE,34.92,51.19,68.25,85.32,True,False,78.17,False,47.4,39.84,1.392,3.59,20.84,-15.05,-25.33,-14.06,2.24,4.36,221,99240327.49,48.74,-16.82,55.67,-27.18,-28.56,8.0,False,NOT_COMPRESSED|BELOW_SMA50|NOT_NEAR_UNBROKEN_PIVOT|WEAK_RS,753
PDS,2026-10-01,83.8,39.58,LOOSE,NO_EDGE,NONE,50.79,44.84,61.51,77.78,False,False,48.81,False,88.36,78.42,1.586,3.39,18.91,-10.81,3.13,-1.09,2.68,2.88,665,8370248.7,94.58,-11.4,102.45,-18.2,7.88,83.0,False,NOT_COMPRESSED|NOT_NEAR_UNBROKEN_PIVOT,753
GLP,2026-10-01,46.53,39.56,LOOSE,NO_EDGE,NONE,40.87,9.13,99.21,98.02,True,False,72.62,False,51.36,45.73,1.022,2.55,18.4,-11.52,-4.5,-6.57,1.39,2.43,999,3180070.02,54.29,-14.29,52.01,-10.54,-3.27,62.0,False,NOT_COMPRESSED|BELOW_SMA50|NOT_NEAR_UNBROKEN_PIVOT|LOW_LIQUIDITY|WEAK_RS,753
FTNT,2026-10-01,178.72,39.49,LOOSE,NO_EDGE,NONE,51.19,51.98,87.3,76.19,False,True,26.59,False,181.37,166.09,0.866,3.61,16.43,15.65,14.05,9.61,4.01,7.04,101,672685552.26,181.37,-1.46,173.89,2.78,11.55,87.0,False,NOT_COMPRESSED|RECENT_SURGE,753
RUSHB,2026-10-01,54.33,39.49,LOOSE,NO_EDGE,NONE,80.16,75.0,62.7,37.7,False,True,28.57,False,57.38,53.43,1.551,3.29,16.23,10.6,8.25,3.64,1.85,1.85,999,12510312.19,57.38,-5.32,54.1965,0.25,6.01,80.0,False,NOT_COMPRESSED|NOT_NEAR_UNBROKEN_PIVOT,753
SRRK,2026-10-01,46.16,39.49,LOOSE,NO_EDGE,NONE,56.75,71.43,69.44,61.9,False,True,31.35,False,51.735,45.875,1.463,5.43,25.81,-17.72,-17.62,-11.49,2.24,4.89,127,112753383.46,58.1,-20.55,61.76,-25.26,-18.72,21.0,False,NOT_COMPRESSED|BELOW_SMA50|NOT_NEAR_UNBROKEN_PIVOT|WEAK_RS,753
FSV,2026-10-01,128.51,39.48,LOOSE,NO_EDGE,NONE,56.75,43.25,79.37,68.25,False,False,29.37,False,133.9426,125.6522,0.808,2.72,14.52,-6.72,-9.08,-6.9,3.29,3.66,999,28116100.23,144.318,-10.95,153.3059,-16.17,-14.44,30.0,False,NOT_COMPRESSED|BELOW_SMA50|NOT_NEAR_UNBROKEN_PIVOT|WEAK_RS,753
NFG,2026-10-01,76.26,39.44,LOOSE,NO_EDGE,NONE,17.86,46.03,69.84,83.33,False,False,75.4,False,80.5562,75.83,1.481,2.01,11.43,-7.69,-2.78,-5.64,1.17,1.94,999,68414340.81,83.7431,-8.94,95.3361,-20.01,-6.02,55.0,False,NOT_COMPRESSED|BELOW_SMA50|NOT_NEAR_UNBROKEN_PIVOT|WEAK_RS,753
CLVT,2026-10-01,1.6,39.44,LOOSE,RANGE_EXIT_CONFIRMED,DOWN_EXPANSION_CONFIRMED,32.54,45.24,61.9,82.54,False,False,68.25,False,1.97,1.64,1.75,6.53,40.62,-22.33,-27.6,-17.9,2.43,25.83,45,8505416.24,2.24,-28.57,3.05,-47.54,-41.06,2.0,False,NOT_COMPRESSED|ALREADY_EXPANDING|POST_GAP_COIL|BELOW_SMA50|NOT_NEAR_UNBROKEN_PIVOT|LOW_LIQUIDITY|WEAK_RS,753
HSBC,2026-10-01,95.82,39.42,LOOSE,RANGE_EXIT_CONFIRMED,DOWN_EXPANSION_CONFIRMED,36.51,52.78,54.37,65.87,False,False,79.76,False,103.76,99.24,3.828,1.92,13.35,-8.69,0.2,-7.09,3.03,3.82,999,154535487.68,107.43,-10.81,107.4014,-10.78,-3.35,62.0,False,NOT_COMPRESSED|ALREADY_EXPANDING|BELOW_SMA50|NOT_NEAR_UNBROKEN_PIVOT|WEAK_RS,753
CMG,2026-10-01,32.32,39.4,LOOSE,NO_EDGE,NONE,25.79,55.56,88.89,86.9,False,False,23.41,False,34.27,31.14,0.667,3.57,24.07,-16.1,-3.32,-6.8,1.75,7.01,230,470769250.11,38.92,-16.96,39.09,-17.32,-11.51,39.0,False,NOT_COMPRESSED|BELOW_SMA50|NOT_NEAR_UNBROKEN_PIVOT|WEAK_RS,753
APO,2026-10-01,114.34,39.37,LOOSE,RANGE_EXIT_CONFIRMED,DOWN_EXPANSION_CONFIRMED,3.17,58.33,66.67,82.94,False,False,83.73,False,129.9,115.42,1.59,3.48,20.56,-13.57,-2.81,-11.07,1.63,1.94,999,360095672.85,135.61,-15.68,143.7229,-20.44,-6.03,55.0,False,NOT_COMPRESSED|ALREADY_EXPANDING|BELOW_SMA50|NOT_NEAR_UNBROKEN_PIVOT|WEAK_RS,753
ES,2026-10-01,64.31,39.33,LOOSE,NO_EDGE,NONE,32.14,13.49,82.14,88.1,False,False,79.37,False,68.2465,62.72,1.269,1.89,13.34,-7.63,-11.83,-7.45,1.13,2.49,999,171918250.13,71.3006,-9.8,75.679,-15.02,-15.43,28.0,False,NOT_COMPRESSED|BELOW_SMA50|NOT_NEAR_UNBROKEN_PIVOT|WEAK_RS,753
VNOM,2026-10-01,40.69,39.31,LOOSE,NO_EDGE,NONE,67.46,17.06,93.65,94.05,True,False,39.68,False,43.65,39.86,1.344,2.5,15.65,-9.82,-3.82,-5.38,1.59,2.89,999,83093751.61,46.14,-11.81,49.6113,-17.98,-1.37,68.0,False,NOT_COMPRESSED|BELOW_SMA50|NOT_NEAR_UNBROKEN_PIVOT|WEAK_RS,753
WTRG,2026-10-01,38.67,39.27,LOOSE,NO_EDGE,NONE,0.79,23.02,89.68,98.41,False,False,88.49,False,41.66,38.49,1.351,2.0,11.17,-6.93,0.68,-4.19,0.74,1.34,999,105733967.96,42.51,-9.03,41.62,-7.09,-3.74,61.0,False,NOT_COMPRESSED|BELOW_SMA50|NOT_NEAR_UNBROKEN_PIVOT|WEAK_RS,753
USB,2026-10-01,57.36,39.25,LOOSE,NO_EDGE,NONE,36.9,45.63,74.21,71.03,False,False,58.33,False,60.1858,57.2731,2.067,2.01,12.34,-7.76,-5.09,-7.02,1.42,1.42,999,481083946.97,63.1183,-9.12,65.4663,-12.38,-9.04,46.0,False,NOT_COMPRESSED|BELOW_SMA50|NOT_NEAR_UNBROKEN_PIVOT|WEAK_RS,753
SFL,2026-10-01,13.48,39.19,LOOSE,NO_EDGE,NONE,74.6,91.27,38.49,2.38,False,False,63.89,False,13.98,12.46,1.714,2.97,12.82,10.02,24.16,8.74,1.33,2.44,549,20211615.06,13.98,-3.58,12.5665,7.27,26.72,94.0,False,NOT_COMPRESSED,753
STAA,2026-10-01,22.38,39.19,LOOSE,NO_EDGE,NONE,50.79,47.62,69.05,53.97,False,False,61.51,False,22.92,19.05,0.932,4.99,23.77,-3.16,-20.5,-2.99,6.37,7.69,96,26183906.77,24.37,-8.17,35.87,-37.61,-22.3,15.0,False,NOT_COMPRESSED|NOT_NEAR_UNBROKEN_PIVOT|WEAK_RS,753
NPKI,2026-10-01,11.83,39.11,LOOSE,NO_EDGE,NONE,18.65,20.63,95.24,94.05,False,False,65.87,False,13.14,11.3,2.407,3.39,20.71,-10.72,-16.98,-9.74,2.64,5.89,355,9837956.75,13.65,-13.33,16.5,-28.3,-20.16,18.0,False,NOT_COMPRESSED|BELOW_SMA50|NOT_NEAR_UNBROKEN_PIVOT|WEAK_RS,753
VIK,2026-10-01,78.2,39.08,LOOSE,NO_EDGE,NONE,34.92,53.57,59.13,79.76,False,False,76.19,True,87.8,78.18,0.597,3.52,16.38,-8.82,-20.18,-15.19,3.56,3.56,999,394320947.7,89.94,-13.05,110.09,-28.97,-25.17,11.0,False,NOT_COMPRESSED|BELOW_SMA50|NOT_NEAR_UNBROKEN_PIVOT|WEAK_RS,607
SHAK,2026-10-01,60.19,38.97,LOOSE,NO_EDGE,NONE,71.03,49.21,80.16,55.56,False,False,17.46,False,60.74,54.73,0.894,4.5,28.33,-11.35,10.93,-8.19,2.31,3.19,101,91072268.69,71.78,-16.15,106.84,-43.66,3.75,77.0,False,NOT_COMPRESSED|BELOW_SMA50|NOT_NEAR_UNBROKEN_PIVOT,753
NVGS,2026-10-01,23.8,38.95,LOOSE,NO_EDGE,NONE,77.78,67.86,45.63,13.1,False,False,72.22,False,25.48,22.53,1.82,3.05,13.95,5.73,14.91,6.71,2.2,2.72,999,11500785.25,25.48,-6.59,24.2104,-1.7,22.05,92.0,False,NOT_COMPRESSED|NOT_NEAR_UNBROKEN_PIVOT,753
CNO,2026-10-01,53.08,38.95,LOOSE,NO_EDGE,NONE,19.05,70.63,55.16,67.86,False,False,79.37,False,56.28,52.4,1.064,2.12,9.14,-3.73,1.63,-2.45,1.43,7.66,999,62032919.8,56.7928,-6.54,57.4008,-7.53,-1.26,68.0,False,NOT_COMPRESSED|NOT_NEAR_UNBROKEN_PIVOT|WEAK_RS,753
FIGR,2026-10-01,28.54,38.95,LOOSE,NO_EDGE,NONE,21.14,46.43,64.78,84.13,False,False,79.76,False,37.46,28.5,0.812,8.19,45.87,-14.01,-6.88,-12.82,5.4,5.4,999,167484733.88,40.6,-29.7,44.673,-36.11,-18.67,21.0,False,NOT_COMPRESSED|BELOW_SMA50|NOT_NEAR_UNBROKEN_PIVOT|WEAK_RS,266
FLG,2026-10-01,11.69,38.89,LOOSE,NO_EDGE,NONE,3.57,18.65,94.05,96.03,False,False,89.68,False,12.84,11.66,1.226,2.41,19.67,-13.28,-19.54,-12.68,2.79,3.13,419,61726535.2,13.66,-14.42,15.4285,-24.23,-22.65,15.0,False,NOT_COMPRESSED|BELOW_SMA50|NOT_NEAR_UNBROKEN_PIVOT|WEAK_RS,753
NEE,2026-10-01,76.35,38.87,LOOSE,NO_EDGE,NONE,17.86,15.48,90.48,90.87,False,False,84.92,False,81.37,74.78,1.981,1.75,13.06,-8.12,-12.03,-8.0,0.92,1.25,999,983574855.48,84.38,-9.52,97.3003,-21.53,-15.76,28.0,False,NOT_COMPRESSED|BELOW_SMA50|NOT_NEAR_UNBROKEN_PIVOT|WEAK_RS,753
HGV,2026-10-01,34.83,38.87,LOOSE,NO_EDGE,NONE,7.54,71.83,92.06,79.37,False,False,32.94,False,37.99,34.31,0.795,3.99,24.83,-17.41,-29.05,-17.76,3.04,6.65,538,43386652.52,43.3,-19.56,55.4,-37.13,-37.01,3.0,False,NOT_COMPRESSED|BELOW_SMA50|NOT_NEAR_UNBROKEN_PIVOT|WEAK_RS,753
SMMT,2026-10-01,16.69,38.83,LOOSE,NO_EDGE,NONE,75.0,74.21,18.25,48.02,False,False,69.84,False,19.09,15.18,0.878,6.89,23.43,14.32,6.37,11.32,22.16,22.16,2,134629023.26,19.09,-12.57,29.23,-42.9,5.4,79.0,False,NOT_COMPRESSED|POST_GAP_COIL|NOT_NEAR_UNBROKEN_PIVOT,753
ADNT,2026-10-01,17.57,38.83,LOOSE,NO_EDGE,NONE,53.97,76.19,58.73,68.25,False,False,21.03,False,18.99,16.72,1.691,4.94,20.72,-8.68,-5.13,-8.31,2.88,3.57,102,18714163.03,20.15,-12.8,24.695,-28.85,-9.18,46.0,False,NOT_COMPRESSED|BELOW_SMA50|NOT_NEAR_UNBROKEN_PIVOT|WEAK_RS,753
GSK,2026-10-01,47.18,38.79,LOOSE,RANGE_EXIT_CONFIRMED,DOWN_EXPANSION_CONFIRMED,53.17,59.13,52.38,47.62,False,False,74.21,False,51.32,48.17,1.341,2.11,9.3,-6.46,-9.36,-6.66,4.49,4.49,999,166840956.69,51.52,-8.42,58.5022,-19.35,-14.12,31.0,False,NOT_COMPRESSED|ALREADY_EXPANDING|BELOW_SMA50|NOT_NEAR_UNBROKEN_PIVOT|WEAK_RS,753
SENEB,2026-10-01,174.22,38.69,LOOSE,NO_EDGE,NONE,37.3,68.25,55.16,66.67,False,False,61.11,False,188.22,179.84,,1.22,19.69,-15.94,-4.0,-5.7,8.59,8.59,62,26698.6,208.53,-16.45,196.63,-11.4,7.08,82.0,False,NOT_COMPRESSED|BELOW_SMA50|NOT_NEAR_UNBROKEN_PIVOT|LOW_LIQUIDITY,753
CRCT,2026-10-01,6.515,38.67,LOOSE,RANGE_EXIT_CONFIRMED,UP_EXPANSION_CONFIRMED,25.79,16.67,84.13,89.68,False,False,83.73,False,6.495,5.535,1.535,3.34,20.57,13.11,52.22,16.53,1.37,4.86,290,4037617.42,6.495,0.31,6.27,3.91,46.62,98.0,False,NOT_COMPRESSED|ALREADY_EXPANDING|EXTENDED_60D_RUN|EXTENDED_FROM_SMA50|LOW_LIQUIDITY,753
CHKP,2026-10-01,130.73,38.67,LOOSE,NO_EDGE,NONE,67.86,56.75,44.05,67.86,False,True,69.44,False,141.66,125.72,0.883,3.66,12.42,-2.36,-4.47,-1.02,2.62,11.91,44,158309335.07,141.96,-7.91,151.85,-13.91,-7.12,52.0,False,NOT_COMPRESSED|POST_GAP_COIL|NOT_NEAR_UNBROKEN_PIVOT|WEAK_RS,753
ELVR,2026-10-01,36.62,38.67,LOOSE,RANGE_EXIT_CONFIRMED,DOWN_EXPANSION_CONFIRMED,2.38,44.44,85.71,95.24,False,False,70.24,False,46.195,38.675,2.287,6.06,64.31,-39.29,-43.18,-32.55,4.51,6.86,162,2612730.96,60.32,-39.29,102.8,-64.38,-50.27,1.0,False,NOT_COMPRESSED|ALREADY_EXPANDING|BELOW_SMA50|NOT_NEAR_UNBROKEN_PIVOT|LOW_LIQUIDITY|WEAK_RS,273
GHRS,2026-10-01,22.86,38.63,LOOSE,NO_EDGE,NONE,13.1,28.97,79.37,94.84,False,False,85.71,False,29.165,22.89,0.765,6.05,29.02,-18.56,-14.86,-17.84,1.51,11.59,54,7104968.0,29.165,-21.62,31.439,-27.29,-18.2,22.0,False,NOT_COMPRESSED|POST_GAP_COIL|BELOW_SMA50|NOT_NEAR_UNBROKEN_PIVOT|WEAK_RS,753
FLOC,2026-10-01,18.28,38.55,LOOSE,NO_EDGE,NONE,30.16,44.84,71.43,92.06,False,False,69.05,True,21.08,17.83,0.667,4.41,22.43,-15.99,-8.99,-11.86,1.99,2.15,999,11873524.47,21.97,-16.8,27.9746,-34.66,-13.8,32.0,False,NOT_COMPRESSED|BELOW_SMA50|NOT_NEAR_UNBROKEN_PIVOT|WEAK_RS,429
SIRI,2026-10-01,25.64,38.55,LOOSE,NO_EDGE,NONE,27.78,45.24,94.05,96.43,True,False,57.14,False,28.73,25.58,1.018,2.88,18.88,-13.67,-14.5,-10.38,1.11,7.95,720,119727439.91,30.15,-14.96,32.3652,-20.78,-18.03,23.0,False,NOT_COMPRESSED|BELOW_SMA50|NOT_NEAR_UNBROKEN_PIVOT|WEAK_RS,753
TSCO,2026-10-01,31.73,38.49,LOOSE,NO_EDGE,NONE,47.62,54.37,72.22,68.65,False,False,42.46,False,33.27,30.99,1.59,3.16,16.39,-8.98,8.01,-5.0,2.1,2.21,999,313408907.3,35.82,-11.42,45.3165,-29.98,-2.24,65.0,False,NOT_COMPRESSED|BELOW_SMA50|NOT_NEAR_UNBROKEN_PIVOT|WEAK_RS,753
VLY,2026-10-01,12.67,38.45,LOOSE,NO_EDGE,NONE,7.54,46.03,72.62,91.27,False,False,84.13,False,13.79,12.53,1.538,2.41,12.93,-7.52,-11.74,-8.89,1.11,3.03,999,99930318.42,13.9483,-9.16,15.0792,-15.98,-15.3,29.0,False,NOT_COMPRESSED|BELOW_SMA50|NOT_NEAR_UNBROKEN_PIVOT|WEAK_RS,753
TEX,2026-10-01,54.94,38.41,LOOSE,NO_EDGE,NONE,16.67,41.67,72.22,84.13,False,False,85.71,False,61.04,52.52,1.475,4.24,23.84,-11.11,-14.3,-12.41,2.94,3.26,999,68492926.3,64.32,-14.58,74.4986,-26.25,-22.02,16.0,False,NOT_COMPRESSED|BELOW_SMA50|NOT_NEAR_UNBROKEN_PIVOT|WEAK_RS,753
KEYS,2026-10-01,373.88,38.37,LOOSE,RANGE_EXIT_CONFIRMED,UP_EXPANSION_CONFIRMED,43.65,32.94,76.19,82.94,False,False,57.54,False,366.882,327.97,1.541,2.89,17.45,16.26,17.85,12.3,4.03,4.07,152,350865206.48,366.882,1.91,374.963,-0.29,16.29,90.0,False,NOT_COMPRESSED|ALREADY_EXPANDING|RECENT_SURGE|EXTENDED_FROM_SMA50|NOT_NEAR_UNBROKEN_PIVOT,753
LI,2026-10-01,11.12,38.37,LOOSE,NO_EDGE,NONE,73.81,71.43,33.73,55.16,False,False,50.4,False,12.31,11.09,1.057,3.59,14.75,-7.41,-8.25,-9.54,3.68,5.15,402,37004567.09,12.73,-12.65,20.09,-44.65,-10.32,42.0,False,NOT_COMPRESSED|BELOW_SMA50|NOT_NEAR_UNBROKEN_PIVOT|WEAK_RS,753
ALG,2026-10-01,156.36,38.31,LOOSE,NO_EDGE,NONE,9.13,61.11,62.3,80.56,False,False,87.3,False,171.77,154.2,1.588,3.23,15.0,-8.73,-3.84,-5.15,2.06,2.06,999,34637586.35,175.09,-10.7,180.5915,-13.42,-10.8,41.0,False,NOT_COMPRESSED|BELOW_SMA50|NOT_NEAR_UNBROKEN_PIVOT|WEAK_RS,753
EXPO,2026-10-01,69.9,38.25,LOOSE,RANGE_EXIT_CONFIRMED,UP_EXPANSION_CONFIRMED,67.86,43.25,53.57,45.63,False,False,79.76,False,69.89,62.55,3.041,2.89,12.17,0.26,15.19,3.98,1.49,1.88,609,38845275.17,71.0542,-1.62,71.6017,-2.38,12.3,87.0,False,NOT_COMPRESSED|ALREADY_EXPANDING,753
GIB,2026-10-01,70.98,38.25,LOOSE,NO_EDGE,NONE,63.1,40.87,59.52,55.56,False,False,71.43,False,71.82,66.52,4.82,2.67,12.37,-2.57,7.23,-1.32,5.7,5.7,999,31856078.25,75.3,-5.74,78.3156,-9.37,4.11,77.0,False,NOT_COMPRESSED|NOT_NEAR_UNBROKEN_PIVOT,753
BILL,2026-10-01,43.78,38.12,LOOSE,NO_EDGE,NONE,33.33,38.49,71.83,89.68,False,False,64.68,False,49.78,41.0,1.279,4.29,22.59,-10.21,11.4,-7.39,2.51,3.73,163,85047263.66,50.89,-13.97,52.6,-16.77,5.32,79.0,False,NOT_COMPRESSED|BELOW_SMA50|NOT_NEAR_UNBROKEN_PIVOT,753
CAAP,2026-10-01,24.28,38.06,LOOSE,NO_EDGE,NONE,75.0,52.78,39.68,58.33,False,False,64.68,False,26.31,23.349,1.955,3.54,12.48,0.41,2.44,0.82,1.61,2.0,233,7583524.93,26.31,-7.72,27.6476,-12.18,-2.83,63.0,False,NOT_COMPRESSED|NOT_NEAR_UNBROKEN_PIVOT|WEAK_RS,753
FLR,2026-10-01,49.33,38.06,LOOSE,NO_EDGE,NONE,19.05,41.27,71.43,89.68,False,False,80.95,False,56.0,47.86,1.084,4.05,21.99,-12.84,-0.36,-6.28,3.76,11.84,38,125670897.51,58.35,-15.46,57.93,-14.85,-3.08,63.0,False,NOT_COMPRESSED|POST_GAP_COIL|BELOW_SMA50|NOT_NEAR_UNBROKEN_PIVOT|WEAK_RS,753
EMA,2026-10-01,47.67,38.02,LOOSE,NO_EDGE,NONE,19.84,29.76,94.84,95.24,False,False,58.73,False,49.54,47.32,1.509,1.45,8.54,-4.56,-10.38,-5.71,0.85,1.15,500,18636974.08,51.07,-6.66,54.9537,-13.25,-12.81,35.0,False,NOT_COMPRESSED|BELOW_SMA50|NOT_NEAR_UNBROKEN_PIVOT|WEAK_RS,753
BB,2026-10-01,9.18,38.02,LOOSE,NO_EDGE,NONE,43.65,65.08,64.29,62.7,False,False,53.17,False,9.29,7.73,0.494,5.67,20.04,20.63,-17.45,10.39,7.15,7.15,68,148766624.93,9.29,-1.18,13.59,-32.45,-23.08,14.0,False,NOT_COMPRESSED|RECENT_SURGE|WEAK_RS,753
GWRE,2026-10-01,155.32,37.9,LOOSE,NO_EDGE,NONE,100.0,58.33,70.63,17.86,False,False,24.21,False,155.45,139.05,2.227,5.34,43.12,-19.42,14.42,-5.64,17.41,17.41,18,251909908.23,204.41,-24.02,207.49,-25.14,12.67,88.0,False,NOT_COMPRESSED|POST_GAP_COIL|BELOW_SMA50|NOT_NEAR_UNBROKEN_PIVOT,753
PRDO,2026-10-01,31.82,37.86,LOOSE,NO_EDGE,NONE,24.6,68.65,56.75,78.97,False,False,68.65,False,33.48,29.41,1.155,3.37,15.3,-3.84,-8.83,-1.5,1.86,3.46,999,22750445.03,34.28,-7.18,37.7196,-15.64,-9.94,44.0,False,NOT_COMPRESSED|NOT_NEAR_UNBROKEN_PIVOT|WEAK_RS,753
CACC,2026-10-01,511.95,37.82,LOOSE,RANGE_EXIT_CONFIRMED,DOWN_EXPANSION_CONFIRMED,5.95,42.06,76.59,90.08,False,False,91.67,False,609.0,525.69,1.732,3.54,22.35,-15.77,-18.6,-11.7,1.35,1.71,999,71777827.55,620.96,-17.56,668.86,-23.46,-24.93,12.0,False,NOT_COMPRESSED|ALREADY_EXPANDING|BELOW_SMA50|NOT_NEAR_UNBROKEN_PIVOT|WEAK_RS,753
CMS,2026-10-01,63.64,37.8,LOOSE,NO_EDGE,NONE,12.3,34.92,99.21,94.44,False,False,58.33,False,66.57,62.29,1.381,1.63,11.11,-6.49,-15.8,-7.1,0.64,1.23,999,248545346.67,69.36,-8.25,79.1023,-19.55,-20.3,18.0,False,NOT_COMPRESSED|BELOW_SMA50|NOT_NEAR_UNBROKEN_PIVOT|WEAK_RS,753
GNL,2026-10-01,8.24,37.68,LOOSE,NO_EDGE,NONE,1.98,20.24,94.44,97.22,False,False,96.03,False,8.945,8.26,1.086,1.86,13.69,-9.95,-5.65,-7.41,0.91,3.71,999,22601708.92,9.228,-10.71,9.5409,-13.63,-11.45,39.0,False,NOT_COMPRESSED|BELOW_SMA50|NOT_NEAR_UNBROKEN_PIVOT|WEAK_RS,753
JPM,2026-10-01,333.18,37.66,LOOSE,NO_EDGE,NONE,28.57,26.19,80.16,86.9,False,False,82.14,False,354.5,330.83,1.423,1.98,11.1,-6.47,0.77,-5.5,1.35,2.25,999,2886044266.99,362.86,-8.18,366.5,-9.09,-2.77,63.0,False,NOT_COMPRESSED|BELOW_SMA50|NOT_NEAR_UNBROKEN_PIVOT|WEAK_RS,753
CYD,2026-10-01,32.26,37.66,LOOSE,NO_EDGE,NONE,58.73,57.14,53.57,64.29,False,False,58.73,False,35.66,31.02,1.136,5.49,26.53,-14.66,-30.12,-19.74,2.57,6.9,152,4680765.71,38.67,-16.58,60.2839,-46.49,-27.01,9.0,False,NOT_COMPRESSED|BELOW_SMA50|NOT_NEAR_UNBROKEN_PIVOT|LOW_LIQUIDITY|WEAK_RS,753
RXRX,2026-10-01,4.07,37.52,LOOSE,NO_EDGE,NONE,84.13,22.22,80.16,63.89,False,False,37.3,False,4.29,3.26,0.724,5.89,29.24,20.41,9.41,19.84,2.82,6.95,151,79017324.17,4.29,-5.13,4.09,-0.49,4.27,77.0,False,NOT_COMPRESSED|RECENT_SURGE|EXTENDED_FROM_SMA50|NOT_NEAR_UNBROKEN_PIVOT|LOW_LIQUIDITY,753
WTW,2026-10-01,291.6,37.44,LOOSE,NO_EDGE,NONE,48.02,42.06,78.97,86.9,True,False,71.43,False,312.6962,285.3077,1.053,2.4,19.84,-13.37,-0.0,-9.57,1.67,7.38,106,169495697.98,343.1546,-15.02,350.3406,-16.77,-0.61,70.0,False,NOT_COMPRESSED|BELOW_SMA50|NOT_NEAR_UNBROKEN_PIVOT,753
NRG,2026-10-01,96.93,37.44,LOOSE,NO_EDGE,NONE,22.62,37.7,92.06,91.27,False,False,55.95,False,111.25,93.36,0.978,4.16,29.22,-12.75,-29.24,-15.79,3.05,3.84,349,301700038.34,121.68,-20.34,174.3652,-44.41,-31.68,6.0,False,NOT_COMPRESSED|BELOW_SMA50|NOT_NEAR_UNBROKEN_PIVOT|WEAK_RS,753
PNW,2026-10-01,94.63,37.36,LOOSE,NO_EDGE,NONE,33.73,69.44,79.37,63.49,False,False,44.05,False,95.84,90.27,1.874,1.87,9.05,-2.82,-11.44,-3.42,1.31,1.31,999,112936165.46,98.83,-4.25,110.1584,-14.1,-15.52,28.0,False,NOT_COMPRESSED|BELOW_SMA50|WEAK_RS,753
MS-PA,2026-10-01,19.05,37.34,LOOSE,NO_EDGE,NONE,54.37,43.65,78.97,75.4,False,False,39.68,False,19.08,18.6135,1.285,0.97,4.26,2.29,2.62,1.75,0.69,0.69,999,2213014.41,19.08,-0.16,19.2792,-1.19,-0.49,70.0,False,NOT_COMPRESSED|LOW_LIQUIDITY,753
NVO,2026-10-01,37.4,37.34,LOOSE,NO_EDGE,NONE,42.86,31.35,86.11,86.51,True,False,84.13,False,43.54,37.89,0.896,2.97,28.42,-20.03,-22.52,-16.32,5.06,8.16,153,568800371.26,48.0,-22.08,51.4624,-27.33,-27.72,9.0,False,NOT_COMPRESSED|BELOW_SMA50|NOT_NEAR_UNBROKEN_PIVOT|WEAK_RS,753
GFL,2026-10-01,40.43,37.32,LOOSE,RANGE_EXIT_CONFIRMED,DOWN_EXPANSION_CONFIRMED,73.41,81.35,30.95,40.08,False,False,63.49,False,44.53,40.94,3.43,3.09,11.88,-5.07,-1.08,-2.78,7.26,7.26,999,137603148.72,44.53,-9.21,45.3327,-10.81,5.08,79.0,False,NOT_COMPRESSED|ALREADY_EXPANDING|NOT_NEAR_UNBROKEN_PIVOT,753
RRC,2026-10-01,37.6,37.32,LOOSE,NO_EDGE,NONE,63.89,27.38,90.87,88.1,False,False,20.24,False,39.6,36.76,1.19,2.89,16.51,-11.28,1.21,-5.68,1.75,2.81,999,106141422.36,42.9572,-12.47,44.6749,-15.84,-3.15,62.0,False,NOT_COMPRESSED|BELOW_SMA50|NOT_NEAR_UNBROKEN_PIVOT|WEAK_RS,753
AMAT,2026-10-01,529.3,37.3,LOOSE,RANGE_EXIT_CONFIRMED,UP_EXPANSION_CONFIRMED,47.22,29.76,68.65,75.79,False,False,81.35,False,515.42,413.56,1.579,3.71,23.12,20.72,-7.12,8.61,7.51,10.55,44,2927175917.43,515.42,2.69,738.8799,-28.36,-14.97,29.0,False,NOT_COMPRESSED|ALREADY_EXPANDING|POST_GAP_COIL|RECENT_SURGE|NOT_NEAR_UNBROKEN_PIVOT|WEAK_RS,753
TXG,2026-10-01,88.76,37.28,LOOSE,NO_EDGE,NONE,14.68,39.68,91.67,94.44,False,False,62.3,False,95.16,74.6,1.134,5.74,39.22,43.97,136.88,38.92,3.71,5.11,224,238780643.68,95.16,-6.73,66.94,32.6,124.7,100.0,False,NOT_COMPRESSED|RECENT_SURGE|EXTENDED_60D_RUN|EXTENDED_FROM_SMA50|NOT_NEAR_UNBROKEN_PIVOT|DETACHED_FROM_PRIOR_STRUCTURE,753
BLBD,2026-10-01,55.6,37.28,LOOSE,NO_EDGE,NONE,15.87,71.83,71.43,80.56,False,False,58.73,False,63.705,55.02,1.113,4.09,17.94,-9.9,-28.78,-13.18,2.58,8.92,101,32650374.98,64.595,-13.93,83.39,-33.33,-29.75,7.0,False,NOT_COMPRESSED|BELOW_SMA50|NOT_NEAR_UNBROKEN_PIVOT|WEAK_RS,753
AMT,2026-10-01,161.06,37.26,LOOSE,RANGE_EXIT_CONFIRMED,DOWN_EXPANSION_CONFIRMED,27.78,44.05,71.03,88.89,False,False,72.22,False,175.4827,163.35,1.235,2.39,10.52,-5.85,-1.36,-5.9,1.42,2.02,999,450942747.57,177.8768,-9.45,192.1485,-16.18,-4.78,58.0,False,NOT_COMPRESSED|ALREADY_EXPANDING|BELOW_SMA50|NOT_NEAR_UNBROKEN_PIVOT|WEAK_RS,753
FIVN,2026-10-01,35.75,37.24,LOOSE,NO_EDGE,NONE,75.4,41.67,69.05,40.08,False,False,63.49,False,40.0,32.14,1.751,5.51,27.69,6.43,47.73,11.33,3.36,5.54,105,84042447.14,40.0,-10.62,35.17,1.65,49.68,98.0,False,NOT_COMPRESSED|EXTENDED_60D_RUN|NOT_NEAR_UNBROKEN_PIVOT,753
LYG,2026-10-01,5.42,37.2,LOOSE,RANGE_EXIT_CONFIRMED,DOWN_EXPANSION_CONFIRMED,35.32,53.17,59.13,74.6,False,False,80.56,False,5.98,5.62,3.5,2.26,13.84,-9.36,-6.89,-9.03,2.31,4.94,999,92650362.37,6.1,-11.15,6.25,-13.28,-12.18,37.0,False,NOT_COMPRESSED|ALREADY_EXPANDING|BELOW_SMA50|NOT_NEAR_UNBROKEN_PIVOT|WEAK_RS,753
CAR,2026-10-01,106.12,37.2,LOOSE,NO_EDGE,NONE,39.29,49.21,76.98,73.41,False,False,57.94,False,119.85,102.2,1.959,5.5,36.33,-23.01,-30.72,-20.6,2.18,9.77,107,50739444.42,141.78,-25.15,847.7,-87.48,-37.9,3.0,False,NOT_COMPRESSED|BELOW_SMA50|NOT_NEAR_UNBROKEN_PIVOT|WEAK_RS,753
LVS,2026-10-01,36.69,37.18,LOOSE,RANGE_EXIT_CONFIRMED,DOWN_EXPANSION_CONFIRMED,1.59,40.48,92.86,93.25,False,False,78.97,False,41.43,37.79,1.667,2.83,23.19,-17.62,-20.06,-16.64,1.49,1.88,999,236405681.09,45.3,-19.01,57.753,-36.47,-24.25,13.0,False,NOT_COMPRESSED|ALREADY_EXPANDING|BELOW_SMA50|NOT_NEAR_UNBROKEN_PIVOT|WEAK_RS,753
DVA,2026-10-01,176.35,37.18,LOOSE,NO_EDGE,NONE,72.62,67.46,51.98,59.13,False,False,36.9,False,195.75,174.08,1.402,3.07,12.36,-1.69,-23.57,-7.47,1.9,9.97,166,132556350.09,195.75,-9.91,247.49,-28.74,-27.76,9.0,False,NOT_COMPRESSED|BELOW_SMA50|NOT_NEAR_UNBROKEN_PIVOT|WEAK_RS,753
PFG,2026-10-01,112.24,37.16,LOOSE,NO_EDGE,NONE,97.62,65.08,20.24,39.68,False,False,68.65,False,118.49,111.57,1.068,2.26,9.92,1.6,2.13,-0.79,5.3,5.3,999,176842415.64,121.18,-7.38,115.73,-3.02,-0.83,69.0,False,NOT_COMPRESSED|NOT_NEAR_UNBROKEN_PIVOT|WEAK_RS,753
EXC,2026-10-01,40.47,37.14,LOOSE,NO_EDGE,NONE,23.02,22.22,94.05,92.86,False,False,73.81,False,42.72,39.73,1.2,1.75,11.37,-7.08,-13.59,-7.5,0.85,1.65,999,362300384.62,44.33,-8.71,49.1749,-17.7,-17.51,24.0,False,NOT_COMPRESSED|BELOW_SMA50|NOT_NEAR_UNBROKEN_PIVOT|WEAK_RS,753
ERIE,2026-10-01,222.11,37.11,LOOSE,NO_EDGE,NONE,33.73,47.62,79.37,88.1,False,True,70.24,False,247.6,216.75,1.169,3.27,20.75,-14.05,-11.64,-9.45,2.49,3.25,999,46239591.69,263.25,-15.63,271.47,-18.18,-16.67,25.0,False,NOT_COMPRESSED|BELOW_SMA50|NOT_NEAR_UNBROKEN_PIVOT|WEAK_RS,753
FOUR,2026-10-01,35.58,37.02,LOOSE,RANGE_EXIT_CONFIRMED,DOWN_EXPANSION_CONFIRMED,39.29,61.9,80.95,90.48,True,False,53.17,False,42.85,35.91,1.354,6.3,31.96,-19.56,-25.6,-20.38,1.76,11.11,39,89842737.47,46.64,-23.71,57.385,-38.0,-33.54,5.0,False,NOT_COMPRESSED|ALREADY_EXPANDING|POST_GAP_COIL|BELOW_SMA50|NOT_NEAR_UNBROKEN_PIVOT|WEAK_RS,753
BWA,2026-10-01,60.38,36.96,LOOSE,NO_EDGE,NONE,56.75,48.02,71.43,66.27,False,False,52.38,False,64.5,58.1,0.758,3.22,15.95,-7.36,-5.71,-6.4,1.88,3.02,544,150132597.12,67.73,-10.85,78.6112,-23.19,-7.52,51.0,False,NOT_COMPRESSED|BELOW_SMA50|NOT_NEAR_UNBROKEN_PIVOT|WEAK_RS,753
PFSI,2026-10-01,61.95,36.94,LOOSE,NO_EDGE,NONE,5.16,47.22,87.3,89.29,False,False,78.17,False,67.73,61.67,1.274,2.98,21.28,-14.17,-23.15,-15.16,1.34,9.67,168,40100204.29,73.97,-16.25,95.0876,-34.85,-28.33,8.0,False,NOT_COMPRESSED|BELOW_SMA50|NOT_NEAR_UNBROKEN_PIVOT|WEAK_RS,753
COUR,2026-10-01,5.08,36.92,LOOSE,NO_EDGE,NONE,49.21,49.21,75.0,74.21,False,False,48.41,False,5.3,4.531,1.161,4.97,34.43,-16.86,-11.5,-9.22,6.21,14.08,44,34577805.73,6.313,-19.53,6.675,-23.9,-16.73,25.0,False,NOT_COMPRESSED|POST_GAP_COIL|BELOW_SMA50|NOT_NEAR_UNBROKEN_PIVOT|WEAK_RS,753
MBC,2026-10-01,7.01,36.87,LOOSE,NO_EDGE,NONE,50.4,80.16,70.24,32.54,False,False,53.97,False,7.45,6.27,1.281,5.7,37.19,-14.09,-18.96,-14.66,4.01,6.49,160,23776583.37,8.877,-21.03,10.355,-32.3,-31.88,6.0,False,NOT_COMPRESSED|BELOW_SMA50|NOT_NEAR_UNBROKEN_PIVOT|WEAK_RS,753
AKO-A,2026-10-01,23.53,36.75,LOOSE,NO_EDGE,NONE,57.14,35.71,73.81,89.29,False,True,63.49,False,26.0,23.21,,2.24,12.75,0.56,5.89,-0.5,5.66,7.35,125,8980.05,26.0,-9.5,25.7033,-8.46,2.68,75.0,False,NOT_COMPRESSED|NOT_NEAR_UNBROKEN_PIVOT|LOW_LIQUIDITY,753
CTSH,2026-10-01,60.88,36.55,LOOSE,NO_EDGE,NONE,65.08,66.27,48.41,43.25,False,False,73.41,False,62.12,55.63,4.148,3.95,16.08,-3.97,44.32,4.15,7.76,7.76,231,408153278.5,65.42,-6.94,65.38,-6.88,43.0,97.0,False,NOT_COMPRESSED|EXTENDED_60D_RUN|NOT_NEAR_UNBROKEN_PIVOT,753
RUM,2026-10-01,7.64,36.51,LOOSE,NO_EDGE,NONE,58.73,82.54,52.78,51.19,False,True,66.67,False,9.355,7.55,1.188,7.93,31.02,-13.18,21.66,-1.76,7.0,7.0,72,49585148.03,9.355,-18.33,10.595,-27.89,21.19,92.0,False,NOT_COMPRESSED|NOT_NEAR_UNBROKEN_PIVOT,753
TD,2026-10-01,117.61,36.49,LOOSE,NO_EDGE,NONE,49.21,75.4,36.11,52.78,False,False,89.68,False,124.4,117.52,1.62,1.71,7.86,-3.18,-0.14,-2.38,1.11,1.79,999,182812364.67,124.4,-5.46,125.47,-6.26,-3.6,61.0,False,NOT_COMPRESSED|NOT_NEAR_UNBROKEN_PIVOT|WEAK_RS,753
OSK,2026-10-01,130.82,36.49,LOOSE,NO_EDGE,NONE,8.73,45.63,83.73,88.89,False,False,83.73,False,148.75,127.84,1.336,3.52,24.16,-14.44,-6.17,-11.71,2.56,3.32,419,90772670.82,159.0,-17.72,160.0916,-18.28,-10.82,41.0,False,NOT_COMPRESSED|BELOW_SMA50|NOT_NEAR_UNBROKEN_PIVOT|WEAK_RS,753
BJ,2026-10-01,94.36,36.45,LOOSE,NO_EDGE,NONE,83.73,61.51,48.41,61.11,False,False,37.7,False,97.3,89.89,1.222,2.96,10.15,1.74,8.82,0.66,1.27,3.14,999,164614356.04,97.3,-3.02,100.26,-5.88,2.97,76.0,False,NOT_COMPRESSED,753
PSNY,2026-10-01,6.36,36.43,LOOSE,RANGE_EXIT_CONFIRMED,DOWN_EXPANSION_CONFIRMED,79.37,61.9,61.51,75.0,True,True,65.08,False,8.15,6.408,1.736,9.2,77.2,-46.96,-66.38,-43.16,8.42,8.42,101,2725476.28,12.38,-48.63,23.75,-73.22,-71.72,0.0,False,NOT_COMPRESSED|ALREADY_EXPANDING|BELOW_SMA50|NOT_NEAR_UNBROKEN_PIVOT|LOW_LIQUIDITY|WEAK_RS,753
HBNB,2026-10-01,4.56,36.39,LOOSE,RANGE_EXIT_CONFIRMED,DOWN_EXPANSION_CONFIRMED,57.14,73.02,46.83,56.75,False,False,64.68,False,5.5,4.65,2.067,6.94,20.83,-16.02,-17.84,-13.58,11.44,11.44,3,71352.55,5.5,-17.09,7.775,-41.35,-18.0,23.0,False,NOT_COMPRESSED|ALREADY_EXPANDING|POST_GAP_COIL|BELOW_SMA50|NOT_NEAR_UNBROKEN_PIVOT|LOW_LIQUIDITY|WEAK_RS,335
ARMK,2026-10-01,54.59,36.37,LOOSE,NO_EDGE,NONE,44.84,51.59,70.24,84.92,False,False,50.4,False,58.26,53.55,1.561,2.24,12.64,-3.76,-3.17,-5.0,1.62,7.61,98,129006650.2,60.15,-9.24,62.5257,-12.69,-5.66,56.0,False,NOT_COMPRESSED|BELOW_SMA50|NOT_NEAR_UNBROKEN_PIVOT|WEAK_RS,753
AME,2026-10-01,249.09,36.35,LOOSE,NO_EDGE,NONE,43.25,33.33,72.62,81.75,False,False,76.98,False,254.19,231.87,0.966,2.05,9.71,6.97,7.83,2.36,2.45,5.02,999,355020319.11,254.19,-2.01,260.78,-4.48,3.49,76.0,False,NOT_COMPRESSED,753
DPZ,2026-10-01,295.0,36.35,LOOSE,NO_EDGE,NONE,55.95,61.51,88.49,74.6,False,False,21.83,True,304.99,286.32,0.804,3.1,20.6,-14.38,-1.83,-10.61,1.8,6.38,553,228978890.85,348.7035,-15.4,377.4478,-21.84,-7.59,50.0,False,NOT_COMPRESSED|BELOW_SMA50|NOT_NEAR_UNBROKEN_PIVOT|WEAK_RS,753
BMO,2026-10-01,166.3,36.31,LOOSE,RANGE_EXIT_CONFIRMED,DOWN_EXPANSION_CONFIRMED,41.67,71.03,40.87,60.32,False,False,92.86,False,177.66,167.19,1.799,1.86,8.9,-3.77,-4.04,-5.32,1.1,1.54,999,104638485.11,177.66,-6.39,187.22,-11.17,-6.66,53.0,False,NOT_COMPRESSED|ALREADY_EXPANDING|BELOW_SMA50|NOT_NEAR_UNBROKEN_PIVOT|WEAK_RS,753
VIAV,2026-10-01,44.78,36.27,LOOSE,RANGE_EXIT_CONFIRMED,UP_EXPANSION_CONFIRMED,51.98,42.06,67.46,78.97,False,False,63.89,False,43.14,34.58,1.547,5.68,28.14,29.8,10.02,17.25,6.97,6.97,106,219503026.47,43.14,3.8,60.43,-25.9,4.66,78.0,False,NOT_COMPRESSED|ALREADY_EXPANDING|RECENT_SURGE|EXTENDED_FROM_SMA50|NOT_NEAR_UNBROKEN_PIVOT,753
CCU,2026-10-01,10.33,36.25,LOOSE,NO_EDGE,NONE,0.4,46.43,84.13,89.68,False,False,94.05,False,11.68,10.35,0.815,3.07,19.75,-11.78,-5.23,-11.15,1.6,2.26,999,1327617.66,12.29,-15.95,12.83,-19.49,-9.69,44.0,False,NOT_COMPRESSED|BELOW_SMA50|NOT_NEAR_UNBROKEN_PIVOT|LOW_LIQUIDITY|WEAK_RS,753
ZS,2026-10-01,198.78,36.23,LOOSE,NO_EDGE,NONE,81.75,42.46,79.37,57.94,False,False,42.46,True,216.97,187.671,0.784,4.84,29.06,15.08,38.47,11.71,6.55,6.55,88,730058160.33,216.97,-8.38,191.25,3.94,32.09,95.0,False,NOT_COMPRESSED|RECENT_SURGE|EXTENDED_60D_RUN|NOT_NEAR_UNBROKEN_PIVOT,753
BST,2026-10-01,51.13,36.21,LOOSE,RANGE_EXIT_CONFIRMED,UP_EXPANSION_CONFIRMED,73.41,67.06,48.41,48.02,False,False,58.73,False,50.75,47.75,1.952,2.04,9.42,7.27,14.32,8.82,1.99,2.21,999,5944930.57,50.75,0.75,48.6219,5.16,9.36,84.0,False,NOT_COMPRESSED|ALREADY_EXPANDING,753
USAC,2026-10-01,25.27,36.21,LOOSE,NO_EDGE,NONE,42.06,15.08,86.51,91.67,False,False,75.4,False,26.98,24.76,1.038,2.46,12.7,-8.01,-4.58,-4.13,1.35,1.42,999,13749438.69,27.93,-9.52,29.942,-15.6,-5.02,57.0,False,NOT_COMPRESSED|BELOW_SMA50|NOT_NEAR_UNBROKEN_PIVOT|WEAK_RS,753
ETON,2026-10-01,51.98,36.19,LOOSE,NO_EDGE,NONE,74.21,100.0,24.6,15.48,False,False,78.17,False,60.6,48.79,1.167,6.9,26.16,-16.11,43.71,-4.43,2.54,34.63,33,32382853.35,62.91,-17.37,66.37,-21.68,35.78,96.0,False,NOT_COMPRESSED|POST_GAP_COIL|EXTENDED_60D_RUN|BELOW_SMA50|NOT_NEAR_UNBROKEN_PIVOT,753
THG,2026-10-01,216.94,36.19,LOOSE,NO_EDGE,NONE,53.97,39.29,72.22,79.37,False,False,58.73,False,232.45,214.07,1.184,2.02,9.61,-4.08,2.65,-3.19,1.15,1.98,999,71912306.06,234.48,-7.48,235.0689,-7.71,-4.52,58.0,False,NOT_COMPRESSED|BELOW_SMA50|NOT_NEAR_UNBROKEN_PIVOT|WEAK_RS,753
TIGO,2026-10-01,85.61,36.19,LOOSE,RANGE_EXIT_CONFIRMED,DOWN_EXPANSION_CONFIRMED,17.46,73.81,51.59,82.54,False,False,85.71,False,96.98,87.13,1.367,3.66,16.94,-10.12,-9.0,-8.9,1.31,8.4,999,78911040.83,97.2,-11.92,107.13,-20.09,-10.78,41.0,False,NOT_COMPRESSED|ALREADY_EXPANDING|BELOW_SMA50|NOT_NEAR_UNBROKEN_PIVOT|WEAK_RS,753
PAGP,2026-10-01,25.93,36.17,LOOSE,NO_EDGE,NONE,7.54,76.19,65.08,86.51,False,False,87.3,True,27.95,25.65,0.632,1.94,10.99,-8.54,5.59,-2.98,1.22,1.87,999,49494244.75,28.52,-9.08,28.7,-9.65,5.0,79.0,False,NOT_COMPRESSED|NOT_NEAR_UNBROKEN_PIVOT,753
AGRO,2026-10-01,9.93,36.17,LOOSE,NO_EDGE,NONE,14.29,48.41,79.37,91.27,False,False,78.17,False,12.12,9.83,1.25,4.4,30.72,-15.7,-2.65,-6.44,1.95,3.77,407,7871121.86,12.79,-22.36,15.6426,-36.52,0.17,72.0,False,NOT_COMPRESSED|BELOW_SMA50|NOT_NEAR_UNBROKEN_PIVOT,753
PGY,2026-10-01,17.44,36.17,LOOSE,NO_EDGE,NONE,33.33,32.14,77.78,88.89,False,False,78.97,False,22.28,16.5,0.97,6.43,39.88,-20.73,1.87,-14.05,4.35,11.15,44,50505573.96,23.455,-25.64,23.68,-26.35,-4.8,58.0,False,NOT_COMPRESSED|POST_GAP_COIL|BELOW_SMA50|NOT_NEAR_UNBROKEN_PIVOT|WEAK_RS,753
NBTX,2026-10-01,27.9,36.15,LOOSE,RANGE_EXIT_CONFIRMED,DOWN_EXPANSION_CONFIRMED,17.06,76.98,57.94,78.57,False,False,77.78,False,36.1,31.07,2.144,8.59,51.79,-33.05,-28.09,-26.78,7.17,8.54,98,4703200.92,43.4,-35.71,57.14,-51.17,-30.18,7.0,False,NOT_COMPRESSED|ALREADY_EXPANDING|BELOW_SMA50|NOT_NEAR_UNBROKEN_PIVOT|LOW_LIQUIDITY|WEAK_RS,753
HUBG,2026-10-01,30.15,36.13,LOOSE,NO_EDGE,NONE,32.54,71.83,81.35,86.9,True,False,57.94,False,33.5513,29.53,1.116,4.78,26.26,-15.77,-33.86,-22.42,9.99,9.99,163,47247935.65,37.9246,-20.5,51.4228,-41.37,-35.49,4.0,False,NOT_COMPRESSED|BELOW_SMA50|NOT_NEAR_UNBROKEN_PIVOT|WEAK_RS,753
REGN,2026-10-01,734.81,36.11,LOOSE,RANGE_EXIT_CONFIRMED,DOWN_EXPANSION_CONFIRMED,17.86,79.76,61.11,74.21,False,False,73.41,False,813.53,741.83,2.604,3.03,18.14,-13.76,10.98,-6.14,1.65,1.65,94,587299168.53,859.34,-14.49,847.0,-13.25,9.61,85.0,False,NOT_COMPRESSED|ALREADY_EXPANDING|BELOW_SMA50|NOT_NEAR_UNBROKEN_PIVOT,753
IRS,2026-10-01,13.2,36.11,LOOSE,RANGE_EXIT_CONFIRMED,DOWN_EXPANSION_CONFIRMED,32.54,31.75,65.87,89.68,False,False,96.03,False,16.4,13.79,2.132,4.19,24.92,-13.67,-13.67,-11.89,3.32,3.32,233,3148698.55,16.4,-19.51,17.45,-24.36,-19.34,20.0,False,NOT_COMPRESSED|ALREADY_EXPANDING|BELOW_SMA50|NOT_NEAR_UNBROKEN_PIVOT|LOW_LIQUIDITY|WEAK_RS,753
AMX,2026-10-01,20.73,36.11,LOOSE,RANGE_EXIT_CONFIRMED,DOWN_EXPANSION_CONFIRMED,22.62,49.6,63.89,86.11,False,False,91.67,False,23.25,21.19,1.75,2.34,13.65,-9.4,-20.57,-11.52,0.98,1.42,999,64330200.26,23.37,-11.3,28.1232,-26.29,-21.27,17.0,False,NOT_COMPRESSED|ALREADY_EXPANDING|BELOW_SMA50|NOT_NEAR_UNBROKEN_PIVOT|WEAK_RS,753
MTZ,2026-10-01,213.66,36.09,LOOSE,NO_EDGE,NONE,80.95,75.79,57.14,57.14,False,False,17.06,False,235.0,203.38,1.131,5.42,22.92,-9.21,-44.2,-16.29,4.69,14.62,43,338724888.16,252.35,-15.33,441.43,-51.6,-45.62,1.0,False,NOT_COMPRESSED|POST_GAP_COIL|BELOW_SMA50|NOT_NEAR_UNBROKEN_PIVOT|WEAK_RS,753
RJF,2026-10-01,159.76,36.05,LOOSE,NO_EDGE,NONE,31.35,38.89,96.83,88.49,False,False,48.41,False,166.7183,154.9686,1.213,2.33,16.16,-8.89,-3.05,-7.16,2.27,2.27,999,216728277.24,180.7801,-11.63,182.1056,-12.27,-4.28,59.0,False,NOT_COMPRESSED|BELOW_SMA50|NOT_NEAR_UNBROKEN_PIVOT|WEAK_RS,753
FTDR,2026-10-01,75.45,35.91,LOOSE,NO_EDGE,NONE,48.81,53.97,59.92,70.63,False,False,73.02,False,82.73,70.25,1.75,3.45,17.26,-6.92,3.17,-5.02,1.76,2.62,291,47364122.76,83.27,-9.39,93.43,-19.24,-6.72,53.0,False,NOT_COMPRESSED|BELOW_SMA50|NOT_NEAR_UNBROKEN_PIVOT|WEAK_RS,753
WMB,2026-10-01,69.22,35.91,LOOSE,NO_EDGE,NONE,28.57,69.84,65.48,78.17,False,False,63.89,False,73.29,67.48,1.5,2.55,12.89,-7.23,-7.37,-3.64,1.07,1.66,999,532612714.22,76.3059,-9.29,78.9199,-12.29,-7.51,51.0,False,NOT_COMPRESSED|BELOW_SMA50|NOT_NEAR_UNBROKEN_PIVOT|WEAK_RS,753
ARQT,2026-10-01,25.29,35.9,LOOSE,NO_EDGE,NONE,76.19,72.62,64.68,54.37,False,True,41.67,False,28.29,24.345,1.085,5.02,20.52,6.04,-11.26,-1.74,3.93,7.79,232,90115430.38,28.29,-10.6,29.84,-15.25,-4.85,58.0,False,NOT_COMPRESSED|NOT_NEAR_UNBROKEN_PIVOT|WEAK_RS,753
BRBR,2026-10-01,7.4,35.89,LOOSE,RANGE_EXIT_CONFIRMED,DOWN_EXPANSION_CONFIRMED,17.86,56.35,76.98,83.73,False,False,75.4,False,9.304,7.49,1.341,6.43,50.81,-30.97,-43.85,-29.19,3.06,18.53,41,29943063.96,11.09,-33.27,18.43,-59.85,-49.44,1.0,False,NOT_COMPRESSED|ALREADY_EXPANDING|POST_GAP_COIL|BELOW_SMA50|NOT_NEAR_UNBROKEN_PIVOT|WEAK_RS,753
GS,2026-10-01,896.67,35.87,LOOSE,NO_EDGE,NONE,38.49,47.22,95.63,94.84,True,False,57.54,False,967.76,900.36,1.005,2.73,18.16,-10.73,-12.49,-10.73,1.86,3.74,999,2056071095.31,1043.84,-14.1,1148.3658,-21.92,-14.58,30.0,False,NOT_COMPRESSED|BELOW_SMA50|NOT_NEAR_UNBROKEN_PIVOT|WEAK_RS,753
ALMS,2026-10-01,7.21,35.84,LOOSE,NO_EDGE,NONE,55.56,91.67,76.98,80.56,True,True,34.92,False,8.14,6.83,0.957,12.82,70.6,-30.34,-75.76,-60.26,7.65,54.47,21,30727823.56,11.92,-39.51,31.35,-77.0,-75.63,0.0,False,NOT_COMPRESSED|POST_GAP_COIL|BELOW_SMA50|NOT_NEAR_UNBROKEN_PIVOT|WEAK_RS,567
VRDN,2026-10-01,18.99,35.83,LOOSE,RANGE_EXIT_CONFIRMED,DOWN_EXPANSION_CONFIRMED,41.67,65.08,52.78,71.03,False,False,77.38,False,22.97,19.73,1.906,4.99,25.51,-16.64,-4.38,-13.51,2.36,2.47,103,38809964.59,23.835,-20.33,24.86,-23.61,-4.95,57.0,False,NOT_COMPRESSED|ALREADY_EXPANDING|BELOW_SMA50|NOT_NEAR_UNBROKEN_PIVOT|WEAK_RS,753
ARWR,2026-10-01,64.79,35.79,LOOSE,NO_EDGE,NONE,78.57,45.63,92.86,90.48,True,False,28.17,True,72.49,63.99,0.616,5.15,35.82,-24.11,-24.43,-20.27,4.74,14.68,50,166480818.2,87.2,-25.7,95.49,-32.15,-25.69,11.0,False,NOT_COMPRESSED|POST_GAP_COIL|BELOW_SMA50|NOT_NEAR_UNBROKEN_PIVOT|WEAK_RS,753
CRVS,2026-10-01,10.93,35.73,LOOSE,RANGE_EXIT_CONFIRMED,DOWN_EXPANSION_CONFIRMED,40.08,48.41,69.44,77.78,False,False,73.41,False,13.46,11.25,1.229,6.73,35.22,-23.03,-32.03,-19.3,4.17,6.91,115,15565283.11,14.82,-26.25,19.7,-44.52,-31.07,6.0,False,NOT_COMPRESSED|ALREADY_EXPANDING|BELOW_SMA50|NOT_NEAR_UNBROKEN_PIVOT|WEAK_RS,753
WBD,2026-10-01,30.95,35.71,LOOSE,NO_EDGE,NONE,76.98,17.06,84.13,84.13,True,False,86.9,True,30.97,27.74,0.429,1.15,10.44,9.02,18.36,10.05,7.05,7.05,538,1466728507.16,30.97,-0.06,28.99,6.76,14.05,88.0,False,NOT_COMPRESSED,753
AORT,2026-10-01,21.93,35.68,LOOSE,RANGE_EXIT_CONFIRMED,DOWN_EXPANSION_CONFIRMED,31.75,67.86,74.21,83.73,False,True,66.67,False,25.14,22.41,1.736,4.44,22.98,-16.74,-7.0,-15.55,2.11,2.11,100,15079126.56,27.92,-21.45,39.66,-44.7,-11.34,39.0,False,NOT_COMPRESSED|ALREADY_EXPANDING|BELOW_SMA50|NOT_NEAR_UNBROKEN_PIVOT|WEAK_RS,753
POST,2026-10-01,72.83,35.67,LOOSE,NO_EDGE,NONE,26.19,59.52,86.51,88.1,False,False,44.44,False,79.17,72.52,0.684,3.04,18.85,-13.63,-15.23,-11.09,1.35,5.31,999,73976329.51,86.41,-15.72,108.09,-32.62,-24.34,12.0,False,NOT_COMPRESSED|BELOW_SMA50|NOT_NEAR_UNBROKEN_PIVOT|WEAK_RS,753
MT,2026-10-01,64.56,35.65,LOOSE,RANGE_EXIT_CONFIRMED,DOWN_EXPANSION_CONFIRMED,29.37,57.54,59.52,82.14,False,False,84.92,False,75.68,66.67,1.964,3.2,25.06,-14.07,2.35,-10.85,3.74,6.41,122,92178543.46,79.68,-18.98,75.93,-14.97,-0.8,69.0,False,NOT_COMPRESSED|ALREADY_EXPANDING|BELOW_SMA50|NOT_NEAR_UNBROKEN_PIVOT|WEAK_RS,753
HD,2026-10-01,282.46,35.65,LOOSE,RANGE_EXIT_CONFIRMED,DOWN_EXPANSION_CONFIRMED,24.6,41.67,77.78,86.51,False,False,83.73,False,310.4,284.01,1.279,2.36,15.81,-10.66,-15.37,-12.26,1.65,2.41,999,1513864490.93,321.8,-12.22,356.2249,-20.71,-23.33,14.0,False,NOT_COMPRESSED|ALREADY_EXPANDING|BELOW_SMA50|NOT_NEAR_UNBROKEN_PIVOT|WEAK_RS,753
RBLX,2026-10-01,43.0,35.65,LOOSE,NO_EDGE,NONE,67.46,40.08,57.94,59.13,False,False,82.54,False,51.96,40.75,0.598,5.67,26.07,4.34,-21.99,1.16,6.44,20.12,43,551162654.35,51.96,-17.24,64.42,-33.25,-25.23,11.0,False,NOT_COMPRESSED|POST_GAP_COIL|NOT_NEAR_UNBROKEN_PIVOT|WEAK_RS,753
WVE,2026-10-01,3.88,35.63,LOOSE,NO_EDGE,NONE,31.35,36.9,82.14,88.1,False,False,73.81,False,4.65,3.56,1.682,6.33,36.34,-20.49,-37.82,-22.46,6.76,6.76,127,14540122.96,5.09,-23.77,7.74,-49.87,-40.85,2.0,False,NOT_COMPRESSED|BELOW_SMA50|NOT_NEAR_UNBROKEN_PIVOT|LOW_LIQUIDITY|WEAK_RS,753
OC,2026-10-01,117.09,35.58,LOOSE,NO_EDGE,NONE,64.29,72.62,50.4,59.92,False,False,53.17,False,130.34,116.56,1.217,3.93,22.37,-12.78,-14.33,-15.24,2.61,2.92,735,146772811.96,139.71,-16.19,159.88,-26.76,-24.89,12.0,False,NOT_COMPRESSED|BELOW_SMA50|NOT_NEAR_UNBROKEN_PIVOT|WEAK_RS,753
ALNT,2026-10-01,115.95,35.56,LOOSE,NO_EDGE,NONE,50.4,36.51,82.94,82.54,False,False,53.97,False,117.53,97.36,2.432,4.83,26.54,30.74,33.86,16.5,5.4,10.72,39,23223174.39,117.53,-1.34,118.6263,-2.26,30.66,95.0,False,NOT_COMPRESSED|POST_GAP_COIL|RECENT_SURGE|EXTENDED_60D_RUN|EXTENDED_FROM_SMA50,753
KYN,2026-10-01,13.79,35.54,LOOSE,NO_EDGE,NONE,7.54,30.16,94.44,100.0,False,False,86.9,False,14.57,13.5,1.556,1.72,11.01,-7.38,-1.42,-4.48,1.07,2.33,999,4575408.55,15.0179,-8.18,15.0378,-8.3,-1.84,66.0,False,NOT_COMPRESSED|BELOW_SMA50|NOT_NEAR_UNBROKEN_PIVOT|LOW_LIQUIDITY|WEAK_RS,753
CVS,2026-10-01,85.2,35.52,LOOSE,NO_EDGE,NONE,28.57,66.67,89.68,78.97,False,False,37.7,False,92.14,84.5,1.005,2.61,16.24,-12.37,-17.94,-10.61,1.37,10.25,40,687406767.97,98.5,-13.5,110.0,-22.55,-20.97,17.0,False,NOT_COMPRESSED|POST_GAP_COIL|BELOW_SMA50|NOT_NEAR_UNBROKEN_PIVOT|WEAK_RS,753
PEG,2026-10-01,67.89,35.5,LOOSE,NO_EDGE,NONE,33.33,10.71,99.6,96.43,False,False,75.4,False,71.07,66.15,1.283,1.7,11.53,-6.56,-15.69,-6.9,0.93,1.16,999,239580272.55,73.9763,-8.23,82.9862,-18.19,-18.9,21.0,False,NOT_COMPRESSED|BELOW_SMA50|NOT_NEAR_UNBROKEN_PIVOT|WEAK_RS,753
BHE,2026-10-01,84.62,35.42,LOOSE,NO_EDGE,NONE,48.02,45.24,74.6,75.4,False,False,64.68,False,85.5,73.7895,1.516,3.57,20.07,20.03,3.66,9.17,4.81,15.6,44,31950584.27,85.5,-1.03,100.2056,-15.55,-4.39,59.0,False,NOT_COMPRESSED|POST_GAP_COIL|RECENT_SURGE|WEAK_RS,753
PTC,2026-10-01,146.47,35.4,LOOSE,RANGE_EXIT_CONFIRMED,UP_EXPANSION_CONFIRMED,85.71,62.3,61.11,42.86,False,True,62.3,False,142.81,129.89,1.953,3.46,18.76,-1.78,19.46,3.4,2.7,4.11,101,239875346.19,155.72,-5.94,159.46,-8.15,14.77,89.0,False,NOT_COMPRESSED|ALREADY_EXPANDING|NOT_NEAR_UNBROKEN_PIVOT,753
BCS,2026-10-01,23.64,35.4,LOOSE,RANGE_EXIT_CONFIRMED,DOWN_EXPANSION_CONFIRMED,36.11,50.4,74.6,74.6,False,False,74.6,False,25.77,24.14,2.973,2.35,16.71,-9.77,-10.77,-10.92,2.43,7.21,999,117985275.46,27.12,-12.83,28.3713,-16.68,-16.75,25.0,False,NOT_COMPRESSED|ALREADY_EXPANDING|BELOW_SMA50|NOT_NEAR_UNBROKEN_PIVOT|WEAK_RS,753
INTU,2026-10-01,282.78,35.38,LOOSE,NO_EDGE,NONE,39.68,48.81,74.21,78.17,False,False,69.05,False,323.86,262.32,1.678,4.61,35.85,-17.54,4.39,-12.56,3.28,9.51,91,1133076101.46,363.7,-22.25,433.3255,-34.74,0.32,72.0,False,NOT_COMPRESSED|BELOW_SMA50|NOT_NEAR_UNBROKEN_PIVOT,753
ROCK,2026-10-01,39.73,35.32,LOOSE,NO_EDGE,NONE,30.56,55.16,80.56,83.73,False,False,59.13,False,46.53,38.18,1.184,4.66,24.54,-10.19,-3.71,-12.22,2.53,8.16,175,15636654.49,47.93,-17.11,57.58,-31.0,-12.37,37.0,False,NOT_COMPRESSED|BELOW_SMA50|NOT_NEAR_UNBROKEN_PIVOT|WEAK_RS,753
HP,2026-10-01,38.2,35.28,LOOSE,NO_EDGE,NONE,12.7,56.75,86.9,93.25,False,False,63.1,False,42.7,36.17,1.262,3.99,30.97,-19.82,16.41,-5.36,2.88,6.73,414,46316581.74,48.17,-20.7,46.53,-17.9,19.9,91.0,False,NOT_COMPRESSED|BELOW_SMA50|NOT_NEAR_UNBROKEN_PIVOT,753
SFD,2026-10-01,18.58,35.24,LOOSE,NO_EDGE,NONE,66.27,51.19,86.51,80.56,True,True,65.87,False,20.13,18.7,0.958,2.39,20.26,-17.05,-24.25,-16.48,6.95,6.95,999,44511492.14,22.6,-17.79,29.0301,-36.0,-26.19,10.0,False,NOT_COMPRESSED|BELOW_SMA50|NOT_NEAR_UNBROKEN_PIVOT|WEAK_RS,422
NTRA,2026-10-01,408.47,35.18,LOOSE,NO_EDGE,NONE,28.97,19.84,96.43,95.24,False,False,76.59,False,427.468,348.26,1.296,3.24,26.31,25.62,48.86,24.47,1.63,20.92,38,601839550.26,427.468,-4.44,343.18,19.03,43.4,97.0,False,NOT_COMPRESSED|POST_GAP_COIL|RECENT_SURGE|EXTENDED_60D_RUN|EXTENDED_FROM_SMA50|DETACHED_FROM_PRIOR_STRUCTURE,753
FA,2026-10-01,18.34,35.18,LOOSE,NO_EDGE,NONE,45.24,35.71,69.05,89.29,False,False,76.19,False,21.61,17.335,0.787,4.45,27.45,-8.62,-6.9,-11.39,1.93,10.39,36,34627712.27,22.37,-18.02,25.15,-27.08,-13.5,33.0,False,NOT_COMPRESSED|POST_GAP_COIL|BELOW_SMA50|NOT_NEAR_UNBROKEN_PIVOT|WEAK_RS,753
ISRG,2026-10-01,401.24,35.14,LOOSE,NO_EDGE,NONE,51.19,41.27,80.95,78.97,False,False,55.56,False,416.51,378.28,1.251,2.73,17.76,7.9,-3.34,5.91,1.58,9.27,236,927373645.5,416.51,-3.67,491.15,-18.31,-8.65,47.0,False,NOT_COMPRESSED|WEAK_RS,753
GLOP-PA,2026-10-01,25.2,35.1,LOOSE,NO_EDGE,NONE,42.46,88.1,61.9,29.37,False,True,100.0,False,25.6,24.58,0.741,0.88,5.52,0.75,0.4,0.23,3.22,3.22,999,99335.67,25.97,-2.96,25.1584,0.17,-2.39,64.0,False,NOT_COMPRESSED|LOW_LIQUIDITY|WEAK_RS,585
BALL,2026-10-01,56.5,35.1,LOOSE,NO_EDGE,NONE,31.35,38.1,75.0,86.51,False,False,86.9,False,61.8,56.0,1.583,2.25,15.4,-10.74,-5.99,-8.5,2.56,5.05,999,125167560.95,63.93,-11.62,67.3355,-16.09,-13.42,33.0,False,NOT_COMPRESSED|BELOW_SMA50|NOT_NEAR_UNBROKEN_PIVOT|WEAK_RS,753
KEY,2026-10-01,20.05,35.1,LOOSE,NO_EDGE,NONE,57.14,39.68,79.76,77.38,False,False,53.17,False,21.08,20.02,1.9,2.1,14.21,-8.03,-10.59,-7.82,1.25,2.02,536,325948639.3,22.35,-10.29,23.8417,-15.9,-14.9,30.0,False,NOT_COMPRESSED|BELOW_SMA50|NOT_NEAR_UNBROKEN_PIVOT|WEAK_RS,753
NVS,2026-10-01,141.05,35.0,LOOSE,NO_EDGE,NONE,93.25,86.51,94.05,7.54,True,False,27.38,False,147.03,139.6,0.872,2.11,19.48,-13.18,-9.1,-6.48,12.53,12.53,17,352752936.33,164.48,-14.24,163.57,-13.77,-14.62,30.0,False,NOT_COMPRESSED|POST_GAP_COIL|BELOW_SMA50|NOT_NEAR_UNBROKEN_PIVOT|WEAK_RS,753
GLPI,2026-10-01,37.59,35.0,LOOSE,RANGE_EXIT_CONFIRMED,DOWN_EXPANSION_CONFIRMED,7.94,47.22,88.89,96.03,False,False,78.57,False,40.51,37.88,1.363,1.8,11.84,-9.41,-10.61,-9.49,1.01,1.88,999,139434722.35,41.8064,-10.09,47.2066,-20.37,-15.56,28.0,False,NOT_COMPRESSED|ALREADY_EXPANDING|BELOW_SMA50|NOT_NEAR_UNBROKEN_PIVOT|WEAK_RS,753
CDNA,2026-10-01,66.23,34.92,LOOSE,NO_EDGE,NONE,42.46,13.49,87.3,95.24,False,False,80.95,False,65.63,53.12,0.983,4.31,28.54,33.53,140.4,33.36,2.17,22.35,43,74832886.91,65.63,0.91,53.671,23.4,124.06,100.0,False,NOT_COMPRESSED|POST_GAP_COIL|RECENT_SURGE|EXTENDED_60D_RUN|EXTENDED_FROM_SMA50|DETACHED_FROM_PRIOR_STRUCTURE,753
OCFC,2026-10-01,16.67,34.92,LOOSE,NO_EDGE,NONE,5.16,37.7,96.83,96.43,False,False,84.52,False,18.49,16.41,1.472,2.45,20.1,-12.68,-9.69,-10.87,1.49,3.11,475,18897368.76,19.51,-14.56,20.1206,-17.15,-14.42,31.0,False,NOT_COMPRESSED|BELOW_SMA50|NOT_NEAR_UNBROKEN_PIVOT|WEAK_RS,753
MNST,2026-10-01,42.14,34.86,LOOSE,NO_EDGE,NONE,36.9,76.59,46.43,70.24,False,False,84.13,False,45.08,41.05,0.896,2.41,9.56,-5.13,-11.42,-7.51,2.41,2.41,100,447252192.23,45.37,-7.12,50.17,-16.01,-16.48,26.0,False,NOT_COMPRESSED|BELOW_SMA50|NOT_NEAR_UNBROKEN_PIVOT|WEAK_RS,753
VECO,2026-10-01,53.19,34.8,LOOSE,RANGE_EXIT_CONFIRMED,UP_EXPANSION_CONFIRMED,49.21,40.08,73.02,82.54,False,False,69.05,False,52.98,41.21,1.287,4.85,25.44,23.64,-2.35,11.74,5.93,6.6,102,30095647.25,52.98,0.4,86.63,-38.6,-10.31,43.0,False,NOT_COMPRESSED|ALREADY_EXPANDING|RECENT_SURGE|WEAK_RS,753
SOBO,2026-10-01,33.51,34.76,LOOSE,NO_EDGE,NONE,7.54,70.24,81.75,84.52,False,False,71.03,False,35.6382,32.87,2.133,2.27,14.91,-9.04,-7.51,-6.57,1.18,2.34,999,26441426.25,37.668,-11.04,38.4454,-12.84,-3.88,60.0,False,NOT_COMPRESSED|BELOW_SMA50|NOT_NEAR_UNBROKEN_PIVOT|WEAK_RS,500
BFH,2026-10-01,96.94,34.74,LOOSE,RANGE_EXIT_CONFIRMED,DOWN_EXPANSION_CONFIRMED,26.19,82.14,51.59,71.03,False,False,84.13,False,110.0,97.39,1.435,3.74,17.76,-8.96,3.54,-9.13,2.26,2.66,181,64626382.79,111.43,-13.0,114.2809,-15.17,-7.78,50.0,False,NOT_COMPRESSED|ALREADY_EXPANDING|BELOW_SMA50|NOT_NEAR_UNBROKEN_PIVOT|WEAK_RS,753
SLB,2026-10-01,48.66,34.72,LOOSE,NO_EDGE,NONE,7.94,76.98,83.73,85.71,False,False,57.94,False,53.21,48.69,0.806,3.41,23.63,-16.29,3.13,-7.72,2.09,6.04,999,724746754.88,59.36,-18.03,60.1479,-19.1,5.55,79.0,False,NOT_COMPRESSED|BELOW_SMA50|NOT_NEAR_UNBROKEN_PIVOT,753
QCOM,2026-10-01,182.09,34.72,LOOSE,NO_EDGE,NONE,76.19,69.84,61.51,37.7,False,False,67.46,True,205.85,175.97,0.59,4.64,22.5,7.72,-1.86,6.71,6.91,6.91,68,2750109111.51,205.85,-11.54,257.5618,-29.3,1.04,73.0,False,NOT_COMPRESSED|NOT_NEAR_UNBROKEN_PIVOT,753
VALE,2026-10-01,13.45,34.68,LOOSE,NO_EDGE,NONE,21.43,61.51,86.51,90.08,False,False,52.78,False,14.53,13.21,0.912,2.85,21.26,-14.49,-1.54,-6.79,3.02,3.73,999,434888219.27,16.02,-16.04,17.4424,-22.89,-10.55,42.0,False,NOT_COMPRESSED|BELOW_SMA50|NOT_NEAR_UNBROKEN_PIVOT|WEAK_RS,753
MDT,2026-10-01,86.44,34.56,LOOSE,NO_EDGE,NONE,41.27,70.24,55.56,74.6,False,False,72.22,False,92.67,86.2,0.866,2.35,10.12,-5.46,6.27,-3.07,2.63,3.7,999,1118079004.57,93.9693,-8.01,94.6339,-8.66,1.92,74.0,False,NOT_COMPRESSED|BELOW_SMA50|NOT_NEAR_UNBROKEN_PIVOT,753
PCT,2026-10-01,4.29,34.56,LOOSE,NO_EDGE,NONE,13.49,66.27,75.0,88.1,False,False,88.49,True,5.873,4.28,0.59,8.2,58.74,-32.23,-41.07,-30.97,2.9,3.85,77,25732038.05,6.76,-36.54,14.195,-69.78,-46.46,1.0,False,NOT_COMPRESSED|BELOW_SMA50|NOT_NEAR_UNBROKEN_PIVOT|LOW_LIQUIDITY|WEAK_RS,753
PRGO,2026-10-01,14.02,34.54,LOOSE,NO_EDGE,NONE,61.9,59.13,53.57,61.11,False,False,75.79,False,15.69,13.15,1.604,4.57,18.12,-3.24,36.01,6.67,3.24,17.07,40,40913708.86,15.69,-10.64,14.9,-5.91,27.01,94.0,False,NOT_COMPRESSED|POST_GAP_COIL|EXTENDED_60D_RUN|NOT_NEAR_UNBROKEN_PIVOT,753
ENB,2026-10-01,46.27,34.53,LOOSE,RANGE_EXIT_CONFIRMED,DOWN_EXPANSION_CONFIRMED,44.05,40.48,81.35,89.68,False,True,78.97,False,48.92,46.38,1.283,1.64,11.15,-8.03,-14.82,-8.04,3.71,3.71,999,277472893.98,50.88,-9.06,57.6568,-19.75,-16.1,27.0,False,NOT_COMPRESSED|ALREADY_EXPANDING|BELOW_SMA50|NOT_NEAR_UNBROKEN_PIVOT|WEAK_RS,753
MIRM,2026-10-01,83.92,34.48,LOOSE,NO_EDGE,NONE,35.32,67.86,66.27,80.95,False,False,76.59,True,100.5,84.71,0.713,4.6,23.35,-15.94,-34.73,-15.08,2.39,14.69,39,70808036.74,103.275,-18.74,130.0,-35.45,-36.01,4.0,False,NOT_COMPRESSED|POST_GAP_COIL|BELOW_SMA50|NOT_NEAR_UNBROKEN_PIVOT|WEAK_RS,753
HPQ,2026-10-01,32.15,34.4,LOOSE,NO_EDGE,NONE,83.73,78.17,52.38,46.83,True,False,71.43,False,35.15,30.6,1.047,4.42,17.53,1.48,36.51,6.3,2.91,8.72,337,526312425.49,36.23,-11.26,31.8802,0.85,45.19,97.0,False,NOT_COMPRESSED|EXTENDED_60D_RUN|NOT_NEAR_UNBROKEN_PIVOT,753
WK,2026-10-01,69.63,34.4,LOOSE,NO_EDGE,NONE,59.92,57.94,64.29,75.4,False,False,52.38,False,74.862,64.85,1.435,4.51,20.9,-8.08,33.98,0.2,3.69,4.25,154,72124932.92,79.4,-12.3,80.56,-13.57,31.25,95.0,False,NOT_COMPRESSED|EXTENDED_60D_RUN|NOT_NEAR_UNBROKEN_PIVOT,753
PBH,2026-10-01,44.77,34.4,LOOSE,NO_EDGE,NONE,67.46,53.97,79.76,65.87,False,False,36.51,False,47.8,44.46,1.367,3.35,20.93,-15.26,-7.29,-10.41,2.04,4.57,596,29322234.53,53.95,-17.02,60.29,-25.74,-12.24,37.0,False,NOT_COMPRESSED|BELOW_SMA50|NOT_NEAR_UNBROKEN_PIVOT|WEAK_RS,753
FIVE,2026-10-01,221.17,34.33,LOOSE,NO_EDGE,NONE,48.81,83.33,68.25,77.38,False,True,59.92,True,242.41,215.25,0.677,4.27,20.29,-9.01,22.36,-5.58,5.73,5.73,82,288637560.56,260.12,-14.97,263.88,-16.19,18.4,91.0,False,NOT_COMPRESSED|BELOW_SMA50|NOT_NEAR_UNBROKEN_PIVOT,753
MTB,2026-10-01,217.35,34.33,LOOSE,NO_EDGE,NONE,31.35,43.25,88.89,85.71,False,False,67.46,False,229.08,215.72,1.858,1.97,14.32,-7.7,-6.77,-8.79,1.1,1.5,999,246001100.29,242.84,-10.5,254.3089,-14.53,-11.26,39.0,False,NOT_COMPRESSED|BELOW_SMA50|NOT_NEAR_UNBROKEN_PIVOT|WEAK_RS,753
CFG,2026-10-01,63.7,34.29,LOOSE,NO_EDGE,NONE,36.51,43.65,82.94,86.11,False,False,67.86,False,68.35,63.555,1.913,2.3,14.76,-8.71,-6.49,-8.89,1.72,3.77,999,267685382.77,71.18,-10.51,75.33,-15.44,-12.51,36.0,False,NOT_COMPRESSED|BELOW_SMA50|NOT_NEAR_UNBROKEN_PIVOT|WEAK_RS,753
MTCH,2026-10-01,40.13,34.21,LOOSE,NO_EDGE,NONE,25.79,65.48,69.84,78.97,False,False,78.17,False,44.01,39.11,0.942,3.06,14.52,-5.44,4.61,-0.52,1.38,8.05,165,146919144.41,44.935,-10.69,42.49,-5.55,3.62,77.0,False,NOT_COMPRESSED|NOT_NEAR_UNBROKEN_PIVOT,753
ZBH,2026-10-01,88.06,34.21,LOOSE,NO_EDGE,NONE,71.03,63.49,69.44,75.4,True,False,57.94,False,96.9346,88.7861,0.772,2.92,15.9,-11.26,0.84,-8.14,1.88,5.42,226,202700385.31,101.5425,-13.28,102.5897,-14.16,-1.89,66.0,False,NOT_COMPRESSED|BELOW_SMA50|NOT_NEAR_UNBROKEN_PIVOT|WEAK_RS,753
PUK,2026-10-01,24.71,34.19,LOOSE,RANGE_EXIT_CONFIRMED,DOWN_EXPANSION_CONFIRMED,33.73,35.32,85.32,92.46,False,False,73.81,False,26.78,24.72,1.485,1.9,15.83,-8.85,-9.08,-9.77,2.22,5.32,999,27398436.39,28.1615,-12.26,32.2839,-23.46,-12.57,36.0,False,NOT_COMPRESSED|ALREADY_EXPANDING|BELOW_SMA50|NOT_NEAR_UNBROKEN_PIVOT|WEAK_RS,753
EFXT,2026-10-01,25.44,34.17,LOOSE,RANGE_EXIT_CONFIRMED,UP_EXPANSION_CONFIRMED,76.98,69.84,31.75,39.68,False,False,94.44,False,24.12,21.91,5.722,4.15,22.56,19.32,4.37,16.39,12.99,12.99,0,14055025.17,24.12,5.47,29.0763,-12.51,7.55,82.0,False,NOT_COMPRESSED|ALREADY_EXPANDING|POST_GAP_COIL|RECENT_SURGE|EXTENDED_FROM_SMA50|NOT_NEAR_UNBROKEN_PIVOT,753
HPE,2026-10-01,64.58,34.11,LOOSE,NO_EDGE,NONE,87.3,75.79,68.25,56.35,False,True,27.78,False,67.101,57.01,1.442,5.6,33.32,24.91,44.94,17.02,10.44,10.44,13,1514525370.51,67.101,-3.76,63.9009,1.06,54.2,99.0,False,NOT_COMPRESSED|POST_GAP_COIL|RECENT_SURGE|EXTENDED_60D_RUN|EXTENDED_FROM_SMA50,753
JBIO,2026-10-01,13.77,33.99,LOOSE,NO_EDGE,NONE,21.43,67.86,78.97,92.06,False,True,76.98,False,17.74,13.77,1.247,7.95,55.74,-35.65,-38.88,-29.64,2.28,5.61,330,18105905.51,22.0,-37.41,28.0,-50.82,-38.82,3.0,False,NOT_COMPRESSED|BELOW_SMA50|NOT_NEAR_UNBROKEN_PIVOT|WEAK_RS,753
CBRL,2026-10-01,51.72,33.96,LOOSE,NO_EDGE,NONE,83.73,30.95,73.41,55.16,False,False,80.95,True,55.62,42.87,0.555,4.96,24.65,-5.62,6.99,-3.72,4.6,4.6,78,56964357.61,55.66,-7.08,60.26,-14.17,-5.69,56.0,False,NOT_COMPRESSED|BELOW_SMA50|NOT_NEAR_UNBROKEN_PIVOT|WEAK_RS,753
BRKR,2026-10-01,61.94,33.95,LOOSE,NO_EDGE,NONE,73.02,63.49,69.05,69.44,False,False,30.16,False,66.98,59.17,1.083,4.82,25.0,5.03,8.36,5.27,2.24,15.92,41,137631733.33,66.98,-7.52,65.2468,-5.07,-2.27,65.0,False,NOT_COMPRESSED|POST_GAP_COIL|NOT_NEAR_UNBROKEN_PIVOT|WEAK_RS,753
BRZE,2026-10-01,25.65,33.87,LOOSE,NO_EDGE,NONE,96.03,53.17,80.56,38.49,False,False,29.37,False,26.302,22.27,0.895,6.09,47.91,-22.13,7.77,-6.32,13.63,13.63,16,73470891.29,34.56,-25.78,35.02,-26.76,4.89,78.0,False,NOT_COMPRESSED|POST_GAP_COIL|BELOW_SMA50|NOT_NEAR_UNBROKEN_PIVOT,753
PUMP,2026-10-01,9.0,33.87,LOOSE,NO_EDGE,NONE,13.89,48.02,90.48,93.65,False,False,77.38,False,10.758,8.63,0.736,5.79,42.22,-19.86,-30.34,-17.68,2.96,5.09,106,41664074.81,12.43,-27.59,18.5,-51.35,-28.39,8.0,False,NOT_COMPRESSED|BELOW_SMA50|NOT_NEAR_UNBROKEN_PIVOT|WEAK_RS,753
TKO,2026-10-01,176.04,33.79,LOOSE,NO_EDGE,NONE,38.49,68.65,46.83,79.76,False,False,89.68,False,193.73,174.58,1.537,3.26,14.66,-6.87,-8.37,-6.19,1.85,5.25,675,228396174.08,197.0033,-10.64,217.9575,-19.23,-11.92,38.0,False,NOT_COMPRESSED|BELOW_SMA50|NOT_NEAR_UNBROKEN_PIVOT|WEAK_RS,753
RLI,2026-10-01,56.18,33.79,LOOSE,NO_EDGE,NONE,21.03,51.98,88.1,89.29,False,False,70.63,False,60.7,54.5,0.898,2.45,18.33,-11.32,-7.19,-9.02,2.0,3.37,999,41142651.68,64.8,-13.3,66.8125,-15.91,-12.72,35.0,False,NOT_COMPRESSED|BELOW_SMA50|NOT_NEAR_UNBROKEN_PIVOT|WEAK_RS,753
ETR,2026-10-01,100.4,33.77,LOOSE,NO_EDGE,NONE,20.63,64.29,87.3,82.54,False,False,62.7,False,103.42,96.92,1.616,2.01,12.07,-5.95,-11.67,-5.0,0.93,1.75,999,328144952.3,109.04,-7.92,117.7471,-14.73,-15.09,29.0,False,NOT_COMPRESSED|BELOW_SMA50|NOT_NEAR_UNBROKEN_PIVOT|WEAK_RS,753
AKAM,2026-10-01,106.93,33.73,LOOSE,NO_EDGE,NONE,72.62,94.84,33.73,32.94,False,False,87.3,True,128.46,102.61,0.577,5.96,25.9,1.75,-15.52,-4.56,13.42,13.42,4,640396159.79,128.46,-16.76,165.45,-35.37,-8.35,49.0,False,NOT_COMPRESSED|POST_GAP_COIL|BELOW_SMA50|NOT_NEAR_UNBROKEN_PIVOT|WEAK_RS,753
TMUS,2026-10-01,161.73,33.73,LOOSE,NO_EDGE,NONE,70.63,63.49,96.03,90.08,True,False,11.51,False,176.86,161.14,0.883,2.76,17.76,-13.65,-9.7,-8.1,1.19,7.96,999,877445176.8,189.87,-14.82,204.4839,-20.91,-11.2,40.0,False,NOT_COMPRESSED|BELOW_SMA50|NOT_NEAR_UNBROKEN_PIVOT|WEAK_RS,753
FIZZ,2026-10-01,29.69,33.67,LOOSE,NO_EDGE,NONE,48.02,65.87,73.41,90.48,True,False,68.65,False,32.43,29.07,1.177,3.05,12.73,-7.48,0.79,-5.66,5.01,5.01,999,13756508.4,32.75,-9.34,34.5381,-14.04,-4.28,59.0,False,NOT_COMPRESSED|BELOW_SMA50|NOT_NEAR_UNBROKEN_PIVOT|WEAK_RS,753
IMNM,2026-10-01,20.89,33.65,LOOSE,NO_EDGE,NONE,26.59,42.86,77.78,92.46,False,False,86.9,False,25.94,20.845,0.766,5.67,36.19,-23.56,-12.99,-17.36,2.75,3.89,199,31389630.65,28.485,-26.66,30.06,-30.51,-14.35,31.0,False,NOT_COMPRESSED|BELOW_SMA50|NOT_NEAR_UNBROKEN_PIVOT|WEAK_RS,753
SGRY,2026-10-01,13.23,33.63,LOOSE,NO_EDGE,NONE,90.48,90.48,42.06,6.35,False,True,92.06,False,15.9,12.966,2.036,5.87,22.18,-5.36,-19.82,-9.16,1.72,5.99,147,33790437.45,15.9,-16.79,17.44,-24.14,-26.05,10.0,False,NOT_COMPRESSED|BELOW_SMA50|NOT_NEAR_UNBROKEN_PIVOT|WEAK_RS,753
GT,2026-10-01,5.03,33.61,LOOSE,NO_EDGE,NONE,68.65,71.83,76.59,64.29,True,False,55.56,False,5.55,4.91,1.571,4.69,31.21,-19.0,-22.62,-16.42,2.59,4.18,161,53502404.02,6.4,-21.41,7.56,-33.47,-26.51,10.0,False,NOT_COMPRESSED|BELOW_SMA50|NOT_NEAR_UNBROKEN_PIVOT|WEAK_RS,753
DK,2026-10-01,74.34,33.57,LOOSE,NO_EDGE,NONE,48.02,86.11,49.21,46.03,False,False,85.71,False,82.27,65.58,1.539,5.68,22.45,4.04,33.13,7.16,5.27,5.27,999,211601514.16,82.27,-9.64,77.4,-3.95,39.0,96.0,False,NOT_COMPRESSED|EXTENDED_60D_RUN|NOT_NEAR_UNBROKEN_PIVOT,753
NFLX,2026-10-01,67.85,33.55,LOOSE,RANGE_EXIT_CONFIRMED,DOWN_EXPANSION_CONFIRMED,54.37,53.17,79.76,88.49,False,False,38.1,False,76.96,68.88,2.174,3.01,23.3,-17.99,-10.24,-10.25,5.36,11.93,53,2581531386.92,83.6,-18.84,108.95,-37.72,-15.45,28.0,False,NOT_COMPRESSED|ALREADY_EXPANDING|POST_GAP_COIL|BELOW_SMA50|NOT_NEAR_UNBROKEN_PIVOT|WEAK_RS,753
VSEC,2026-10-01,160.76,33.53,LOOSE,NO_EDGE,NONE,36.11,80.16,64.29,75.0,False,False,60.71,False,188.81,163.91,0.911,5.56,33.44,-18.22,-22.12,-20.72,3.25,3.38,999,72538229.31,211.67,-24.05,247.85,-35.14,-33.61,5.0,False,NOT_COMPRESSED|BELOW_SMA50|NOT_NEAR_UNBROKEN_PIVOT|WEAK_RS,753
YUM,2026-10-01,136.69,33.51,LOOSE,NO_EDGE,NONE,76.98,76.59,86.9,77.78,True,False,11.51,False,141.22,134.26,0.567,2.44,13.83,-9.18,-16.87,-6.63,1.44,6.64,999,325921122.34,153.1578,-10.75,169.2865,-19.26,-19.44,20.0,False,NOT_COMPRESSED|BELOW_SMA50|NOT_NEAR_UNBROKEN_PIVOT|WEAK_RS,753
CNP,2026-10-01,37.21,33.47,LOOSE,NO_EDGE,NONE,30.16,46.03,91.27,91.67,False,False,61.9,False,38.64,36.37,2.0,1.75,10.72,-5.82,-15.02,-6.3,1.18,2.46,999,250523403.49,40.36,-7.8,44.9911,-17.29,-18.92,21.0,False,NOT_COMPRESSED|BELOW_SMA50|NOT_NEAR_UNBROKEN_PIVOT|WEAK_RS,753
GOF,2026-10-01,8.58,33.47,LOOSE,NO_EDGE,NONE,59.52,76.19,72.22,63.89,False,False,35.71,False,8.72,8.4,1.117,1.95,10.59,-6.84,-17.03,-8.9,2.13,2.87,999,25528927.17,9.3671,-8.4,10.6608,-19.52,-20.4,18.0,False,NOT_COMPRESSED|BELOW_SMA50|NOT_NEAR_UNBROKEN_PIVOT|WEAK_RS,753
FDX,2026-10-01,287.07,33.43,LOOSE,NO_EDGE,NONE,55.56,35.32,88.89,86.51,False,False,64.29,True,309.26,279.23,0.655,2.38,15.52,-8.95,-6.96,-8.27,1.98,1.98,384,511542885.56,324.3467,-11.49,342.7328,-16.24,-10.76,41.0,False,NOT_COMPRESSED|BELOW_SMA50|NOT_NEAR_UNBROKEN_PIVOT|WEAK_RS,753
VNET,2026-10-01,5.55,33.41,LOOSE,NO_EDGE,NONE,34.92,53.57,63.49,79.37,False,False,95.24,False,7.37,5.43,0.556,7.19,34.95,-8.57,-33.37,-17.46,5.83,11.62,31,25833064.87,7.37,-24.69,12.02,-53.83,-32.76,5.0,False,NOT_COMPRESSED|POST_GAP_COIL|BELOW_SMA50|NOT_NEAR_UNBROKEN_PIVOT|WEAK_RS,753
DEI,2026-10-01,9.71,33.39,LOOSE,NO_EDGE,NONE,49.6,51.19,83.73,81.75,False,False,49.6,False,10.3216,9.361,1.121,3.09,20.29,-12.57,-15.19,-11.78,1.77,3.85,999,22746631.62,11.3312,-14.31,12.7133,-23.62,-23.65,13.0,False,NOT_COMPRESSED|BELOW_SMA50|NOT_NEAR_UNBROKEN_PIVOT|WEAK_RS,753
BCO,2026-10-01,99.97,33.35,LOOSE,NO_EDGE,NONE,38.49,71.03,59.13,75.4,False,False,77.38,False,109.42,97.75,0.774,3.48,16.14,-6.98,-3.45,-9.85,1.62,5.46,999,48108812.56,113.89,-12.22,124.0602,-19.42,-4.14,60.0,False,NOT_COMPRESSED|BELOW_SMA50|NOT_NEAR_UNBROKEN_PIVOT|WEAK_RS,753
VOYA,2026-10-01,95.38,33.28,LOOSE,NO_EDGE,NONE,31.75,62.7,78.57,85.71,False,True,81.75,False,102.2,93.83,1.771,2.58,14.46,-6.85,-0.38,-4.36,2.27,5.0,664,118731340.2,105.64,-9.71,103.3646,-7.72,-1.29,68.0,False,NOT_COMPRESSED|BELOW_SMA50|NOT_NEAR_UNBROKEN_PIVOT|WEAK_RS,753
KNF,2026-10-01,50.62,33.27,LOOSE,NO_EDGE,NONE,37.3,80.95,68.65,70.24,False,False,58.73,False,57.19,50.2,0.55,4.72,25.81,-17.34,-36.42,-20.35,3.5,9.75,999,62777580.58,62.75,-19.33,96.28,-47.42,-43.2,2.0,False,NOT_COMPRESSED|BELOW_SMA50|NOT_NEAR_UNBROKEN_PIVOT|WEAK_RS,753
UVV,2026-10-01,41.68,33.19,LOOSE,NO_EDGE,NONE,0.4,70.24,86.9,94.05,False,False,74.6,False,45.29,41.3,1.129,2.3,12.84,-9.98,-18.74,-10.66,1.57,3.79,999,15485375.66,46.76,-10.86,55.92,-25.46,-20.77,17.0,False,NOT_COMPRESSED|BELOW_SMA50|NOT_NEAR_UNBROKEN_PIVOT|WEAK_RS,753
ROP,2026-10-01,362.59,33.17,LOOSE,NO_EDGE,NONE,57.94,44.44,82.94,82.94,False,False,48.81,False,377.21,347.45,2.2,2.71,22.66,-12.79,2.17,-7.24,2.23,8.62,999,332666175.5,429.6,-15.6,428.13,-15.31,-3.03,63.0,False,NOT_COMPRESSED|BELOW_SMA50|NOT_NEAR_UNBROKEN_PIVOT|WEAK_RS,753
D,2026-10-01,60.76,33.15,LOOSE,NO_EDGE,NONE,13.89,37.3,94.05,94.84,False,False,90.48,False,64.45,59.61,1.413,1.79,12.13,-7.08,-12.15,-7.55,0.78,1.1,94,318248043.98,66.81,-9.06,72.26,-15.91,-14.84,30.0,False,NOT_COMPRESSED|BELOW_SMA50|NOT_NEAR_UNBROKEN_PIVOT|WEAK_RS,753
TXNM,2026-10-01,58.53,33.13,LOOSE,NO_EDGE,NONE,81.75,81.75,58.33,34.13,False,False,49.21,False,58.93,58.09,1.389,0.64,2.26,0.79,4.54,1.23,0.28,0.56,392,105550032.03,58.93,-0.68,59.0952,-0.96,0.71,72.0,False,NOT_COMPRESSED,753
RF,2026-10-01,26.96,33.13,LOOSE,NO_EDGE,NONE,26.59,35.32,94.44,92.06,False,False,78.57,False,28.83,26.74,2.0,2.15,16.65,-9.92,-8.67,-9.72,1.17,1.56,738,258791285.34,30.63,-11.98,32.144,-16.13,-12.9,35.0,False,NOT_COMPRESSED|BELOW_SMA50|NOT_NEAR_UNBROKEN_PIVOT|WEAK_RS,753
ALSN,2026-10-01,116.28,33.06,LOOSE,NO_EDGE,NONE,36.11,73.81,90.87,81.35,False,False,30.56,False,121.63,111.03,1.811,3.36,18.39,-8.23,4.29,-4.78,2.58,2.58,410,96462592.29,132.41,-12.18,136.9705,-15.11,-2.69,63.0,False,NOT_COMPRESSED|BELOW_SMA50|NOT_NEAR_UNBROKEN_PIVOT|WEAK_RS,753
BDJ,2026-10-01,9.44,33.02,LOOSE,NO_EDGE,NONE,53.17,70.24,63.89,65.87,False,False,64.29,False,9.7,9.4,2.25,1.19,6.11,-3.84,0.12,-2.27,0.83,0.83,999,4591436.34,9.8669,-4.33,9.8769,-4.42,-3.13,62.0,False,NOT_COMPRESSED|LOW_LIQUIDITY|WEAK_RS,753
TRUP,2026-10-01,23.7,32.98,LOOSE,NO_EDGE,NONE,55.95,54.37,80.16,65.48,False,False,60.71,False,26.06,22.05,0.821,4.63,31.01,-16.14,-10.36,-11.68,2.44,13.12,39,11021307.94,29.4,-19.39,32.09,-26.15,-14.76,30.0,False,NOT_COMPRESSED|POST_GAP_COIL|BELOW_SMA50|NOT_NEAR_UNBROKEN_PIVOT|WEAK_RS,753
PRGS,2026-10-01,36.58,32.94,LOOSE,RANGE_EXIT_CONFIRMED,DOWN_EXPANSION_CONFIRMED,56.35,75.0,51.59,73.41,False,False,63.1,False,42.25,37.54,3.57,5.36,24.93,-15.58,-3.12,-12.8,3.03,4.24,999,24080846.77,45.8,-20.13,46.36,-21.1,-7.62,50.0,False,NOT_COMPRESSED|ALREADY_EXPANDING|BELOW_SMA50|NOT_NEAR_UNBROKEN_PIVOT|WEAK_RS,753
ABVX,2026-10-01,95.1,32.94,LOOSE,NO_EDGE,NONE,51.19,48.41,79.76,86.9,False,False,54.37,False,107.6,90.96,1.314,4.99,31.2,-14.39,-31.36,-17.3,2.44,3.62,65,146042235.05,120.63,-21.16,147.98,-35.73,-37.09,3.0,False,NOT_COMPRESSED|BELOW_SMA50|NOT_NEAR_UNBROKEN_PIVOT|WEAK_RS,739
FE,2026-10-01,43.39,32.9,LOOSE,NO_EDGE,NONE,35.32,36.11,88.49,91.67,False,False,75.79,False,45.76,42.67,1.222,1.65,10.53,-6.26,-8.9,-6.43,0.71,1.22,999,193824986.28,47.24,-8.15,51.2971,-15.41,-12.54,36.0,False,NOT_COMPRESSED|BELOW_SMA50|NOT_NEAR_UNBROKEN_PIVOT|WEAK_RS,753
AR,2026-10-01,34.03,32.86,LOOSE,NO_EDGE,NONE,59.13,33.33,92.06,90.87,False,False,44.05,False,36.52,33.39,1.054,3.34,20.83,-14.04,-1.82,-7.08,1.82,2.64,999,147308704.64,40.21,-15.37,41.8,-18.59,-6.65,53.0,False,NOT_COMPRESSED|BELOW_SMA50|NOT_NEAR_UNBROKEN_PIVOT|WEAK_RS,753
CLX,2026-10-01,80.65,32.8,LOOSE,NO_EDGE,NONE,51.19,58.73,74.6,72.22,False,False,63.1,False,87.66,80.84,0.75,3.09,19.74,-14.45,-13.12,-15.61,2.49,2.49,729,274533049.08,96.59,-16.5,109.42,-26.29,-18.94,21.0,False,NOT_COMPRESSED|BELOW_SMA50|NOT_NEAR_UNBROKEN_PIVOT|WEAK_RS,753
SAN,2026-10-01,13.28,32.78,LOOSE,RANGE_EXIT_CONFIRMED,DOWN_EXPANSION_CONFIRMED,48.81,54.76,61.11,73.02,False,False,88.89,False,14.85,13.81,3.0,2.4,14.16,-9.97,-2.14,-7.94,2.7,4.11,999,106467634.31,15.05,-11.76,15.0,-11.47,-7.64,50.0,False,NOT_COMPRESSED|ALREADY_EXPANDING|BELOW_SMA50|NOT_NEAR_UNBROKEN_PIVOT|WEAK_RS,753
SWX,2026-10-01,81.76,32.78,LOOSE,NO_EDGE,NONE,4.76,47.62,98.02,95.63,False,False,85.32,False,87.42,80.98,1.051,1.89,11.25,-8.28,-9.61,-7.39,1.0,1.69,540,70070572.66,89.52,-8.67,93.812,-12.85,-11.16,40.0,False,NOT_COMPRESSED|BELOW_SMA50|NOT_NEAR_UNBROKEN_PIVOT|WEAK_RS,753
LBRDA,2026-08-21,35.99,32.7,LOOSE,RANGE_EXIT_CONFIRMED,UP_EXPANSION_CONFIRMED,84.13,78.57,61.9,7.54,False,False,75.0,False,33.38,29.92,4.461,5.2,28.37,21.83,-36.32,10.71,25.38,25.38,0,7945347.73,39.39,-8.63,59.25,-39.26,-37.55,3.0,False,NOT_COMPRESSED|ALREADY_EXPANDING|POST_GAP_COIL|RECENT_SURGE|NOT_NEAR_UNBROKEN_PIVOT|WEAK_RS,701
SR,2026-10-01,76.44,32.6,LOOSE,NO_EDGE,NONE,18.25,62.3,78.17,82.14,False,False,88.89,False,80.98,75.71,1.179,2.18,11.01,-6.7,-3.29,-4.99,1.22,1.51,999,44240795.74,83.2583,-8.19,93.3751,-18.14,-5.92,55.0,False,NOT_COMPRESSED|BELOW_SMA50|NOT_NEAR_UNBROKEN_PIVOT|WEAK_RS,753
CAH,2026-10-01,230.09,32.6,LOOSE,NO_EDGE,NONE,44.84,69.84,80.95,64.68,False,False,57.14,False,232.1703,216.1974,3.414,2.47,14.13,-6.06,-2.75,-0.86,2.51,2.51,230,427509224.91,248.7119,-7.49,257.701,-10.71,-6.31,54.0,False,NOT_COMPRESSED|NOT_NEAR_UNBROKEN_PIVOT|WEAK_RS,753
COR,2026-10-01,309.78,32.54,LOOSE,NO_EDGE,NONE,49.21,72.62,66.67,73.41,False,False,58.33,False,320.24,295.01,1.719,2.64,14.11,-7.9,0.26,-2.41,1.27,4.28,102,419837117.39,338.71,-8.54,333.3037,-7.06,1.84,74.0,False,NOT_COMPRESSED|NOT_NEAR_UNBROKEN_PIVOT,753
CX,2026-10-01,9.4,32.5,LOOSE,NO_EDGE,NONE,37.3,43.65,92.86,93.25,False,False,58.33,False,10.34,9.47,0.7,2.91,19.86,-10.89,-22.53,-13.03,1.88,2.74,999,72661707.3,11.1668,-15.82,13.5969,-30.87,-26.12,10.0,False,NOT_COMPRESSED|BELOW_SMA50|NOT_NEAR_UNBROKEN_PIVOT|WEAK_RS,753
MIR,2026-10-01,14.35,32.48,LOOSE,NO_EDGE,NONE,52.78,32.94,78.97,92.06,False,False,71.83,False,16.685,14.08,1.061,4.69,22.82,-7.84,-12.71,-7.82,4.98,4.98,293,59641561.01,17.315,-17.12,20.79,-30.98,-20.27,18.0,False,NOT_COMPRESSED|BELOW_SMA50|NOT_NEAR_UNBROKEN_PIVOT|WEAK_RS,753
PAY,2026-10-01,30.81,32.46,LOOSE,NO_EDGE,NONE,34.52,73.02,80.16,88.49,True,False,78.17,False,37.41,29.28,1.436,5.04,27.99,-15.08,9.96,-14.5,2.05,17.27,41,38119782.06,37.905,-18.72,45.31,-32.0,11.02,86.0,False,NOT_COMPRESSED|POST_GAP_COIL|BELOW_SMA50|NOT_NEAR_UNBROKEN_PIVOT,753
LIND,2026-10-01,33.63,32.4,LOOSE,RANGE_EXIT_CONFIRMED,UP_EXPANSION_CONFIRMED,37.7,45.24,80.95,83.33,False,False,82.14,False,31.74,26.32,2.447,4.22,28.49,32.45,31.37,13.3,3.0,4.8,353,25722313.72,31.74,5.95,35.0,-3.91,25.43,93.0,False,NOT_COMPRESSED|ALREADY_EXPANDING|RECENT_SURGE|EXTENDED_60D_RUN|EXTENDED_FROM_SMA50|NOT_NEAR_UNBROKEN_PIVOT,753
ALV,2026-10-01,113.07,32.4,LOOSE,NO_EDGE,NONE,66.27,55.16,71.03,75.0,False,False,52.38,False,119.19,111.78,1.051,2.46,13.63,-6.68,-2.88,-5.61,3.03,4.54,115,82598507.05,125.86,-10.16,131.2345,-13.84,-4.87,58.0,False,NOT_COMPRESSED|BELOW_SMA50|NOT_NEAR_UNBROKEN_PIVOT|WEAK_RS,753
OKTA,2026-10-01,212.63,32.3,LOOSE,NO_EDGE,NONE,61.9,46.83,77.38,75.0,False,False,61.51,False,212.5,180.55,0.745,4.57,23.68,30.33,44.87,30.25,3.78,23.61,24,753521630.44,212.5,0.06,174.85,21.61,47.52,98.0,False,NOT_COMPRESSED|POST_GAP_COIL|RECENT_SURGE|EXTENDED_60D_RUN|EXTENDED_FROM_SMA50|DETACHED_FROM_PRIOR_STRUCTURE,753
VSNT,2026-10-01,30.84,32.29,LOOSE,RANGE_EXIT_CONFIRMED,DOWN_EXPANSION_CONFIRMED,5.56,64.17,85.08,88.78,False,False,89.53,False,37.5011,31.078,1.902,3.84,38.99,-24.85,-13.31,-15.88,1.08,11.93,39,61161046.88,41.8589,-26.32,44.5718,-30.81,-20.6,18.0,False,NOT_COMPRESSED|ALREADY_EXPANDING|POST_GAP_COIL|BELOW_SMA50|NOT_NEAR_UNBROKEN_PIVOT|WEAK_RS,200
HRB,2026-10-01,42.32,32.22,LOOSE,NO_EDGE,NONE,61.9,48.41,70.24,74.6,False,False,69.84,False,45.71,39.5,1.156,3.68,28.99,-16.2,9.17,-9.48,2.46,16.78,35,91466775.19,51.77,-18.25,58.1404,-27.21,3.82,77.0,False,NOT_COMPRESSED|POST_GAP_COIL|BELOW_SMA50|NOT_NEAR_UNBROKEN_PIVOT,753
JBS,2026-10-01,10.86,32.22,LOOSE,RANGE_EXIT_CONFIRMED,DOWN_EXPANSION_CONFIRMED,11.9,85.71,72.22,78.57,False,False,80.16,False,12.33,11.21,2.386,3.51,25.74,-19.79,-8.12,-16.31,1.58,4.15,999,62880865.08,13.84,-21.53,17.2665,-37.1,-14.25,31.0,False,NOT_COMPRESSED|ALREADY_EXPANDING|BELOW_SMA50|NOT_NEAR_UNBROKEN_PIVOT|WEAK_RS,327
DYN,2026-10-01,15.82,32.12,LOOSE,NO_EDGE,NONE,67.06,61.9,89.29,88.49,True,False,39.68,False,18.15,15.63,0.993,6.45,62.39,-37.07,-33.61,-30.29,29.65,29.65,17,69476973.98,26.18,-39.57,27.305,-42.06,-34.26,4.0,False,NOT_COMPRESSED|POST_GAP_COIL|BELOW_SMA50|NOT_NEAR_UNBROKEN_PIVOT|WEAK_RS,753
WYNN,2026-10-01,77.3,32.08,LOOSE,NO_EDGE,NONE,5.95,62.7,99.21,93.25,False,False,69.05,False,85.54,77.06,1.234,3.45,21.18,-15.54,-20.87,-16.96,1.61,4.6,999,196725537.43,92.85,-16.75,111.4039,-30.61,-22.04,16.0,False,NOT_COMPRESSED|BELOW_SMA50|NOT_NEAR_UNBROKEN_PIVOT|WEAK_RS,753
XEL,2026-10-01,70.55,32.06,LOOSE,NO_EDGE,NONE,50.0,38.1,87.3,84.52,False,False,67.86,False,73.75,68.72,0.975,1.85,10.95,-5.82,-10.68,-6.6,1.17,2.64,999,430544436.34,76.4438,-7.71,82.5569,-14.54,-16.06,27.0,False,NOT_COMPRESSED|BELOW_SMA50|NOT_NEAR_UNBROKEN_PIVOT|WEAK_RS,753
ZTO,2026-10-01,19.39,32.02,LOOSE,NO_EDGE,NONE,86.9,50.4,63.89,71.83,True,False,79.76,False,21.04,18.953,0.596,2.21,12.1,-7.49,-16.49,-10.89,4.44,7.05,999,64025568.68,21.3,-8.97,25.97,-25.34,-18.82,21.0,False,NOT_COMPRESSED|BELOW_SMA50|NOT_NEAR_UNBROKEN_PIVOT|WEAK_RS,753
ASND,2026-10-01,227.31,32.02,LOOSE,NO_EDGE,NONE,96.43,36.51,95.24,91.27,True,False,37.7,True,249.23,220.23,0.611,3.8,22.98,-14.96,-17.99,-8.78,2.93,2.93,512,224385044.45,272.467,-16.57,282.15,-19.44,-20.03,19.0,False,NOT_COMPRESSED|BELOW_SMA50|NOT_NEAR_UNBROKEN_PIVOT|WEAK_RS,753
DHR,2026-10-01,211.76,31.96,LOOSE,NO_EDGE,NONE,45.63,69.84,78.57,75.0,False,False,53.17,False,227.976,206.3244,1.726,2.87,13.81,1.06,11.2,1.8,1.82,16.05,51,925432046.24,227.976,-7.11,220.2796,-3.87,4.34,77.0,False,NOT_COMPRESSED|POST_GAP_COIL|NOT_NEAR_UNBROKEN_PIVOT,753
PR,2026-10-01,21.93,31.94,LOOSE,NO_EDGE,NONE,68.65,36.9,78.17,82.94,False,False,59.13,False,23.305,20.84,2.261,3.05,16.62,-7.33,14.02,-0.59,2.4,3.84,999,233759058.75,24.484,-10.43,23.9326,-8.37,18.45,91.0,False,NOT_COMPRESSED|NOT_NEAR_UNBROKEN_PIVOT,753
CRWD,2026-10-01,266.09,31.93,LOOSE,NO_EDGE,NONE,69.44,50.4,92.06,80.56,False,True,44.05,False,268.95,230.85,1.202,4.42,24.63,30.81,39.23,22.02,5.93,10.08,24,2618613738.35,268.95,-1.06,233.88,13.77,34.34,96.0,False,NOT_COMPRESSED|POST_GAP_COIL|RECENT_SURGE|EXTENDED_60D_RUN|EXTENDED_FROM_SMA50|DETACHED_FROM_PRIOR_STRUCTURE,753
VC,2026-10-01,88.36,31.92,LOOSE,NO_EDGE,NONE,28.57,43.65,88.1,95.63,False,False,77.78,False,99.93,86.14,1.24,3.34,20.07,-13.13,-14.96,-12.08,1.95,4.86,999,50663352.02,103.41,-14.55,126.4824,-30.14,-16.27,26.0,False,NOT_COMPRESSED|BELOW_SMA50|NOT_NEAR_UNBROKEN_PIVOT|WEAK_RS,753
GDDY,2026-10-01,96.98,31.88,LOOSE,NO_EDGE,NONE,82.54,80.16,49.6,50.0,True,False,87.7,False,110.35,91.84,0.934,5.02,19.33,-4.8,11.61,0.53,2.76,22.65,43,266446996.3,110.35,-12.12,106.0,-8.51,6.74,81.0,False,NOT_COMPRESSED|POST_GAP_COIL|NOT_NEAR_UNBROKEN_PIVOT,753
MXL,2026-10-01,92.12,31.88,LOOSE,NO_EDGE,NONE,56.75,56.35,81.35,82.14,False,False,46.03,False,96.22,72.39,0.674,6.97,43.74,53.28,7.05,27.32,9.45,10.57,44,234246730.49,96.22,-4.26,128.3,-28.2,-3.91,60.0,False,NOT_COMPRESSED|POST_GAP_COIL|RECENT_SURGE|EXTENDED_FROM_SMA50|WEAK_RS,753
EXG,2026-10-01,9.35,31.88,LOOSE,NO_EDGE,NONE,30.95,71.43,74.21,75.4,False,False,76.59,False,9.73,9.32,1.067,1.42,7.5,-5.57,-2.15,-3.7,1.12,1.12,999,4109067.87,9.9616,-6.14,10.0248,-6.73,-5.38,56.0,False,NOT_COMPRESSED|BELOW_SMA50|NOT_NEAR_UNBROKEN_PIVOT|LOW_LIQUIDITY|WEAK_RS,753
NYAX,2026-10-01,48.25,31.87,LOOSE,RANGE_EXIT_CONFIRMED,UP_EXPANSION_CONFIRMED,53.17,73.81,83.33,33.73,False,False,73.41,False,48.0,42.35,1.559,4.11,22.72,-10.23,-26.52,-9.56,5.33,15.39,26,1507228.1,54.18,-10.94,76.86,-37.22,-34.12,4.0,False,NOT_COMPRESSED|ALREADY_EXPANDING|POST_GAP_COIL|BELOW_SMA50|NOT_NEAR_UNBROKEN_PIVOT|LOW_LIQUIDITY|WEAK_RS,753
P,2026-10-01,134.13,31.77,LOOSE,NO_EDGE,NONE,50.4,29.37,94.84,96.43,False,True,78.97,False,133.315,99.65,0.892,4.84,33.04,45.12,72.56,33.13,5.05,7.85,87,831270818.28,133.315,0.61,119.1,12.62,81.64,99.0,False,NOT_COMPRESSED|RECENT_SURGE|EXTENDED_60D_RUN|EXTENDED_FROM_SMA50|DETACHED_FROM_PRIOR_STRUCTURE,753
CPRI,2026-10-01,14.48,31.73,LOOSE,NO_EDGE,NONE,83.73,76.19,65.48,44.84,False,True,63.1,False,16.2,13.83,1.453,4.96,26.24,13.93,-19.11,-0.8,4.4,4.4,290,85929021.22,16.2,-10.62,21.95,-34.03,-26.46,10.0,False,NOT_COMPRESSED|NOT_NEAR_UNBROKEN_PIVOT|WEAK_RS,753
MGTX,2026-10-01,10.66,31.63,LOOSE,NO_EDGE,NONE,4.76,61.51,88.1,95.24,False,False,88.1,False,13.47,10.59,1.31,6.07,33.91,-24.18,-24.61,-17.37,3.53,9.49,116,11922309.27,14.73,-27.63,15.35,-30.55,-26.25,10.0,False,NOT_COMPRESSED|BELOW_SMA50|NOT_NEAR_UNBROKEN_PIVOT|WEAK_RS,753
GS-PC,2026-10-01,19.62,31.61,LOOSE,NO_EDGE,NONE,81.35,71.03,60.71,59.13,False,False,46.03,False,19.77,19.26,1.422,0.97,3.77,2.83,3.28,2.08,1.15,1.15,999,448709.47,19.77,-0.76,19.9477,-1.64,0.08,71.0,False,NOT_COMPRESSED|LOW_LIQUIDITY,753
MNR,2026-10-01,10.29,31.61,LOOSE,NO_EDGE,NONE,89.68,33.33,99.6,96.83,True,True,62.3,True,11.13,10.145,0.703,2.78,26.77,-18.98,-18.03,-15.64,9.85,9.85,123,15048650.17,12.9,-20.23,13.9707,-26.35,-18.84,21.0,False,NOT_COMPRESSED|BELOW_SMA50|NOT_NEAR_UNBROKEN_PIVOT|WEAK_RS,736
JLL,2026-10-01,308.07,31.59,LOOSE,NO_EDGE,NONE,20.63,55.56,78.97,94.05,False,False,88.49,False,346.61,304.05,1.224,3.12,22.07,-11.96,-4.93,-12.63,1.95,2.94,999,127117375.8,367.78,-16.24,393.84,-21.78,-8.76,47.0,False,NOT_COMPRESSED|BELOW_SMA50|NOT_NEAR_UNBROKEN_PIVOT|WEAK_RS,753
PRKS,2026-10-01,31.18,31.59,LOOSE,RANGE_EXIT_CONFIRMED,DOWN_EXPANSION_CONFIRMED,18.25,73.41,90.87,88.1,False,False,57.94,False,37.02,31.62,1.663,4.97,34.0,-23.69,-31.58,-23.44,2.97,9.87,225,26596796.88,41.78,-25.37,50.0,-37.64,-38.47,3.0,False,NOT_COMPRESSED|ALREADY_EXPANDING|BELOW_SMA50|NOT_NEAR_UNBROKEN_PIVOT|WEAK_RS,753
TLK,2026-10-01,12.42,31.55,LOOSE,RANGE_EXIT_CONFIRMED,DOWN_EXPANSION_CONFIRMED,23.02,30.16,96.83,98.02,False,False,91.67,False,14.67,12.74,1.85,2.18,23.43,-15.68,-11.66,-14.29,1.97,2.94,80,11493621.29,15.29,-18.77,17.7486,-30.02,-13.42,33.0,False,NOT_COMPRESSED|ALREADY_EXPANDING|BELOW_SMA50|NOT_NEAR_UNBROKEN_PIVOT|WEAK_RS,753
FUN,2026-10-01,10.88,31.51,LOOSE,NO_EDGE,NONE,13.89,65.48,92.86,91.27,False,False,69.05,False,12.94,10.45,0.475,6.62,51.38,-29.67,-41.69,-28.11,2.59,6.56,290,29924373.63,16.04,-32.17,26.28,-58.6,-51.0,1.0,False,NOT_COMPRESSED|BELOW_SMA50|NOT_NEAR_UNBROKEN_PIVOT|WEAK_RS,753
ADSK,2026-10-01,211.31,31.49,LOOSE,NO_EDGE,NONE,90.48,70.24,55.95,56.75,False,False,44.44,False,222.0,199.18,1.042,3.91,24.25,-12.58,2.56,-9.42,3.34,4.83,273,507109654.71,250.42,-15.62,271.72,-22.23,-0.99,69.0,False,NOT_COMPRESSED|BELOW_SMA50|NOT_NEAR_UNBROKEN_PIVOT|WEAK_RS,753
SRAD,2026-10-01,11.86,31.49,LOOSE,NO_EDGE,NONE,69.05,71.83,47.22,57.54,False,False,81.75,False,13.945,11.46,1.08,5.28,21.54,-8.2,-26.61,-9.38,1.67,19.12,42,30393388.5,13.945,-14.95,18.62,-36.31,-23.82,13.0,False,NOT_COMPRESSED|POST_GAP_COIL|BELOW_SMA50|NOT_NEAR_UNBROKEN_PIVOT|WEAK_RS,753
S,2026-10-01,24.67,31.45,LOOSE,RANGE_EXIT_CONFIRMED,UP_EXPANSION_CONFIRMED,83.73,49.21,91.67,60.71,False,False,30.16,False,24.398,21.79,1.354,4.58,22.78,25.36,38.52,15.51,4.46,6.29,86,200320846.95,24.398,1.11,23.95,3.01,38.06,96.0,False,NOT_COMPRESSED|ALREADY_EXPANDING|RECENT_SURGE|EXTENDED_60D_RUN|EXTENDED_FROM_SMA50|NOT_NEAR_UNBROKEN_PIVOT,753
FIS,2026-10-01,33.1,31.45,LOOSE,NO_EDGE,NONE,34.13,51.59,93.65,90.87,False,False,60.32,False,37.01,32.75,0.907,3.4,28.98,-20.03,-18.02,-16.68,2.25,10.23,41,235211295.77,42.3408,-21.82,48.167,-31.28,-22.73,15.0,False,NOT_COMPRESSED|POST_GAP_COIL|BELOW_SMA50|NOT_NEAR_UNBROKEN_PIVOT|WEAK_RS,753
DB,2026-10-01,35.13,31.43,LOOSE,RANGE_EXIT_CONFIRMED,DOWN_EXPANSION_CONFIRMED,34.52,44.44,91.27,90.87,False,False,72.62,False,39.32,35.16,1.786,2.33,19.87,-13.26,-0.4,-7.7,3.25,4.5,999,77069387.02,41.62,-15.59,40.69,-13.66,-4.87,58.0,False,NOT_COMPRESSED|ALREADY_EXPANDING|BELOW_SMA50|NOT_NEAR_UNBROKEN_PIVOT|WEAK_RS,753
TFC,2026-10-01,46.28,31.41,LOOSE,NO_EDGE,NONE,43.25,49.6,81.35,83.33,False,False,75.0,False,49.75,46.17,1.845,2.2,14.76,-8.92,-5.94,-8.03,1.32,1.32,999,381393278.48,51.89,-10.81,53.6879,-13.8,-11.15,40.0,False,NOT_COMPRESSED|BELOW_SMA50|NOT_NEAR_UNBROKEN_PIVOT|WEAK_RS,753
IQMX,2026-10-01,10.12,31.39,LOOSE,NO_EDGE,NONE,75.79,75.79,76.98,57.94,True,True,81.35,False,11.155,8.74,0.987,5.86,23.86,-7.5,-11.77,-0.42,4.51,7.76,62,3411260.19,11.25,-10.04,15.1,-32.98,-25.17,11.0,False,NOT_COMPRESSED|NOT_NEAR_UNBROKEN_PIVOT|LOW_LIQUIDITY|WEAK_RS,336
AMC,2026-10-01,2.76,31.31,LOOSE,NO_EDGE,NONE,67.06,65.48,63.89,62.3,False,False,67.06,False,3.4,2.65,1.364,7.64,37.68,4.55,44.5,4.38,3.54,13.4,52,89996204.36,3.4,-18.82,3.03,-8.91,43.2,97.0,False,NOT_COMPRESSED|POST_GAP_COIL|EXTENDED_60D_RUN|NOT_NEAR_UNBROKEN_PIVOT|LOW_LIQUIDITY,753
ETV,2026-10-01,14.95,31.27,LOOSE,NO_EDGE,NONE,51.59,78.17,51.98,64.68,False,False,84.52,False,15.49,14.76,1.066,1.44,5.45,-1.78,1.03,-0.16,1.94,1.94,999,2691200.93,15.49,-3.49,15.3894,-2.86,-1.33,68.0,False,NOT_COMPRESSED|LOW_LIQUIDITY|WEAK_RS,753
TRP,2026-10-01,58.62,31.23,LOOSE,NO_EDGE,NONE,29.76,80.16,66.67,80.16,False,False,76.19,False,61.6824,57.21,0.919,2.1,10.41,-5.19,-14.11,-5.93,1.31,4.04,999,208941711.45,63.315,-7.42,70.1521,-16.44,-13.7,32.0,False,NOT_COMPRESSED|BELOW_SMA50|NOT_NEAR_UNBROKEN_PIVOT|WEAK_RS,753
SHG,2026-10-01,76.6,31.15,LOOSE,RANGE_EXIT_CONFIRMED,DOWN_EXPANSION_CONFIRMED,83.73,73.81,45.63,52.38,False,False,69.05,False,83.32,76.66,2.163,2.99,13.79,-5.91,6.61,-0.78,4.68,4.68,311,14567045.21,85.57,-10.48,81.12,-5.57,11.7,87.0,False,NOT_COMPRESSED|ALREADY_EXPANDING|NOT_NEAR_UNBROKEN_PIVOT,753
ADBE,2026-10-01,241.28,31.15,LOOSE,NO_EDGE,NONE,69.05,63.1,66.27,66.67,False,False,61.11,False,254.67,224.67,1.426,3.87,28.27,-13.76,9.21,-6.47,3.95,5.07,450,1413541246.45,292.88,-17.62,294.53,-18.08,6.98,82.0,False,NOT_COMPRESSED|BELOW_SMA50|NOT_NEAR_UNBROKEN_PIVOT,753
DGX,2026-10-01,231.09,31.15,LOOSE,NO_EDGE,NONE,70.63,81.75,54.37,38.89,False,False,77.78,False,248.84,227.24,0.667,2.39,9.35,-4.03,10.99,-2.77,6.65,8.7,999,270612310.18,248.84,-7.13,247.19,-6.51,4.73,78.0,False,NOT_COMPRESSED|NOT_NEAR_UNBROKEN_PIVOT,753
KFY,2026-10-01,72.37,31.15,LOOSE,NO_EDGE,NONE,46.03,58.73,94.84,95.63,True,False,63.89,False,77.11,70.26,1.341,2.73,21.21,-12.8,2.2,-9.85,1.96,3.17,323,50402754.5,85.6122,-15.47,86.8831,-16.7,2.61,75.0,False,NOT_COMPRESSED|BELOW_SMA50|NOT_NEAR_UNBROKEN_PIVOT,753
ASAN,2026-10-01,8.93,31.13,LOOSE,NO_EDGE,NONE,90.87,62.3,51.59,47.22,False,False,72.22,False,10.29,7.99,1.308,6.99,26.6,-8.88,26.13,-1.32,13.38,13.38,18,86673947.12,10.365,-13.84,10.51,-15.03,18.83,91.0,False,NOT_COMPRESSED|POST_GAP_COIL|NOT_NEAR_UNBROKEN_PIVOT,753
BUD,2026-10-01,73.02,31.07,LOOSE,NO_EDGE,NONE,45.24,73.41,58.73,69.84,False,False,86.51,False,80.07,73.47,0.984,2.03,12.08,-7.59,-7.72,-8.43,3.46,3.46,294,182378299.94,81.16,-10.03,86.6,-15.68,-13.05,34.0,False,NOT_COMPRESSED|BELOW_SMA50|NOT_NEAR_UNBROKEN_PIVOT|WEAK_RS,753
NUE,2026-10-01,235.98,31.05,LOOSE,NO_EDGE,NONE,57.14,83.73,50.0,68.25,False,False,70.24,False,267.4445,233.6,1.22,3.23,16.37,-10.39,4.35,-7.54,4.1,4.1,335,315692488.87,267.8336,-11.89,279.446,-15.55,4.32,77.0,False,NOT_COMPRESSED|BELOW_SMA50|NOT_NEAR_UNBROKEN_PIVOT,753
TLX,2026-10-01,10.72,31.05,LOOSE,NO_EDGE,NONE,89.29,91.27,38.89,51.19,True,False,82.54,False,12.8,10.76,0.735,5.1,22.29,-6.38,-7.19,-5.71,10.72,10.72,8,5807905.99,13.11,-18.23,12.48,-14.1,-12.52,36.0,False,NOT_COMPRESSED|POST_GAP_COIL|BELOW_SMA50|NOT_NEAR_UNBROKEN_PIVOT|WEAK_RS,470
BOH,2026-10-01,68.72,31.05,LOOSE,NO_EDGE,NONE,8.73,40.48,98.81,100.0,False,False,95.63,False,75.52,68.51,1.255,2.19,15.29,-10.18,-14.31,-9.98,1.24,1.24,999,32104700.03,77.71,-11.57,85.5283,-19.65,-19.01,21.0,False,NOT_COMPRESSED|BELOW_SMA50|NOT_NEAR_UNBROKEN_PIVOT|WEAK_RS,753
TEN,2026-10-01,48.98,31.04,LOOSE,NO_EDGE,NONE,81.75,71.83,80.95,16.67,False,True,83.73,False,53.84,45.5,1.994,3.91,22.48,13.25,28.23,12.67,2.89,3.02,999,27020565.25,53.84,-9.03,44.6878,9.6,31.64,95.0,False,NOT_COMPRESSED|EXTENDED_FROM_SMA50|NOT_NEAR_UNBROKEN_PIVOT,753
OMF,2026-10-01,55.87,31.03,LOOSE,NO_EDGE,NONE,9.92,48.41,94.84,96.43,False,False,92.46,False,61.69,55.23,1.268,2.66,20.05,-11.51,-0.81,-9.6,1.58,1.77,999,57210873.64,65.35,-14.51,66.35,-15.8,-7.39,51.0,False,NOT_COMPRESSED|BELOW_SMA50|NOT_NEAR_UNBROKEN_PIVOT|WEAK_RS,753
ADC,2026-10-01,65.03,30.99,LOOSE,RANGE_EXIT_CONFIRMED,DOWN_EXPANSION_CONFIRMED,29.76,73.81,95.63,82.94,False,False,44.84,False,69.5444,66.2375,2.414,1.73,12.64,-10.11,-15.62,-10.4,1.93,1.93,999,112576857.16,73.2498,-11.22,80.9035,-19.62,-18.33,22.0,False,NOT_COMPRESSED|ALREADY_EXPANDING|BELOW_SMA50|NOT_NEAR_UNBROKEN_PIVOT|WEAK_RS,753
AD,2026-10-01,34.17,30.97,LOOSE,NO_EDGE,NONE,30.95,32.54,98.02,98.41,False,False,79.76,False,38.18,33.12,1.191,2.59,17.15,-9.98,-1.64,-4.6,1.22,3.11,999,10373683.64,38.98,-12.34,46.0419,-25.78,-8.55,48.0,False,NOT_COMPRESSED|BELOW_SMA50|NOT_NEAR_UNBROKEN_PIVOT|WEAK_RS,753
SLGN,2026-10-01,34.77,30.97,LOOSE,NO_EDGE,NONE,42.06,65.87,73.81,82.54,False,False,68.65,False,39.08,34.64,1.0,3.01,22.46,-15.87,-20.59,-13.83,2.0,6.08,231,52490445.67,42.63,-18.44,48.0558,-27.65,-27.5,9.0,False,NOT_COMPRESSED|BELOW_SMA50|NOT_NEAR_UNBROKEN_PIVOT|WEAK_RS,753
SMG,2026-10-01,50.02,30.93,LOOSE,NO_EDGE,NONE,41.27,51.98,95.24,95.24,False,False,47.22,False,55.7,47.9,0.928,3.72,25.97,-16.59,-22.47,-15.7,1.89,3.07,999,58302356.88,60.89,-17.85,74.5266,-32.88,-29.39,7.0,False,NOT_COMPRESSED|BELOW_SMA50|NOT_NEAR_UNBROKEN_PIVOT|WEAK_RS,753
FNV,2026-10-01,235.79,30.91,LOOSE,NO_EDGE,NONE,40.48,80.56,41.67,78.97,False,False,98.02,False,269.1,220.16,1.054,4.13,21.69,-9.06,15.97,-4.6,4.02,5.41,999,218272943.63,271.2995,-13.09,273.5259,-13.8,5.72,80.0,False,NOT_COMPRESSED|BELOW_SMA50|NOT_NEAR_UNBROKEN_PIVOT,753
DCH,2026-10-01,5.43,30.85,LOOSE,NO_EDGE,NONE,19.84,67.06,92.46,92.46,False,False,62.7,False,6.31,5.05,1.481,5.7,46.04,-17.23,6.68,-11.59,5.44,9.52,408,22529830.39,7.55,-28.08,7.34,-26.02,3.01,76.0,False,NOT_COMPRESSED|BELOW_SMA50|NOT_NEAR_UNBROKEN_PIVOT,753
LW,2026-10-01,41.18,30.85,LOOSE,NO_EDGE,NONE,10.71,77.78,73.02,91.67,False,False,87.3,False,47.985,41.63,0.884,3.51,27.93,-21.43,-10.05,-18.15,1.36,1.87,195,71292211.84,52.895,-22.15,55.7,-26.07,-12.48,36.0,False,NOT_COMPRESSED|BELOW_SMA50|NOT_NEAR_UNBROKEN_PIVOT|WEAK_RS,753
RDY,2026-10-01,12.25,30.77,LOOSE,NO_EDGE,NONE,64.68,69.05,71.03,71.03,False,False,50.79,False,12.99,11.93,1.187,2.27,12.08,0.66,-12.63,1.06,3.2,4.46,999,39428071.83,12.99,-5.7,15.5598,-21.27,-17.04,24.0,False,NOT_COMPRESSED|NOT_NEAR_UNBROKEN_PIVOT|WEAK_RS,753
BEP,2026-10-01,28.42,30.73,LOOSE,NO_EDGE,NONE,51.19,32.94,92.86,89.29,False,False,69.84,False,30.34,27.45,1.2,2.8,18.23,-8.41,-13.79,-9.29,1.64,2.36,999,34240106.36,32.63,-12.9,37.6491,-24.51,-17.9,23.0,False,NOT_COMPRESSED|BELOW_SMA50|NOT_NEAR_UNBROKEN_PIVOT|WEAK_RS,753
Z,2026-10-01,27.75,30.71,LOOSE,NO_EDGE,NONE,63.89,46.83,88.1,89.68,True,False,73.81,False,31.78,26.93,1.965,4.88,35.57,-19.75,-14.01,-15.62,3.27,14.65,39,129193561.56,36.54,-24.06,48.44,-42.71,-19.82,19.0,False,NOT_COMPRESSED|POST_GAP_COIL|BELOW_SMA50|NOT_NEAR_UNBROKEN_PIVOT|WEAK_RS,753
QSR,2026-10-01,69.76,30.7,LOOSE,RANGE_EXIT_CONFIRMED,DOWN_EXPANSION_CONFIRMED,52.78,52.78,100.0,94.84,False,True,46.43,False,74.7908,70.01,1.808,2.29,16.81,-10.76,-5.46,-6.9,2.46,2.46,999,252969670.64,81.025,-13.9,81.1538,-14.04,-8.72,47.0,False,NOT_COMPRESSED|ALREADY_EXPANDING|BELOW_SMA50|NOT_NEAR_UNBROKEN_PIVOT|WEAK_RS,753
AXGN,2026-10-01,39.92,30.67,LOOSE,RANGE_EXIT_CONFIRMED,DOWN_EXPANSION_CONFIRMED,72.22,80.16,50.79,59.13,False,False,65.48,False,47.0,41.75,1.703,5.36,23.65,-17.35,-6.62,-12.86,4.51,6.9,152,59402358.7,51.5,-22.49,52.91,-24.55,-15.84,27.0,False,NOT_COMPRESSED|ALREADY_EXPANDING|BELOW_SMA50|NOT_NEAR_UNBROKEN_PIVOT|WEAK_RS,753
BVC,2026-10-01,10.93,30.65,LOOSE,NO_EDGE,NONE,37.7,74.6,66.27,93.25,False,False,64.29,False,14.9,11.35,0.913,12.27,64.68,-26.99,8.27,-16.89,7.64,9.93,67,485994.9,18.0,-39.28,16.189,-32.49,25.15,93.0,False,NOT_COMPRESSED|BELOW_SMA50|NOT_NEAR_UNBROKEN_PIVOT|LOW_LIQUIDITY,753
KHC,2026-10-01,22.46,30.64,LOOSE,RANGE_EXIT_CONFIRMED,DOWN_EXPANSION_CONFIRMED,15.08,79.37,74.21,95.63,False,True,95.24,False,25.2,22.72,1.707,2.76,16.34,-13.1,-8.43,-9.46,1.82,3.63,999,542823520.66,26.024,-13.69,27.648,-18.76,-12.89,35.0,False,NOT_COMPRESSED|ALREADY_EXPANDING|BELOW_SMA50|NOT_NEAR_UNBROKEN_PIVOT|WEAK_RS,753
PHVS,2026-10-01,31.01,30.62,LOOSE,NO_EDGE,NONE,29.37,65.87,97.62,100.0,True,True,92.06,False,38.93,31.14,0.973,5.59,39.83,-11.83,-13.68,-11.57,16.2,16.2,17,41528163.21,43.25,-28.3,38.13,-18.67,-11.25,40.0,False,NOT_COMPRESSED|POST_GAP_COIL|BELOW_SMA50|NOT_NEAR_UNBROKEN_PIVOT|WEAK_RS,753
LUXE,2026-10-01,10.0,30.52,LOOSE,NO_EDGE,NONE,97.62,17.06,98.02,87.3,False,True,45.63,False,10.12,8.6,0.965,5.0,31.9,31.58,31.58,21.65,17.34,17.34,11,3450215.23,10.12,-1.19,9.45,5.82,21.7,92.0,False,NOT_COMPRESSED|POST_GAP_COIL|RECENT_SURGE|EXTENDED_60D_RUN|EXTENDED_FROM_SMA50|LOW_LIQUIDITY,753
BX,2026-10-01,112.24,30.36,LOOSE,NO_EDGE,NONE,20.63,55.16,86.11,93.65,False,False,88.1,False,127.75,111.93,1.914,3.39,27.58,-17.97,-4.41,-15.3,2.07,2.95,999,531975635.46,140.62,-20.18,150.24,-25.29,-10.49,42.0,False,NOT_COMPRESSED|BELOW_SMA50|NOT_NEAR_UNBROKEN_PIVOT|WEAK_RS,753
RYN,2026-10-01,18.22,30.36,LOOSE,NO_EDGE,NONE,9.52,55.95,86.9,98.02,False,False,96.43,False,20.34,18.36,1.044,2.5,14.52,-8.77,-12.04,-11.16,1.05,1.05,729,71790829.79,20.6536,-11.78,22.2925,-18.27,-16.96,25.0,False,NOT_COMPRESSED|BELOW_SMA50|NOT_NEAR_UNBROKEN_PIVOT|WEAK_RS,753
ARCO,2026-10-01,6.91,30.36,LOOSE,RANGE_EXIT_CONFIRMED,DOWN_EXPANSION_CONFIRMED,3.97,55.95,93.65,98.81,False,False,94.05,False,7.7176,7.07,3.2,2.96,23.05,-15.04,-14.73,-11.99,1.46,6.96,347,10407820.93,8.2625,-16.37,9.5803,-27.87,-18.09,23.0,False,NOT_COMPRESSED|ALREADY_EXPANDING|BELOW_SMA50|NOT_NEAR_UNBROKEN_PIVOT|WEAK_RS,753
ACI,2026-10-01,11.72,30.34,LOOSE,NO_EDGE,NONE,60.71,65.48,69.44,77.78,False,False,59.13,False,12.76,11.54,1.655,3.13,13.78,-6.09,-14.9,-2.92,1.51,14.38,49,97408891.23,13.03,-10.05,17.7683,-34.04,-18.64,22.0,False,NOT_COMPRESSED|POST_GAP_COIL|NOT_NEAR_UNBROKEN_PIVOT|WEAK_RS,753
DOO,2026-10-01,54.66,30.32,LOOSE,NO_EDGE,NONE,72.62,64.29,79.37,68.25,False,False,41.27,False,59.8436,54.6597,1.301,3.78,25.87,-13.38,-5.35,-11.2,4.08,4.08,87,21031491.7,67.9683,-19.58,79.1484,-30.94,-8.09,49.0,False,NOT_COMPRESSED|BELOW_SMA50|NOT_NEAR_UNBROKEN_PIVOT|WEAK_RS,753
PRCT,2026-10-01,17.02,30.3,LOOSE,NO_EDGE,NONE,49.6,65.87,85.71,87.3,False,False,42.46,False,19.58,16.8,2.11,6.46,35.81,-22.53,-14.02,-14.23,1.94,4.49,106,27306336.37,22.835,-25.47,29.74,-42.77,-21.9,16.0,False,NOT_COMPRESSED|BELOW_SMA50|NOT_NEAR_UNBROKEN_PIVOT|WEAK_RS,753
OGS,2026-10-01,71.71,30.22,LOOSE,NO_EDGE,NONE,8.73,52.78,99.6,96.83,False,False,86.9,False,76.93,70.91,1.369,1.98,15.16,-10.31,-7.56,-7.89,0.89,2.35,999,46968889.52,81.24,-11.73,89.2746,-19.67,-9.3,45.0,False,NOT_COMPRESSED|BELOW_SMA50|NOT_NEAR_UNBROKEN_PIVOT|WEAK_RS,753
PRLB,2026-10-01,94.37,30.2,LOOSE,NO_EDGE,NONE,48.81,32.14,90.08,95.24,False,False,75.4,False,98.5,83.84,0.746,3.37,22.73,20.08,29.34,12.22,3.49,6.47,294,21134761.04,98.5,-4.19,93.0,1.47,20.69,92.0,False,NOT_COMPRESSED|RECENT_SURGE|EXTENDED_FROM_SMA50,753
CWST,2026-10-01,78.07,30.16,LOOSE,RANGE_EXIT_CONFIRMED,DOWN_EXPANSION_CONFIRMED,4.76,60.71,90.87,96.43,False,False,94.05,False,91.11,78.71,2.371,3.47,26.43,-16.41,-21.05,-13.01,2.21,2.21,999,47339189.31,97.16,-19.65,101.46,-23.05,-22.75,15.0,False,NOT_COMPRESSED|ALREADY_EXPANDING|BELOW_SMA50|NOT_NEAR_UNBROKEN_PIVOT|WEAK_RS,753
FMC,2026-10-01,8.56,30.1,LOOSE,NO_EDGE,NONE,21.83,77.78,92.46,93.25,True,False,83.33,False,10.7743,8.85,1.146,6.41,56.45,-35.21,-21.06,-20.16,1.95,4.9,106,41589322.43,13.3415,-35.84,18.0034,-52.45,-26.75,9.0,False,NOT_COMPRESSED|BELOW_SMA50|NOT_NEAR_UNBROKEN_PIVOT|WEAK_RS,753
PENN,2026-10-01,14.52,30.1,LOOSE,NO_EDGE,NONE,15.48,61.11,84.52,94.44,False,False,90.08,False,17.85,14.39,1.268,4.41,27.0,-14.03,-27.83,-19.29,1.67,2.04,999,53177483.7,18.05,-19.56,22.36,-35.06,-36.89,4.0,False,NOT_COMPRESSED|BELOW_SMA50|NOT_NEAR_UNBROKEN_PIVOT|WEAK_RS,753
GATX,2026-10-01,168.88,30.08,LOOSE,NO_EDGE,NONE,54.76,86.9,55.56,43.25,False,False,93.25,False,187.36,169.45,0.768,2.7,12.68,-3.56,-2.34,-5.32,1.36,5.13,999,46454483.99,187.36,-9.86,204.0153,-17.22,-5.23,57.0,False,NOT_COMPRESSED|BELOW_SMA50|NOT_NEAR_UNBROKEN_PIVOT|WEAK_RS,753
ALL-PB,2026-10-01,25.76,30.02,LOOSE,NO_EDGE,NONE,51.59,59.52,71.83,66.67,False,False,89.29,False,25.99,25.62,4.241,0.61,2.14,0.59,1.26,0.52,1.81,1.81,999,1072094.02,25.99,-0.88,26.08,-1.23,-1.77,67.0,False,NOT_COMPRESSED|LOW_LIQUIDITY|WEAK_RS,753
AQN,2026-10-01,5.03,29.98,LOOSE,NO_EDGE,NONE,53.17,38.1,88.89,92.06,False,False,67.86,False,5.3299,4.8956,1.266,2.06,15.11,-9.48,-10.44,-8.97,0.95,2.09,999,24804358.44,5.6557,-11.06,6.3946,-21.34,-9.84,44.0,False,NOT_COMPRESSED|BELOW_SMA50|NOT_NEAR_UNBROKEN_PIVOT|WEAK_RS,753
USB-PP,2026-10-01,19.99,29.94,LOOSE,NO_EDGE,NONE,82.14,100.0,34.52,28.57,False,False,82.94,False,20.5582,19.84,0.763,1.91,4.72,-0.92,-4.36,-2.52,0.88,0.88,999,1562077.67,20.5582,-2.76,21.7929,-8.27,-7.78,50.0,False,NOT_COMPRESSED|LOW_LIQUIDITY|WEAK_RS,753
WEN,2026-10-01,6.25,29.92,LOOSE,RANGE_EXIT_CONFIRMED,DOWN_EXPANSION_CONFIRMED,41.27,58.73,88.49,92.46,False,False,56.75,False,7.19,6.34,1.238,4.72,33.44,-24.15,-15.39,-18.03,1.57,12.94,24,42470043.85,8.43,-25.86,9.3703,-33.3,-29.54,7.0,False,NOT_COMPRESSED|ALREADY_EXPANDING|POST_GAP_COIL|BELOW_SMA50|NOT_NEAR_UNBROKEN_PIVOT|WEAK_RS,753
GAM,2026-10-01,63.48,29.9,LOOSE,NO_EDGE,NONE,40.87,63.1,77.78,81.35,False,False,76.98,False,65.95,63.03,1.68,1.46,7.08,-4.87,-1.15,-3.69,1.18,1.18,999,1334568.84,67.48,-5.93,68.57,-7.42,-3.55,61.0,False,NOT_COMPRESSED|BELOW_SMA50|NOT_NEAR_UNBROKEN_PIVOT|LOW_LIQUIDITY|WEAK_RS,753
BCAX,2026-10-01,18.2,29.9,LOOSE,RANGE_EXIT_CONFIRMED,DOWN_EXPANSION_CONFIRMED,32.94,74.21,78.17,94.84,True,False,92.06,False,23.34,18.385,1.542,6.42,33.57,-22.75,-37.22,-23.7,2.29,17.78,36,14000447.43,24.35,-25.26,30.99,-41.27,-40.08,2.0,False,NOT_COMPRESSED|ALREADY_EXPANDING|POST_GAP_COIL|BELOW_SMA50|NOT_NEAR_UNBROKEN_PIVOT|WEAK_RS,514
WU,2026-10-01,6.02,29.86,LOOSE,NO_EDGE,NONE,50.0,60.32,86.51,83.73,False,False,54.76,False,6.62,5.87,0.947,3.31,21.52,-14.6,-19.25,-11.79,1.45,7.8,110,57704366.29,7.1654,-15.99,9.0172,-33.24,-25.01,12.0,False,NOT_COMPRESSED|BELOW_SMA50|NOT_NEAR_UNBROKEN_PIVOT|WEAK_RS,753
TBBK,2026-10-01,48.94,29.85,LOOSE,NO_EDGE,NONE,96.03,65.87,95.24,78.97,True,True,32.54,False,51.47,47.41,1.683,3.84,43.09,-26.35,-22.35,-20.67,17.22,17.22,16,36577032.9,68.1,-28.14,73.02,-32.98,-26.23,10.0,False,NOT_COMPRESSED|POST_GAP_COIL|BELOW_SMA50|NOT_NEAR_UNBROKEN_PIVOT|WEAK_RS,753
GEL,2026-10-01,13.68,29.72,LOOSE,NO_EDGE,NONE,17.86,37.7,100.0,100.0,False,False,94.44,False,15.57,13.63,1.71,3.0,21.27,-15.82,-7.41,-10.91,1.27,5.65,999,5352653.77,16.67,-17.94,17.6075,-22.31,-5.22,57.0,False,NOT_COMPRESSED|BELOW_SMA50|NOT_NEAR_UNBROKEN_PIVOT|WEAK_RS,753
DLR,2026-10-01,176.49,29.46,LOOSE,NO_EDGE,NONE,72.22,68.25,53.57,74.6,False,False,70.24,False,188.37,174.28,1.048,2.58,10.17,-3.3,0.79,-5.73,1.61,5.94,483,340122154.48,190.7818,-7.49,206.0571,-14.35,-0.29,70.0,False,NOT_COMPRESSED|BELOW_SMA50|NOT_NEAR_UNBROKEN_PIVOT,753
TWST,2026-10-01,188.05,29.42,LOOSE,NO_EDGE,NONE,58.33,26.19,99.6,98.81,False,False,59.52,False,197.19,150.0,1.139,5.98,42.61,43.55,110.39,40.56,5.84,10.87,30,367298577.34,197.19,-4.64,155.44,20.98,86.66,100.0,False,NOT_COMPRESSED|POST_GAP_COIL|RECENT_SURGE|EXTENDED_60D_RUN|EXTENDED_FROM_SMA50|DETACHED_FROM_PRIOR_STRUCTURE,753
VRTS,2026-10-01,132.78,29.37,LOOSE,NO_EDGE,NONE,57.14,57.94,96.43,84.13,False,False,38.1,False,136.08,125.0,1.252,3.71,27.26,-15.3,-12.72,-14.15,1.5,2.4,999,19731624.45,162.99,-18.53,171.9,-22.76,-13.97,32.0,False,NOT_COMPRESSED|BELOW_SMA50|NOT_NEAR_UNBROKEN_PIVOT|WEAK_RS,753
OLLI,2026-10-01,87.91,29.35,LOOSE,RANGE_EXIT_CONFIRMED,UP_EXPANSION_CONFIRMED,69.84,19.05,92.06,89.68,False,False,73.41,False,87.23,74.25,1.405,3.54,21.26,19.01,42.07,15.15,2.27,5.06,452,146181857.23,87.23,0.78,99.19,-11.37,15.63,89.0,False,NOT_COMPRESSED|ALREADY_EXPANDING|RECENT_SURGE|EXTENDED_60D_RUN|EXTENDED_FROM_SMA50,753
ACM,2026-10-01,59.6,29.33,LOOSE,NO_EDGE,NONE,57.94,63.89,71.43,81.35,False,False,65.48,False,63.99,58.08,0.629,3.62,16.96,-10.32,-12.21,-9.77,1.29,6.89,999,99091649.67,68.19,-12.6,87.2707,-31.71,-14.85,30.0,False,NOT_COMPRESSED|BELOW_SMA50|NOT_NEAR_UNBROKEN_PIVOT|WEAK_RS,753
HBAN,2026-10-01,15.19,29.33,LOOSE,NO_EDGE,NONE,61.9,53.17,79.37,78.97,False,False,66.27,False,16.15,15.08,1.286,2.39,14.3,-9.12,-12.14,-8.81,1.5,4.71,999,493595672.41,16.9919,-10.6,18.398,-17.44,-16.94,25.0,False,NOT_COMPRESSED|BELOW_SMA50|NOT_NEAR_UNBROKEN_PIVOT|WEAK_RS,753
CIM-PB,2026-10-01,23.36,29.27,LOOSE,NO_EDGE,NONE,60.32,65.87,69.44,82.54,False,False,61.51,False,23.789,23.07,0.833,0.93,4.58,-2.85,0.79,-1.27,0.78,0.78,999,595578.5,24.2,-3.47,24.35,-4.07,-1.98,66.0,False,NOT_COMPRESSED|LOW_LIQUIDITY|WEAK_RS,753
WEX,2026-10-01,168.66,29.23,LOOSE,NO_EDGE,NONE,45.24,49.6,75.4,90.48,False,False,87.7,False,196.9,166.6,0.876,3.59,22.16,-12.54,13.42,-10.69,1.68,2.91,414,103825269.91,203.97,-17.31,203.99,-17.32,12.31,87.0,False,NOT_COMPRESSED|BELOW_SMA50|NOT_NEAR_UNBROKEN_PIVOT,753
TBN,2026-10-01,33.18,29.23,LOOSE,NO_EDGE,NONE,59.13,39.68,78.57,92.46,False,False,76.19,False,39.499,32.75,0.798,4.75,27.34,-13.93,2.22,-8.38,3.96,6.39,122,5795546.29,41.82,-20.66,46.02,-27.9,4.44,78.0,False,NOT_COMPRESSED|BELOW_SMA50|NOT_NEAR_UNBROKEN_PIVOT,568
PANW,2026-10-01,396.25,29.19,LOOSE,NO_EDGE,NONE,74.6,71.43,78.57,68.25,False,False,37.7,False,404.69,356.0,0.716,4.43,21.01,20.63,23.6,9.98,4.79,5.67,655,2342883587.03,404.69,-2.09,398.88,-0.66,11.01,86.0,False,NOT_COMPRESSED|RECENT_SURGE,753
CET,2026-10-01,55.49,29.17,LOOSE,NO_EDGE,NONE,90.87,69.44,59.92,45.24,False,False,66.67,False,57.39,55.01,0.588,1.62,5.87,2.65,5.8,1.14,1.34,1.34,999,1361550.39,57.39,-3.31,55.99,-0.89,2.46,75.0,False,NOT_COMPRESSED|LOW_LIQUIDITY,753
TXRH,2026-10-01,156.7,29.16,LOOSE,NO_EDGE,NONE,44.84,63.1,95.24,93.25,False,False,54.76,True,171.67,155.84,0.529,2.84,23.8,-17.91,-13.42,-17.45,1.48,2.7,657,200534115.44,194.19,-19.31,215.4706,-27.28,-21.87,16.0,False,NOT_COMPRESSED|BELOW_SMA50|NOT_NEAR_UNBROKEN_PIVOT|WEAK_RS,753
PSKY,2026-10-01,9.34,29.11,LOOSE,RANGE_EXIT_CONFIRMED,DOWN_EXPANSION_CONFIRMED,77.38,92.86,39.29,37.3,False,False,89.29,False,11.49,9.77,2.381,5.8,23.13,-14.47,-3.76,-5.15,4.31,5.13,563,261293622.54,11.49,-18.71,11.858,-21.23,-12.52,36.0,False,NOT_COMPRESSED|ALREADY_EXPANDING|BELOW_SMA50|NOT_NEAR_UNBROKEN_PIVOT|WEAK_RS,753
BKNG,2026-10-01,160.28,29.01,LOOSE,NO_EDGE,NONE,57.94,75.0,83.33,67.46,False,False,50.79,False,173.55,155.37,1.099,3.85,29.57,-19.51,-7.82,-15.43,2.18,6.93,999,1534751253.9,202.7703,-20.95,216.7964,-26.07,-15.78,28.0,False,NOT_COMPRESSED|BELOW_SMA50|NOT_NEAR_UNBROKEN_PIVOT|WEAK_RS,753
PRG,2026-10-01,31.15,28.87,LOOSE,NO_EDGE,NONE,17.46,68.65,88.89,94.44,False,False,79.76,False,36.75,30.8,1.088,4.1,29.63,-19.61,-27.75,-20.17,2.72,2.72,107,23218257.17,39.65,-21.44,47.5715,-34.52,-32.01,6.0,False,NOT_COMPRESSED|BELOW_SMA50|NOT_NEAR_UNBROKEN_PIVOT|WEAK_RS,753
GDV,2026-10-01,28.12,28.85,LOOSE,RANGE_EXIT_CONFIRMED,DOWN_EXPANSION_CONFIRMED,31.35,67.86,84.52,86.51,False,False,76.19,False,29.59,28.25,2.315,1.28,7.94,-5.44,-3.52,-5.05,0.59,0.91,999,2473008.87,30.1741,-6.81,30.6903,-8.37,-6.29,54.0,False,NOT_COMPRESSED|ALREADY_EXPANDING|BELOW_SMA50|NOT_NEAR_UNBROKEN_PIVOT|LOW_LIQUIDITY|WEAK_RS,753
RF-PC,2026-10-01,24.12,28.77,LOOSE,NO_EDGE,NONE,38.1,93.25,71.83,69.05,False,False,68.25,False,24.69,23.81,1.643,1.15,4.23,-1.51,0.39,-0.62,0.57,0.57,999,886236.16,24.83,-2.86,24.7,-2.35,-2.97,63.0,False,NOT_COMPRESSED|LOW_LIQUIDITY|WEAK_RS,753
PNC,2026-10-01,220.75,28.77,LOOSE,NO_EDGE,NONE,41.67,57.54,83.73,84.52,False,False,79.76,False,235.32,219.99,2.009,2.1,14.32,-8.95,-9.74,-9.01,1.15,1.15,999,415104485.45,246.96,-10.61,258.96,-14.76,-13.65,33.0,False,NOT_COMPRESSED|BELOW_SMA50|NOT_NEAR_UNBROKEN_PIVOT|WEAK_RS,753
IVR-PC,2026-10-01,23.74,28.75,LOOSE,NO_EDGE,NONE,72.62,55.56,61.11,69.05,False,False,86.9,False,24.385,23.58,1.652,1.14,5.56,-3.65,-2.6,-2.61,1.04,1.04,999,551721.26,24.72,-3.96,24.6294,-3.61,-4.53,58.0,False,NOT_COMPRESSED|LOW_LIQUIDITY|WEAK_RS,753
AEO,2026-10-01,17.97,28.73,LOOSE,NO_EDGE,NONE,92.46,19.05,79.37,73.41,False,False,80.56,False,18.68,14.81,0.515,4.12,25.49,7.86,10.94,7.44,13.03,13.03,15,132255593.61,18.68,-3.8,20.3464,-11.68,7.16,82.0,False,NOT_COMPRESSED|POST_GAP_COIL,753
KD,2026-10-01,12.12,28.73,LOOSE,NO_EDGE,NONE,64.68,55.16,75.79,80.95,False,False,66.67,False,13.18,10.955,2.886,5.0,23.84,-7.41,1.25,-5.88,4.62,6.74,102,50356302.12,13.845,-12.46,14.935,-18.85,-3.9,60.0,False,NOT_COMPRESSED|BELOW_SMA50|NOT_NEAR_UNBROKEN_PIVOT|WEAK_RS,753
AUR,2026-10-01,5.52,28.69,LOOSE,NO_EDGE,NONE,54.37,71.03,59.13,85.71,False,False,76.98,False,6.61,5.19,0.793,6.53,28.44,-5.64,-10.24,-11.87,3.65,7.03,347,214180752.99,6.76,-18.34,8.565,-35.55,-19.58,19.0,False,NOT_COMPRESSED|BELOW_SMA50|NOT_NEAR_UNBROKEN_PIVOT|WEAK_RS,753
PBA,2026-10-01,45.28,28.65,LOOSE,NO_EDGE,NONE,32.94,73.81,76.19,85.71,False,False,79.37,False,47.94,44.16,1.427,1.93,10.71,-5.76,-5.22,-5.03,1.35,2.92,999,52964791.27,48.9795,-7.55,51.0068,-11.23,-4.24,59.0,False,NOT_COMPRESSED|BELOW_SMA50|NOT_NEAR_UNBROKEN_PIVOT|WEAK_RS,753
GPOR,2026-10-01,153.35,28.63,LOOSE,NO_EDGE,NONE,76.98,34.52,95.63,96.83,False,False,36.11,False,163.65,149.59,1.078,3.15,21.68,-15.02,-5.9,-7.85,3.4,4.13,475,47091682.34,183.24,-16.31,215.445,-28.82,-12.02,38.0,False,NOT_COMPRESSED|BELOW_SMA50|NOT_NEAR_UNBROKEN_PIVOT|WEAK_RS,753
TV,2026-10-01,2.25,28.63,LOOSE,NO_EDGE,NONE,96.03,82.94,71.43,53.57,True,True,75.0,False,2.59,2.2,1.4,4.58,23.11,-15.41,-17.28,-14.47,6.46,6.46,654,3938767.11,2.71,-16.97,3.37,-33.23,-17.61,24.0,False,NOT_COMPRESSED|BELOW_SMA50|NOT_NEAR_UNBROKEN_PIVOT|LOW_LIQUIDITY|WEAK_RS,753
CDLR,2026-10-01,21.42,28.53,LOOSE,NO_EDGE,NONE,18.65,64.68,79.37,96.43,False,False,96.43,False,26.06,21.74,0.948,3.22,22.48,-13.87,-4.08,-10.37,2.96,8.47,208,1709314.41,26.07,-17.84,30.01,-28.62,-6.22,54.0,False,NOT_COMPRESSED|BELOW_SMA50|NOT_NEAR_UNBROKEN_PIVOT|LOW_LIQUIDITY|WEAK_RS,698
INNV,2026-10-01,8.8,28.49,LOOSE,NO_EDGE,NONE,59.92,55.95,83.33,92.86,True,False,84.92,False,11.1,8.4,0.909,6.24,43.18,-18.59,-23.61,-17.37,11.22,11.22,16,7598506.34,12.2,-27.87,12.64,-30.38,-29.44,7.0,False,NOT_COMPRESSED|POST_GAP_COIL|BELOW_SMA50|NOT_NEAR_UNBROKEN_PIVOT|WEAK_RS,753
QRVO,2026-10-01,112.21,28.45,LOOSE,NO_EDGE,NONE,97.22,73.02,79.76,47.22,False,False,29.76,False,121.09,113.475,0.948,3.75,19.46,11.51,33.79,9.9,2.18,5.84,480,208963405.6,121.09,-7.33,109.49,2.48,25.3,93.0,False,NOT_COMPRESSED|EXTENDED_60D_RUN|NOT_NEAR_UNBROKEN_PIVOT,753
IBP,2026-10-01,192.7,28.45,LOOSE,NO_EDGE,NONE,61.11,67.86,81.75,69.05,False,False,60.32,False,213.25,191.19,0.862,4.71,29.57,-18.02,-10.11,-14.39,2.66,3.16,101,94336980.84,243.6147,-20.9,321.7241,-40.1,-18.25,22.0,False,NOT_COMPRESSED|BELOW_SMA50|NOT_NEAR_UNBROKEN_PIVOT|WEAK_RS,753
CF,2026-10-01,114.54,28.33,LOOSE,NO_EDGE,NONE,37.3,63.89,94.05,96.43,True,False,87.7,False,134.5,114.03,1.095,4.02,26.04,-17.76,-1.61,-7.97,2.64,4.04,122,329434537.17,141.66,-19.14,138.1711,-17.1,1.32,73.0,False,NOT_COMPRESSED|BELOW_SMA50|NOT_NEAR_UNBROKEN_PIVOT,753
NTRS,2026-10-01,169.2,28.33,LOOSE,NO_EDGE,NONE,50.0,51.98,89.68,89.68,False,False,65.87,False,179.85,168.26,1.321,2.29,13.85,-7.6,-5.51,-7.03,1.53,2.0,999,183296732.12,189.59,-10.75,194.8609,-13.17,-6.52,54.0,False,NOT_COMPRESSED|BELOW_SMA50|NOT_NEAR_UNBROKEN_PIVOT|WEAK_RS,753
AM,2026-10-01,20.26,28.33,LOOSE,NO_EDGE,NONE,7.54,78.17,91.67,91.67,False,False,82.94,False,21.795,20.15,0.938,2.37,16.02,-10.0,-9.86,-7.19,0.98,1.63,999,54773345.78,23.195,-12.65,23.1084,-12.33,-11.69,38.0,False,NOT_COMPRESSED|BELOW_SMA50|NOT_NEAR_UNBROKEN_PIVOT|WEAK_RS,753
PAA,2026-10-01,23.7,28.31,LOOSE,NO_EDGE,NONE,25.4,81.35,76.59,89.68,False,False,90.48,True,25.64,23.45,0.685,2.17,12.41,-7.85,4.22,-3.68,0.86,1.44,999,70221809.81,26.39,-10.19,25.89,-8.46,4.26,77.0,False,NOT_COMPRESSED|BELOW_SMA50|NOT_NEAR_UNBROKEN_PIVOT,753
TEO,2026-10-01,11.65,28.29,LOOSE,RANGE_EXIT_CONFIRMED,DOWN_EXPANSION_CONFIRMED,44.84,59.13,69.44,88.49,False,False,91.67,False,14.35,11.75,1.638,5.22,24.81,-12.47,-10.18,-13.11,3.55,3.55,86,4813948.99,14.35,-18.82,16.34,-28.7,-10.01,44.0,False,NOT_COMPRESSED|ALREADY_EXPANDING|BELOW_SMA50|NOT_NEAR_UNBROKEN_PIVOT|LOW_LIQUIDITY|WEAK_RS,753
FCPT,2026-10-01,21.42,28.21,LOOSE,RANGE_EXIT_CONFIRMED,DOWN_EXPANSION_CONFIRMED,5.95,80.95,100.0,96.43,False,False,66.27,False,23.3897,21.68,1.441,1.96,16.86,-12.9,-12.66,-11.46,1.17,1.67,999,27484903.7,24.961,-14.19,26.4551,-19.03,-16.22,26.0,False,NOT_COMPRESSED|ALREADY_EXPANDING|BELOW_SMA50|NOT_NEAR_UNBROKEN_PIVOT|WEAK_RS,753
MNDY,2026-10-01,80.31,28.19,LOOSE,NO_EDGE,NONE,75.0,61.9,65.87,78.17,False,False,63.49,False,93.71,73.16,0.967,6.49,33.46,-14.96,-0.88,-9.3,3.71,12.6,37,104145798.14,100.03,-19.71,102.0,-21.26,-2.16,65.0,False,NOT_COMPRESSED|POST_GAP_COIL|BELOW_SMA50|NOT_NEAR_UNBROKEN_PIVOT|WEAK_RS,753
CEPU,2026-10-01,11.83,28.17,LOOSE,NO_EDGE,NONE,62.7,28.17,81.35,94.44,False,False,88.1,False,14.5,11.86,1.189,4.5,26.8,-17.39,-19.3,-13.76,7.44,7.44,233,3470752.32,14.92,-20.71,17.25,-31.42,-22.14,15.0,False,NOT_COMPRESSED|BELOW_SMA50|NOT_NEAR_UNBROKEN_PIVOT|LOW_LIQUIDITY|WEAK_RS,753
AMR,2026-10-01,170.29,28.15,LOOSE,NO_EDGE,NONE,76.59,79.37,92.86,87.7,True,False,26.19,False,194.77,164.08,0.768,5.92,41.74,-27.01,12.8,-6.21,4.0,4.0,288,61093500.56,242.5,-29.78,238.35,-28.55,3.6,77.0,False,NOT_COMPRESSED|BELOW_SMA50|NOT_NEAR_UNBROKEN_PIVOT,753
EPRT,2026-10-01,25.6,28.15,LOOSE,NO_EDGE,NONE,61.9,63.89,98.02,93.25,True,False,53.97,False,26.9576,25.77,1.188,1.98,17.35,-13.53,-16.88,-12.47,0.93,0.93,999,66786468.87,29.8963,-14.37,33.171,-22.82,-19.72,19.0,False,NOT_COMPRESSED|BELOW_SMA50|NOT_NEAR_UNBROKEN_PIVOT|WEAK_RS,753
HESM,2026-10-01,38.05,28.12,LOOSE,NO_EDGE,NONE,30.56,69.44,73.41,88.1,False,False,93.25,False,40.58,37.21,1.4,2.21,11.46,-4.95,-0.45,-3.89,1.48,2.01,999,54049338.28,41.32,-7.91,40.975,-7.14,-1.12,68.0,False,NOT_COMPRESSED|BELOW_SMA50|NOT_NEAR_UNBROKEN_PIVOT|WEAK_RS,753
NBIX,2026-10-01,140.71,28.12,LOOSE,NO_EDGE,NONE,35.32,60.71,89.29,88.49,False,False,76.98,False,152.63,136.31,1.084,2.93,16.79,-10.82,-21.06,-9.96,1.55,1.86,102,189940996.55,160.43,-12.29,186.12,-24.4,-22.09,15.0,False,NOT_COMPRESSED|BELOW_SMA50|NOT_NEAR_UNBROKEN_PIVOT|WEAK_RS,753
IOVA,2026-10-01,14.23,28.06,LOOSE,NO_EDGE,NONE,76.59,7.94,92.46,93.65,False,False,83.33,False,15.3,9.83,1.235,5.98,51.02,65.08,232.48,75.9,16.38,37.1,2,210240622.23,15.3,-6.99,9.36,52.03,227.33,100.0,False,NOT_COMPRESSED|POST_GAP_COIL|RECENT_SURGE|EXTENDED_60D_RUN|EXTENDED_FROM_SMA50|NOT_NEAR_UNBROKEN_PIVOT|DETACHED_FROM_PRIOR_STRUCTURE,753
EE,2026-10-01,32.11,28.0,LOOSE,NO_EDGE,NONE,50.79,72.62,93.25,96.83,True,True,80.95,False,38.04,32.025,0.914,4.12,28.53,-20.16,-18.66,-13.59,1.09,1.97,999,16490341.58,40.78,-21.26,40.77,-21.24,-18.11,23.0,False,NOT_COMPRESSED|BELOW_SMA50|NOT_NEAR_UNBROKEN_PIVOT|WEAK_RS,753
UNIT,2026-10-01,7.94,27.98,LOOSE,RANGE_EXIT_CONFIRMED,DOWN_EXPANSION_CONFIRMED,19.84,55.95,90.87,94.84,False,False,96.43,False,9.75,8.295,2.25,4.58,34.45,-19.39,-27.16,-18.49,1.68,3.76,541,21814888.09,10.35,-23.29,12.938,-38.63,-28.97,8.0,False,NOT_COMPRESSED|ALREADY_EXPANDING|BELOW_SMA50|NOT_NEAR_UNBROKEN_PIVOT|WEAK_RS,753
QFIN,2026-10-01,6.465,27.9,LOOSE,RANGE_EXIT_CONFIRMED,DOWN_EXPANSION_CONFIRMED,24.6,71.83,77.78,95.63,False,False,86.11,False,8.348,6.695,1.282,5.14,35.24,-20.24,-53.76,-35.03,1.74,15.35,25,15491830.01,8.6881,-25.59,16.3524,-60.46,-58.72,1.0,False,NOT_COMPRESSED|ALREADY_EXPANDING|POST_GAP_COIL|BELOW_SMA50|NOT_NEAR_UNBROKEN_PIVOT|WEAK_RS,753
ACN,2026-10-01,212.3,27.82,LOOSE,RANGE_EXIT_CONFIRMED,UP_EXPANSION_CONFIRMED,92.06,72.62,70.63,4.76,False,False,96.03,False,193.75,172.11,7.82,4.51,26.15,13.12,56.61,18.68,17.78,17.78,0,1258761525.97,197.63,7.42,198.0783,7.18,53.59,98.0,False,NOT_COMPRESSED|ALREADY_EXPANDING|POST_GAP_COIL|EXTENDED_60D_RUN|EXTENDED_FROM_SMA50|NOT_NEAR_UNBROKEN_PIVOT,753
ARM,2026-10-01,292.34,27.71,LOOSE,NO_EDGE,NONE,78.17,65.08,80.56,63.49,False,False,66.67,True,336.98,256.0,0.504,6.32,38.15,24.47,-2.63,10.19,8.46,14.72,44,1678501855.45,336.98,-13.25,452.7,-35.42,-10.11,43.0,False,NOT_COMPRESSED|POST_GAP_COIL|RECENT_SURGE|NOT_NEAR_UNBROKEN_PIVOT|WEAK_RS,753
TJX,2026-10-01,133.59,27.7,LOOSE,NO_EDGE,NONE,77.78,74.21,70.24,62.7,False,False,56.35,False,134.67,123.26,0.748,2.21,8.9,1.74,-12.29,-5.43,0.92,4.45,999,1195098229.33,134.67,-0.8,169.4653,-21.17,-15.96,27.0,False,NOT_COMPRESSED|BELOW_SMA50|WEAK_RS,753
VICI,2026-10-01,22.73,27.66,LOOSE,NO_EDGE,NONE,28.97,53.17,94.44,96.03,False,False,84.13,False,24.31,22.88,1.189,1.73,12.77,-9.55,-11.21,-9.37,0.82,2.14,999,266007719.53,25.4437,-10.67,28.4781,-20.18,-17.64,24.0,False,NOT_COMPRESSED|BELOW_SMA50|NOT_NEAR_UNBROKEN_PIVOT|WEAK_RS,753
CCI,2026-10-01,66.12,27.58,LOOSE,NO_EDGE,NONE,31.35,55.16,92.86,94.84,False,False,82.14,False,74.11,66.13,0.796,2.78,16.57,-11.01,-12.77,-9.75,1.76,2.01,999,257568887.57,76.6357,-13.72,92.6266,-28.62,-15.26,29.0,False,NOT_COMPRESSED|BELOW_SMA50|NOT_NEAR_UNBROKEN_PIVOT|WEAK_RS,753
FRNM,2026-10-01,15.64,27.54,LOOSE,NO_EDGE,NONE,85.71,85.32,66.67,55.16,False,True,64.29,False,17.5,14.84,0.936,5.67,20.78,-1.94,37.19,13.32,2.96,5.11,205,13996596.86,17.5,-10.63,15.48,1.03,39.35,96.0,False,NOT_COMPRESSED|EXTENDED_60D_RUN|EXTENDED_FROM_SMA50|NOT_NEAR_UNBROKEN_PIVOT,578
AIIR,2026-10-01,7.69,27.52,LOOSE,NO_EDGE,NONE,73.41,68.25,66.27,64.29,False,False,75.0,False,8.3,6.65,0.938,9.1,21.46,3.92,12.92,8.54,7.7,12.45,22,245005.17,8.3,-7.35,15.299,-49.74,11.77,87.0,False,NOT_COMPRESSED|POST_GAP_COIL|NOT_NEAR_UNBROKEN_PIVOT|LOW_LIQUIDITY,319
TRMD,2026-10-01,38.8,27.48,LOOSE,NO_EDGE,NONE,91.27,82.54,70.63,23.41,False,False,67.46,False,38.825,33.81,1.182,3.85,18.92,23.08,43.46,24.34,9.34,9.34,999,73668347.3,38.825,-0.06,32.1547,20.67,47.57,98.0,False,NOT_COMPRESSED|RECENT_SURGE|EXTENDED_60D_RUN|EXTENDED_FROM_SMA50|DETACHED_FROM_PRIOR_STRUCTURE,753
SWKS,2026-10-01,83.16,27.46,LOOSE,NO_EDGE,NONE,98.81,85.32,81.35,45.24,False,True,37.7,False,92.8,84.43,0.926,5.36,27.09,16.03,42.18,12.78,2.59,9.42,232,619045399.54,92.8,-10.39,85.18,-2.37,30.09,94.0,False,NOT_COMPRESSED|RECENT_SURGE|EXTENDED_60D_RUN|EXTENDED_FROM_SMA50|NOT_NEAR_UNBROKEN_PIVOT,753
CIM-PD,2026-10-01,23.4,27.46,LOOSE,NO_EDGE,NONE,76.98,64.29,65.48,69.44,False,False,71.83,False,23.6999,22.82,1.656,1.09,5.04,-2.01,0.01,-0.76,1.32,1.32,999,260783.26,24.12,-2.99,24.228,-3.42,-1.43,68.0,False,NOT_COMPRESSED|LOW_LIQUIDITY|WEAK_RS,753
CARG,2026-10-01,29.73,27.36,LOOSE,RANGE_EXIT_CONFIRMED,DOWN_EXPANSION_CONFIRMED,42.06,85.32,69.44,75.0,False,False,80.16,False,34.95,29.78,3.169,4.36,22.84,-14.15,-13.04,-14.7,1.84,9.95,350,41569500.46,35.426,-16.08,41.22,-27.87,-20.8,17.0,False,NOT_COMPRESSED|ALREADY_EXPANDING|BELOW_SMA50|NOT_NEAR_UNBROKEN_PIVOT|WEAK_RS,753
TTAN,2026-10-01,67.34,27.34,LOOSE,NO_EDGE,NONE,100.0,73.81,93.65,26.19,False,True,68.25,True,66.39,53.0,0.644,6.5,64.07,-26.94,-13.68,-14.04,17.72,17.72,16,273313204.63,96.18,-29.99,102.952,-34.59,-16.84,25.0,False,NOT_COMPRESSED|POST_GAP_COIL|BELOW_SMA50|NOT_NEAR_UNBROKEN_PIVOT|WEAK_RS,451
NTR,2026-10-01,69.73,27.32,LOOSE,NO_EDGE,NONE,5.16,79.76,86.51,95.24,False,False,94.05,False,78.707,70.19,1.195,3.04,20.03,-12.48,5.25,-3.29,2.17,2.96,999,207532771.57,81.9192,-14.88,77.399,-9.91,5.17,79.0,False,NOT_COMPRESSED|BELOW_SMA50|NOT_NEAR_UNBROKEN_PIVOT,753
AIZ,2026-10-01,266.24,27.24,LOOSE,NO_EDGE,NONE,34.13,59.92,88.49,92.46,False,False,82.54,False,286.69,260.64,1.647,2.09,10.54,-6.28,-3.94,-4.88,1.39,4.56,999,109900650.15,288.7,-7.78,303.0037,-12.13,-7.28,51.0,False,NOT_COMPRESSED|BELOW_SMA50|NOT_NEAR_UNBROKEN_PIVOT|WEAK_RS,753
XYL,2026-10-01,100.88,27.22,LOOSE,NO_EDGE,NONE,63.49,59.92,57.14,87.7,False,False,90.08,False,109.46,100.17,1.904,2.52,11.45,-5.49,-14.63,-10.15,1.87,1.87,999,300974048.6,110.13,-8.4,129.18,-21.91,-17.1,24.0,False,NOT_COMPRESSED|BELOW_SMA50|NOT_NEAR_UNBROKEN_PIVOT|WEAK_RS,753
VICR,2026-10-01,308.59,27.18,LOOSE,RANGE_EXIT_CONFIRMED,UP_EXPANSION_CONFIRMED,61.9,29.37,94.84,88.89,False,False,81.75,False,297.0,206.55,2.708,6.08,51.33,69.94,17.26,41.52,14.21,14.21,0,220001991.18,297.0,3.9,382.65,-19.35,6.23,81.0,False,NOT_COMPRESSED|ALREADY_EXPANDING|POST_GAP_COIL|RECENT_SURGE|EXTENDED_FROM_SMA50|NOT_NEAR_UNBROKEN_PIVOT,753
MMI,2026-10-01,28.96,27.18,LOOSE,NO_EDGE,NONE,46.83,49.21,81.75,94.84,False,False,86.9,False,31.62,28.22,1.0,2.85,12.81,-6.12,-5.79,-6.27,1.54,4.67,999,5165641.48,31.9301,-9.3,33.2791,-12.98,-11.2,40.0,False,NOT_COMPRESSED|BELOW_SMA50|NOT_NEAR_UNBROKEN_PIVOT|WEAK_RS,753
WES,2026-10-01,44.38,27.1,LOOSE,NO_EDGE,NONE,18.65,67.06,94.84,96.43,False,False,82.14,False,47.5,44.07,1.472,2.18,13.45,-9.35,-0.05,-6.36,0.94,1.91,999,42773808.43,49.89,-11.04,50.07,-11.36,0.82,73.0,False,NOT_COMPRESSED|BELOW_SMA50|NOT_NEAR_UNBROKEN_PIVOT,753
DAN,2026-10-01,27.63,27.08,LOOSE,NO_EDGE,NONE,43.65,66.27,76.98,91.27,False,False,78.97,False,31.26,26.34,1.158,3.9,21.57,-9.91,8.49,-5.78,3.1,5.5,423,44679172.54,32.3,-14.46,39.2495,-29.6,8.57,83.0,False,NOT_COMPRESSED|BELOW_SMA50|NOT_NEAR_UNBROKEN_PIVOT,753
BNY,2026-10-01,143.92,27.08,LOOSE,RANGE_EXIT_CONFIRMED,DOWN_EXPANSION_CONFIRMED,18.65,60.71,95.63,95.63,False,False,90.48,False,155.48,144.63,1.482,2.1,17.32,-11.18,-3.76,-8.73,1.3,1.71,999,613270839.92,165.84,-13.22,165.69,-13.14,-4.28,59.0,False,NOT_COMPRESSED|ALREADY_EXPANDING|BELOW_SMA50|NOT_NEAR_UNBROKEN_PIVOT|WEAK_RS,753
ET,2026-10-01,20.1,26.98,LOOSE,NO_EDGE,NONE,11.11,61.51,96.03,98.81,False,False,96.43,False,21.28,19.67,1.636,1.8,11.19,-6.69,2.9,-3.2,0.8,1.43,999,182996802.25,21.84,-7.97,21.77,-7.67,2.89,75.0,False,NOT_COMPRESSED|BELOW_SMA50|NOT_NEAR_UNBROKEN_PIVOT,753
O,2026-10-01,53.53,26.98,LOOSE,RANGE_EXIT_CONFIRMED,DOWN_EXPANSION_CONFIRMED,19.44,59.92,100.0,95.63,False,False,85.32,False,57.5049,54.23,1.631,1.58,15.57,-12.53,-14.19,-11.31,0.9,2.62,999,499595441.58,61.6643,-13.19,66.2468,-19.2,-17.84,23.0,False,NOT_COMPRESSED|ALREADY_EXPANDING|BELOW_SMA50|NOT_NEAR_UNBROKEN_PIVOT|WEAK_RS,753
HAFN,2026-10-01,10.07,26.87,LOOSE,NO_EDGE,NONE,80.95,81.35,73.02,15.08,False,False,92.06,False,10.13,8.41,1.087,3.51,17.38,19.9,46.26,23.11,6.92,6.92,400,29616982.84,10.13,-0.59,8.6845,15.95,48.84,98.0,False,NOT_COMPRESSED|RECENT_SURGE|EXTENDED_60D_RUN|EXTENDED_FROM_SMA50|DETACHED_FROM_PRIOR_STRUCTURE,622
BHF,2026-10-01,50.05,26.77,LOOSE,NO_EDGE,NONE,77.78,85.32,70.63,28.97,False,False,80.95,False,54.87,48.66,0.866,3.28,13.0,-6.66,-23.47,-9.39,0.76,1.28,225,55801583.02,54.87,-8.78,66.8,-25.07,-24.64,12.0,False,NOT_COMPRESSED|BELOW_SMA50|NOT_NEAR_UNBROKEN_PIVOT|WEAK_RS,753
SONO,2026-10-01,17.75,26.69,LOOSE,NO_EDGE,NONE,64.29,23.41,100.0,98.02,False,False,73.81,False,18.25,15.28,1.175,3.75,22.82,11.08,28.44,11.53,2.43,7.71,165,35170567.0,18.25,-2.74,17.6,0.85,27.49,94.0,False,NOT_COMPRESSED,753
COHU,2026-10-01,70.34,26.61,LOOSE,NO_EDGE,NONE,73.41,40.87,94.05,88.89,False,False,55.95,False,68.49,53.02,1.181,5.0,38.88,53.75,34.96,29.75,8.5,24.22,43,58212674.38,68.49,2.7,74.6,-5.71,15.84,90.0,False,NOT_COMPRESSED|POST_GAP_COIL|RECENT_SURGE|EXTENDED_60D_RUN|EXTENDED_FROM_SMA50|NOT_NEAR_UNBROKEN_PIVOT,753
TEM,2026-10-01,76.5,26.57,LOOSE,NO_EDGE,NONE,78.97,57.94,92.46,83.73,False,False,33.33,False,89.09,72.61,1.338,6.59,41.01,23.51,33.58,23.47,3.9,13.41,30,513306441.34,89.09,-14.13,72.96,4.85,24.09,93.0,False,NOT_COMPRESSED|POST_GAP_COIL|RECENT_SURGE|EXTENDED_60D_RUN|EXTENDED_FROM_SMA50|NOT_NEAR_UNBROKEN_PIVOT,576
JKHY,2026-10-01,143.84,26.51,LOOSE,NO_EDGE,NONE,75.0,64.29,90.08,88.1,True,False,62.7,False,159.38,142.75,1.575,3.09,19.17,-13.57,-2.04,-8.46,2.89,6.97,999,163119433.15,170.3306,-15.55,174.356,-17.5,-4.54,58.0,False,NOT_COMPRESSED|BELOW_SMA50|NOT_NEAR_UNBROKEN_PIVOT|WEAK_RS,753
CMCSA,2026-10-01,21.7,26.47,LOOSE,NO_EDGE,NONE,66.27,71.03,98.81,95.63,True,False,46.43,False,23.94,21.41,0.872,3.01,26.36,-19.06,-6.43,-12.14,1.67,3.09,66,752575667.71,27.19,-20.19,31.6488,-31.43,-11.62,39.0,False,NOT_COMPRESSED|BELOW_SMA50|NOT_NEAR_UNBROKEN_PIVOT|WEAK_RS,753
MTDR,2026-10-01,52.96,26.41,LOOSE,NO_EDGE,NONE,62.7,39.68,98.02,96.83,False,False,59.92,False,58.09,50.39,1.48,3.64,25.36,-11.11,1.08,-2.55,2.8,5.91,999,103983344.68,63.82,-17.02,64.196,-17.5,3.52,76.0,False,NOT_COMPRESSED|NOT_NEAR_UNBROKEN_PIVOT,753
FSLR,2026-10-01,172.11,26.37,LOOSE,NO_EDGE,NONE,72.22,65.08,78.17,94.44,True,False,75.79,False,203.52,170.8,1.088,5.25,30.43,-15.05,-23.27,-17.31,2.73,6.13,151,478786418.19,220.98,-22.12,320.95,-46.37,-26.19,10.0,False,NOT_COMPRESSED|BELOW_SMA50|NOT_NEAR_UNBROKEN_PIVOT|WEAK_RS,753
BAND,2026-10-01,62.44,26.35,LOOSE,NO_EDGE,NONE,69.05,69.44,72.62,76.59,False,False,66.27,False,65.13,48.54,1.102,7.02,37.72,31.31,-11.42,21.91,2.96,26.68,45,52836818.64,65.13,-4.13,79.08,-21.04,-1.47,68.0,False,NOT_COMPRESSED|POST_GAP_COIL|RECENT_SURGE|EXTENDED_FROM_SMA50|WEAK_RS,753
RNR-PF,2026-10-01,19.59,26.31,LOOSE,NO_EDGE,NONE,97.22,100.0,44.44,21.43,False,False,80.95,False,20.0357,19.51,1.482,1.4,4.29,-1.85,-3.31,-2.43,1.07,1.07,999,722501.53,20.1,-2.54,21.1301,-7.29,-6.56,53.0,False,NOT_COMPRESSED|LOW_LIQUIDITY|WEAK_RS,753
MS,2026-10-01,188.01,26.31,LOOSE,RANGE_EXIT_CONFIRMED,DOWN_EXPANSION_CONFIRMED,25.4,55.95,94.84,96.83,False,False,92.86,False,206.75,188.07,1.547,2.57,19.17,-11.24,-13.31,-10.39,1.44,2.18,999,1101623886.57,218.51,-13.96,230.9785,-18.6,-14.47,30.0,False,NOT_COMPRESSED|ALREADY_EXPANDING|BELOW_SMA50|NOT_NEAR_UNBROKEN_PIVOT|WEAK_RS,753
KGC,2026-10-01,24.06,26.27,LOOSE,NO_EDGE,NONE,59.92,65.08,92.06,96.83,True,False,85.32,True,28.89,23.58,0.58,4.79,34.25,-20.49,4.48,-12.83,5.03,6.17,999,208689390.21,31.82,-24.39,35.4628,-32.15,-5.33,57.0,False,NOT_COMPRESSED|BELOW_SMA50|NOT_NEAR_UNBROKEN_PIVOT|WEAK_RS,753
RITM,2026-10-01,8.75,26.19,LOOSE,NO_EDGE,NONE,49.21,68.65,77.38,87.3,False,False,77.78,False,9.4382,8.6606,0.791,2.37,14.36,-10.16,0.13,-8.22,2.11,2.11,999,59514396.98,9.8561,-11.22,10.1769,-14.02,-3.8,61.0,False,NOT_COMPRESSED|BELOW_SMA50|NOT_NEAR_UNBROKEN_PIVOT|WEAK_RS,753
WD,2026-10-01,34.53,25.85,LOOSE,RANGE_EXIT_CONFIRMED,DOWN_EXPANSION_CONFIRMED,38.89,76.19,79.76,84.13,False,False,83.73,False,39.92,35.09,1.366,4.21,27.63,-13.83,-28.75,-17.37,1.66,6.62,999,19629804.32,43.13,-19.94,55.2608,-37.51,-38.48,3.0,False,NOT_COMPRESSED|ALREADY_EXPANDING|BELOW_SMA50|NOT_NEAR_UNBROKEN_PIVOT|WEAK_RS,753
SLM,2026-10-01,22.61,25.75,LOOSE,NO_EDGE,NONE,45.63,55.16,90.08,92.46,False,False,81.35,False,25.62,22.4,1.05,3.29,23.0,-14.29,-4.93,-12.24,1.52,4.88,203,50282619.27,27.22,-16.94,28.1313,-19.63,-14.08,31.0,False,NOT_COMPRESSED|BELOW_SMA50|NOT_NEAR_UNBROKEN_PIVOT|WEAK_RS,753
EPD,2026-10-01,35.67,25.73,LOOSE,NO_EDGE,NONE,31.75,56.35,94.44,99.21,False,False,99.21,True,39.1,35.58,0.747,1.8,12.11,-9.38,-4.23,-6.55,0.65,1.52,999,115089672.53,39.69,-10.13,39.5799,-9.88,-4.33,59.0,False,NOT_COMPRESSED|BELOW_SMA50|NOT_NEAR_UNBROKEN_PIVOT|WEAK_RS,753
BG,2026-10-01,106.61,25.71,LOOSE,RANGE_EXIT_CONFIRMED,DOWN_EXPANSION_CONFIRMED,55.16,81.75,80.95,87.7,True,False,83.73,False,120.41,106.89,1.385,3.47,21.98,-13.23,-6.9,-6.34,2.49,3.82,999,234298647.76,127.47,-16.36,134.0249,-20.46,-2.06,66.0,False,NOT_COMPRESSED|ALREADY_EXPANDING|BELOW_SMA50|NOT_NEAR_UNBROKEN_PIVOT|WEAK_RS,753
CASY,2026-10-01,619.5,25.71,LOOSE,RANGE_EXIT_CONFIRMED,UP_EXPANSION_CONFIRMED,90.08,86.11,94.05,70.63,True,False,30.95,False,615.95,575.1,1.793,3.7,31.13,-17.79,-26.47,-17.46,14.45,14.45,16,500775297.91,767.98,-19.33,927.1547,-33.18,-25.09,12.0,False,NOT_COMPRESSED|ALREADY_EXPANDING|POST_GAP_COIL|BELOW_SMA50|NOT_NEAR_UNBROKEN_PIVOT|WEAK_RS,753
NTAP,2026-10-01,215.05,25.67,LOOSE,NO_EDGE,NONE,65.48,64.29,78.17,85.71,False,False,65.87,False,216.81,190.89,0.942,3.6,25.95,18.96,30.41,12.53,10.41,10.41,19,502293078.24,216.81,-0.81,209.06,2.87,37.08,96.0,False,NOT_COMPRESSED|POST_GAP_COIL|RECENT_SURGE|EXTENDED_60D_RUN|EXTENDED_FROM_SMA50,753
WFC,2026-10-01,80.25,25.63,LOOSE,NO_EDGE,NONE,40.48,51.19,95.63,94.84,False,False,84.52,False,87.89,79.82,1.713,2.4,17.43,-10.1,-5.67,-6.88,2.04,3.22,475,1186487476.5,91.99,-12.76,89.6553,-10.49,-8.45,48.0,False,NOT_COMPRESSED|BELOW_SMA50|NOT_NEAR_UNBROKEN_PIVOT|WEAK_RS,753
RTO,2026-10-01,19.8,25.54,LOOSE,NO_EDGE,NONE,13.89,82.94,92.46,95.24,False,False,82.14,False,22.21,19.68,0.86,2.52,23.43,-17.94,-33.65,-15.63,3.13,17.77,44,46106950.81,24.19,-18.15,34.3478,-42.35,-36.19,4.0,False,NOT_COMPRESSED|POST_GAP_COIL|BELOW_SMA50|NOT_NEAR_UNBROKEN_PIVOT|WEAK_RS,753
NICE,2026-10-01,116.48,25.52,LOOSE,NO_EDGE,NONE,69.44,65.48,78.57,56.75,False,False,88.49,False,128.51,102.51,1.285,4.49,26.67,9.0,20.33,12.36,4.2,7.42,102,63241939.07,128.51,-9.36,126.5,-7.92,17.57,90.0,False,NOT_COMPRESSED|EXTENDED_FROM_SMA50|NOT_NEAR_UNBROKEN_PIVOT,753
NCNO,2026-10-01,19.35,25.5,LOOSE,NO_EDGE,NONE,56.75,54.76,84.52,88.89,False,False,79.76,False,21.9,17.665,1.565,4.87,33.2,-15.72,11.59,-4.5,3.05,7.11,126,48768181.49,24.09,-19.68,23.83,-18.8,6.18,81.0,False,NOT_COMPRESSED|BELOW_SMA50|NOT_NEAR_UNBROKEN_PIVOT,753
STEW,2026-10-01,17.52,25.5,LOOSE,NO_EDGE,NONE,48.41,47.22,93.25,94.44,False,False,83.73,False,18.26,17.37,1.158,1.11,7.46,-5.04,-1.3,-4.27,0.77,0.84,999,1013731.02,18.63,-5.96,19.05,-8.03,-5.33,57.0,False,NOT_COMPRESSED|BELOW_SMA50|NOT_NEAR_UNBROKEN_PIVOT|LOW_LIQUIDITY|WEAK_RS,753
CQP,2026-10-01,61.0,25.22,LOOSE,NO_EDGE,NONE,60.71,59.92,95.24,100.0,True,False,77.38,False,66.9,60.5,0.77,3.01,18.02,-14.35,-5.68,-7.99,1.18,2.6,999,8596748.16,71.25,-14.39,70.96,-14.04,-2.14,65.0,False,NOT_COMPRESSED|BELOW_SMA50|NOT_NEAR_UNBROKEN_PIVOT|WEAK_RS,753
DKS,2026-10-01,132.85,25.21,LOOSE,NO_EDGE,NONE,79.76,88.1,73.81,48.41,False,False,74.6,True,137.05,120.15,0.625,4.26,14.9,-2.35,-37.68,-17.84,2.51,20.62,26,401858581.74,139.9437,-5.07,242.0856,-45.12,-46.05,1.0,False,NOT_COMPRESSED|POST_GAP_COIL|BELOW_SMA50|NOT_NEAR_UNBROKEN_PIVOT|WEAK_RS,753
HLN,2026-10-01,8.72,25.14,LOOSE,RANGE_EXIT_CONFIRMED,DOWN_EXPANSION_CONFIRMED,65.48,90.08,60.71,59.13,False,False,84.92,False,9.415,8.96,2.2,2.2,14.11,-12.01,-9.98,-9.61,2.6,2.6,999,200115543.37,10.025,-13.02,10.26,-15.01,-13.45,33.0,False,NOT_COMPRESSED|ALREADY_EXPANDING|BELOW_SMA50|NOT_NEAR_UNBROKEN_PIVOT|WEAK_RS,753
SFM,2026-10-01,64.48,25.02,LOOSE,NO_EDGE,NONE,61.51,65.48,86.9,88.49,False,False,59.52,False,71.99,61.88,1.338,4.51,30.49,-18.13,-19.66,-16.83,2.2,10.62,44,148573721.61,81.54,-20.92,94.89,-32.05,-31.14,6.0,False,NOT_COMPRESSED|POST_GAP_COIL|BELOW_SMA50|NOT_NEAR_UNBROKEN_PIVOT|WEAK_RS,753
SCHW,2026-10-01,98.37,24.92,LOOSE,NO_EDGE,NONE,75.4,48.41,90.87,93.65,True,False,87.3,False,107.41,97.4,0.942,2.25,14.08,-9.12,-2.99,-7.48,0.9,3.58,999,876953089.12,110.72,-11.15,114.53,-14.11,-1.13,68.0,False,NOT_COMPRESSED|BELOW_SMA50|NOT_NEAR_UNBROKEN_PIVOT|WEAK_RS,753
MKC,2026-10-01,44.14,24.88,LOOSE,RANGE_EXIT_CONFIRMED,DOWN_EXPANSION_CONFIRMED,48.02,80.16,73.02,82.54,False,False,83.33,False,50.5,46.25,2.885,3.28,21.93,-17.96,-14.41,-14.78,1.39,1.75,999,181233250.35,54.79,-19.44,56.87,-22.38,-19.5,20.0,False,NOT_COMPRESSED|ALREADY_EXPANDING|BELOW_SMA50|NOT_NEAR_UNBROKEN_PIVOT|WEAK_RS,753
KEN,2026-10-01,59.38,24.76,LOOSE,NO_EDGE,NONE,80.16,75.0,62.7,64.68,False,False,79.76,False,66.71,59.72,0.601,3.47,19.74,-9.59,-12.12,-9.76,6.12,7.05,623,933518.69,70.61,-15.9,95.93,-38.1,-15.64,28.0,False,NOT_COMPRESSED|BELOW_SMA50|NOT_NEAR_UNBROKEN_PIVOT|LOW_LIQUIDITY|WEAK_RS,753
AGO,2026-10-01,68.27,24.72,LOOSE,NO_EDGE,NONE,65.87,78.97,78.57,78.57,False,False,58.73,False,72.3,67.5,0.765,2.26,13.11,-9.01,-17.08,-9.44,2.51,3.94,999,39380989.78,76.19,-10.4,86.5008,-21.08,-20.83,17.0,False,NOT_COMPRESSED|BELOW_SMA50|NOT_NEAR_UNBROKEN_PIVOT|WEAK_RS,753
MPT,2026-10-01,3.37,24.66,LOOSE,NO_EDGE,NONE,78.57,89.68,69.44,62.3,False,False,56.35,False,3.7,3.36,1.3,3.97,20.04,-15.03,-23.0,-15.47,5.6,5.6,514,40965971.47,4.0445,-16.68,5.1465,-34.52,-27.68,9.0,False,NOT_COMPRESSED|BELOW_SMA50|NOT_NEAR_UNBROKEN_PIVOT|LOW_LIQUIDITY|WEAK_RS,753
ZG,2026-10-01,28.41,24.6,LOOSE,NO_EDGE,NONE,61.11,57.54,88.1,88.49,False,False,71.83,False,32.67,27.59,1.532,4.92,35.83,-19.84,-11.58,-15.17,2.85,15.64,39,30634801.81,37.43,-24.1,48.5,-41.42,-17.83,23.0,False,NOT_COMPRESSED|POST_GAP_COIL|BELOW_SMA50|NOT_NEAR_UNBROKEN_PIVOT|WEAK_RS,753
BOOT,2026-10-01,120.98,24.58,LOOSE,NO_EDGE,NONE,92.46,57.54,96.43,87.3,False,False,20.24,False,131.8,119.21,0.97,4.67,29.61,-18.62,-22.67,-18.18,2.14,3.21,346,91805681.46,155.03,-21.96,184.18,-34.31,-26.13,10.0,False,NOT_COMPRESSED|BELOW_SMA50|NOT_NEAR_UNBROKEN_PIVOT|WEAK_RS,753
LPLA,2026-10-01,312.15,24.56,LOOSE,NO_EDGE,NONE,60.71,59.52,90.87,82.54,False,False,72.22,False,337.71,295.58,1.529,3.62,22.5,-12.1,3.85,-9.91,2.14,2.9,229,250507539.56,368.75,-15.35,378.6968,-17.57,3.0,76.0,False,NOT_COMPRESSED|BELOW_SMA50|NOT_NEAR_UNBROKEN_PIVOT,753
ORA,2026-10-01,89.66,24.53,LOOSE,NO_EDGE,NONE,84.92,78.97,72.22,67.06,False,True,74.6,False,98.77,89.31,1.704,3.65,25.45,-14.36,-19.24,-11.64,3.37,9.97,999,96743356.3,109.88,-18.4,146.2298,-38.69,-23.09,14.0,False,NOT_COMPRESSED|BELOW_SMA50|NOT_NEAR_UNBROKEN_PIVOT|WEAK_RS,753
COO,2026-10-01,57.41,24.46,LOOSE,RANGE_EXIT_CONFIRMED,UP_EXPANSION_CONFIRMED,100.0,93.25,94.84,58.33,True,False,27.78,False,57.37,52.78,1.379,3.36,34.26,-17.67,-17.53,-14.61,18.27,18.27,15,319543826.79,71.07,-19.22,78.11,-26.5,-25.46,11.0,False,NOT_COMPRESSED|ALREADY_EXPANDING|POST_GAP_COIL|BELOW_SMA50|NOT_NEAR_UNBROKEN_PIVOT|WEAK_RS,753
MNKD,2026-10-01,3.95,24.44,LOOSE,NO_EDGE,NONE,83.73,60.32,80.16,50.79,False,False,87.3,False,4.03,3.17,3.636,5.63,30.13,-2.23,-7.06,2.28,1.69,6.83,102,19024291.31,4.36,-9.4,4.55,-13.19,-15.44,28.0,False,NOT_COMPRESSED|NOT_NEAR_UNBROKEN_PIVOT|LOW_LIQUIDITY|WEAK_RS,753
DTE,2026-10-01,123.27,24.44,LOOSE,NO_EDGE,NONE,32.14,61.51,99.6,98.02,False,False,81.35,False,130.4863,119.68,2.021,1.8,13.85,-8.56,-17.83,-8.23,0.9,1.24,999,248271755.37,136.759,-9.86,154.3382,-20.13,-22.09,15.0,False,NOT_COMPRESSED|BELOW_SMA50|NOT_NEAR_UNBROKEN_PIVOT|WEAK_RS,753
MOS,2026-10-01,21.55,24.31,LOOSE,NO_EDGE,NONE,13.89,88.89,82.54,98.02,False,False,92.86,False,25.76,21.53,1.221,4.94,29.48,-15.7,5.24,-8.08,1.92,4.45,290,203563936.1,26.7337,-19.39,26.6512,-19.14,0.02,71.0,False,NOT_COMPRESSED|BELOW_SMA50|NOT_NEAR_UNBROKEN_PIVOT,753
CAG,2026-10-01,13.2,24.31,LOOSE,RANGE_EXIT_CONFIRMED,DOWN_EXPANSION_CONFIRMED,18.25,81.75,86.51,92.86,False,False,96.43,False,15.35,13.27,1.514,3.4,24.02,-18.42,-3.04,-12.98,1.41,3.25,999,197991545.66,16.37,-19.36,16.74,-21.15,-9.73,44.0,False,NOT_COMPRESSED|ALREADY_EXPANDING|BELOW_SMA50|NOT_NEAR_UNBROKEN_PIVOT|WEAK_RS,753
RY,2026-10-01,195.36,24.29,LOOSE,RANGE_EXIT_CONFIRMED,DOWN_EXPANSION_CONFIRMED,52.38,83.33,70.24,73.41,False,False,90.08,False,206.66,196.19,2.512,1.67,10.74,-6.01,-4.49,-5.57,0.87,1.03,999,195406781.32,212.37,-8.01,218.11,-10.43,-6.87,52.0,False,NOT_COMPRESSED|ALREADY_EXPANDING|BELOW_SMA50|NOT_NEAR_UNBROKEN_PIVOT|WEAK_RS,753
PJT,2026-10-01,140.3,24.11,LOOSE,RANGE_EXIT_CONFIRMED,DOWN_EXPANSION_CONFIRMED,35.71,74.21,99.6,93.25,False,False,66.67,False,154.22,140.89,1.286,3.75,35.72,-22.55,-9.94,-15.98,1.5,2.98,999,69048398.48,187.565,-25.2,184.7978,-24.08,-16.64,25.0,False,NOT_COMPRESSED|ALREADY_EXPANDING|BELOW_SMA50|NOT_NEAR_UNBROKEN_PIVOT|WEAK_RS,753
SF,2026-10-01,70.34,24.09,LOOSE,NO_EDGE,NONE,27.38,61.11,100.0,98.81,False,False,89.29,False,77.03,68.82,1.261,2.71,19.18,-12.09,-3.65,-11.41,1.17,2.95,999,105729364.0,82.31,-14.54,85.8272,-18.04,-6.3,54.0,False,NOT_COMPRESSED|BELOW_SMA50|NOT_NEAR_UNBROKEN_PIVOT|WEAK_RS,753
BULL,2026-10-01,7.03,24.01,LOOSE,NO_EDGE,NONE,81.75,61.11,95.24,96.03,True,True,79.76,False,8.66,6.94,1.415,6.15,47.37,-21.89,-2.9,-13.64,3.88,15.05,29,115464727.14,10.19,-31.01,9.95,-29.35,-4.79,58.0,False,NOT_COMPRESSED|POST_GAP_COIL|BELOW_SMA50|NOT_NEAR_UNBROKEN_PIVOT|WEAK_RS,753
BA,2026-10-01,192.28,23.95,LOOSE,NO_EDGE,NONE,71.03,87.7,65.87,82.14,False,False,58.73,False,204.07,184.01,1.38,3.35,16.27,-7.94,-14.52,-9.58,2.75,2.75,999,1606171988.44,215.29,-10.69,244.07,-21.22,-17.94,23.0,False,NOT_COMPRESSED|BELOW_SMA50|NOT_NEAR_UNBROKEN_PIVOT|WEAK_RS,753
GFI,2026-10-01,35.79,23.9,LOOSE,NO_EDGE,NONE,66.67,49.21,88.89,97.62,False,False,83.33,True,43.84,34.8,0.4,5.0,34.97,-18.52,11.32,-11.41,13.72,13.72,3,156027257.13,47.3158,-24.36,51.7942,-30.9,0.39,72.0,False,NOT_COMPRESSED|POST_GAP_COIL|BELOW_SMA50|NOT_NEAR_UNBROKEN_PIVOT,753
LNT,2026-10-01,63.71,23.89,LOOSE,NO_EDGE,NONE,41.67,73.81,94.84,88.89,False,False,71.43,False,66.75,62.7,1.35,1.78,10.2,-5.95,-15.94,-6.66,0.82,1.6,999,171476460.3,69.04,-7.72,78.2152,-18.55,-20.57,18.0,False,NOT_COMPRESSED|BELOW_SMA50|NOT_NEAR_UNBROKEN_PIVOT|WEAK_RS,753
HMN,2026-10-01,44.94,23.87,LOOSE,NO_EDGE,NONE,39.29,49.21,97.22,99.6,False,False,93.65,False,49.5,44.6,0.904,2.34,17.8,-12.1,-15.27,-9.99,1.25,5.41,999,17855593.59,52.2771,-14.04,55.156,-18.52,-18.77,21.0,False,NOT_COMPRESSED|BELOW_SMA50|NOT_NEAR_UNBROKEN_PIVOT|WEAK_RS,753
NNN,2026-10-01,40.2,23.79,LOOSE,RANGE_EXIT_CONFIRMED,DOWN_EXPANSION_CONFIRMED,38.89,81.35,96.83,90.48,False,False,61.51,False,42.23,40.87,2.094,1.77,13.61,-10.81,-13.15,-10.51,0.99,1.48,999,89400210.11,45.58,-11.8,49.356,-18.55,-17.15,24.0,False,NOT_COMPRESSED|ALREADY_EXPANDING|BELOW_SMA50|NOT_NEAR_UNBROKEN_PIVOT|WEAK_RS,753
CCEC,2026-10-01,21.7,23.77,LOOSE,NO_EDGE,NONE,100.0,36.11,68.25,70.63,False,False,98.41,False,22.72,18.05,5.0,3.56,21.52,-4.19,-1.43,-2.85,5.07,5.07,999,140569.1,22.72,-4.49,23.7932,-8.8,-1.71,67.0,False,NOT_COMPRESSED|LOW_LIQUIDITY|WEAK_RS,753
LADR,2026-10-01,8.72,23.71,LOOSE,NO_EDGE,NONE,13.1,76.98,98.81,98.41,False,False,91.67,False,9.414,8.6831,1.268,2.04,13.15,-8.79,-7.75,-7.23,1.43,1.54,999,13055811.17,9.7063,-10.16,10.3203,-15.51,-13.44,33.0,False,NOT_COMPRESSED|BELOW_SMA50|NOT_NEAR_UNBROKEN_PIVOT|WEAK_RS,753
VCYT,2026-10-01,44.19,23.69,LOOSE,NO_EDGE,NONE,75.79,92.06,60.71,58.33,False,False,78.97,False,49.0,38.8,0.97,5.54,24.34,-1.54,-21.26,-2.21,3.04,18.42,43,63628845.76,49.0,-9.82,60.91,-27.45,-25.42,11.0,False,NOT_COMPRESSED|POST_GAP_COIL|NOT_NEAR_UNBROKEN_PIVOT|WEAK_RS,753
SLBT,2026-10-01,1.6,23.69,LOOSE,NO_EDGE,NONE,72.22,70.24,90.87,76.98,False,False,53.97,False,1.975,1.42,0.513,14.25,117.5,-51.66,-63.13,-35.24,7.25,7.32,72,216117.5,3.331,-51.97,14.5,-88.97,-76.12,0.0,False,NOT_COMPRESSED|BELOW_SMA50|NOT_NEAR_UNBROKEN_PIVOT|LOW_LIQUIDITY|WEAK_RS,416
F,2026-10-01,12.27,23.59,LOOSE,NO_EDGE,NONE,62.7,62.3,80.56,89.68,False,False,78.97,False,13.83,11.96,0.905,3.2,22.25,-13.22,-8.13,-11.01,1.95,4.08,548,640471754.0,14.64,-16.19,17.5895,-30.24,-10.0,44.0,False,NOT_COMPRESSED|BELOW_SMA50|NOT_NEAR_UNBROKEN_PIVOT|WEAK_RS,753
LBTYK,2026-10-01,8.79,23.59,LOOSE,NO_EDGE,NONE,33.33,56.75,100.0,100.0,False,False,89.29,False,10.16,8.88,1.16,3.19,22.3,-15.64,-14.33,-12.62,1.08,2.04,355,19242742.65,10.67,-17.62,12.39,-29.06,-22.19,15.0,False,NOT_COMPRESSED|BELOW_SMA50|NOT_NEAR_UNBROKEN_PIVOT|WEAK_RS,753
KIM-PL,2026-10-01,19.62,23.55,LOOSE,NO_EDGE,NONE,86.9,100.0,52.78,42.86,False,False,80.56,False,20.1702,19.2553,1.262,1.37,6.73,-0.59,1.95,1.2,1.74,1.74,999,918527.51,20.367,-3.67,19.8947,-1.38,0.49,72.0,False,NOT_COMPRESSED|LOW_LIQUIDITY,753
CHDN,2026-10-01,74.82,23.47,LOOSE,NO_EDGE,NONE,36.11,81.75,81.75,94.44,False,False,82.94,False,83.68,74.37,0.769,3.67,23.35,-16.1,-12.29,-12.36,1.5,3.48,999,92805841.09,91.45,-18.18,102.89,-27.28,-20.53,18.0,False,NOT_COMPRESSED|BELOW_SMA50|NOT_NEAR_UNBROKEN_PIVOT|WEAK_RS,753
TWLO,2026-10-01,301.27,23.33,LOOSE,NO_EDGE,NONE,60.32,58.33,90.87,88.89,False,False,76.19,False,304.75,236.18,0.934,4.69,27.91,32.86,39.8,28.2,4.33,21.77,38,690636065.79,304.75,-1.14,258.353,16.61,41.1,97.0,False,NOT_COMPRESSED|POST_GAP_COIL|RECENT_SURGE|EXTENDED_60D_RUN|EXTENDED_FROM_SMA50|DETACHED_FROM_PRIOR_STRUCTURE,753
GENI,2026-10-01,5.68,23.15,LOOSE,NO_EDGE,NONE,76.98,85.71,78.97,67.86,False,False,55.56,False,6.76,5.48,0.859,7.67,41.9,-23.45,-10.83,-20.33,6.03,6.84,101,46523478.01,7.785,-27.04,8.59,-33.88,-14.5,30.0,False,NOT_COMPRESSED|BELOW_SMA50|NOT_NEAR_UNBROKEN_PIVOT|WEAK_RS,753
AHG,2026-10-01,1.02,23.1,LOOSE,NO_EDGE,NONE,96.03,79.37,75.79,27.78,False,False,83.33,False,1.03,0.681,2.315,11.42,34.22,20.0,-36.25,-3.04,11.84,13.19,0,277832.43,1.03,-0.97,2.46,-58.54,-35.73,4.0,False,NOT_COMPRESSED|POST_GAP_COIL|RECENT_SURGE|BELOW_SMA50|LOW_LIQUIDITY|WEAK_RS,753
HQH,2026-10-01,20.38,23.08,LOOSE,RANGE_EXIT_CONFIRMED,DOWN_EXPANSION_CONFIRMED,59.92,96.03,58.73,72.62,False,False,87.3,False,22.18,20.64,2.034,2.43,13.79,-10.38,-4.22,-7.84,0.98,2.35,999,2923985.46,23.13,-11.89,24.1776,-15.71,-7.62,50.0,False,NOT_COMPRESSED|ALREADY_EXPANDING|BELOW_SMA50|NOT_NEAR_UNBROKEN_PIVOT|LOW_LIQUIDITY|WEAK_RS,753
YELP,2026-10-01,18.11,23.04,LOOSE,NO_EDGE,NONE,43.25,81.75,88.1,87.3,False,False,75.0,False,20.8,17.27,1.658,5.04,34.4,-19.22,-29.06,-19.95,2.39,8.27,657,29277583.98,23.5,-22.94,29.59,-38.8,-34.55,4.0,False,NOT_COMPRESSED|BELOW_SMA50|NOT_NEAR_UNBROKEN_PIVOT|WEAK_RS,753
PBI-PB,2026-10-01,20.82,22.94,LOOSE,NO_EDGE,NONE,66.27,84.13,81.35,85.32,False,False,52.78,False,21.84,20.33,0.865,1.68,7.25,-4.54,6.5,-0.48,1.62,3.65,999,1185351.03,21.85,-4.71,21.86,-4.76,3.3,76.0,False,NOT_COMPRESSED|LOW_LIQUIDITY,753
BBT,2026-10-01,28.1,22.88,LOOSE,NO_EDGE,NONE,58.33,38.89,100.0,96.43,False,False,88.1,False,31.41,27.37,1.633,2.38,16.26,-10.14,-4.05,-8.35,2.59,2.59,999,35592674.55,31.94,-12.02,32.72,-14.12,-8.91,46.0,False,NOT_COMPRESSED|BELOW_SMA50|NOT_NEAR_UNBROKEN_PIVOT|WEAK_RS,753
BKV,2026-10-01,21.54,22.88,LOOSE,NO_EDGE,NONE,88.49,77.38,91.27,94.44,False,True,30.16,False,23.58,21.34,0.705,4.46,29.48,-14.25,-19.48,-11.48,5.61,5.61,999,64352977.73,27.37,-21.3,32.2,-33.11,-24.08,13.0,False,NOT_COMPRESSED|BELOW_SMA50|NOT_NEAR_UNBROKEN_PIVOT|WEAK_RS,505
BATRA,2026-10-01,57.84,22.82,LOOSE,NO_EDGE,NONE,53.97,63.49,85.71,89.29,False,False,87.7,False,60.48,55.36,1.698,2.17,11.03,1.92,1.8,3.3,1.46,3.05,999,3455837.48,60.48,-4.37,58.37,-0.91,-2.43,64.0,False,NOT_COMPRESSED|LOW_LIQUIDITY|WEAK_RS,753
BRSL,2026-10-01,9.89,22.8,LOOSE,NO_EDGE,NONE,59.52,74.6,88.49,87.3,False,False,63.89,False,10.69,9.63,1.08,3.34,18.4,-11.46,-7.34,-8.14,1.75,3.45,348,25639911.94,11.49,-13.93,12.7276,-22.29,-13.22,34.0,False,NOT_COMPRESSED|BELOW_SMA50|NOT_NEAR_UNBROKEN_PIVOT|WEAK_RS,753
CHTR,2026-10-01,111.37,22.76,LOOSE,NO_EDGE,NONE,62.7,74.6,93.25,92.46,True,False,81.75,False,136.23,109.96,1.026,5.39,46.74,-29.94,-16.6,-20.79,2.11,11.62,48,396781831.88,160.7,-30.7,254.11,-56.17,-21.66,16.0,False,NOT_COMPRESSED|POST_GAP_COIL|BELOW_SMA50|NOT_NEAR_UNBROKEN_PIVOT|WEAK_RS,753
MIAX,2026-10-01,33.75,22.74,LOOSE,NO_EDGE,NONE,47.22,59.52,94.44,97.22,False,False,82.94,False,39.73,33.49,0.836,4.51,31.82,-16.91,-19.37,-18.82,2.42,3.78,999,63095618.2,44.23,-23.69,57.14,-40.93,-20.19,18.0,False,NOT_COMPRESSED|BELOW_SMA50|NOT_NEAR_UNBROKEN_PIVOT|WEAK_RS,285
SAFE,2026-10-01,11.79,22.72,LOOSE,NO_EDGE,NONE,17.46,72.62,99.6,99.21,False,False,96.43,False,13.6753,11.7245,1.076,3.23,31.31,-21.74,-25.02,-19.08,1.5,4.04,999,7580888.51,15.2911,-22.9,17.1926,-31.42,-29.82,7.0,False,NOT_COMPRESSED|BELOW_SMA50|NOT_NEAR_UNBROKEN_PIVOT|WEAK_RS,753
GAB,2026-10-01,5.2,22.7,LOOSE,NO_EDGE,NONE,33.73,78.97,88.1,90.87,False,False,90.08,False,5.49,5.21,0.9,1.64,7.39,-5.55,-5.72,-4.89,1.13,1.13,999,6145672.99,5.5543,-6.38,5.7002,-8.77,-8.55,48.0,False,NOT_COMPRESSED|BELOW_SMA50|NOT_NEAR_UNBROKEN_PIVOT|WEAK_RS,753
BATRK,2026-10-01,52.25,22.66,LOOSE,NO_EDGE,NONE,48.02,69.84,88.49,88.1,False,False,85.71,False,54.86,50.272,1.523,2.34,11.64,1.91,0.97,1.59,1.27,3.34,999,25343680.56,54.86,-4.76,54.46,-4.06,-3.82,61.0,False,NOT_COMPRESSED|WEAK_RS,753
CNA,2026-10-01,45.88,22.66,LOOSE,NO_EDGE,NONE,61.51,86.51,63.1,85.71,False,False,81.75,False,48.61,44.85,1.126,2.21,10.05,-5.52,-9.96,-7.22,0.95,3.77,999,29260480.74,49.45,-7.22,55.1857,-16.86,-12.32,37.0,False,NOT_COMPRESSED|BELOW_SMA50|NOT_NEAR_UNBROKEN_PIVOT|WEAK_RS,753
STLA,2026-10-01,4.69,22.52,LOOSE,NO_EDGE,NONE,83.33,81.35,80.16,77.38,False,False,46.03,False,5.17,4.36,2.412,4.38,27.08,-11.01,-13.15,-11.03,3.15,5.16,163,126733197.54,5.57,-15.8,8.83,-46.89,-22.11,15.0,False,NOT_COMPRESSED|BELOW_SMA50|NOT_NEAR_UNBROKEN_PIVOT|LOW_LIQUIDITY|WEAK_RS,753
SUN,2026-10-01,74.54,22.42,LOOSE,NO_EDGE,NONE,90.87,90.48,59.52,61.51,False,False,67.86,False,79.27,71.93,1.571,2.81,11.12,-2.45,8.61,-1.01,0.91,1.12,999,53173888.2,80.22,-7.08,78.0,-4.44,7.84,83.0,False,NOT_COMPRESSED|NOT_NEAR_UNBROKEN_PIVOT,753
CDNS,2026-10-01,350.73,22.42,LOOSE,RANGE_EXIT_CONFIRMED,UP_EXPANSION_CONFIRMED,54.76,49.6,93.65,93.25,False,False,93.25,False,335.0,278.3,1.956,3.48,23.37,14.37,-6.24,10.23,2.78,8.25,999,845303278.8,335.0,4.7,416.69,-15.83,-8.84,47.0,False,NOT_COMPRESSED|ALREADY_EXPANDING|NOT_NEAR_UNBROKEN_PIVOT|WEAK_RS,753
VIRT,2026-10-01,55.62,22.4,LOOSE,NO_EDGE,NONE,56.35,78.57,88.49,84.52,False,False,68.25,False,59.08,51.56,1.62,4.03,24.23,-11.28,-13.14,-6.25,1.43,4.0,579,66227315.42,66.08,-15.83,68.5086,-18.81,-12.46,36.0,False,NOT_COMPRESSED|BELOW_SMA50|NOT_NEAR_UNBROKEN_PIVOT|WEAK_RS,753
MPLX,2026-10-01,56.35,22.34,LOOSE,NO_EDGE,NONE,52.78,89.29,70.24,91.67,False,False,89.68,True,60.04,56.02,0.588,1.98,7.88,-4.48,-0.12,-3.76,0.69,1.12,999,84955077.03,60.39,-6.69,60.16,-6.33,-2.46,64.0,False,NOT_COMPRESSED|BELOW_SMA50|NOT_NEAR_UNBROKEN_PIVOT|WEAK_RS,753
IVA,2026-10-01,3.46,22.3,LOOSE,NO_EDGE,NONE,60.32,85.32,82.14,76.98,False,False,70.63,False,3.925,3.105,1.145,8.56,57.66,-28.81,-21.18,-20.27,8.54,8.54,231,8635855.41,5.1,-32.16,6.06,-42.9,-14.34,31.0,False,NOT_COMPRESSED|BELOW_SMA50|NOT_NEAR_UNBROKEN_PIVOT|LOW_LIQUIDITY|WEAK_RS,753
AESI,2026-10-01,11.69,22.1,LOOSE,NO_EDGE,NONE,88.89,87.7,65.87,62.3,False,False,67.06,False,14.14,10.97,0.746,7.4,32.08,-10.28,-18.25,-5.19,11.92,11.92,4,48357900.09,14.72,-20.58,20.13,-41.93,-22.05,16.0,False,NOT_COMPRESSED|POST_GAP_COIL|BELOW_SMA50|NOT_NEAR_UNBROKEN_PIVOT|WEAK_RS,753
XRAY,2026-10-01,8.74,21.88,LOOSE,NO_EDGE,NONE,56.75,75.0,87.7,89.29,False,False,72.22,False,10.12,8.83,0.853,4.75,35.58,-22.59,-25.81,-22.06,2.33,2.77,474,47581778.83,11.72,-25.43,14.44,-39.47,-27.81,8.0,False,NOT_COMPRESSED|BELOW_SMA50|NOT_NEAR_UNBROKEN_PIVOT|WEAK_RS,753
EMAT,2026-10-01,2.155,21.85,LOOSE,RANGE_EXIT_CONFIRMED,DOWN_EXPANSION_CONFIRMED,61.21,81.98,60.84,84.53,False,False,97.73,False,4.66,2.45,2.004,22.73,116.47,-36.99,-60.02,-36.22,2.62,8.78,155,5060858.94,4.66,-53.76,10.44,-79.36,-68.79,0.0,False,NOT_COMPRESSED|ALREADY_EXPANDING|BELOW_SMA50|NOT_NEAR_UNBROKEN_PIVOT|LOW_LIQUIDITY|WEAK_RS,185
SBAC,2026-10-01,158.02,21.81,LOOSE,NO_EDGE,NONE,38.49,69.84,91.27,95.24,False,False,93.25,False,182.72,159.91,0.843,3.07,23.34,-15.23,-12.57,-12.11,1.5,2.17,999,171555032.79,194.23,-18.64,221.5828,-28.69,-16.62,26.0,False,NOT_COMPRESSED|BELOW_SMA50|NOT_NEAR_UNBROKEN_PIVOT|WEAK_RS,753
BYD,2026-10-01,66.07,21.71,LOOSE,NO_EDGE,NONE,20.24,71.83,100.0,100.0,False,False,99.21,False,76.7,66.55,0.745,2.69,20.28,-13.64,-23.72,-16.46,1.8,1.8,609,79942993.23,78.3962,-15.72,91.173,-27.53,-27.47,9.0,False,NOT_COMPRESSED|BELOW_SMA50|NOT_NEAR_UNBROKEN_PIVOT|WEAK_RS,753
ARHS,2026-10-01,9.87,21.49,LOOSE,RANGE_EXIT_CONFIRMED,UP_EXPANSION_CONFIRMED,91.27,39.29,86.11,80.16,False,False,87.7,False,9.758,7.22,2.101,4.83,30.58,17.08,27.85,12.96,10.4,18.47,8,12276781.49,9.758,1.15,10.29,-4.08,11.67,87.0,False,NOT_COMPRESSED|ALREADY_EXPANDING|POST_GAP_COIL|RECENT_SURGE|EXTENDED_FROM_SMA50|NOT_NEAR_UNBROKEN_PIVOT,753
AMH-PG,2026-10-01,21.32,21.48,LOOSE,NO_EDGE,NONE,73.02,98.81,73.02,51.59,False,False,92.06,True,21.64,20.4,0.463,1.85,7.17,-1.58,-4.77,-2.45,1.29,3.24,999,223294.25,21.9294,-2.78,23.2684,-8.37,-8.02,49.0,False,NOT_COMPRESSED|LOW_LIQUIDITY|WEAK_RS,753
MS-PE,2026-10-01,24.97,21.37,LOOSE,NO_EDGE,NONE,90.08,100.0,50.4,44.05,False,False,92.86,False,25.14,24.7669,0.689,0.45,1.49,-0.01,0.26,-0.09,0.46,0.46,999,3291433.64,25.14,-0.68,25.1087,-0.55,-2.21,65.0,False,NOT_COMPRESSED|EVENT_PRICE_PEG|LOW_LIQUIDITY|WEAK_RS,753
RRR,2026-10-01,48.93,21.37,LOOSE,NO_EDGE,NONE,40.48,96.43,97.62,88.89,False,False,55.95,False,54.145,47.78,1.068,4.05,20.09,-13.51,-22.36,-15.5,1.55,3.1,999,62892384.58,58.3118,-16.09,67.7915,-27.82,-27.89,8.0,False,NOT_COMPRESSED|BELOW_SMA50|NOT_NEAR_UNBROKEN_PIVOT|WEAK_RS,753
CIM-PA,2026-10-01,19.5,21.27,LOOSE,NO_EDGE,NONE,37.3,76.98,95.63,99.21,False,False,92.46,True,20.645,19.26,0.412,1.49,11.18,-9.05,-6.53,-6.84,1.5,1.54,999,222760.04,21.45,-9.09,21.917,-11.03,-9.25,45.0,False,NOT_COMPRESSED|BELOW_SMA50|NOT_NEAR_UNBROKEN_PIVOT|LOW_LIQUIDITY|WEAK_RS,753
MRNA,2026-10-01,188.94,21.11,LOOSE,NO_EDGE,NONE,50.4,80.56,87.3,87.7,False,False,80.56,False,208.903,149.5,0.978,7.22,41.56,25.28,156.02,56.18,8.31,84.28,29,2490398679.37,208.903,-9.56,176.66,6.95,134.05,100.0,False,NOT_COMPRESSED|POST_GAP_COIL|RECENT_SURGE|EXTENDED_60D_RUN|EXTENDED_FROM_SMA50|NOT_NEAR_UNBROKEN_PIVOT,753
EVCM,2026-10-01,9.89,21.09,LOOSE,RANGE_EXIT_CONFIRMED,UP_EXPANSION_CONFIRMED,100.0,63.49,82.54,53.97,False,False,77.38,False,8.81,7.46,3.0,6.29,39.03,24.72,-0.8,5.59,3.96,9.79,100,1468629.1,8.81,12.26,12.66,-21.88,-3.74,61.0,False,NOT_COMPRESSED|ALREADY_EXPANDING|RECENT_SURGE|NOT_NEAR_UNBROKEN_PIVOT|LOW_LIQUIDITY|WEAK_RS,753
ENVA,2026-10-01,171.49,21.09,LOOSE,NO_EDGE,NONE,97.62,89.29,99.6,92.06,True,False,18.65,False,180.0,165.9,1.39,4.56,41.43,-24.42,-23.75,-23.74,22.27,22.27,12,75677812.37,235.825,-27.28,267.45,-35.88,-29.92,7.0,False,NOT_COMPRESSED|POST_GAP_COIL|BELOW_SMA50|NOT_NEAR_UNBROKEN_PIVOT|WEAK_RS,753
TRTN-PA,2026-10-01,25.37,21.07,LOOSE,NO_EDGE,NONE,51.19,97.62,88.1,78.97,False,False,64.68,False,25.84,25.25,0.875,0.9,3.59,-1.44,-0.42,-0.81,1.06,1.27,999,123601.71,26.16,-3.02,26.0357,-2.56,-2.79,63.0,False,NOT_COMPRESSED|LOW_LIQUIDITY|WEAK_RS,753
CPRT,2026-10-01,27.29,21.05,LOOSE,NO_EDGE,NONE,76.19,69.44,100.0,98.81,True,False,66.67,False,30.8,26.74,1.64,3.25,28.22,-15.14,-4.55,-10.5,4.23,4.23,999,312491934.68,34.44,-20.76,35.66,-23.47,-11.9,38.0,False,NOT_COMPRESSED|BELOW_SMA50|NOT_NEAR_UNBROKEN_PIVOT|WEAK_RS,753
JBHT,2026-10-01,227.2,21.05,LOOSE,NO_EDGE,NONE,87.7,84.13,96.03,95.24,False,False,20.63,True,242.45,223.8,0.82,3.37,23.67,-12.69,-17.68,-13.19,11.05,11.05,11,303713443.32,276.54,-17.84,299.2553,-24.08,-23.21,14.0,False,NOT_COMPRESSED|POST_GAP_COIL|BELOW_SMA50|NOT_NEAR_UNBROKEN_PIVOT|WEAK_RS,753
TDS,2026-10-01,35.2,21.01,LOOSE,NO_EDGE,NONE,73.02,78.17,72.62,85.71,False,False,75.79,False,37.63,33.5,1.602,3.18,13.83,-1.76,1.32,0.39,1.21,2.17,999,60576728.5,38.3693,-8.26,49.0186,-28.19,-5.47,56.0,False,NOT_COMPRESSED|NOT_NEAR_UNBROKEN_PIVOT|WEAK_RS,753
GME,2026-10-01,24.11,20.93,LOOSE,NO_EDGE,NONE,76.98,76.19,96.83,82.54,False,False,57.94,True,25.25,21.92,0.616,3.64,27.08,27.1,11.11,17.87,3.25,5.8,83,227814162.41,25.25,-4.51,26.88,-10.31,2.82,75.0,False,NOT_COMPRESSED|RECENT_SURGE|EXTENDED_FROM_SMA50,753
GSHD,2026-10-01,47.15,20.89,LOOSE,NO_EDGE,NONE,75.4,74.6,95.24,92.46,True,False,74.6,False,56.75,43.05,1.0,6.71,58.94,-31.47,-17.14,-23.11,2.68,4.57,111,27829904.13,70.84,-33.44,74.42,-36.64,-13.35,34.0,False,NOT_COMPRESSED|BELOW_SMA50|NOT_NEAR_UNBROKEN_PIVOT|WEAK_RS,753
MAZE,2026-10-01,26.65,20.87,LOOSE,NO_EDGE,NONE,88.49,75.0,72.62,50.79,False,False,95.24,False,29.91,21.95,0.544,6.78,29.87,-0.26,-16.69,-1.39,9.51,9.51,131,22839181.66,29.91,-10.9,33.5,-20.45,-17.58,24.0,False,NOT_COMPRESSED|NOT_NEAR_UNBROKEN_PIVOT|WEAK_RS,419
CMS-PB,2026-10-01,77.3,20.85,LOOSE,NO_EDGE,NONE,82.94,80.16,75.79,50.4,False,False,92.06,False,78.0,72.35,0.272,1.48,7.31,1.83,1.96,2.61,2.12,2.12,999,98453.12,78.0,-0.9,79.9434,-3.31,-1.59,67.0,False,NOT_COMPRESSED|LOW_LIQUIDITY|WEAK_RS,753
THRM,2026-10-01,33.63,20.81,LOOSE,NO_EDGE,NONE,56.35,82.94,82.54,90.08,False,False,75.4,False,39.19,32.88,0.551,4.38,23.91,-14.82,-2.47,-15.01,4.13,4.13,406,17712048.36,40.92,-17.82,48.35,-30.44,-3.57,61.0,False,NOT_COMPRESSED|BELOW_SMA50|NOT_NEAR_UNBROKEN_PIVOT|WEAK_RS,753
MLCO,2026-10-01,4.14,20.73,LOOSE,RANGE_EXIT_CONFIRMED,DOWN_EXPANSION_CONFIRMED,57.94,72.22,84.92,82.14,False,False,92.86,False,4.9,4.48,3.154,4.2,28.26,-20.08,-21.14,-20.3,1.54,5.98,504,9107199.88,5.24,-20.99,6.07,-31.8,-26.03,11.0,False,NOT_COMPRESSED|ALREADY_EXPANDING|BELOW_SMA50|NOT_NEAR_UNBROKEN_PIVOT|LOW_LIQUIDITY|WEAK_RS,753
HE,2026-10-01,8.93,20.69,LOOSE,NO_EDGE,NONE,55.16,57.94,96.83,97.22,False,False,84.92,False,10.3,8.76,1.107,3.2,28.33,-18.45,-34.05,-20.37,2.07,2.07,506,29979976.11,11.21,-20.34,16.05,-44.36,-37.32,3.0,False,NOT_COMPRESSED|BELOW_SMA50|NOT_NEAR_UNBROKEN_PIVOT|WEAK_RS,753
PHI,2026-10-01,17.55,20.65,LOOSE,NO_EDGE,NONE,84.92,93.25,67.06,68.65,False,False,66.67,False,18.08,16.71,1.65,2.59,10.37,-2.88,1.44,-4.23,1.57,1.57,999,3263738.78,18.53,-5.29,20.4635,-14.24,-1.11,69.0,False,NOT_COMPRESSED|BELOW_SMA50|NOT_NEAR_UNBROKEN_PIVOT|LOW_LIQUIDITY|WEAK_RS,753
BV,2026-10-01,10.16,20.65,LOOSE,NO_EDGE,NONE,69.05,86.11,81.75,82.14,False,False,64.29,False,11.14,9.815,1.952,3.58,16.44,-9.61,-28.65,-11.33,1.79,16.16,40,10259665.1,11.485,-11.54,15.0,-32.27,-32.28,5.0,False,NOT_COMPRESSED|POST_GAP_COIL|BELOW_SMA50|NOT_NEAR_UNBROKEN_PIVOT|WEAK_RS,753
AVT,2026-10-01,102.24,20.63,LOOSE,NO_EDGE,NONE,77.78,85.32,76.59,78.17,False,False,64.68,False,104.58,92.67,1.338,3.74,17.82,14.07,23.32,9.79,3.14,3.42,999,132340892.56,104.58,-2.24,99.5997,2.65,22.08,92.0,False,NOT_COMPRESSED,753
SNPS,2026-10-01,490.54,20.56,LOOSE,RANGE_EXIT_CONFIRMED,UP_EXPANSION_CONFIRMED,89.68,50.0,78.97,74.21,False,False,97.22,False,445.92,377.36,3.272,3.92,27.4,17.93,12.9,21.04,7.57,7.57,266,944709396.19,445.92,10.01,539.48,-9.07,9.38,85.0,False,NOT_COMPRESSED|ALREADY_EXPANDING|RECENT_SURGE|EXTENDED_FROM_SMA50|NOT_NEAR_UNBROKEN_PIVOT,753
CBRE,2026-10-01,130.53,20.46,LOOSE,NO_EDGE,NONE,70.63,64.68,79.37,89.29,False,False,88.1,False,144.57,128.33,1.171,3.16,17.56,-8.12,-6.72,-9.43,1.91,1.91,999,282030386.94,150.11,-13.04,157.6,-17.18,-10.64,42.0,False,NOT_COMPRESSED|BELOW_SMA50|NOT_NEAR_UNBROKEN_PIVOT|WEAK_RS,753
PSA-PH,2026-10-01,19.99,20.28,LOOSE,NO_EDGE,NONE,99.6,100.0,43.65,41.27,False,False,99.21,False,20.6199,19.6,1.189,1.76,5.2,-1.08,-7.26,-2.43,0.97,0.97,999,1102744.87,20.6199,-3.05,21.9528,-8.94,-9.66,44.0,False,NOT_COMPRESSED|LOW_LIQUIDITY|WEAK_RS,753
AHL-PE,2026-10-01,18.13,20.18,LOOSE,NO_EDGE,NONE,90.08,100.0,61.51,53.17,False,True,96.83,False,18.27,17.155,2.503,1.85,6.48,-0.08,-2.19,-0.24,1.25,1.25,999,827014.51,18.3694,-1.3,20.8993,-13.25,-5.02,57.0,False,NOT_COMPRESSED|LOW_LIQUIDITY|WEAK_RS,735
WRB-PE,2026-10-01,19.9474,20.15,LOOSE,NO_EDGE,NONE,96.83,99.6,54.76,57.14,False,False,86.9,True,20.56,19.7001,0.546,1.69,5.39,-2.93,-5.91,-2.97,1.17,2.8,999,332995.51,20.775,-3.98,21.91,-8.96,-9.23,45.0,False,NOT_COMPRESSED|LOW_LIQUIDITY|WEAK_RS,753
VYX,2026-10-01,6.84,20.02,LOOSE,NO_EDGE,NONE,71.43,87.3,95.63,89.29,False,False,38.1,False,7.55,6.59,1.484,6.53,40.35,-23.83,-14.39,-14.58,3.11,6.53,101,23612660.24,9.35,-26.84,10.14,-32.54,-24.21,13.0,False,NOT_COMPRESSED|BELOW_SMA50|NOT_NEAR_UNBROKEN_PIVOT|WEAK_RS,753
DFH,2026-10-01,10.89,20.02,LOOSE,NO_EDGE,NONE,61.11,89.68,85.71,82.54,False,False,68.65,False,12.5,10.484,1.621,6.62,34.99,-18.61,-30.42,-19.5,3.42,7.85,402,12521952.98,13.99,-22.16,17.9,-39.16,-37.97,3.0,False,NOT_COMPRESSED|BELOW_SMA50|NOT_NEAR_UNBROKEN_PIVOT|WEAK_RS,753
VVV,2026-10-01,30.78,19.98,LOOSE,RANGE_EXIT_CONFIRMED,UP_EXPANSION_CONFIRMED,100.0,71.43,81.35,45.63,False,False,84.13,False,30.42,26.21,1.813,3.36,19.2,-3.3,-18.29,-6.21,3.58,7.33,999,87375798.46,32.21,-4.44,41.08,-25.07,-24.07,13.0,False,NOT_COMPRESSED|ALREADY_EXPANDING|BELOW_SMA50|WEAK_RS,753
EMO,2026-10-01,49.94,19.88,LOOSE,NO_EDGE,NONE,15.87,100.0,86.51,100.0,False,False,97.62,False,54.0818,49.9,0.81,2.85,12.77,-9.27,0.82,-5.04,1.42,2.67,999,2084101.49,55.8977,-10.66,55.739,-10.4,0.67,72.0,False,NOT_COMPRESSED|BELOW_SMA50|NOT_NEAR_UNBROKEN_PIVOT|LOW_LIQUIDITY,753
ABNB,2026-10-01,160.47,19.86,LOOSE,NO_EDGE,NONE,87.3,72.62,87.7,72.22,False,False,78.57,True,169.6,149.0,0.84,3.35,23.9,-12.44,12.26,-5.15,1.42,8.61,408,832448177.53,187.36,-14.35,193.453,-17.05,4.91,78.0,False,NOT_COMPRESSED|BELOW_SMA50|NOT_NEAR_UNBROKEN_PIVOT,753
GRAL,2026-10-01,132.56,19.84,LOOSE,NO_EDGE,NONE,85.32,27.78,94.84,94.05,False,False,96.43,False,151.457,75.29,0.981,6.28,58.84,64.55,88.99,58.99,16.06,16.06,8,148049560.63,151.457,-12.48,85.49,55.06,88.98,100.0,False,NOT_COMPRESSED|POST_GAP_COIL|RECENT_SURGE|EXTENDED_60D_RUN|EXTENDED_FROM_SMA50|NOT_NEAR_UNBROKEN_PIVOT|DETACHED_FROM_PRIOR_STRUCTURE,578
BURL,2026-10-01,275.32,19.78,LOOSE,RANGE_EXIT_CONFIRMED,UP_EXPANSION_CONFIRMED,80.56,59.92,88.89,81.75,False,False,80.56,False,271.25,233.6,1.24,3.54,17.77,7.1,-13.19,-9.14,1.91,2.42,87,409442658.2,271.25,1.5,378.33,-27.23,-14.92,30.0,False,NOT_COMPRESSED|ALREADY_EXPANDING|BELOW_SMA50|NOT_NEAR_UNBROKEN_PIVOT|WEAK_RS,753
AGCO,2026-10-01,111.81,19.64,LOOSE,RANGE_EXIT_CONFIRMED,DOWN_EXPANSION_CONFIRMED,75.0,84.52,72.62,78.57,False,False,80.95,False,124.11,114.21,1.244,3.74,22.83,-11.75,-1.39,-1.57,1.62,5.31,999,134899987.39,135.17,-17.28,124.1543,-9.94,-6.56,53.0,False,NOT_COMPRESSED|ALREADY_EXPANDING|NOT_NEAR_UNBROKEN_PIVOT|WEAK_RS,753
UBS,2026-10-01,47.57,19.5,LOOSE,NO_EDGE,NONE,71.43,71.83,90.48,81.75,False,False,76.59,False,51.51,47.18,1.186,2.27,18.69,-13.35,-6.96,-9.51,2.33,3.48,999,110698296.84,55.71,-14.61,55.985,-15.03,-9.63,44.0,False,NOT_COMPRESSED|BELOW_SMA50|NOT_NEAR_UNBROKEN_PIVOT|WEAK_RS,753
RQI,2026-10-01,10.85,19.5,LOOSE,NO_EDGE,NONE,45.63,79.76,91.67,94.84,False,False,85.71,False,11.62,10.9,0.705,1.65,12.34,-9.73,-9.75,-9.38,1.14,1.14,999,7922969.83,12.149,-10.69,13.1463,-17.47,-14.11,31.0,False,NOT_COMPRESSED|BELOW_SMA50|NOT_NEAR_UNBROKEN_PIVOT|WEAK_RS,753
RVTY,2026-10-01,149.06,19.44,LOOSE,NO_EDGE,NONE,90.87,44.44,99.6,92.06,False,False,65.08,False,158.28,140.08,1.446,3.3,25.08,13.84,36.4,17.32,1.69,2.49,732,324116995.17,158.28,-5.83,130.07,14.6,28.28,94.0,False,NOT_COMPRESSED|EXTENDED_60D_RUN|EXTENDED_FROM_SMA50|NOT_NEAR_UNBROKEN_PIVOT|DETACHED_FROM_PRIOR_STRUCTURE,753
DKNG,2026-10-01,19.35,19.29,LOOSE,NO_EDGE,NONE,39.29,94.44,86.51,89.68,False,False,88.1,False,24.35,18.95,0.844,5.97,34.65,-20.07,-28.78,-18.11,2.07,3.77,158,302798200.15,25.255,-23.38,30.13,-35.78,-28.09,8.0,False,NOT_COMPRESSED|BELOW_SMA50|NOT_NEAR_UNBROKEN_PIVOT|WEAK_RS,753
OKE,2026-10-01,87.16,19.11,LOOSE,NO_EDGE,NONE,33.73,83.33,94.84,98.41,False,False,91.67,False,95.01,85.18,1.254,2.86,17.38,-9.22,-3.25,-5.42,1.47,2.47,999,344800049.49,99.3,-12.23,99.85,-12.71,-2.41,64.0,False,NOT_COMPRESSED|BELOW_SMA50|NOT_NEAR_UNBROKEN_PIVOT|WEAK_RS,753
NTST,2026-10-01,17.39,19.03,LOOSE,NO_EDGE,NONE,52.78,80.95,100.0,96.83,False,False,64.68,False,18.55,17.68,1.091,2.31,18.49,-14.8,-19.63,-12.74,1.32,1.78,999,30408734.91,20.56,-15.42,22.2217,-21.74,-21.65,16.0,False,NOT_COMPRESSED|BELOW_SMA50|NOT_NEAR_UNBROKEN_PIVOT|WEAK_RS,753
CALM,2026-10-01,65.84,19.03,LOOSE,NO_EDGE,NONE,44.44,93.65,77.78,93.65,False,False,91.67,False,75.05,63.5,1.811,3.78,23.21,-16.47,-22.61,-16.93,7.37,7.37,750,86982491.5,80.08,-17.78,95.25,-30.88,-24.31,12.0,False,NOT_COMPRESSED|BELOW_SMA50|NOT_NEAR_UNBROKEN_PIVOT|WEAK_RS,753
RCI,2026-10-01,30.72,19.01,LOOSE,NO_EDGE,NONE,58.73,84.92,94.05,97.62,True,False,92.06,False,36.35,30.71,1.393,2.71,24.8,-15.36,-5.34,-11.57,1.55,2.71,999,43212691.39,37.77,-18.67,38.8949,-21.02,-4.73,58.0,False,NOT_COMPRESSED|BELOW_SMA50|NOT_NEAR_UNBROKEN_PIVOT|WEAK_RS,753
MTD,2026-10-01,1481.17,18.93,LOOSE,NO_EDGE,NONE,81.35,70.24,94.05,92.06,False,True,74.21,False,1554.83,1380.4399,1.344,2.9,19.46,8.29,18.59,5.39,1.66,6.11,999,300428689.82,1554.83,-4.74,1474.1899,0.47,10.37,85.0,False,NOT_COMPRESSED,753
CHWY,2026-10-01,17.72,18.89,LOOSE,RANGE_EXIT_CONFIRMED,DOWN_EXPANSION_CONFIRMED,63.49,86.11,96.43,92.86,True,False,86.51,False,21.185,17.79,1.221,5.26,44.02,-26.69,-13.81,-19.33,6.1,6.1,131,222077921.04,25.38,-30.18,29.25,-39.42,-17.85,23.0,False,NOT_COMPRESSED|ALREADY_EXPANDING|BELOW_SMA50|NOT_NEAR_UNBROKEN_PIVOT|WEAK_RS,753
VNO-PM,2026-10-01,16.84,18.73,LOOSE,NO_EDGE,NONE,98.81,53.57,76.59,78.17,False,False,91.67,False,17.3014,16.11,2.174,1.41,7.07,-1.32,-3.65,-1.17,1.79,1.79,999,221690.22,17.3014,-2.67,17.8111,-5.45,-7.55,51.0,False,NOT_COMPRESSED|LOW_LIQUIDITY|WEAK_RS,753
MLYS,2026-10-01,23.72,18.65,LOOSE,RANGE_EXIT_CONFIRMED,DOWN_EXPANSION_CONFIRMED,63.1,72.22,82.14,96.03,False,False,89.68,False,29.83,24.43,1.304,6.29,35.46,-18.32,-21.97,-11.91,1.55,8.09,272,42444727.51,31.99,-25.85,32.14,-26.2,-17.17,24.0,False,NOT_COMPRESSED|ALREADY_EXPANDING|BELOW_SMA50|NOT_NEAR_UNBROKEN_PIVOT|WEAK_RS,753
EIX,2026-10-01,53.8,18.63,LOOSE,NO_EDGE,NONE,83.73,91.27,76.19,76.59,False,False,64.29,False,56.36,51.1,0.881,3.92,16.47,-2.52,-28.06,-17.08,1.28,20.61,22,291926905.06,59.96,-10.27,81.62,-34.08,-30.88,6.0,False,NOT_COMPRESSED|POST_GAP_COIL|BELOW_SMA50|NOT_NEAR_UNBROKEN_PIVOT|WEAK_RS,753
ACGLO,2026-10-01,18.32,18.59,LOOSE,NO_EDGE,NONE,100.0,99.6,66.67,27.78,False,False,93.25,False,18.92,18.06,0.951,1.68,4.69,-1.4,-1.37,-2.3,1.41,1.41,999,835913.0,18.92,-3.17,19.9449,-8.15,-4.65,58.0,False,NOT_COMPRESSED|LOW_LIQUIDITY|WEAK_RS,753
FCN,2026-10-01,141.72,18.57,LOOSE,NO_EDGE,NONE,77.78,67.06,94.44,85.71,False,False,71.43,False,145.03,129.12,2.278,3.32,17.68,-5.51,-9.37,-5.5,2.31,3.05,999,71250068.09,154.17,-8.08,189.3,-25.13,-10.56,42.0,False,NOT_COMPRESSED|BELOW_SMA50|NOT_NEAR_UNBROKEN_PIVOT|WEAK_RS,753
PEBO,2026-10-01,36.89,18.51,LOOSE,NO_EDGE,NONE,79.76,79.37,67.06,75.4,False,False,99.6,False,40.04,35.4,1.485,2.27,13.12,-6.61,-1.23,-7.74,7.82,7.82,999,14045510.64,40.24,-8.33,42.13,-12.44,-6.57,53.0,False,NOT_COMPRESSED|BELOW_SMA50|NOT_NEAR_UNBROKEN_PIVOT|WEAK_RS,753
TPB,2026-10-01,55.32,18.51,LOOSE,RANGE_EXIT_CONFIRMED,DOWN_EXPANSION_CONFIRMED,47.22,80.95,92.06,91.27,False,False,91.67,False,71.5665,58.57,2.272,5.68,41.18,-27.92,-37.09,-27.41,4.24,6.94,148,27283391.97,78.4085,-29.45,98.6454,-43.92,-38.39,3.0,False,NOT_COMPRESSED|ALREADY_EXPANDING|BELOW_SMA50|NOT_NEAR_UNBROKEN_PIVOT|WEAK_RS,753
ROG,2026-10-01,155.8,18.33,LOOSE,NO_EDGE,NONE,74.21,74.21,77.78,78.97,False,False,97.22,False,165.94,128.48,1.499,4.31,28.79,25.58,15.06,18.35,3.65,4.0,609,37002447.72,165.94,-6.11,169.0,-7.81,5.44,79.0,False,NOT_COMPRESSED|RECENT_SURGE|EXTENDED_FROM_SMA50|NOT_NEAR_UNBROKEN_PIVOT,753
EFX,2026-10-01,139.73,18.31,LOOSE,NO_EDGE,NONE,36.51,79.76,99.6,99.6,False,False,90.48,False,165.18,137.01,1.057,4.16,39.72,-24.67,-16.13,-19.52,11.16,11.74,18,287762622.78,192.51,-27.42,198.8284,-29.72,-21.39,16.0,False,NOT_COMPRESSED|POST_GAP_COIL|BELOW_SMA50|NOT_NEAR_UNBROKEN_PIVOT|WEAK_RS,753
DSL,2026-10-01,9.99,18.25,LOOSE,NO_EDGE,NONE,61.11,84.52,88.1,85.32,False,False,81.35,False,10.29,9.83,1.249,1.14,6.47,-4.19,-5.87,-3.58,0.5,0.76,999,7251444.95,10.4764,-4.64,10.7407,-6.99,-9.22,45.0,False,NOT_COMPRESSED|BELOW_SMA50|WEAK_RS,753
PRM,2026-10-01,27.2,18.25,LOOSE,NO_EDGE,NONE,47.22,84.92,83.73,96.43,False,False,94.05,False,32.65,25.82,1.474,5.16,27.06,-12.0,-19.5,-14.44,1.83,16.2,43,39726569.78,32.65,-16.69,38.17,-28.74,-22.65,15.0,False,NOT_COMPRESSED|POST_GAP_COIL|BELOW_SMA50|NOT_NEAR_UNBROKEN_PIVOT|WEAK_RS,753
AON,2026-10-01,275.95,18.25,LOOSE,NO_EDGE,NONE,46.83,83.73,94.84,94.05,False,False,83.73,False,302.12,269.02,0.612,2.79,24.44,-16.6,-22.64,-16.56,1.95,4.33,609,662120797.26,336.45,-17.98,381.4704,-27.66,-25.46,11.0,False,NOT_COMPRESSED|BELOW_SMA50|NOT_NEAR_UNBROKEN_PIVOT|WEAK_RS,753
GPI,2026-10-01,256.7,18.23,LOOSE,NO_EDGE,NONE,92.06,87.7,91.27,84.52,False,False,32.54,False,273.67,235.11,2.828,4.41,28.19,-7.13,-12.7,-6.22,1.85,5.52,999,76093725.23,306.41,-16.22,377.3285,-31.97,-13.64,33.0,False,NOT_COMPRESSED|BELOW_SMA50|NOT_NEAR_UNBROKEN_PIVOT|WEAK_RS,753
CNXC,2026-10-01,27.01,18.02,LOOSE,NO_EDGE,NONE,74.21,92.06,67.46,78.17,False,False,90.08,False,31.26,22.65,1.332,8.49,41.1,-16.56,28.44,0.31,4.09,5.01,65,60619216.47,33.75,-19.97,33.84,-20.18,13.52,88.0,False,NOT_COMPRESSED|NOT_NEAR_UNBROKEN_PIVOT,753
TDTH,2026-10-01,1.01,17.91,LOOSE,NO_EDGE,NONE,66.67,88.49,70.63,93.25,False,False,99.6,True,1.98,0.676,0.161,23.74,129.11,-42.61,-44.81,-49.21,19.82,19.82,2,215634.0,1.98,-48.99,6.03,-83.25,-38.5,3.0,False,NOT_COMPRESSED|POST_GAP_COIL|BELOW_SMA50|NOT_NEAR_UNBROKEN_PIVOT|LOW_LIQUIDITY|WEAK_RS,517
MAT,2026-10-01,15.04,17.9,LOOSE,RANGE_EXIT_CONFIRMED,UP_EXPANSION_CONFIRMED,92.06,94.44,78.17,31.35,False,False,96.43,False,13.94,12.44,16.655,4.89,32.11,2.73,14.2,4.96,4.24,5.32,160,88237105.47,14.78,1.76,15.65,-3.9,9.91,85.0,False,NOT_COMPRESSED|ALREADY_EXPANDING|NOT_NEAR_UNBROKEN_PIVOT,753
WOR,2026-10-01,59.14,17.8,LOOSE,NO_EDGE,NONE,90.48,96.83,71.03,44.05,False,False,92.86,False,67.54,56.74,0.715,4.16,22.46,-0.31,12.46,2.15,13.86,13.86,6,31436593.72,67.54,-12.44,61.7257,-4.19,5.93,80.0,False,NOT_COMPRESSED|POST_GAP_COIL|NOT_NEAR_UNBROKEN_PIVOT,753
FLUT,2026-10-01,76.47,17.78,LOOSE,NO_EDGE,NONE,40.87,86.9,92.86,96.43,False,False,90.87,False,98.445,74.35,0.534,5.51,39.87,-25.01,-31.31,-20.57,1.91,6.91,149,265429760.88,104.84,-27.06,119.44,-35.98,-30.71,7.0,False,NOT_COMPRESSED|BELOW_SMA50|NOT_NEAR_UNBROKEN_PIVOT|WEAK_RS,753
LBTYA,2026-10-01,8.92,17.66,LOOSE,NO_EDGE,NONE,38.1,82.14,96.83,99.6,False,False,93.25,False,10.6,9.12,1.143,3.53,22.87,-16.48,-15.61,-13.5,1.54,1.78,999,28390634.1,10.95,-18.54,12.86,-30.64,-23.9,13.0,False,NOT_COMPRESSED|BELOW_SMA50|NOT_NEAR_UNBROKEN_PIVOT|WEAK_RS,753
QNST,2026-10-01,14.92,17.64,LOOSE,NO_EDGE,NONE,76.59,85.32,88.89,93.25,True,False,88.1,False,18.54,13.96,1.889,5.3,39.81,-22.33,-8.69,-16.19,2.01,29.37,38,18217539.21,19.9,-25.03,22.29,-33.06,-8.52,48.0,False,NOT_COMPRESSED|POST_GAP_COIL|BELOW_SMA50|NOT_NEAR_UNBROKEN_PIVOT|WEAK_RS,753
NMRK,2026-10-01,12.65,17.62,LOOSE,NO_EDGE,NONE,54.37,72.22,92.46,97.62,False,False,92.86,False,14.5,12.145,1.444,3.97,25.26,-12.76,-17.53,-14.06,2.14,4.97,999,29849228.09,15.36,-17.64,16.9982,-25.58,-22.05,16.0,False,NOT_COMPRESSED|BELOW_SMA50|NOT_NEAR_UNBROKEN_PIVOT|WEAK_RS,753
VOYA-PB,2026-10-01,23.17,17.44,LOOSE,NO_EDGE,NONE,90.08,98.41,49.6,66.67,False,False,99.6,False,23.96,22.7001,1.466,2.0,5.44,-0.94,0.85,-1.02,0.88,0.88,999,499994.21,23.96,-3.3,23.995,-3.44,-2.88,63.0,False,NOT_COMPRESSED|LOW_LIQUIDITY|WEAK_RS,753
EYPT,2026-10-01,3.23,17.44,LOOSE,NO_EDGE,NONE,88.49,87.3,82.54,91.67,True,False,80.95,False,4.22,3.25,1.1,13.5,52.32,-32.57,-76.95,-55.17,3.48,72.47,30,13481237.87,4.92,-34.35,15.92,-79.71,-79.73,0.0,False,NOT_COMPRESSED|POST_GAP_COIL|BELOW_SMA50|NOT_NEAR_UNBROKEN_PIVOT|LOW_LIQUIDITY|WEAK_RS,753
ROIV,2026-10-01,35.5,17.42,LOOSE,NO_EDGE,NONE,86.51,92.06,78.17,77.38,False,True,84.13,False,40.97,35.28,1.481,3.93,24.87,3.86,-1.63,-2.94,14.46,14.46,17,347623608.83,42.5,-16.47,37.97,-6.51,-1.78,67.0,False,NOT_COMPRESSED|POST_GAP_COIL|NOT_NEAR_UNBROKEN_PIVOT|WEAK_RS,753
QURE,2026-10-01,23.37,17.38,LOOSE,NO_EDGE,NONE,70.24,80.95,71.43,92.86,False,False,94.44,False,45.8,22.47,0.622,13.37,104.88,-49.45,-46.26,-46.28,39.02,39.02,2,100091955.48,50.97,-54.15,51.72,-54.81,-46.94,1.0,False,NOT_COMPRESSED|POST_GAP_COIL|BELOW_SMA50|NOT_NEAR_UNBROKEN_PIVOT|WEAK_RS,753
CPB,2026-10-01,19.49,17.16,LOOSE,NO_EDGE,NONE,88.49,81.75,80.56,79.76,False,False,71.43,False,21.5548,19.0172,0.799,3.51,16.97,-16.99,-10.24,-10.58,6.14,6.14,999,193770724.51,23.8258,-18.2,23.9542,-18.64,-18.19,23.0,False,NOT_COMPRESSED|BELOW_SMA50|NOT_NEAR_UNBROKEN_PIVOT|WEAK_RS,753
WGS,2026-10-01,70.96,17.12,LOOSE,NO_EDGE,NONE,67.06,89.68,72.22,84.13,False,False,96.43,False,105.18,72.11,0.989,8.65,48.6,-18.17,8.14,-12.47,3.04,12.0,41,68250088.84,105.18,-32.53,91.78,-22.68,2.28,75.0,False,NOT_COMPRESSED|POST_GAP_COIL|BELOW_SMA50|NOT_NEAR_UNBROKEN_PIVOT,753
OTIS,2026-10-01,64.48,17.04,LOOSE,NO_EDGE,NONE,74.6,70.63,88.89,91.67,False,False,82.54,False,70.24,64.27,0.803,2.36,12.53,-8.97,-9.99,-8.42,1.55,2.21,300,327463953.26,71.67,-10.03,81.6474,-21.03,-14.14,31.0,False,NOT_COMPRESSED|BELOW_SMA50|NOT_NEAR_UNBROKEN_PIVOT|WEAK_RS,753
EFC,2026-10-01,11.69,17.02,LOOSE,RANGE_EXIT_CONFIRMED,DOWN_EXPANSION_CONFIRMED,46.83,76.19,96.03,97.22,False,False,97.22,False,12.6535,11.82,1.406,1.88,16.04,-11.36,-10.23,-9.55,1.27,2.36,999,18536887.01,13.3856,-12.67,13.5415,-13.67,-13.4,34.0,False,NOT_COMPRESSED|ALREADY_EXPANDING|BELOW_SMA50|NOT_NEAR_UNBROKEN_PIVOT|WEAK_RS,753
TYRA,2026-10-01,21.01,16.81,LOOSE,NO_EDGE,NONE,100.0,93.65,82.54,89.29,True,True,83.73,False,26.96,21.0,1.551,8.11,51.88,-16.39,-35.49,-19.46,29.14,29.14,16,35357674.53,29.56,-28.92,40.51,-48.14,-34.22,4.0,False,NOT_COMPRESSED|POST_GAP_COIL|BELOW_SMA50|NOT_NEAR_UNBROKEN_PIVOT|WEAK_RS,753
BPYPP,2026-10-01,15.85,16.71,LOOSE,NO_EDGE,NONE,86.51,67.46,89.29,78.17,False,False,86.11,False,16.197,14.7,1.0,2.15,9.97,-1.55,5.8,0.55,2.68,2.68,999,263474.84,16.28,-2.64,16.18,-2.04,4.15,77.0,False,NOT_COMPRESSED|LOW_LIQUIDITY,753
AMP,2026-10-01,494.82,16.71,LOOSE,NO_EDGE,NONE,73.41,78.97,94.44,98.02,True,False,94.84,False,552.51,477.91,1.012,2.78,18.07,-10.33,1.18,-9.01,2.09,2.09,999,359601188.31,567.33,-12.78,572.56,-13.58,-1.36,68.0,False,NOT_COMPRESSED|BELOW_SMA50|NOT_NEAR_UNBROKEN_PIVOT|WEAK_RS,753
IONS,2026-10-01,44.0,16.67,LOOSE,NO_EDGE,NONE,89.68,88.89,90.48,89.29,False,False,40.87,False,47.42,43.01,1.206,4.98,39.57,-28.26,-47.9,-18.75,10.23,19.75,17,227818292.8,61.77,-28.77,86.74,-49.27,-49.04,1.0,False,NOT_COMPRESSED|POST_GAP_COIL|BELOW_SMA50|NOT_NEAR_UNBROKEN_PIVOT|WEAK_RS,753
MDB,2026-10-01,351.73,16.53,LOOSE,NO_EDGE,NONE,83.33,94.05,63.49,73.41,False,False,95.24,False,439.75,300.0,0.487,7.72,39.73,-6.31,-2.13,-9.46,24.14,24.14,3,1121902541.98,439.75,-20.02,473.1,-25.65,-3.72,61.0,False,NOT_COMPRESSED|POST_GAP_COIL|BELOW_SMA50|NOT_NEAR_UNBROKEN_PIVOT|WEAK_RS,753
GTY,2026-10-01,27.84,16.43,LOOSE,RANGE_EXIT_CONFIRMED,DOWN_EXPANSION_CONFIRMED,51.98,87.3,100.0,95.63,False,False,75.79,False,30.0375,28.13,1.37,2.18,17.27,-12.85,-17.69,-12.22,1.56,2.1,999,22087070.23,32.4267,-14.14,36.2121,-23.12,-20.38,18.0,False,NOT_COMPRESSED|ALREADY_EXPANDING|BELOW_SMA50|NOT_NEAR_UNBROKEN_PIVOT|WEAK_RS,753
SUZ,2026-10-01,8.3,16.39,LOOSE,RANGE_EXIT_CONFIRMED,DOWN_EXPANSION_CONFIRMED,65.87,82.14,77.78,92.06,False,False,97.62,False,9.56,8.425,2.125,2.76,16.02,-9.19,4.67,-4.48,1.6,2.51,567,23494909.22,9.56,-13.18,9.9289,-16.41,2.5,75.0,False,NOT_COMPRESSED|ALREADY_EXPANDING|BELOW_SMA50|NOT_NEAR_UNBROKEN_PIVOT,753
ADT,2026-10-01,6.23,16.33,LOOSE,NO_EDGE,NONE,53.57,79.37,94.05,95.24,False,False,93.25,False,7.06,6.07,1.68,2.74,24.49,-16.17,-6.7,-12.56,1.25,1.92,148,55952578.33,7.5556,-17.54,7.9029,-21.17,-10.9,41.0,False,NOT_COMPRESSED|BELOW_SMA50|NOT_NEAR_UNBROKEN_PIVOT|WEAK_RS,753
ALL,2026-10-01,224.41,16.29,LOOSE,NO_EDGE,NONE,67.06,79.76,100.0,98.41,True,False,97.22,False,254.83,221.81,1.251,2.47,20.44,-13.47,-10.28,-11.54,1.42,3.68,999,579910542.59,266.45,-15.78,276.071,-18.71,-12.82,35.0,False,NOT_COMPRESSED|BELOW_SMA50|NOT_NEAR_UNBROKEN_PIVOT|WEAK_RS,753
SNX,2026-10-01,271.76,15.95,LOOSE,NO_EDGE,NONE,100.0,96.43,63.1,56.35,False,False,91.27,False,298.77,243.03,2.876,4.34,20.51,7.39,10.95,5.3,8.95,8.95,380,301534680.25,298.77,-9.04,295.8858,-8.15,8.47,83.0,False,NOT_COMPRESSED|NOT_NEAR_UNBROKEN_PIVOT,753
PCG-PA,2026-10-01,20.25,15.89,LOOSE,NO_EDGE,NONE,48.81,92.46,92.06,92.46,False,False,90.48,False,20.74,19.7,0.91,1.49,5.83,-2.64,-6.37,-4.61,1.2,2.26,999,157733.82,20.944,-3.31,22.667,-10.66,-8.52,48.0,False,NOT_COMPRESSED|BELOW_SMA50|LOW_LIQUIDITY|WEAK_RS,744
GM,2026-10-01,79.31,15.85,LOOSE,NO_EDGE,NONE,84.13,91.67,69.05,80.16,False,False,87.7,False,87.86,76.91,0.997,3.32,14.4,-6.36,4.24,-7.08,2.25,2.86,711,639164163.37,87.86,-9.73,91.6604,-13.47,1.74,74.0,False,NOT_COMPRESSED|BELOW_SMA50|NOT_NEAR_UNBROKEN_PIVOT,753
LKFT,2026-10-01,28.86,15.8,LOOSE,NO_EDGE,NONE,84.13,90.48,87.3,73.02,False,True,92.46,False,32.41,27.92,1.291,3.04,20.03,0.17,-6.33,2.03,3.11,3.11,299,9672982.88,32.41,-10.95,30.91,-6.63,-7.87,50.0,False,NOT_COMPRESSED|NOT_NEAR_UNBROKEN_PIVOT|WEAK_RS,753
MGEE,2026-10-01,70.05,15.73,LOOSE,NO_EDGE,NONE,57.14,73.41,100.0,97.22,False,False,90.48,False,75.87,68.01,1.114,2.26,14.88,-9.04,-14.22,-9.29,0.79,1.2,999,14998443.18,78.43,-10.68,84.7422,-17.34,-19.12,20.0,False,NOT_COMPRESSED|BELOW_SMA50|NOT_NEAR_UNBROKEN_PIVOT|WEAK_RS,753
KOD,2026-10-01,98.46,15.71,LOOSE,NO_EDGE,NONE,98.81,22.62,100.0,100.0,False,False,100.0,False,98.8,29.81,1.058,7.35,75.35,162.56,142.33,131.22,90.76,90.76,3,267109141.37,98.8,-0.34,47.84,105.81,152.64,100.0,False,NOT_COMPRESSED|POST_GAP_COIL|RECENT_SURGE|EXTENDED_60D_RUN|EXTENDED_FROM_SMA50|DETACHED_FROM_PRIOR_STRUCTURE,753
CDW,2026-10-01,135.83,15.63,LOOSE,NO_EDGE,NONE,73.02,83.73,85.32,91.67,False,False,81.35,False,151.5,127.77,1.686,4.44,22.29,-8.64,-0.9,-4.38,1.58,25.03,40,222075326.58,158.05,-14.06,154.15,-11.88,-0.5,70.0,False,NOT_COMPRESSED|POST_GAP_COIL|BELOW_SMA50|NOT_NEAR_UNBROKEN_PIVOT,753
SID,2026-10-01,1.12,15.56,LOOSE,NO_EDGE,NONE,94.84,88.49,73.41,77.78,False,False,76.19,False,1.23,0.97,1.0,6.57,36.61,-4.27,21.74,5.34,16.24,16.24,19,11183556.81,1.38,-18.84,1.47,-23.81,20.24,91.0,False,NOT_COMPRESSED|POST_GAP_COIL|NOT_NEAR_UNBROKEN_PIVOT|LOW_LIQUIDITY,753
AXSM,2026-10-01,182.07,15.55,LOOSE,NO_EDGE,NONE,71.43,94.05,80.16,93.65,False,False,88.49,True,216.47,182.1,0.613,4.24,26.29,-13.27,-25.86,-13.57,1.71,1.88,412,141472094.94,229.62,-20.71,260.19,-30.02,-28.31,8.0,False,NOT_COMPRESSED|BELOW_SMA50|NOT_NEAR_UNBROKEN_PIVOT|WEAK_RS,753
KIM-PM,2026-10-01,19.52,15.54,LOOSE,NO_EDGE,NONE,87.7,100.0,53.97,78.97,False,False,95.24,False,20.2235,19.3164,1.814,1.37,7.28,-2.65,-0.5,-0.79,0.59,0.77,999,725762.11,20.6218,-5.34,20.1989,-3.36,-2.07,66.0,False,NOT_COMPRESSED|NOT_NEAR_UNBROKEN_PIVOT|LOW_LIQUIDITY|WEAK_RS,753
HYT,2026-10-01,7.8,15.54,LOOSE,NO_EDGE,NONE,63.89,79.37,93.65,93.25,False,False,87.3,False,8.03,7.7,1.594,0.96,6.54,-4.65,-5.83,-3.86,0.64,0.64,999,8972711.49,8.2099,-4.99,8.3819,-6.94,-8.88,47.0,False,NOT_COMPRESSED|BELOW_SMA50|WEAK_RS,753
CXW,2026-10-01,32.49,15.42,LOOSE,NO_EDGE,NONE,98.41,98.02,59.52,73.81,False,False,82.14,False,36.55,30.55,0.524,5.16,18.47,-0.37,6.11,-1.08,4.22,7.72,475,74018038.37,36.55,-11.11,34.86,-6.8,1.87,74.0,False,NOT_COMPRESSED|NOT_NEAR_UNBROKEN_PIVOT,753
DRI,2026-10-01,197.41,15.06,LOOSE,NO_EDGE,NONE,85.32,61.51,85.32,95.24,False,False,94.84,False,216.17,192.67,0.665,2.74,15.45,-10.28,-1.04,-6.74,2.25,2.25,445,277345942.65,223.17,-11.54,229.76,-14.08,-5.43,56.0,False,NOT_COMPRESSED|BELOW_SMA50|NOT_NEAR_UNBROKEN_PIVOT|WEAK_RS,753
BCE,2026-10-01,19.92,15.06,LOOSE,RANGE_EXIT_CONFIRMED,DOWN_EXPANSION_CONFIRMED,32.14,94.05,100.0,100.0,False,False,98.02,False,23.16,20.12,1.378,2.31,19.68,-13.71,-5.87,-10.75,0.73,1.73,999,94222990.2,23.66,-15.81,24.6914,-19.32,-8.57,48.0,False,NOT_COMPRESSED|ALREADY_EXPANDING|BELOW_SMA50|NOT_NEAR_UNBROKEN_PIVOT|WEAK_RS,753
META,2026-10-01,725.93,15.04,LOOSE,NO_EDGE,NONE,98.02,82.14,88.89,73.41,False,False,80.95,True,779.82,660.2789,0.463,3.61,24.24,22.54,20.46,16.67,5.73,10.18,44,16756105987.21,779.82,-6.91,690.3349,5.16,21.8,92.0,False,NOT_COMPRESSED|POST_GAP_COIL|RECENT_SURGE|EXTENDED_FROM_SMA50|NOT_NEAR_UNBROKEN_PIVOT,753
PCG-PD,2026-10-01,16.61,14.78,LOOSE,NO_EDGE,NONE,78.97,79.37,86.51,89.29,False,False,85.71,False,17.2,16.02,0.874,1.72,8.91,-6.58,-8.91,-5.79,2.85,2.85,999,82037.41,17.91,-7.26,19.1691,-13.35,-12.23,37.0,False,NOT_COMPRESSED|BELOW_SMA50|NOT_NEAR_UNBROKEN_PIVOT|LOW_LIQUIDITY|WEAK_RS,622
ABG,2026-10-01,178.47,14.76,LOOSE,NO_EDGE,NONE,67.46,93.25,100.0,97.22,False,False,56.75,False,200.53,170.35,1.626,4.04,30.53,-16.24,-12.84,-14.23,2.87,3.69,999,51017714.82,223.5,-20.15,257.21,-30.61,-15.95,27.0,False,NOT_COMPRESSED|BELOW_SMA50|NOT_NEAR_UNBROKEN_PIVOT|WEAK_RS,753
UNM,2026-10-01,88.08,14.71,LOOSE,NO_EDGE,NONE,76.19,83.73,85.71,96.83,False,True,97.62,False,96.37,87.42,1.25,2.63,12.47,-5.09,0.98,-3.32,1.57,5.04,295,189680298.52,96.77,-8.98,94.55,-6.84,-6.89,52.0,False,NOT_COMPRESSED|BELOW_SMA50|NOT_NEAR_UNBROKEN_PIVOT|WEAK_RS,753
ARR,2026-10-01,13.81,14.6,LOOSE,NO_EDGE,NONE,46.43,86.51,100.0,99.6,False,False,92.46,False,15.09,13.76,0.905,2.34,19.3,-13.14,-14.54,-11.33,1.35,1.35,999,66855189.78,16.215,-14.83,17.0791,-19.14,-18.57,22.0,False,NOT_COMPRESSED|BELOW_SMA50|NOT_NEAR_UNBROKEN_PIVOT|WEAK_RS,753
SDGR,2026-10-01,30.46,14.46,LOOSE,NO_EDGE,NONE,96.43,79.76,97.62,90.48,False,False,48.02,False,32.45,24.09,0.955,5.92,45.37,45.88,89.31,45.01,3.04,5.26,150,73078846.35,32.45,-6.13,20.99,45.12,77.62,99.0,False,NOT_COMPRESSED|RECENT_SURGE|EXTENDED_60D_RUN|EXTENDED_FROM_SMA50|NOT_NEAR_UNBROKEN_PIVOT|DETACHED_FROM_PRIOR_STRUCTURE,753
NESR,2026-10-01,24.935,14.42,LOOSE,NO_EDGE,NONE,44.05,100.0,84.13,99.6,False,False,100.0,False,33.63,25.133,0.599,6.57,44.48,-28.22,-8.33,-21.53,3.99,10.27,37,64152448.08,35.45,-29.66,36.94,-32.5,-13.46,33.0,False,NOT_COMPRESSED|POST_GAP_COIL|BELOW_SMA50|NOT_NEAR_UNBROKEN_PIVOT|WEAK_RS,561
PCG,2026-10-01,12.17,14.33,LOOSE,NO_EDGE,NONE,90.87,91.27,88.49,88.89,True,False,88.1,False,13.5342,11.7217,0.833,4.44,25.78,-8.33,-28.33,-21.56,2.17,20.12,22,561575000.23,14.8588,-18.1,18.7877,-35.22,-31.16,6.0,False,NOT_COMPRESSED|POST_GAP_COIL|BELOW_SMA50|NOT_NEAR_UNBROKEN_PIVOT|WEAK_RS,753
ALHC,2026-10-01,7.74,14.27,LOOSE,NO_EDGE,NONE,92.46,93.65,100.0,94.44,True,False,62.3,False,9.575,7.37,1.437,9.25,83.46,-43.05,-61.36,-39.51,5.91,16.71,43,112869234.56,13.87,-44.2,25.12,-69.19,-70.31,0.0,False,NOT_COMPRESSED|POST_GAP_COIL|BELOW_SMA50|NOT_NEAR_UNBROKEN_PIVOT|WEAK_RS,753
PMT-PA,2026-10-01,21.25,14.13,LOOSE,RANGE_EXIT_CONFIRMED,DOWN_EXPANSION_CONFIRMED,78.57,82.54,87.3,93.65,False,False,80.95,False,22.2476,21.33,1.263,1.21,5.98,-5.35,-3.27,-4.02,0.68,0.98,999,148058.82,22.66,-6.22,23.1252,-8.11,-5.41,56.0,False,NOT_COMPRESSED|ALREADY_EXPANDING|BELOW_SMA50|NOT_NEAR_UNBROKEN_PIVOT|LOW_LIQUIDITY|WEAK_RS,753
A,2026-10-01,166.68,13.99,LOOSE,NO_EDGE,NONE,77.78,68.65,95.24,96.03,False,False,88.49,False,177.05,154.03,1.697,2.98,21.48,10.1,29.14,9.68,1.88,4.35,87,396134689.9,177.05,-5.86,163.75,1.79,24.7,93.0,False,NOT_COMPRESSED|NOT_NEAR_UNBROKEN_PIVOT,753
CXM,2026-10-01,5.22,13.99,LOOSE,NO_EDGE,NONE,92.46,90.08,75.79,80.95,False,False,81.35,False,5.65,4.72,1.115,5.3,44.25,-24.89,-3.69,-17.26,3.47,4.36,391,19241775.75,7.81,-33.16,8.275,-36.92,-6.35,54.0,False,NOT_COMPRESSED|BELOW_SMA50|NOT_NEAR_UNBROKEN_PIVOT|WEAK_RS,753
BXBL,2026-10-01,3.21,13.91,LOOSE,NO_EDGE,NONE,75.4,83.73,84.13,93.25,False,False,89.68,False,4.35,3.2,1.042,10.5,45.17,-22.46,-67.34,-24.7,4.28,38.78,52,849990.55,4.5,-28.67,15.139,-78.8,-70.99,0.0,False,NOT_COMPRESSED|POST_GAP_COIL|BELOW_SMA50|NOT_NEAR_UNBROKEN_PIVOT|LOW_LIQUIDITY|WEAK_RS,412
DLR-PJ,2026-10-01,18.7486,13.89,LOOSE,NO_EDGE,NONE,96.03,100.0,75.0,61.9,False,False,84.13,False,18.87,18.08,1.264,1.5,5.44,-1.23,-5.48,-1.47,1.29,2.94,999,375466.07,19.6103,-4.39,20.1016,-6.73,-7.7,50.0,False,NOT_COMPRESSED|LOW_LIQUIDITY|WEAK_RS,753
MKC-V,2026-10-01,45.72,13.77,LOOSE,RANGE_EXIT_CONFIRMED,DOWN_EXPANSION_CONFIRMED,100.0,97.22,90.87,89.29,True,True,88.1,False,53.94,46.36,2.198,4.45,31.69,-14.78,-11.74,-12.95,3.58,5.51,751,1164108.64,59.99,-23.79,56.6,-19.22,-16.44,26.0,False,NOT_COMPRESSED|ALREADY_EXPANDING|BELOW_SMA50|NOT_NEAR_UNBROKEN_PIVOT|LOW_LIQUIDITY|WEAK_RS,753
GAB-PH,2026-10-01,18.4,13.63,LOOSE,NO_EDGE,NONE,66.67,89.68,93.65,91.27,False,False,84.52,False,18.7001,18.22,1.765,1.09,4.4,-2.03,-5.71,-2.44,0.85,0.91,999,264106.27,18.9196,-2.75,19.9912,-7.96,-8.85,47.0,False,NOT_COMPRESSED|LOW_LIQUIDITY|WEAK_RS,753
EPR-PG,2026-10-01,19.5501,13.53,LOOSE,NO_EDGE,NONE,99.6,63.1,91.67,85.71,False,False,84.92,False,19.7344,18.3906,1.229,1.84,12.54,-5.85,-4.59,-3.59,2.33,2.33,999,156553.44,20.8917,-6.42,21.137,-7.51,-6.95,52.0,False,NOT_COMPRESSED|BELOW_SMA50|NOT_NEAR_UNBROKEN_PIVOT|LOW_LIQUIDITY|WEAK_RS,753
VNO-PL,2026-10-01,16.73,13.35,LOOSE,NO_EDGE,NONE,80.16,85.32,81.75,89.68,False,False,91.67,False,17.26,16.1115,1.612,1.69,6.86,-1.57,-3.95,-1.75,0.95,0.95,999,317552.52,17.26,-3.07,17.7321,-5.65,-7.7,50.0,False,NOT_COMPRESSED|LOW_LIQUIDITY|WEAK_RS,753
PMT-PB,2026-10-01,21.135,13.33,LOOSE,RANGE_EXIT_CONFIRMED,DOWN_EXPANSION_CONFIRMED,57.54,100.0,90.08,94.44,False,False,86.51,False,22.15,21.16,1.5,1.32,7.0,-5.44,-4.95,-4.19,1.14,1.14,999,239567.46,22.5999,-6.48,22.7747,-7.2,-6.16,55.0,False,NOT_COMPRESSED|ALREADY_EXPANDING|BELOW_SMA50|NOT_NEAR_UNBROKEN_PIVOT|LOW_LIQUIDITY|WEAK_RS,753
ALL-PH,2026-10-01,17.86,13.25,LOOSE,NO_EDGE,NONE,94.44,100.0,59.52,73.41,False,False,99.6,False,18.5342,17.64,1.766,1.68,6.13,-2.89,-8.14,-3.43,1.24,1.24,999,3315671.6,18.5342,-3.64,20.4033,-12.46,-11.76,38.0,False,NOT_COMPRESSED|BELOW_SMA50|LOW_LIQUIDITY|WEAK_RS,753
KGS,2026-10-01,53.56,12.91,LOOSE,NO_EDGE,NONE,86.9,82.54,93.25,92.46,False,False,84.52,True,60.25,51.03,0.627,4.53,26.4,-12.81,-22.75,-9.05,4.04,5.21,999,112270035.68,65.17,-17.81,77.0975,-30.53,-23.4,14.0,False,NOT_COMPRESSED|BELOW_SMA50|NOT_NEAR_UNBROKEN_PIVOT|WEAK_RS,753
WAFD,2026-10-01,29.98,12.8,LOOSE,NO_EDGE,NONE,64.29,83.73,99.6,97.62,False,False,86.9,False,33.11,29.67,1.453,2.53,26.35,-16.58,-18.15,-14.38,1.07,2.44,999,47600441.98,37.16,-19.32,39.1991,-23.52,-24.06,13.0,False,NOT_COMPRESSED|BELOW_SMA50|NOT_NEAR_UNBROKEN_PIVOT|WEAK_RS,753
BAC,2026-10-01,53.73,12.68,LOOSE,RANGE_EXIT_CONFIRMED,DOWN_EXPANSION_CONFIRMED,78.97,69.84,100.0,99.21,False,False,84.52,False,58.5,54.39,1.878,2.2,20.36,-13.73,-7.37,-11.66,1.13,1.15,999,2251971961.96,63.83,-15.82,64.8989,-17.21,-10.88,41.0,False,NOT_COMPRESSED|ALREADY_EXPANDING|BELOW_SMA50|NOT_NEAR_UNBROKEN_PIVOT|WEAK_RS,753
TRU,2026-10-01,62.18,12.52,LOOSE,NO_EDGE,NONE,55.95,87.7,100.0,99.6,False,False,92.06,False,75.43,61.0,0.901,4.6,40.91,-24.53,-18.75,-20.18,9.97,9.97,610,200825349.52,86.4,-28.03,86.37,-28.01,-23.31,14.0,False,NOT_COMPRESSED|BELOW_SMA50|NOT_NEAR_UNBROKEN_PIVOT|WEAK_RS,753
PPC,2026-10-01,25.2,12.44,LOOSE,RANGE_EXIT_CONFIRMED,DOWN_EXPANSION_CONFIRMED,62.7,99.6,84.13,91.27,False,False,97.22,False,30.24,27.01,2.207,4.27,24.25,-19.02,-8.03,-13.56,1.49,6.7,356,41925117.56,31.97,-21.18,38.2,-34.03,-15.21,29.0,False,NOT_COMPRESSED|ALREADY_EXPANDING|BELOW_SMA50|NOT_NEAR_UNBROKEN_PIVOT|WEAK_RS,753
RLJ-PA,2026-10-01,24.34,12.3,LOOSE,NO_EDGE,NONE,81.35,82.94,83.73,94.05,False,False,93.25,False,24.8456,24.0,1.944,0.91,3.55,-1.84,-0.62,-1.02,0.74,0.74,999,476034.22,24.8652,-2.11,24.9436,-2.42,-3.1,62.0,False,NOT_COMPRESSED|LOW_LIQUIDITY|WEAK_RS,753
ILMN,2026-10-01,265.72,12.27,LOOSE,NO_EDGE,NONE,86.11,89.29,96.43,93.65,False,True,82.14,False,280.17,232.99,0.771,4.26,30.17,24.6,41.48,22.24,2.22,2.77,723,995865074.49,280.17,-5.16,231.81,14.63,38.0,96.0,False,NOT_COMPRESSED|RECENT_SURGE|EXTENDED_60D_RUN|EXTENDED_FROM_SMA50|NOT_NEAR_UNBROKEN_PIVOT|DETACHED_FROM_PRIOR_STRUCTURE,753
GDV-PH,2026-10-01,21.0,12.18,LOOSE,NO_EDGE,NONE,99.6,100.0,99.6,20.24,False,False,99.6,False,21.27,19.92,1.293,1.74,6.43,1.58,-1.86,1.53,0.86,0.86,999,200894.67,21.27,-1.27,21.9919,-4.51,-4.65,58.0,False,NOT_COMPRESSED|LOW_LIQUIDITY|WEAK_RS,753
MGY,2026-10-01,24.07,11.88,LOOSE,NO_EDGE,NONE,87.7,81.75,100.0,98.02,False,False,63.49,False,25.96,23.15,1.225,3.49,23.58,-12.09,-7.89,-6.89,2.39,6.45,999,119638402.4,28.825,-16.5,31.624,-23.89,-6.63,53.0,False,NOT_COMPRESSED|BELOW_SMA50|NOT_NEAR_UNBROKEN_PIVOT|WEAK_RS,753
PWP,2026-10-01,15.755,11.85,LOOSE,NO_EDGE,NONE,92.06,81.35,95.63,70.24,False,False,92.06,False,17.28,12.59,0.934,5.98,30.24,-3.87,5.89,-0.44,2.83,32.19,43,33847660.95,17.28,-8.83,22.8017,-30.9,-6.78,53.0,False,NOT_COMPRESSED|POST_GAP_COIL|NOT_NEAR_UNBROKEN_PIVOT|WEAK_RS,753
SAH,2026-10-01,63.76,11.81,LOOSE,NO_EDGE,NONE,84.52,92.06,95.63,90.08,False,False,68.25,False,73.67,58.46,1.67,5.13,35.42,-17.69,-27.16,-18.82,1.74,6.66,999,24133467.01,81.0421,-21.32,113.0591,-43.6,-26.27,10.0,False,NOT_COMPRESSED|BELOW_SMA50|NOT_NEAR_UNBROKEN_PIVOT|WEAK_RS,753
MET-PA,2026-10-01,21.28,11.77,LOOSE,NO_EDGE,NONE,94.44,99.6,77.78,77.38,False,False,81.75,False,21.62,20.7501,1.196,1.33,5.82,2.05,1.75,2.2,0.7,0.7,999,1101606.13,21.62,-1.57,22.1363,-3.87,-1.8,67.0,False,NOT_COMPRESSED|LOW_LIQUIDITY|WEAK_RS,753
TU,2026-10-01,8.19,11.49,LOOSE,NO_EDGE,NONE,75.4,90.48,94.84,94.44,False,False,81.35,False,9.02,8.13,1.5,2.65,18.43,-13.17,-20.48,-12.7,1.6,6.69,999,62311020.21,9.6394,-15.04,12.4803,-34.38,-21.29,17.0,False,NOT_COMPRESSED|BELOW_SMA50|NOT_NEAR_UNBROKEN_PIVOT|WEAK_RS,753
EVV,2026-10-01,8.47,11.35,LOOSE,NO_EDGE,NONE,72.62,81.75,98.41,98.02,False,False,89.29,False,8.72,8.31,1.444,1.08,8.48,-5.87,-7.39,-4.55,0.55,0.55,999,6381434.21,9.028,-6.18,9.4876,-10.73,-10.62,42.0,False,NOT_COMPRESSED|BELOW_SMA50|NOT_NEAR_UNBROKEN_PIVOT|WEAK_RS,753
CGEM,2026-10-01,14.53,11.33,LOOSE,NO_EDGE,NONE,86.9,87.7,94.05,99.6,True,False,100.0,False,21.88,14.2,0.947,8.26,58.36,-34.93,-21.16,-25.35,9.91,9.91,617,23727596.97,22.79,-36.24,23.19,-37.34,-20.42,18.0,False,NOT_COMPRESSED|BELOW_SMA50|NOT_NEAR_UNBROKEN_PIVOT|WEAK_RS,753
SUNC,2026-10-01,75.7,11.15,LOOSE,NO_EDGE,NONE,93.69,87.32,75.85,88.74,False,False,94.47,False,81.96,72.13,1.458,2.83,15.02,-2.96,9.71,-1.26,1.36,3.27,999,44494176.21,83.5,-9.34,78.85,-3.99,9.13,84.0,False,NOT_COMPRESSED|NOT_NEAR_UNBROKEN_PIVOT,226
ROL,2026-10-01,30.57,10.97,LOOSE,NO_EDGE,NONE,80.56,90.08,92.06,94.44,False,False,82.14,False,33.9,29.7,0.737,3.05,22.05,-14.39,-31.66,-13.69,3.05,14.12,49,255046261.69,36.44,-16.11,56.9671,-46.34,-32.02,5.0,False,NOT_COMPRESSED|POST_GAP_COIL|BELOW_SMA50|NOT_NEAR_UNBROKEN_PIVOT|WEAK_RS,753
UTHR,2026-10-01,571.38,10.93,LOOSE,RANGE_EXIT_CONFIRMED,UP_EXPANSION_CONFIRMED,90.48,94.44,94.05,55.16,False,False,100.0,False,557.37,468.97,2.697,3.5,20.45,16.13,3.07,11.85,3.41,3.41,128,463761941.24,557.37,2.51,609.35,-6.23,-0.05,71.0,False,NOT_COMPRESSED|ALREADY_EXPANDING|RECENT_SURGE|NOT_NEAR_UNBROKEN_PIVOT,753
STT-PG,2026-10-01,19.62,10.93,LOOSE,NO_EDGE,NONE,99.6,99.6,76.19,70.24,False,False,89.68,False,20.35,19.42,1.031,1.6,6.47,-3.11,-6.55,-3.51,0.9,0.9,999,2513808.54,20.45,-4.06,21.7191,-9.66,-9.85,44.0,False,NOT_COMPRESSED|BELOW_SMA50|LOW_LIQUIDITY|WEAK_RS,753
AMGN,2026-10-01,407.27,10.87,LOOSE,NO_EDGE,NONE,100.0,82.14,90.87,73.41,False,False,90.08,False,426.59,376.08,1.944,2.58,17.52,-8.03,11.32,-0.15,6.48,6.48,461,1293121086.53,445.82,-8.65,447.03,-8.89,6.65,81.0,False,NOT_COMPRESSED|NOT_NEAR_UNBROKEN_PIVOT,753
GPCR,2026-10-01,28.98,10.79,LOOSE,RANGE_EXIT_CONFIRMED,DOWN_EXPANSION_CONFIRMED,86.51,90.48,85.71,88.1,False,False,89.68,False,37.74,31.08,1.337,7.64,66.67,-39.37,-47.2,-35.84,2.98,2.98,204,54092407.6,48.64,-40.42,57.225,-49.36,-48.62,1.0,False,NOT_COMPRESSED|ALREADY_EXPANDING|BELOW_SMA50|NOT_NEAR_UNBROKEN_PIVOT|WEAK_RS,753
RSI,2026-10-01,19.95,10.77,LOOSE,NO_EDGE,NONE,58.73,91.27,100.0,98.02,False,False,96.83,False,26.15,19.1,0.86,5.87,42.31,-23.77,-39.07,-21.55,4.4,7.75,102,86527836.71,27.54,-27.56,34.53,-42.22,-39.86,2.0,False,NOT_COMPRESSED|BELOW_SMA50|NOT_NEAR_UNBROKEN_PIVOT|WEAK_RS,753
NYT,2026-10-01,63.71,10.67,LOOSE,NO_EDGE,NONE,92.06,94.05,88.1,88.89,False,False,87.7,True,72.42,61.74,0.423,3.6,18.38,-5.87,-12.92,-6.04,1.61,7.13,165,230759805.19,73.45,-13.26,86.8283,-26.63,-16.29,26.0,False,NOT_COMPRESSED|BELOW_SMA50|NOT_NEAR_UNBROKEN_PIVOT|WEAK_RS,753
PPLI,2026-10-01,40.95,10.58,LOOSE,NO_EDGE,NONE,99.6,84.13,78.57,84.92,False,False,94.84,False,42.17,35.38,1.008,3.59,16.58,5.24,-13.48,3.25,7.54,7.54,999,53169605.96,42.17,-2.89,48.32,-15.25,-15.24,29.0,False,NOT_COMPRESSED|WEAK_RS,753
RAPP,2026-10-01,32.83,10.18,LOOSE,NO_EDGE,NONE,96.43,80.56,99.21,98.81,True,False,98.41,False,43.0,31.58,0.927,7.19,53.47,-32.57,-21.81,-24.85,2.0,2.72,266,19593930.01,50.34,-34.78,52.93,-37.97,-18.59,22.0,False,NOT_COMPRESSED|BELOW_SMA50|NOT_NEAR_UNBROKEN_PIVOT|WEAK_RS,581
JFR,2026-10-01,7.45,10.06,LOOSE,NO_EDGE,NONE,92.06,92.86,90.08,76.98,False,False,89.29,False,7.54,7.22,1.091,1.15,5.37,-1.08,-0.23,-0.77,1.18,1.18,999,6200391.41,7.6202,-2.23,7.6808,-3.0,-3.2,62.0,False,NOT_COMPRESSED|WEAK_RS,753
NLY,2026-10-01,18.7,9.76,LOOSE,RANGE_EXIT_CONFIRMED,DOWN_EXPANSION_CONFIRMED,60.32,90.87,100.0,100.0,False,False,100.0,False,20.8413,18.87,1.444,2.24,19.96,-14.5,-13.82,-13.01,1.65,1.65,999,241787460.49,22.1029,-15.4,23.0275,-18.79,-16.77,25.0,False,NOT_COMPRESSED|ALREADY_EXPANDING|BELOW_SMA50|NOT_NEAR_UNBROKEN_PIVOT|WEAK_RS,753
PAYX,2026-10-01,100.84,9.72,LOOSE,NO_EDGE,NONE,100.0,78.17,100.0,99.21,True,False,98.41,False,116.71,98.0,1.165,3.07,28.21,-18.68,-4.4,-13.97,4.24,4.24,999,403393084.45,126.45,-20.25,127.98,-21.21,-7.03,52.0,False,NOT_COMPRESSED|BELOW_SMA50|NOT_NEAR_UNBROKEN_PIVOT|WEAK_RS,753
BXMT,2026-10-01,11.3,9.7,LOOSE,NO_EDGE,NONE,66.67,94.84,94.44,97.22,False,False,96.83,False,13.0904,11.44,1.107,3.0,23.05,-16.2,-31.01,-16.07,1.35,3.48,549,33106111.9,13.7252,-17.67,19.1198,-40.9,-34.73,4.0,False,NOT_COMPRESSED|BELOW_SMA50|NOT_NEAR_UNBROKEN_PIVOT|WEAK_RS,753
FNF,2026-10-01,39.11,9.68,LOOSE,NO_EDGE,NONE,76.59,92.86,91.67,94.05,False,False,93.25,False,44.11,38.06,1.274,3.08,23.14,-14.29,-18.97,-15.44,1.48,2.07,999,129920765.89,47.1116,-16.98,54.1467,-27.77,-21.79,16.0,False,NOT_COMPRESSED|BELOW_SMA50|NOT_NEAR_UNBROKEN_PIVOT|WEAK_RS,753
PIPR,2026-10-01,65.78,9.5,LOOSE,NO_EDGE,NONE,88.89,80.56,89.29,95.63,False,False,96.03,False,74.7,64.23,1.421,3.94,23.47,-12.51,-6.96,-11.4,1.98,2.34,999,59913808.31,78.4,-16.1,92.5764,-28.95,-10.05,43.0,False,NOT_COMPRESSED|BELOW_SMA50|NOT_NEAR_UNBROKEN_PIVOT|WEAK_RS,753
PDO,2026-10-01,11.83,9.5,LOOSE,NO_EDGE,NONE,90.08,92.86,92.46,84.92,False,False,84.52,False,12.15,11.51,0.974,1.65,10.31,-4.0,-8.57,-4.54,0.92,0.92,999,15464124.15,12.73,-7.07,13.0054,-9.04,-10.85,41.0,False,NOT_COMPRESSED|BELOW_SMA50|NOT_NEAR_UNBROKEN_PIVOT|WEAK_RS,753
NU,2026-10-01,13.29,9.44,LOOSE,NO_EDGE,NONE,88.49,83.33,96.43,95.63,False,False,83.73,False,14.25,12.131,2.031,4.18,27.91,-13.7,-0.6,-6.85,7.8,12.99,33,1060055786.68,15.84,-16.1,16.22,-18.06,-5.19,57.0,False,NOT_COMPRESSED|POST_GAP_COIL|BELOW_SMA50|NOT_NEAR_UNBROKEN_PIVOT|WEAK_RS,753
SIM,2026-10-01,28.0,9.42,LOOSE,NO_EDGE,NONE,88.1,95.63,89.68,92.46,False,False,80.16,False,30.0,26.0,2.235,3.09,15.36,-7.53,-6.17,-2.03,10.01,11.31,19,232119.45,30.3,-7.59,34.35,-18.49,-9.0,46.0,False,NOT_COMPRESSED|POST_GAP_COIL|NOT_NEAR_UNBROKEN_PIVOT|LOW_LIQUIDITY|WEAK_RS,753
AGNC,2026-10-01,8.95,9.29,LOOSE,NO_EDGE,NONE,62.3,91.27,100.0,100.0,False,False,100.0,False,9.9717,9.05,0.81,2.39,20.8,-14.64,-15.28,-12.74,1.92,1.92,999,405880938.8,10.732,-16.6,11.0573,-19.06,-18.58,22.0,False,NOT_COMPRESSED|BELOW_SMA50|NOT_NEAR_UNBROKEN_PIVOT|WEAK_RS,753
MGM,2026-10-01,30.47,9.29,LOOSE,NO_EDGE,NONE,78.17,80.95,95.63,100.0,False,False,98.41,False,39.43,30.96,0.931,3.89,37.91,-26.47,-34.61,-26.18,10.52,10.52,5,168378712.63,42.12,-27.66,51.59,-40.94,-38.14,3.0,False,NOT_COMPRESSED|POST_GAP_COIL|BELOW_SMA50|NOT_NEAR_UNBROKEN_PIVOT|WEAK_RS,753
UTG,2026-10-01,34.54,9.27,LOOSE,NO_EDGE,NONE,82.94,81.75,98.81,99.21,False,False,87.7,False,36.59,33.53,1.576,1.96,15.15,-7.87,-11.77,-8.05,0.86,1.08,999,14202531.49,38.7638,-10.9,42.7829,-19.27,-14.74,30.0,False,NOT_COMPRESSED|BELOW_SMA50|NOT_NEAR_UNBROKEN_PIVOT|WEAK_RS,753
CLDX,2026-10-01,32.18,9.21,LOOSE,NO_EDGE,NONE,91.27,96.83,94.44,97.22,True,False,98.02,False,41.62,30.38,0.794,5.69,34.93,-18.49,-17.4,-16.12,8.84,8.84,727,68273039.7,41.62,-22.68,45.14,-28.71,-18.97,21.0,False,NOT_COMPRESSED|BELOW_SMA50|NOT_NEAR_UNBROKEN_PIVOT|WEAK_RS,753
GIS,2026-10-01,31.67,9.17,LOOSE,NO_EDGE,NONE,66.67,100.0,91.67,96.03,False,False,98.41,False,37.21,32.0,0.898,3.57,27.91,-21.96,-11.32,-15.01,1.7,2.51,999,381685966.94,41.34,-23.39,42.2,-24.95,-17.08,24.0,False,NOT_COMPRESSED|BELOW_SMA50|NOT_NEAR_UNBROKEN_PIVOT|WEAK_RS,753
DBX,2026-10-01,34.08,9.13,LOOSE,NO_EDGE,NONE,87.3,92.06,86.9,87.3,False,False,96.83,False,38.01,31.11,0.98,3.88,20.72,-1.22,18.21,-0.38,3.35,3.35,657,170879190.39,38.17,-10.72,36.366,-6.29,16.49,90.0,False,NOT_COMPRESSED|NOT_NEAR_UNBROKEN_PIVOT,753
PDI,2026-10-01,14.15,9.03,LOOSE,NO_EDGE,NONE,84.13,97.22,95.24,85.71,False,False,85.32,False,14.73,13.73,0.909,1.65,10.27,-6.32,-11.64,-5.49,2.17,2.17,999,63924279.81,15.2331,-7.11,16.5751,-14.63,-14.48,30.0,False,NOT_COMPRESSED|BELOW_SMA50|NOT_NEAR_UNBROKEN_PIVOT|WEAK_RS,753
XENE,2026-10-01,38.93,8.91,LOOSE,NO_EDGE,NONE,92.06,96.43,100.0,97.62,True,False,91.67,False,58.15,36.07,2.22,6.24,63.24,-35.29,-44.35,-31.68,23.24,23.24,9,105739156.85,61.75,-36.96,72.66,-46.42,-38.97,3.0,False,NOT_COMPRESSED|POST_GAP_COIL|BELOW_SMA50|NOT_NEAR_UNBROKEN_PIVOT|WEAK_RS,753
LAD,2026-10-01,306.07,8.73,LOOSE,NO_EDGE,NONE,92.06,97.22,98.02,96.03,False,False,62.7,False,345.01,282.54,1.522,4.53,34.6,-17.77,1.23,-14.09,1.48,5.2,999,103960307.74,388.44,-21.21,438.6713,-30.23,-2.7,63.0,False,NOT_COMPRESSED|BELOW_SMA50|NOT_NEAR_UNBROKEN_PIVOT|WEAK_RS,753
RDN,2026-10-01,31.22,8.71,LOOSE,NO_EDGE,NONE,69.05,88.89,100.0,100.0,False,False,98.02,False,35.31,30.58,0.878,2.78,21.11,-14.44,-16.14,-13.67,1.91,5.23,999,52812806.53,37.12,-15.89,40.7639,-23.41,-19.97,19.0,False,NOT_COMPRESSED|BELOW_SMA50|NOT_NEAR_UNBROKEN_PIVOT|WEAK_RS,753
PLNT,2026-10-01,41.85,8.71,LOOSE,NO_EDGE,NONE,85.71,87.3,93.25,93.65,False,False,93.25,False,51.585,39.9,0.79,4.9,29.94,-19.02,-19.04,-16.9,3.07,3.54,101,124171474.01,52.455,-20.22,75.98,-44.92,-24.54,12.0,False,NOT_COMPRESSED|BELOW_SMA50|NOT_NEAR_UNBROKEN_PIVOT|WEAK_RS,753
CHI,2026-10-01,11.37,8.65,LOOSE,NO_EDGE,NONE,80.56,84.52,94.05,100.0,False,False,96.83,False,12.49,11.36,0.929,2.14,12.99,-7.67,-11.34,-8.59,1.5,2.03,999,2026427.93,12.7215,-10.62,13.2911,-14.45,-13.9,32.0,False,NOT_COMPRESSED|BELOW_SMA50|NOT_NEAR_UNBROKEN_PIVOT|LOW_LIQUIDITY|WEAK_RS,753
XERS,2026-10-01,9.25,8.55,LOOSE,NO_EDGE,NONE,85.71,87.7,92.46,92.86,False,False,95.63,False,11.33,7.69,0.981,5.82,42.49,7.81,6.69,9.54,2.87,11.34,39,28948671.53,11.33,-18.36,9.02,2.55,8.88,84.0,False,NOT_COMPRESSED|POST_GAP_COIL|NOT_NEAR_UNBROKEN_PIVOT,753
WY,2026-10-01,18.59,8.47,LOOSE,RANGE_EXIT_CONFIRMED,DOWN_EXPANSION_CONFIRMED,59.52,98.41,100.0,100.0,False,False,99.6,False,22.16,19.05,1.204,2.89,25.8,-19.1,-16.47,-19.28,1.47,2.94,999,153207476.62,23.2561,-20.06,25.763,-27.84,-23.97,13.0,False,NOT_COMPRESSED|ALREADY_EXPANDING|BELOW_SMA50|NOT_NEAR_UNBROKEN_PIVOT|WEAK_RS,753
VKTX,2026-10-01,30.51,8.1,LOOSE,NO_EDGE,NONE,100.0,100.0,91.67,57.14,False,False,100.0,False,43.1,28.4,0.819,8.85,48.18,-8.93,-23.65,-8.8,22.88,22.88,5,286251771.36,43.1,-29.21,42.79,-28.7,-21.34,17.0,False,NOT_COMPRESSED|POST_GAP_COIL|BELOW_SMA50|NOT_NEAR_UNBROKEN_PIVOT|WEAK_RS,753
ALKT,2026-10-01,14.04,7.94,LOOSE,NO_EDGE,NONE,99.6,88.1,100.0,99.21,True,False,97.62,False,19.42,13.205,1.05,6.56,54.59,-29.38,-20.63,-24.44,13.27,13.27,6,37901842.46,20.87,-32.73,21.05,-33.3,-29.02,8.0,False,NOT_COMPRESSED|POST_GAP_COIL|BELOW_SMA50|NOT_NEAR_UNBROKEN_PIVOT|WEAK_RS,753
MFA-PB,2026-10-01,18.11,7.88,LOOSE,NO_EDGE,NONE,62.7,98.81,100.0,100.0,False,False,98.81,False,19.82,18.0221,1.955,1.83,11.92,-10.12,-8.88,-7.73,1.07,1.07,999,339063.97,20.18,-10.26,20.4711,-11.53,-11.49,39.0,False,NOT_COMPRESSED|BELOW_SMA50|NOT_NEAR_UNBROKEN_PIVOT|LOW_LIQUIDITY|WEAK_RS,753
ASB-PE,2026-10-01,18.8185,7.72,LOOSE,NO_EDGE,NONE,75.0,94.44,96.43,97.62,False,False,96.43,False,19.5999,18.61,4.0,1.32,6.59,-3.89,-4.33,-3.59,0.74,1.35,999,169329.82,19.85,-5.2,20.5699,-8.51,-8.3,49.0,False,NOT_COMPRESSED|BELOW_SMA50|NOT_NEAR_UNBROKEN_PIVOT|LOW_LIQUIDITY|WEAK_RS,753
WFC-PC,2026-10-01,15.75,7.7,LOOSE,NO_EDGE,NONE,85.71,100.0,86.51,90.08,False,False,95.63,False,16.15,15.4301,1.24,1.43,6.16,-3.26,-5.76,-3.02,0.82,0.82,999,2803656.76,16.4,-3.96,17.3151,-9.04,-9.2,46.0,False,NOT_COMPRESSED|BELOW_SMA50|LOW_LIQUIDITY|WEAK_RS,753
PCG-PE,2026-10-01,16.6,7.7,LOOSE,NO_EDGE,NONE,71.03,92.86,100.0,97.22,False,False,99.6,False,18.0,14.58,0.146,3.22,26.51,-10.51,-9.97,-7.75,4.27,4.29,999,38926.75,18.98,-12.54,19.9144,-16.64,-11.79,38.0,False,NOT_COMPRESSED|BELOW_SMA50|NOT_NEAR_UNBROKEN_PIVOT|LOW_LIQUIDITY|WEAK_RS,455
MCD,2026-10-01,231.83,7.58,LOOSE,NO_EDGE,NONE,85.71,79.37,98.81,99.21,False,False,98.41,False,252.06,230.88,0.79,2.01,14.01,-11.16,-16.09,-10.42,1.13,2.05,999,1474017878.14,262.78,-11.78,308.2436,-24.79,-19.64,19.0,False,NOT_COMPRESSED|BELOW_SMA50|NOT_NEAR_UNBROKEN_PIVOT|WEAK_RS,753
AIR,2026-10-01,99.9,7.56,LOOSE,NO_EDGE,NONE,74.6,99.6,90.08,97.22,False,False,100.0,False,122.0,100.71,0.633,5.85,31.65,-19.35,-25.06,-23.37,4.69,5.24,999,70314267.59,130.92,-23.69,154.0,-35.13,-31.53,6.0,False,NOT_COMPRESSED|BELOW_SMA50|NOT_NEAR_UNBROKEN_PIVOT|WEAK_RS,753
ECAT,2026-10-01,13.67,7.48,LOOSE,RANGE_EXIT_CONFIRMED,DOWN_EXPANSION_CONFIRMED,90.87,97.22,92.06,88.89,False,False,87.7,False,14.6,13.8,1.555,1.97,11.67,-8.6,-7.96,-6.93,1.3,1.41,999,9425771.31,15.1216,-9.6,15.3787,-11.11,-11.61,39.0,False,NOT_COMPRESSED|ALREADY_EXPANDING|BELOW_SMA50|NOT_NEAR_UNBROKEN_PIVOT|WEAK_RS,753
PSA-PK,2026-10-01,16.78,7.14,LOOSE,NO_EDGE,NONE,94.44,100.0,81.75,84.92,False,False,99.21,False,17.31,16.26,1.163,1.83,6.77,-2.83,-8.26,-4.0,0.7,0.7,999,665691.01,17.3968,-3.55,18.6352,-9.96,-10.87,41.0,False,NOT_COMPRESSED|BELOW_SMA50|LOW_LIQUIDITY|WEAK_RS,753
HIG,2026-10-01,125.74,7.1,LOOSE,NO_EDGE,NONE,78.97,89.68,100.0,98.41,False,False,96.03,False,135.68,122.36,2.542,2.1,15.9,-8.36,-8.97,-7.74,1.59,3.69,999,238355916.37,140.41,-10.45,145.432,-13.54,-11.22,40.0,False,NOT_COMPRESSED|BELOW_SMA50|NOT_NEAR_UNBROKEN_PIVOT|WEAK_RS,753
IDT,2026-10-01,79.98,7.06,LOOSE,NO_EDGE,NONE,91.67,92.86,90.87,89.29,False,False,96.43,False,80.63,66.24,1.492,3.58,19.99,16.01,33.41,17.12,2.25,2.25,999,25842568.51,80.63,-0.81,69.9,14.42,33.14,95.0,False,NOT_COMPRESSED|RECENT_SURGE|EXTENDED_60D_RUN|EXTENDED_FROM_SMA50|DETACHED_FROM_PRIOR_STRUCTURE,753
GAB-PG,2026-10-01,18.4599,6.85,LOOSE,NO_EDGE,NONE,92.06,97.22,94.05,91.67,False,False,84.92,False,18.7201,18.21,1.131,1.08,6.34,-2.23,-5.55,-2.38,1.09,2.24,999,123201.78,18.9497,-2.58,19.8941,-7.21,-8.74,47.0,False,NOT_COMPRESSED|LOW_LIQUIDITY|WEAK_RS,753
DLR-PK,2026-10-01,21.0,6.69,LOOSE,NO_EDGE,NONE,100.0,100.0,88.89,72.22,False,False,98.02,False,21.42,20.02,0.87,1.99,8.19,-2.95,-4.52,-1.56,1.13,1.13,999,575303.43,21.915,-4.18,22.3349,-5.98,-7.06,52.0,False,NOT_COMPRESSED|LOW_LIQUIDITY|WEAK_RS,753
JPC,2026-10-01,6.89,6.69,LOOSE,NO_EDGE,NONE,90.48,94.44,90.87,93.65,False,False,94.05,False,7.13,6.63,1.599,1.55,10.07,-5.54,-10.33,-5.76,0.73,0.78,999,15565124.62,7.344,-6.18,7.7379,-10.96,-13.05,34.0,False,NOT_COMPRESSED|BELOW_SMA50|NOT_NEAR_UNBROKEN_PIVOT|WEAK_RS,753
CHY,2026-10-01,11.61,6.59,LOOSE,NO_EDGE,NONE,84.13,96.43,91.27,97.62,False,False,96.03,False,12.8,11.52,0.784,2.31,11.52,-7.7,-11.69,-7.87,1.45,1.45,999,2211734.19,12.837,-9.56,13.597,-14.61,-14.46,30.0,False,NOT_COMPRESSED|BELOW_SMA50|NOT_NEAR_UNBROKEN_PIVOT|LOW_LIQUIDITY|WEAK_RS,753
UTF,2026-10-01,24.6,6.48,LOOSE,NO_EDGE,NONE,94.44,98.41,97.22,93.65,False,False,89.68,True,25.2,23.67,0.581,1.55,12.86,-7.98,-8.87,-6.46,0.94,0.94,999,10664176.18,26.8436,-8.36,27.7671,-11.41,-11.9,38.0,False,NOT_COMPRESSED|BELOW_SMA50|NOT_NEAR_UNBROKEN_PIVOT|WEAK_RS,753
MET-PE,2026-10-01,20.11,6.47,LOOSE,NO_EDGE,NONE,98.81,100.0,86.11,85.71,False,False,91.27,False,20.94,19.7967,1.733,1.56,6.91,-3.78,-9.3,-4.14,0.83,0.83,999,2623580.03,21.14,-4.87,22.4406,-10.39,-12.41,37.0,False,NOT_COMPRESSED|BELOW_SMA50|LOW_LIQUIDITY|WEAK_RS,753
TYG,2026-10-01,37.74,6.31,LOOSE,NO_EDGE,NONE,82.54,87.7,98.81,100.0,False,False,99.21,False,42.4895,37.62,1.1,2.23,17.83,-11.63,-10.04,-10.35,1.28,1.38,999,6907376.34,44.1903,-14.6,47.7237,-20.92,-11.7,38.0,False,NOT_COMPRESSED|BELOW_SMA50|NOT_NEAR_UNBROKEN_PIVOT|WEAK_RS,753
CIM-PC,2026-10-01,21.62,6.29,LOOSE,NO_EDGE,NONE,95.63,96.43,89.29,91.27,False,False,91.67,False,22.56,21.03,0.729,1.77,9.25,-4.72,-3.96,-2.97,0.9,0.9,999,542895.97,23.03,-6.12,23.18,-6.73,-6.16,55.0,False,NOT_COMPRESSED|NOT_NEAR_UNBROKEN_PIVOT|LOW_LIQUIDITY|WEAK_RS,753
AMRX,2026-10-01,20.07,6.17,LOOSE,NO_EDGE,NONE,99.21,94.44,93.65,88.89,False,False,86.9,False,21.175,18.06,0.97,4.01,22.99,11.13,18.34,9.84,2.65,3.04,648,55235803.5,21.175,-5.22,19.26,4.21,14.19,89.0,False,NOT_COMPRESSED|NOT_NEAR_UNBROKEN_PIVOT,753
SPG-PJ,2026-10-01,53.45,6.13,LOOSE,NO_EDGE,NONE,100.0,97.62,91.27,87.7,False,False,99.6,True,57.0,53.01,0.038,1.54,7.46,-2.3,-1.86,-1.97,4.64,4.64,999,87047.37,57.0,-6.23,56.1526,-4.81,-2.36,65.0,False,NOT_COMPRESSED|NOT_NEAR_UNBROKEN_PIVOT|LOW_LIQUIDITY|WEAK_RS,753
NKTR,2026-10-01,46.99,6.01,LOOSE,RANGE_EXIT_CONFIRMED,DOWN_EXPANSION_CONFIRMED,91.67,98.02,86.51,94.84,False,False,96.83,False,69.84,56.21,3.619,9.27,66.97,-35.4,-34.65,-32.87,8.49,8.49,114,103801284.68,77.76,-39.57,109.0,-56.89,-36.69,4.0,False,NOT_COMPRESSED|ALREADY_EXPANDING|BELOW_SMA50|NOT_NEAR_UNBROKEN_PIVOT|WEAK_RS,753
DX,2026-10-01,11.08,5.93,LOOSE,NO_EDGE,NONE,79.37,91.27,100.0,99.6,False,False,100.0,False,12.2565,11.12,0.829,2.27,17.67,-11.87,-11.41,-10.28,1.32,1.32,999,83344122.73,12.8383,-13.7,13.0547,-15.13,-14.18,31.0,False,NOT_COMPRESSED|BELOW_SMA50|NOT_NEAR_UNBROKEN_PIVOT|WEAK_RS,753
BFS-PD,2026-10-01,19.0,5.89,LOOSE,NO_EDGE,NONE,89.68,94.44,98.81,99.21,False,False,97.62,True,19.9486,18.6204,0.536,1.68,8.8,-6.82,-6.28,-5.43,2.01,3.65,999,88599.67,20.3897,-6.82,21.5312,-11.76,-9.52,45.0,False,NOT_COMPRESSED|BELOW_SMA50|NOT_NEAR_UNBROKEN_PIVOT|LOW_LIQUIDITY|WEAK_RS,753
FAF,2026-10-01,61.51,5.71,LOOSE,NO_EDGE,NONE,84.13,94.84,96.03,98.41,False,False,96.83,False,73.3188,60.38,1.252,3.32,26.75,-16.16,-11.34,-13.91,1.69,2.9,999,69602302.95,76.1922,-19.27,79.1348,-22.27,-13.48,33.0,False,NOT_COMPRESSED|BELOW_SMA50|NOT_NEAR_UNBROKEN_PIVOT|WEAK_RS,753
OCUL,2026-10-01,7.29,5.56,LOOSE,NO_EDGE,NONE,81.35,97.62,94.44,100.0,False,False,98.41,False,10.61,7.18,0.848,8.76,58.98,-33.12,-29.02,-25.57,2.8,7.57,157,30958258.4,11.48,-36.5,11.74,-37.9,-27.21,9.0,False,NOT_COMPRESSED|BELOW_SMA50|NOT_NEAR_UNBROKEN_PIVOT|WEAK_RS,753
AHL-PD,2026-10-01,18.31,4.88,LOOSE,NO_EDGE,NONE,100.0,86.11,99.6,86.51,False,False,100.0,False,20.9,20.9,,1.29,17.23,-10.89,-10.89,-11.06,14.4,14.4,0,47874.24,20.9,-12.39,20.5484,-10.89,-13.73,32.0,False,NOT_COMPRESSED|POST_GAP_COIL|BELOW_SMA50|NOT_NEAR_UNBROKEN_PIVOT|LOW_LIQUIDITY|WEAK_RS,753
PTY,2026-10-01,11.01,4.74,LOOSE,NO_EDGE,NONE,88.49,100.0,98.81,91.27,False,False,94.05,False,11.47,10.65,1.024,1.6,9.44,-5.41,-6.21,-3.69,1.01,1.01,999,21826424.45,11.6888,-5.81,11.7873,-6.59,-8.89,46.0,False,NOT_COMPRESSED|BELOW_SMA50|NOT_NEAR_UNBROKEN_PIVOT|WEAK_RS,753
WFC-PL,2026-10-01,1079.0,4.64,LOOSE,NO_EDGE,NONE,80.95,99.6,98.02,99.21,False,False,98.41,False,1120.9399,1061.25,0.472,1.27,7.67,-5.27,-6.23,-4.81,1.02,1.02,999,11941869.87,1145.0,-5.76,1173.0675,-8.02,-8.78,47.0,False,NOT_COMPRESSED|BELOW_SMA50|NOT_NEAR_UNBROKEN_PIVOT|WEAK_RS,753
MRP,2026-10-01,25.2,4.6,LOOSE,NO_EDGE,NONE,88.89,90.48,100.0,99.21,False,False,97.62,False,29.48,25.92,1.129,3.15,28.77,-18.34,-10.57,-13.76,1.21,1.21,999,57225523.64,32.17,-21.67,31.03,-18.79,-15.94,27.0,False,NOT_COMPRESSED|BELOW_SMA50|NOT_NEAR_UNBROKEN_PIVOT|WEAK_RS,416
GIL,2026-10-01,41.92,4.6,LOOSE,NO_EDGE,NONE,90.87,93.25,100.0,96.03,False,False,94.44,False,48.34,39.93,1.271,4.46,34.83,-18.54,-17.28,-18.22,2.36,5.19,999,81107457.16,54.53,-23.12,63.1331,-33.6,-21.08,17.0,False,NOT_COMPRESSED|BELOW_SMA50|NOT_NEAR_UNBROKEN_PIVOT|WEAK_RS,753
ACT,2026-10-01,44.15,4.44,LOOSE,NO_EDGE,NONE,92.06,93.65,94.44,98.41,False,False,98.41,False,49.22,42.83,1.247,2.6,16.69,-9.38,-1.02,-8.57,0.83,1.1,999,22737780.05,50.2,-12.05,50.3159,-12.25,-4.99,57.0,False,NOT_COMPRESSED|BELOW_SMA50|NOT_NEAR_UNBROKEN_PIVOT|WEAK_RS,753
PTA,2026-10-01,17.54,4.23,LOOSE,NO_EDGE,NONE,92.86,97.62,95.24,92.46,False,False,98.41,False,18.22,17.045,1.229,1.65,7.75,-4.29,-7.16,-3.74,0.84,0.84,999,4998282.33,18.435,-4.85,19.2348,-8.81,-10.09,43.0,False,NOT_COMPRESSED|BELOW_SMA50|LOW_LIQUIDITY|WEAK_RS,753
BML-PL,2026-10-01,20.0499,4.09,LOOSE,NO_EDGE,NONE,100.0,98.41,93.65,95.63,False,False,87.7,False,20.35,19.44,1.107,1.35,6.48,3.3,5.48,4.16,1.91,1.91,999,985310.27,20.35,-1.47,19.64,2.09,3.09,76.0,False,NOT_COMPRESSED|LOW_LIQUIDITY,753
FRT-PC,2026-10-01,18.19,4.01,LOOSE,NO_EDGE,NONE,100.0,100.0,91.27,89.29,False,False,95.63,False,18.8776,17.856,1.314,1.98,6.86,-2.76,-5.47,-2.68,1.99,1.99,999,262704.56,19.1048,-4.79,19.3893,-6.19,-7.92,49.0,False,NOT_COMPRESSED|LOW_LIQUIDITY|WEAK_RS,753
ORC,2026-10-01,5.23,3.97,LOOSE,RANGE_EXIT_CONFIRMED,DOWN_EXPANSION_CONFIRMED,82.54,97.62,100.0,100.0,False,False,100.0,False,6.0532,5.41,1.59,2.83,24.57,-18.37,-18.61,-15.74,1.32,1.32,999,32707082.37,6.5053,-19.6,6.7289,-22.28,-23.56,14.0,False,NOT_COMPRESSED|ALREADY_EXPANDING|BELOW_SMA50|NOT_NEAR_UNBROKEN_PIVOT|WEAK_RS,753
MS-PK,2026-10-01,20.98,3.93,LOOSE,NO_EDGE,NONE,85.71,100.0,95.24,99.21,False,False,100.0,False,21.9783,20.82,1.474,1.3,6.42,-4.11,-8.63,-4.59,0.96,0.96,999,2856807.29,22.0078,-4.67,23.5966,-11.09,-12.47,36.0,False,NOT_COMPRESSED|BELOW_SMA50|LOW_LIQUIDITY|WEAK_RS,753
SF-PB,2026-10-01,23.71,3.83,LOOSE,NO_EDGE,NONE,100.0,100.0,100.0,98.02,False,True,96.43,False,23.74,22.01,2.388,2.18,9.45,7.53,6.27,7.29,2.0,2.0,999,537923.15,23.74,-0.13,23.2402,2.02,1.91,74.0,False,NOT_COMPRESSED|LOW_LIQUIDITY,753
REXR-PB,2026-10-01,21.37,3.75,LOOSE,NO_EDGE,NONE,87.7,100.0,99.21,97.62,False,False,94.84,False,21.86,20.46,1.423,1.77,8.42,-2.08,-2.58,-2.57,1.7,1.7,999,106995.1,22.0587,-3.12,22.7075,-5.89,-4.02,60.0,False,NOT_COMPRESSED|LOW_LIQUIDITY|WEAK_RS,753
AMH-PH,2026-10-01,22.8,3.71,LOOSE,NO_EDGE,NONE,99.21,99.6,96.03,82.94,False,False,99.21,False,23.15,21.6185,1.233,1.7,6.72,0.27,-1.89,-0.35,1.41,1.98,999,454531.57,23.15,-1.51,24.3445,-6.34,-4.52,58.0,False,NOT_COMPRESSED|LOW_LIQUIDITY|WEAK_RS,753
WFC-PY,2026-10-01,20.14,3.71,LOOSE,NO_EDGE,NONE,92.46,98.41,95.63,97.62,False,False,95.63,False,20.98,19.8201,1.027,1.74,10.58,-7.7,-9.29,-5.69,0.8,0.8,999,2360348.77,22.05,-8.66,23.506,-14.32,-12.49,36.0,False,NOT_COMPRESSED|BELOW_SMA50|NOT_NEAR_UNBROKEN_PIVOT|LOW_LIQUIDITY|WEAK_RS,753
FPF,2026-10-01,15.72,3.57,LOOSE,NO_EDGE,NONE,89.29,96.43,100.0,98.81,False,False,96.43,False,16.9427,15.7233,1.007,1.6,11.94,-9.7,-10.42,-7.84,0.92,0.92,999,3592436.59,17.6961,-11.17,17.8131,-11.75,-13.5,33.0,False,NOT_COMPRESSED|BELOW_SMA50|NOT_NEAR_UNBROKEN_PIVOT|LOW_LIQUIDITY|WEAK_RS,753
MTG,2026-10-01,26.37,3.55,LOOSE,NO_EDGE,NONE,86.9,99.6,97.22,99.21,False,False,98.81,False,30.08,25.68,1.135,2.96,22.53,-15.05,-5.74,-12.51,0.88,4.28,999,72637046.03,31.62,-16.6,31.7148,-16.85,-8.91,46.0,False,NOT_COMPRESSED|BELOW_SMA50|NOT_NEAR_UNBROKEN_PIVOT|WEAK_RS,753
NAC,2026-10-01,10.27,3.55,LOOSE,NO_EDGE,NONE,100.0,98.81,96.43,96.43,False,False,99.6,True,11.1,10.19,0.868,2.02,11.99,-9.41,-13.29,-8.86,1.63,1.63,999,14482382.73,11.4956,-10.66,11.9713,-14.21,-16.83,25.0,False,NOT_COMPRESSED|BELOW_SMA50|NOT_NEAR_UNBROKEN_PIVOT|WEAK_RS,753
STWD,2026-10-01,13.18,3.49,LOOSE,RANGE_EXIT_CONFIRMED,DOWN_EXPANSION_CONFIRMED,82.54,100.0,100.0,100.0,False,False,100.0,False,14.7596,13.5,1.435,2.32,19.49,-13.81,-17.11,-13.41,1.13,1.13,999,70577714.57,15.6392,-15.72,17.3661,-24.11,-20.09,19.0,False,NOT_COMPRESSED|ALREADY_EXPANDING|BELOW_SMA50|NOT_NEAR_UNBROKEN_PIVOT|WEAK_RS,753
AN,2026-10-01,164.99,3.25,LOOSE,NO_EDGE,NONE,100.0,96.83,100.0,97.62,False,False,84.92,False,202.07,152.86,1.774,4.58,36.58,-19.85,-12.08,-16.54,1.76,7.74,999,120641717.46,213.21,-22.62,235.81,-30.03,-14.32,31.0,False,NOT_COMPRESSED|BELOW_SMA50|NOT_NEAR_UNBROKEN_PIVOT|WEAK_RS,753
NMIH,2026-10-01,38.08,3.15,LOOSE,NO_EDGE,NONE,85.32,99.21,100.0,100.0,False,False,99.6,False,43.56,36.21,1.392,3.09,24.68,-14.56,-7.12,-12.96,1.16,4.17,999,30114964.89,45.61,-16.51,46.74,-18.53,-10.05,43.0,False,NOT_COMPRESSED|BELOW_SMA50|NOT_NEAR_UNBROKEN_PIVOT|WEAK_RS,753
BCAT,2026-10-01,13.59,2.98,LOOSE,NO_EDGE,NONE,94.84,98.81,99.21,96.03,False,False,93.65,False,14.42,13.425,1.094,1.97,17.85,-13.03,-9.87,-9.56,5.09,5.09,999,19492569.31,15.8513,-14.27,15.7589,-13.76,-12.25,37.0,False,NOT_COMPRESSED|BELOW_SMA50|NOT_NEAR_UNBROKEN_PIVOT|WEAK_RS,753
POR,2026-10-01,44.76,2.98,LOOSE,NO_EDGE,NONE,100.0,98.02,92.46,95.63,False,False,97.22,False,47.7485,43.26,0.981,2.25,12.99,-6.97,-13.29,-7.35,1.11,2.79,999,69571548.92,49.0727,-8.79,53.4404,-16.24,-16.92,25.0,False,NOT_COMPRESSED|BELOW_SMA50|NOT_NEAR_UNBROKEN_PIVOT|WEAK_RS,753
NVG,2026-10-01,10.61,2.77,LOOSE,NO_EDGE,NONE,96.83,99.6,100.0,100.0,False,False,99.6,True,11.57,10.32,0.5,2.0,15.25,-10.38,-15.36,-10.25,0.85,0.85,999,13866631.18,11.9677,-11.34,12.6715,-16.27,-18.58,22.0,False,NOT_COMPRESSED|BELOW_SMA50|NOT_NEAR_UNBROKEN_PIVOT|WEAK_RS,753
GEN,2026-10-01,22.25,2.75,LOOSE,NO_EDGE,NONE,99.6,98.41,100.0,99.21,False,False,98.41,True,30.81,20.34,0.454,5.65,50.83,-27.41,-13.41,-20.58,2.13,3.2,599,295787914.66,31.65,-29.7,31.29,-28.89,-19.04,20.0,False,NOT_COMPRESSED|BELOW_SMA50|NOT_NEAR_UNBROKEN_PIVOT|WEAK_RS,753
BTT,2026-10-01,21.96,2.67,LOOSE,NO_EDGE,NONE,100.0,99.6,98.81,98.81,False,False,98.81,True,22.34,21.3,0.783,1.01,6.03,-2.37,-3.31,-1.58,0.45,0.53,999,2407463.73,22.6231,-2.93,22.9591,-4.35,-6.05,55.0,False,NOT_COMPRESSED|LOW_LIQUIDITY|WEAK_RS,753
CTA-PB,2026-10-01,63.0,2.66,LOOSE,NO_EDGE,NONE,98.81,93.65,96.03,98.41,False,False,99.21,False,66.3299,60.75,1.393,1.32,8.86,-5.77,-4.2,-3.39,1.77,2.51,999,171908.77,66.86,-5.77,68.4845,-8.01,-7.42,51.0,False,NOT_COMPRESSED|BELOW_SMA50|NOT_NEAR_UNBROKEN_PIVOT|LOW_LIQUIDITY|WEAK_RS,753
AFYA,2026-10-01,12.08,2.56,LOOSE,NO_EDGE,NONE,90.87,98.41,100.0,100.0,False,False,97.22,False,13.8,11.62,0.824,3.95,29.01,-18.98,-18.49,-12.62,6.08,6.08,389,5228112.48,15.125,-20.13,16.16,-25.25,-23.72,13.0,False,NOT_COMPRESSED|BELOW_SMA50|NOT_NEAR_UNBROKEN_PIVOT|WEAK_RS,753
GNW,2026-10-01,9.31,2.26,LOOSE,NO_EDGE,NONE,96.83,92.46,100.0,99.6,False,False,99.6,False,10.29,8.93,1.667,2.91,19.44,-8.09,1.2,-6.22,6.13,6.13,999,47910934.56,10.69,-12.91,10.28,-9.44,-5.96,55.0,False,NOT_COMPRESSED|BELOW_SMA50|NOT_NEAR_UNBROKEN_PIVOT|WEAK_RS,753
BAC-PB,2026-10-01,22.44,2.22,LOOSE,NO_EDGE,NONE,96.43,100.0,94.84,97.62,False,False,99.21,False,23.37,22.31,1.29,1.29,8.6,-6.11,-8.61,-6.23,1.1,1.1,999,4879642.06,24.03,-6.62,24.9688,-10.13,-11.85,38.0,False,NOT_COMPRESSED|BELOW_SMA50|NOT_NEAR_UNBROKEN_PIVOT|LOW_LIQUIDITY|WEAK_RS,753
SCHW-PD,2026-10-01,21.59,2.2,LOOSE,NO_EDGE,NONE,100.0,100.0,95.24,95.24,False,False,96.43,False,22.449,21.0,2.295,1.84,11.62,-7.62,-8.94,-6.09,0.68,0.85,999,2510083.63,23.509,-8.16,24.3059,-11.17,-12.71,35.0,False,NOT_COMPRESSED|BELOW_SMA50|NOT_NEAR_UNBROKEN_PIVOT|LOW_LIQUIDITY|WEAK_RS,753
NAD,2026-10-01,10.17,1.85,LOOSE,NO_EDGE,NONE,94.05,100.0,98.81,98.41,False,False,98.81,False,10.84,9.66,0.85,2.06,17.26,-10.29,-13.46,-9.24,1.64,1.64,999,21064806.8,11.4949,-11.53,11.9181,-14.67,-16.94,25.0,False,NOT_COMPRESSED|BELOW_SMA50|NOT_NEAR_UNBROKEN_PIVOT|WEAK_RS,753
JSM,2026-10-01,16.6646,1.83,LOOSE,NO_EDGE,NONE,100.0,100.0,94.44,97.22,False,False,98.02,False,17.93,16.29,1.159,2.12,9.96,-6.06,-3.29,-4.41,2.1,2.1,999,418549.87,17.9947,-7.39,18.1936,-8.4,-8.38,48.0,False,NOT_COMPRESSED|BELOW_SMA50|NOT_NEAR_UNBROKEN_PIVOT|LOW_LIQUIDITY|WEAK_RS,753
HHH,2026-10-01,72.06,1.79,LOOSE,NO_EDGE,NONE,100.0,96.43,96.43,97.62,False,False,100.0,False,75.01,60.09,1.085,3.5,20.7,14.06,-0.28,9.59,3.21,3.67,539,58816416.87,75.01,-3.93,75.54,-4.61,-5.73,56.0,False,NOT_COMPRESSED|WEAK_RS,753
MS-PI,2026-10-01,22.85,1.71,LOOSE,NO_EDGE,NONE,94.44,100.0,100.0,100.0,False,False,96.03,False,23.8256,22.7057,1.018,1.13,5.81,-4.41,-6.52,-4.39,0.86,0.86,999,2815677.06,23.9879,-4.74,24.8175,-7.93,-9.77,44.0,False,NOT_COMPRESSED|BELOW_SMA50|LOW_LIQUIDITY|WEAK_RS,753
MUC,2026-10-01,9.77,1.29,LOOSE,NO_EDGE,NONE,94.44,100.0,100.0,99.6,False,False,99.21,False,10.25,9.56,1.0,1.33,10.38,-6.28,-9.66,-5.83,1.07,1.07,999,7202805.8,10.5742,-7.6,10.992,-11.12,-12.99,35.0,False,NOT_COMPRESSED|BELOW_SMA50|NOT_NEAR_UNBROKEN_PIVOT|WEAK_RS,753
NEA,2026-10-01,10.08,1.21,LOOSE,NO_EDGE,NONE,96.83,100.0,99.21,98.02,False,False,99.21,False,10.64,9.53,1.037,1.83,14.58,-7.78,-11.89,-7.15,0.99,0.99,999,25464009.43,11.0396,-8.69,11.5579,-12.79,-15.1,29.0,False,NOT_COMPRESSED|BELOW_SMA50|NOT_NEAR_UNBROKEN_PIVOT|WEAK_RS,753
ESNT,2026-10-01,58.86,0.93,LOOSE,NO_EDGE,NONE,96.83,98.81,100.0,100.0,False,False,99.6,False,68.47,57.61,1.146,2.71,21.17,-14.66,-7.72,-12.07,1.24,1.24,999,57833210.36,70.07,-16.0,70.0125,-15.93,-11.61,39.0,False,NOT_COMPRESSED|BELOW_SMA50|NOT_NEAR_UNBROKEN_PIVOT|WEAK_RS,753
ATH-PA,2026-10-01,22.95,0.89,LOOSE,NO_EDGE,NONE,100.0,96.43,100.0,98.81,False,False,100.0,False,23.92,22.83,1.104,1.19,5.01,-2.63,-2.55,-2.19,0.76,0.76,999,2488218.41,23.92,-4.06,24.0525,-4.58,-6.23,54.0,False,NOT_COMPRESSED|LOW_LIQUIDITY|WEAK_RS,753
NZF,2026-10-01,10.88,0.89,LOOSE,NO_EDGE,NONE,96.43,100.0,100.0,99.6,False,False,99.21,False,11.56,10.45,0.741,1.83,12.75,-7.39,-12.13,-7.83,1.15,1.15,999,15370787.73,11.9761,-9.15,12.4905,-12.89,-14.97,29.0,False,NOT_COMPRESSED|BELOW_SMA50|NOT_NEAR_UNBROKEN_PIVOT|WEAK_RS,753
NUV,2026-10-01,8.25,0.85,LOOSE,NO_EDGE,NONE,100.0,100.0,98.41,98.02,False,False,98.41,False,8.66,8.02,1.031,1.48,10.5,-7.05,-9.03,-6.03,0.61,0.61,999,10821340.08,8.9158,-7.47,9.158,-9.91,-12.46,36.0,False,NOT_COMPRESSED|BELOW_SMA50|NOT_NEAR_UNBROKEN_PIVOT|WEAK_RS,753
KEY-PJ,2026-10-01,19.14,0.83,LOOSE,NO_EDGE,NONE,96.43,100.0,100.0,100.0,False,False,99.21,False,20.6617,19.01,1.42,1.69,8.94,-5.95,-5.99,-6.51,0.69,0.72,999,914799.1,20.6617,-7.36,21.3337,-10.28,-9.46,45.0,False,NOT_COMPRESSED|BELOW_SMA50|NOT_NEAR_UNBROKEN_PIVOT|LOW_LIQUIDITY|WEAK_RS,753
ACAD,2026-10-01,19.89,0.81,LOOSE,NO_EDGE,NONE,98.41,98.41,100.0,100.0,False,False,98.81,False,28.06,19.8,0.682,5.01,47.66,-31.25,-23.5,-26.46,4.13,4.13,67,55104302.09,29.75,-33.14,30.96,-35.76,-26.25,10.0,False,NOT_COMPRESSED|BELOW_SMA50|NOT_NEAR_UNBROKEN_PIVOT|WEAK_RS,753
CTA-PA,2026-10-01,50.97,0.73,LOOSE,NO_EDGE,NONE,100.0,99.6,100.0,99.6,False,False,96.03,False,53.0,49.44,4.75,1.3,10.01,-3.32,-3.37,-2.97,3.06,3.06,999,44220.11,53.0,-3.83,54.79,-6.97,-6.57,53.0,False,NOT_COMPRESSED|LOW_LIQUIDITY|WEAK_RS,753
LQDA,2026-10-01,27.99,0.71,LOOSE,RANGE_EXIT_CONFIRMED,DOWN_EXPANSION_CONFIRMED,99.6,100.0,96.83,100.0,False,False,100.0,False,74.74,29.86,1.613,23.2,187.32,-59.83,-64.78,-61.75,20.82,20.82,0,140804858.62,74.74,-62.55,93.61,-70.1,-67.37,0.0,False,NOT_COMPRESSED|ALREADY_EXPANDING|POST_GAP_COIL|BELOW_SMA50|NOT_NEAR_UNBROKEN_PIVOT|WEAK_RS,753
DUK-PA,2026-10-01,21.78,0.44,LOOSE,NO_EDGE,NONE,100.0,100.0,99.6,98.02,False,False,99.6,False,23.0599,21.2,1.797,1.71,12.03,-7.83,-10.04,-7.25,0.83,0.83,999,3603972.75,23.86,-8.72,24.7396,-11.96,-13.46,33.0,False,NOT_COMPRESSED|BELOW_SMA50|NOT_NEAR_UNBROKEN_PIVOT|LOW_LIQUIDITY|WEAK_RS,753
JPM-PD,2026-10-01,21.7,0.38,LOOSE,NO_EDGE,NONE,98.41,100.0,100.0,99.6,False,False,100.0,False,22.92,21.4,0.811,1.38,7.24,-4.91,-7.99,-5.62,0.93,0.93,999,6336818.62,22.97,-5.53,24.1645,-10.2,-11.05,40.0,False,NOT_COMPRESSED|BELOW_SMA50|NOT_NEAR_UNBROKEN_PIVOT|WEAK_RS,753
NMZ,2026-10-01,8.9,0.38,LOOSE,NO_EDGE,NONE,99.6,100.0,100.0,99.21,False,False,98.81,False,9.61,8.7,1.211,1.83,12.82,-8.45,-13.3,-8.69,1.02,1.02,999,12395959.1,9.8409,-9.56,10.373,-14.2,-16.63,25.0,False,NOT_COMPRESSED|BELOW_SMA50|NOT_NEAR_UNBROKEN_PIVOT|WEAK_RS,753
FICO,2026-10-01,661.75,0.34,LOOSE,NO_EDGE,NONE,100.0,99.21,100.0,99.6,False,False,99.21,False,990.84,586.05,2.621,8.83,85.35,-39.81,-47.73,-36.33,20.55,20.55,2,698689439.2,1150.84,-42.5,1410.17,-53.07,-50.76,1.0,False,NOT_COMPRESSED|POST_GAP_COIL|BELOW_SMA50|NOT_NEAR_UNBROKEN_PIVOT|WEAK_RS,753
BAC-PK,2026-10-01,21.35,0.32,LOOSE,NO_EDGE,NONE,98.41,100.0,100.0,100.0,False,False,100.0,False,22.6682,21.1937,1.032,1.5,10.6,-7.26,-10.51,-6.94,0.71,0.71,999,3088282.47,23.2973,-8.36,24.2379,-11.91,-13.25,34.0,False,NOT_COMPRESSED|BELOW_SMA50|NOT_NEAR_UNBROKEN_PIVOT|LOW_LIQUIDITY|WEAK_RS,753
KEY-PK,2026-10-01,19.06,0.2,LOOSE,NO_EDGE,NONE,99.6,100.0,100.0,100.0,False,False,99.21,False,20.55,18.86,0.739,1.85,9.6,-5.78,-5.66,-6.37,1.03,1.03,999,886379.85,20.64,-7.66,21.3236,-10.62,-8.9,46.0,False,NOT_COMPRESSED|BELOW_SMA50|NOT_NEAR_UNBROKEN_PIVOT|LOW_LIQUIDITY|WEAK_RS,753
JPM-PC,2026-10-01,23.01,0.2,LOOSE,NO_EDGE,NONE,100.0,100.0,99.6,99.21,False,False,100.0,False,24.04,22.67,1.589,1.15,8.6,-5.77,-7.57,-5.5,0.63,0.63,999,6715129.54,24.55,-6.27,25.1795,-8.62,-10.62,42.0,False,NOT_COMPRESSED|BELOW_SMA50|NOT_NEAR_UNBROKEN_PIVOT|WEAK_RS,753
STC,2026-10-01,50.66,0.14,LOOSE,NO_EDGE,NONE,100.0,99.6,100.0,100.0,False,False,99.6,False,66.46,49.4,1.346,4.27,42.42,-24.95,-24.15,-22.72,1.49,8.25,999,19217328.78,70.2289,-27.86,73.1249,-30.72,-27.67,9.0,False,NOT_COMPRESSED|BELOW_SMA50|NOT_NEAR_UNBROKEN_PIVOT|WEAK_RS,753
AXS-PE,2026-10-01,17.39,0.06,LOOSE,NO_EDGE,NONE,100.0,100.0,100.0,99.6,False,False,100.0,False,18.0142,17.1,1.816,1.52,7.93,-2.99,-5.72,-3.81,1.06,1.06,999,1080933.79,18.2888,-4.91,19.1571,-9.22,-8.81,47.0,False,NOT_COMPRESSED|BELOW_SMA50|LOW_LIQUIDITY|WEAK_RS,753
HIG-PG,2026-10-01,21.9,0.06,LOOSE,NO_EDGE,NONE,100.0,100.0,100.0,100.0,False,False,99.6,False,23.35,21.46,1.404,1.76,13.06,-8.18,-9.94,-8.12,0.83,0.83,999,709275.96,24.3,-9.88,24.755,-11.53,-13.35,34.0,False,NOT_COMPRESSED|BELOW_SMA50|NOT_NEAR_UNBROKEN_PIVOT|LOW_LIQUIDITY|WEAK_RS,753
MS-PF,2026-10-01,24.42,0.0,LOOSE,NO_EDGE,NONE,100.0,100.0,100.0,100.0,False,False,100.0,False,25.0019,24.3742,1.295,0.56,2.63,-1.71,-1.05,-1.5,0.32,0.32,999,2915900.3,25.0019,-2.33,24.8948,-1.91,-4.04,60.0,False,NOT_COMPRESSED|LOW_LIQUIDITY|WEAK_RS,753
DNP,2026-10-01,9.3,0.0,LOOSE,RANGE_EXIT_CONFIRMED,DOWN_EXPANSION_CONFIRMED,100.0,100.0,100.0,100.0,False,False,100.0,False,10.212,9.56,2.013,1.89,16.86,-13.4,-13.24,-11.36,0.98,0.98,999,9643292.83,10.7981,-13.87,10.9548,-15.11,-15.43,28.0,False,NOT_COMPRESSED|ALREADY_EXPANDING|BELOW_SMA50|NOT_NEAR_UNBROKEN_PIVOT|WEAK_RS,753
CTVA,2026-10-01,12.57,0.0,LOOSE,RANGE_EXIT_CONFIRMED,DOWN_EXPANSION_CONFIRMED,100.0,100.0,100.0,100.0,False,False,100.0,False,82.81,76.5,33.406,54.06,628.72,-86.03,-85.21,-84.35,81.4,81.4,0,410981360.85,90.87,-86.17,90.7765,-86.15,-88.15,0.0,False,NOT_COMPRESSED|ALREADY_EXPANDING|POST_GAP_COIL|BELOW_SMA50|NOT_NEAR_UNBROKEN_PIVOT|WEAK_RS,753
