symbol,as_of,close,score,state,edge_context,expansion_signal,hv20_pctile,atr14_pctile,bb_width_pctile,sma_spread_pctile,tr_contraction,volume_contraction,coil_width_pctile,nr7,prior_10d_high,prior_10d_low,latest_tr_vs_prev5_median,atr14_current_pct,range_20d_pct,return_20d_pct,return_60d_pct,sma50_distance_pct,max_abs_gap_20d_pct,max_abs_gap_60d_pct,days_since_10pct_gap,avg_dollar_volume_20d,prebreakout_pivot,distance_to_pivot_pct,prior_structure_high,distance_above_prior_structure_pct,rs_63d_vs_spy_pct,rs_percentile,prebreakout_eligible,rejection_reasons,bars
ROKU,2026-09-29,152.14,92.6,COILED,NEAR_LOWER_EDGE,NONE,6.35,0.4,4.76,15.08,True,True,5.56,False,157.44,151.654,0.847,1.22,4.77,-3.05,6.95,-0.33,0.87,1.25,156,335191257.75,158.85,-4.22,159.89,-4.85,7.62,80.0,True,,751
BIO,2026-09-29,379.55,89.66,COILED,INSIDE_COIL,NONE,5.95,3.57,0.4,1.19,False,False,1.19,True,389.38,366.28,0.629,2.61,7.54,-1.7,28.6,4.83,1.82,3.78,92,102724760.01,394.29,-3.74,396.23,-4.21,26.75,93.0,True,,751
AI,2026-09-30,10.99,88.26,COILED,NEAR_UPPER_EDGE,NONE,13.1,5.16,2.78,1.98,False,True,1.59,False,11.12,10.2,1.6,4.52,11.97,6.29,23.07,8.65,2.49,3.23,149,55599360.05,11.375,-3.38,11.82,-7.02,14.03,86.0,True,,752
HGTY,2026-09-29,13.55,87.92,COILED,INSIDE_COIL,NONE,5.56,15.87,1.19,0.79,False,True,16.27,True,14.17,13.18,0.548,3.2,15.94,1.88,10.61,4.2,8.6,8.6,999,9089141.71,14.17,-4.38,13.97,-3.01,11.16,84.0,True,,751
IFF,2026-09-29,85.25,87.68,COILED,NEAR_UPPER_EDGE,NONE,0.4,5.16,0.4,3.57,False,False,3.97,False,86.68,82.5194,0.917,2.02,6.21,-0.78,3.48,2.5,1.64,3.63,100,143027687.64,87.6452,-2.73,88.8992,-4.1,5.6,78.0,True,,751
MMSI,2026-09-29,87.87,87.62,COILED,NEAR_UPPER_EDGE,NONE,5.16,3.17,14.29,11.11,True,False,7.94,False,88.14,84.12,1.488,2.13,9.17,-3.08,22.98,1.54,1.35,5.15,999,54337933.82,92.18,-4.68,92.26,-4.76,24.21,92.0,True,,751
BWIN,2026-09-29,31.78,87.62,COILED,NEAR_LOWER_EDGE,NONE,13.1,0.4,25.0,17.46,True,True,0.4,False,32.705,31.7,1.091,2.23,15.62,3.01,17.31,5.71,7.39,7.39,69,158805654.4,32.705,-2.83,32.59,-2.49,17.05,89.0,True,,751
SEPN,2026-09-29,39.13,86.25,COILED,INSIDE_COIL,NONE,5.16,4.37,1.19,7.14,False,False,3.57,False,41.09,36.98,0.537,5.02,12.98,2.57,16.91,0.82,2.45,2.96,345,13076716.86,41.09,-4.77,51.1,-23.42,14.32,87.0,True,,482
GABC,2026-09-29,48.82,85.56,COILED,NEAR_LOWER_EDGE,NONE,1.98,7.94,3.97,10.32,False,False,0.79,False,50.09,48.19,1.458,1.83,4.75,-1.01,3.46,-1.78,0.94,1.88,999,6652035.75,50.51,-3.35,51.9094,-5.95,0.98,70.0,True,,751
NATL,2026-09-29,45.44,84.42,COILED,NEAR_LOWER_EDGE,NONE,11.9,3.97,2.78,5.56,False,False,6.75,False,46.595,45.29,1.037,1.29,3.39,-1.05,1.07,-2.18,0.84,2.13,999,34616999.52,46.82,-2.95,48.2,-5.73,2.16,72.0,True,,744
SRCE,2026-09-29,84.91,84.35,COILED,NEAR_LOWER_EDGE,NONE,5.16,0.79,7.14,19.84,False,False,0.4,False,88.14,84.29,1.355,1.62,4.83,-0.84,3.62,-2.15,0.95,3.17,999,8504467.43,88.14,-3.66,91.24,-6.94,2.09,72.0,True,,751
NEU,2026-09-29,904.63,84.15,COILED,NEAR_UPPER_EDGE,NONE,0.79,7.14,4.37,19.44,False,False,3.17,False,918.63,865.15,1.218,2.53,9.73,1.12,13.92,2.45,2.91,5.63,999,106152995.6,918.63,-1.52,978.3154,-7.53,12.21,85.0,True,,751
KO,2026-09-29,86.84,84.06,COILED,NEAR_LOWER_EDGE,NONE,6.75,19.05,4.37,3.17,False,False,9.52,True,89.36,86.89,0.567,1.4,3.76,-1.48,5.3,-0.51,1.94,5.03,999,1356748528.15,89.824,-3.32,91.9414,-5.55,4.98,77.0,True,,751
ORIC,2026-09-30,13.47,83.41,COILED,INSIDE_COIL,NONE,4.76,4.76,4.37,17.06,False,False,8.33,False,14.0,12.17,1.097,5.3,16.78,4.5,23.81,4.42,3.26,3.26,83,19555147.8,14.0,-3.79,14.68,-8.24,21.18,91.0,True,,752
NHC,2026-09-29,223.49,82.9,COILED,INSIDE_COIL,NONE,2.38,28.17,0.79,2.38,False,False,3.17,False,229.4023,219.0633,1.204,2.88,6.72,3.52,3.1,0.08,1.42,4.78,999,23977112.49,229.4023,-2.58,238.5748,-6.32,3.54,75.0,True,,751
JOE,2026-09-29,66.01,82.6,COILED,NEAR_UPPER_EDGE,NONE,21.03,5.56,6.75,10.71,False,False,7.54,True,66.65,63.15,0.444,2.32,5.94,-0.14,8.97,0.76,1.82,3.36,999,19328092.2,67.38,-2.03,72.2023,-8.58,3.13,74.0,True,,751
CLH,2026-09-29,311.68,82.46,COILED,NEAR_LOWER_EDGE,NONE,0.79,5.16,3.17,18.25,False,False,19.84,False,325.47,309.81,0.773,1.9,5.21,-1.13,5.81,-0.86,1.03,8.99,229,120127200.31,325.92,-4.37,335.94,-7.22,1.81,71.0,True,,751
ONC,2026-09-29,365.27,82.42,COILED,NEAR_UPPER_EDGE,NONE,6.75,2.38,7.94,19.44,False,False,8.33,False,368.28,342.88,1.213,2.49,9.18,1.58,18.03,4.08,2.73,4.75,638,140492883.83,370.48,-1.41,380.0,-3.88,25.66,93.0,True,,751
ENSG,2026-09-29,175.465,81.11,COILED,NEAR_UPPER_EDGE,NONE,15.48,13.89,4.37,13.1,False,False,1.19,False,178.9137,171.9263,1.048,2.11,6.66,1.9,5.21,-0.59,1.33,5.14,999,61561416.13,178.9137,-1.93,206.6385,-15.09,6.98,79.0,True,,751
VLTO,2026-09-29,96.65,80.54,COILED,NEAR_UPPER_EDGE,NONE,19.84,15.87,2.38,5.56,False,False,6.75,False,97.575,93.975,1.003,1.76,6.74,-1.95,4.51,0.32,1.88,3.1,999,165228745.06,99.43,-2.8,102.25,-5.48,6.47,79.0,True,,749
EG,2026-09-29,368.81,79.96,COILED,NEAR_LOWER_EDGE,NONE,19.05,7.14,9.52,15.87,False,True,23.41,False,383.04,366.49,0.956,1.92,6.57,-1.02,-0.57,-1.14,1.68,3.87,999,158052271.76,385.9316,-4.44,398.9011,-7.54,1.29,71.0,True,,751
V,2026-09-29,365.88,79.08,COILED,NEAR_LOWER_EDGE,NONE,11.9,5.56,11.11,28.57,False,False,19.44,True,376.47,359.8,0.515,1.57,6.12,-3.56,2.61,-0.6,1.25,2.62,999,2240552716.36,382.48,-4.34,385.57,-5.11,4.32,76.0,True,,751
EXEL,2026-09-29,58.65,78.75,COILED,NEAR_UPPER_EDGE,NONE,28.97,17.06,5.16,3.97,False,False,2.78,False,59.15,54.95,1.135,2.73,8.82,7.34,5.62,5.34,1.17,6.67,294,125553752.2,59.72,-1.79,57.57,1.88,5.28,77.0,True,,751
HNGE,2026-09-29,95.21,78.65,COILED,NEAR_UPPER_EDGE,NONE,12.3,28.17,3.17,9.13,False,False,8.33,False,96.66,89.75,1.688,4.53,12.25,2.86,7.56,8.86,2.53,3.73,158,173849119.69,96.66,-1.5,95.57,-0.38,12.19,85.0,True,,340
PM,2026-09-29,193.9,78.41,COILED,NEAR_UPPER_EDGE,NONE,1.98,24.21,11.51,20.63,False,False,6.35,False,195.49,185.84,0.695,2.24,7.47,3.52,4.95,1.99,2.16,2.64,412,836099498.47,195.49,-0.81,207.76,-6.67,4.66,76.0,True,,751
TMP,2026-09-29,96.96,77.88,COILED,NEAR_LOWER_EDGE,NONE,14.29,31.35,3.97,3.97,False,False,10.71,False,101.0,95.93,1.388,2.36,6.4,-0.16,3.17,-1.33,1.13,4.89,999,11997779.99,101.0,-4.0,102.59,-5.49,0.79,70.0,True,,751
GGG,2026-09-29,78.1,77.68,COILED,NEAR_UPPER_EDGE,NONE,4.37,11.51,11.51,33.33,False,False,12.3,False,78.72,75.68,0.819,1.74,4.71,0.87,3.62,-1.34,1.46,2.91,999,124032644.45,79.45,-1.7,88.5183,-11.77,1.19,70.0,True,,751
KT,2026-09-29,19.27,77.58,COILED,NEAR_LOWER_EDGE,NONE,8.73,29.37,4.37,13.49,False,False,12.7,False,19.95,19.05,0.966,1.85,5.6,-2.08,9.24,1.01,1.42,2.16,999,22977934.39,20.13,-4.27,23.01,-16.25,9.0,82.0,True,,751
NVDA,2026-09-29,227.21,77.56,COILED,INSIDE_COIL,NONE,5.16,3.97,17.06,24.21,False,False,23.81,False,233.21,211.16,1.31,2.64,11.25,3.03,16.32,4.8,3.23,6.3,420,25014110235.05,234.4976,-3.11,236.0006,-3.72,11.16,84.0,True,,751
PK,2026-09-29,15.32,77.44,COILED,INSIDE_COIL,NONE,3.17,5.56,4.37,21.03,False,False,45.24,False,15.6496,14.3853,0.632,2.57,8.25,1.76,8.88,2.35,1.5,2.02,999,51015576.57,15.6496,-2.11,15.9399,-3.89,6.75,79.0,True,,751
MAIN,2026-09-29,55.94,76.94,COILED,INSIDE_COIL,NONE,7.94,3.57,12.7,34.52,False,False,20.24,False,57.4218,54.37,2.411,1.68,7.46,-4.11,9.11,-0.47,1.23,1.23,999,25709315.0,58.6926,-4.69,59.0193,-5.22,7.46,80.0,True,,751
ABBV,2026-09-29,263.29,76.79,COILED,INSIDE_COIL,NONE,3.97,9.13,25.0,36.9,False,False,0.4,False,269.39,257.8,1.7,2.02,8.59,2.68,4.08,2.26,1.8,2.3,470,1073411557.16,269.39,-2.26,267.47,-1.56,2.86,74.0,True,,751
RGA,2026-09-29,252.94,76.76,COILED,NEAR_UPPER_EDGE,NONE,16.27,9.92,14.29,13.49,False,False,34.13,True,255.87,241.84,0.677,1.88,6.31,2.8,13.33,3.58,1.15,4.43,999,84810453.01,257.81,-1.89,250.004,1.17,16.9,89.0,True,,751
ARCC,2026-09-29,19.36,76.73,COILED,INSIDE_COIL,NONE,11.11,4.37,8.33,22.22,False,False,34.52,False,19.83,18.95,1.667,1.32,4.55,-1.14,6.9,1.02,0.7,0.7,999,89581672.52,19.83,-2.37,19.7396,-1.92,4.56,76.0,True,,751
GRND,2026-09-29,16.12,76.67,COILED,NEAR_UPPER_EDGE,NONE,38.49,10.71,9.13,8.33,False,False,2.78,False,16.298,15.15,1.173,3.3,9.91,4.13,1.26,1.56,2.74,7.9,232,20408581.14,16.298,-1.09,18.5,-12.86,9.66,83.0,True,,751
ULTA,2026-09-29,547.89,76.61,COILED,INSIDE_COIL,NONE,26.59,44.84,0.4,1.59,False,True,11.9,False,566.1,529.01,0.848,2.93,7.41,2.01,21.08,3.18,1.78,1.97,334,295662309.96,568.44,-3.62,578.63,-5.31,18.97,90.0,True,,751
MET,2026-09-29,95.2,76.45,COILED,NEAR_LOWER_EDGE,NONE,25.0,34.13,2.38,1.19,False,False,7.14,False,98.54,95.01,0.749,1.99,5.61,0.03,5.89,-1.08,1.26,2.37,999,298671274.29,99.25,-4.08,100.93,-5.68,10.7,84.0,True,,751
KOF,2026-09-29,108.49,76.45,COILED,NEAR_LOWER_EDGE,NONE,10.71,13.49,1.98,33.73,False,True,41.67,False,114.13,108.09,0.893,2.12,6.34,-2.4,1.47,-1.43,1.48,1.48,999,13573316.83,114.13,-4.94,117.09,-7.34,0.71,70.0,True,,751
BXSL,2026-09-29,23.86,76.35,COILED,NEAR_LOWER_EDGE,NONE,12.3,1.59,6.75,28.97,False,False,34.52,False,24.7222,23.4725,1.246,1.58,5.36,-1.52,6.12,1.27,0.68,2.36,999,30217181.81,24.7222,-3.49,24.3153,-1.87,1.36,71.0,True,,751
NMM,2026-09-29,90.99,76.29,COILED,INSIDE_COIL,NONE,15.48,24.21,1.98,6.35,False,False,42.86,True,95.0,87.25,0.561,2.54,8.52,3.01,21.66,6.54,2.05,3.47,999,16234234.52,95.0,-4.22,91.96,-1.05,27.44,93.0,True,,751
MSM,2026-09-29,124.55,75.97,COILED,NEAR_UPPER_EDGE,NONE,7.54,16.27,15.08,36.9,False,False,4.76,False,124.68,118.28,1.048,2.43,7.39,4.77,3.57,2.22,1.83,2.88,999,86987517.11,124.68,-0.1,130.46,-4.53,2.96,74.0,True,,751
MRK,2026-09-29,149.28,75.71,COILED,INSIDE_COIL,NONE,3.57,32.14,8.33,6.35,False,False,30.16,False,153.57,142.32,1.199,2.39,7.54,1.63,18.44,6.12,1.73,8.71,414,1432555378.33,153.57,-2.79,155.9992,-4.31,14.34,87.0,True,,751
ING,2026-09-29,36.08,75.56,COILED,NEAR_LOWER_EDGE,NONE,28.17,32.94,2.78,7.54,False,False,3.57,False,37.09,35.75,1.271,1.61,6.57,2.15,10.89,2.02,2.7,6.12,999,67893271.07,37.52,-3.84,35.98,0.28,13.96,86.0,True,,751
SCL,2026-09-30,62.38,75.49,COILED,INSIDE_COIL,NONE,33.33,12.3,11.9,14.68,False,False,18.65,True,65.13,60.84,0.782,2.56,8.27,1.51,11.09,-0.28,1.29,8.1,999,9992844.26,65.13,-4.22,66.3289,-5.95,9.97,83.0,True,,752
AAMI,2026-09-29,92.48,75.12,COILED,INSIDE_COIL,NONE,24.21,35.71,2.38,10.71,False,True,25.4,False,95.89,85.6,1.836,3.45,11.13,-1.72,16.97,2.44,2.21,2.8,999,44203797.52,96.0855,-3.75,98.413,-6.03,26.93,93.0,True,,751
MMM,2026-09-29,168.49,74.5,COMPRESSED,NEAR_UPPER_EDGE,NONE,22.22,11.11,11.11,22.62,False,False,21.43,False,170.75,160.68,1.162,2.02,7.22,-1.94,6.33,-2.85,1.51,6.27,999,495469736.24,173.65,-2.97,184.0941,-8.48,2.0,72.0,True,,751
TSLX,2026-09-30,18.02,74.44,COMPRESSED,NEAR_LOWER_EDGE,NONE,13.1,24.21,15.48,23.81,False,False,9.52,False,18.55,17.74,1.171,2.0,7.19,-0.03,7.74,0.82,1.32,2.28,999,7510148.62,18.5725,-2.97,18.9398,-4.86,3.85,75.0,True,,752
EMBJ,2026-09-29,76.87,74.32,COMPRESSED,INSIDE_COIL,NONE,0.79,25.79,18.65,40.87,False,False,16.67,True,78.7,72.6538,0.444,2.92,9.84,7.65,14.57,5.21,2.73,8.0,999,90528381.32,78.7,-2.33,79.5889,-3.42,18.65,90.0,True,,751
LQDT,2026-09-30,42.83,74.11,COMPRESSED,NEAR_LOWER_EDGE,NONE,12.7,4.76,33.73,35.71,False,False,1.98,False,43.98,42.1,1.083,2.58,11.56,8.9,12.62,3.14,1.23,6.55,214,9626442.6,43.98,-2.61,44.09,-2.86,8.16,81.0,True,,752
TBBB,2026-09-29,52.4,73.95,COMPRESSED,INSIDE_COIL,NONE,6.75,2.78,21.03,53.17,False,False,13.1,False,54.0,50.09,1.021,3.11,11.26,7.89,25.0,10.88,1.03,8.16,999,33083129.58,54.0,-2.96,51.62,1.51,23.23,92.0,True,,661
GMAB,2026-09-29,35.57,73.89,COMPRESSED,NEAR_UPPER_EDGE,NONE,11.51,7.94,28.97,42.46,False,False,0.4,False,35.7,32.34,0.811,2.26,9.81,7.27,26.99,10.13,2.25,5.4,999,74898798.27,35.7,-0.36,34.47,3.19,26.97,93.0,True,,751
BBVA,2026-09-29,28.64,73.41,COMPRESSED,NEAR_UPPER_EDGE,NONE,26.98,26.19,11.9,12.7,False,False,11.11,False,29.05,27.94,0.98,1.84,5.94,-1.1,9.56,1.11,2.06,6.31,999,36405749.56,29.64,-3.37,29.32,-2.32,11.77,84.0,True,,751
VAC,2026-09-29,104.68,73.14,COMPRESSED,INSIDE_COIL,NONE,42.06,34.92,2.38,7.54,False,True,19.05,False,107.05,96.8,1.321,4.02,10.53,1.2,7.81,-0.71,2.27,8.88,148,49830944.41,109.7947,-4.66,130.3012,-19.66,1.05,70.0,True,,751
HMC,2026-09-29,32.09,72.92,COMPRESSED,NEAR_LOWER_EDGE,NONE,41.27,38.49,1.19,2.38,False,False,3.57,False,33.1,31.97,0.82,1.88,6.42,0.41,8.3,2.05,3.43,4.68,298,26460637.6,33.11,-3.08,33.45,-4.07,15.85,88.0,True,,751
CHE,2026-09-29,512.05,72.79,COMPRESSED,NEAR_UPPER_EDGE,NONE,5.95,45.24,15.08,26.19,False,False,13.49,True,519.05,491.88,0.897,2.56,8.26,-1.28,6.71,-2.1,1.51,1.9,108,77885854.15,534.17,-4.14,556.2683,-7.95,7.57,80.0,True,,751
PLUS,2026-09-29,89.82,72.35,COMPRESSED,INSIDE_COIL,NONE,34.92,13.49,31.35,5.56,False,True,25.79,False,94.32,87.87,0.808,2.86,9.19,2.1,8.13,0.22,1.32,1.66,412,20953221.53,94.32,-4.77,97.8328,-8.19,5.74,78.0,True,,751
ALLE,2026-09-29,155.43,72.24,COMPRESSED,NEAR_UPPER_EDGE,NONE,33.73,32.14,10.71,13.1,False,False,3.17,False,155.91,151.15,0.845,2.09,5.05,0.47,11.3,-1.15,1.45,8.3,359,166993866.01,158.0088,-1.63,170.2652,-8.71,8.51,82.0,True,,751
VRNS,2026-09-29,47.11,72.07,COMPRESSED,INSIDE_COIL,NONE,46.43,25.4,13.49,15.48,False,True,10.32,False,48.79,44.62,1.287,4.27,16.77,7.63,3.15,5.8,2.66,4.45,105,97748918.25,48.79,-3.44,49.54,-4.91,9.76,83.0,True,,751
SBH,2026-09-30,16.42,71.79,COMPRESSED,INSIDE_COIL,NONE,9.13,3.17,18.65,45.63,False,False,34.52,False,17.27,15.46,0.907,3.41,11.02,0.31,14.43,1.53,1.86,2.63,290,20738699.0,17.27,-4.92,17.29,-5.03,12.96,85.0,True,,752
ELPC,2026-09-29,12.18,71.25,COMPRESSED,NEAR_LOWER_EDGE,NONE,26.19,19.44,15.08,28.57,False,False,15.48,False,12.74,11.97,0.815,2.38,10.47,6.19,4.91,4.05,3.29,3.82,999,5901279.7,12.795,-4.81,13.4948,-9.74,2.03,72.0,True,,689
DIS,2026-09-29,105.41,71.13,COMPRESSED,INSIDE_COIL,NONE,34.52,22.62,13.89,9.92,False,False,34.52,True,108.34,102.37,0.544,1.98,6.69,-1.99,8.21,1.53,0.97,3.88,350,878067901.46,109.42,-3.66,111.87,-5.77,7.0,80.0,True,,751
FAST,2026-09-29,49.96,70.91,COMPRESSED,INSIDE_COIL,NONE,6.75,13.1,13.1,53.97,False,False,29.37,False,51.41,48.53,1.101,1.96,7.53,1.32,3.98,0.77,1.22,1.81,999,337449107.14,51.41,-2.82,52.92,-5.59,2.07,72.0,True,,751
GILD,2026-09-29,151.28,70.65,COMPRESSED,NEAR_UPPER_EDGE,NONE,5.56,16.27,36.51,41.27,False,False,9.92,False,154.2,142.94,1.133,2.36,7.6,3.96,17.38,6.85,2.66,2.66,999,877957673.67,154.2,-1.89,148.782,1.68,17.9,90.0,True,,751
MFC,2026-09-29,43.42,69.17,COMPRESSED,NEAR_LOWER_EDGE,NONE,62.3,20.63,10.32,12.7,False,True,21.83,False,44.88,43.27,0.78,1.61,6.84,2.38,5.86,-0.26,0.87,2.99,999,75444873.11,44.88,-3.25,44.9543,-3.41,5.56,78.0,True,,751
GH,2026-09-29,177.73,68.41,COMPRESSED,INSIDE_COIL,NONE,13.49,13.1,51.59,39.29,False,False,0.4,False,183.51,167.0,1.163,4.29,16.6,11.77,5.28,8.52,2.91,6.66,228,316454264.8,183.51,-3.15,176.58,0.65,15.95,88.0,True,,751
AVPT,2026-09-29,13.57,68.35,COMPRESSED,INSIDE_COIL,NONE,45.24,38.1,6.75,1.19,False,False,23.02,False,13.925,12.64,1.984,3.63,9.73,-2.51,12.66,2.85,2.25,4.97,397,25759762.45,14.05,-3.42,14.385,-5.67,18.54,90.0,True,,751
MTN,2026-09-29,141.29,68.33,COMPRESSED,NEAR_UPPER_EDGE,NONE,31.75,36.9,15.87,21.03,False,False,10.71,False,142.86,135.0,2.457,3.34,9.8,3.2,-0.58,-1.87,1.96,5.59,336,142475786.62,142.86,-1.1,160.49,-11.96,1.26,71.0,True,,751
USPH,2026-09-30,85.73,68.19,COMPRESSED,NEAR_UPPER_EDGE,NONE,0.79,0.4,57.14,69.05,False,False,11.9,True,87.37,79.01,0.714,2.75,12.77,10.26,20.11,7.78,1.79,2.74,999,14402234.66,87.37,-1.88,82.938,3.37,18.42,90.0,True,,752
PFE,2026-09-29,28.72,67.2,COMPRESSED,NEAR_UPPER_EDGE,NONE,3.97,1.19,47.22,45.24,False,False,36.9,False,28.87,27.25,0.98,1.75,6.82,0.91,23.2,5.94,1.51,1.51,999,923138070.16,29.21,-1.68,28.58,0.49,18.84,90.0,True,,751
JNJ,2026-09-29,267.57,66.87,COMPRESSED,INSIDE_COIL,NONE,33.33,68.65,9.52,1.19,False,False,4.37,False,275.23,260.68,1.257,1.94,7.62,0.65,3.69,0.94,2.04,2.45,999,1701030502.51,281.07,-4.8,275.1132,-2.74,3.36,75.0,True,,751
WAB,2026-09-29,291.23,66.72,COMPRESSED,NEAR_UPPER_EDGE,NONE,1.59,13.49,27.38,56.35,False,False,55.56,True,293.95,273.01,0.562,2.03,7.19,1.85,11.57,0.34,1.81,4.77,999,221487207.91,293.95,-0.93,306.3238,-4.93,5.62,78.0,True,,751
TAK,2026-09-29,18.51,66.49,COMPRESSED,NEAR_LOWER_EDGE,NONE,32.94,49.6,12.7,18.25,False,False,11.51,False,19.1,18.51,1.767,1.65,5.4,2.95,9.59,3.03,2.04,4.0,999,43281067.73,19.1,-3.09,18.9,-2.06,12.95,85.0,True,,751
JOYY,2026-09-29,79.05,65.99,COMPRESSED,NEAR_UPPER_EDGE,NONE,2.78,1.59,70.63,69.84,False,False,3.57,True,79.6973,75.0583,0.58,2.32,9.91,7.98,16.22,6.92,2.86,3.5,87,28268614.87,79.6973,-0.81,79.3442,-0.37,19.62,91.0,True,,751
RDVT,2026-09-30,79.01,65.95,COMPRESSED,NEAR_UPPER_EDGE,NONE,28.97,10.32,20.24,47.62,False,False,33.33,False,80.39,72.44,0.835,3.56,12.25,4.57,17.5,10.28,2.41,6.28,999,15893685.21,80.39,-1.72,74.825,5.59,18.13,90.0,True,,752
FRHC,2026-09-29,169.98,65.5,COMPRESSED,INSIDE_COIL,NONE,25.4,17.46,21.03,46.43,False,False,31.75,False,178.0,161.53,1.452,3.57,10.22,-2.87,13.13,5.39,1.93,2.15,999,13092345.45,178.0,-4.51,176.19,-3.52,27.77,93.0,True,,751
WAT,2026-09-29,443.26,65.39,COMPRESSED,NEAR_UPPER_EDGE,NONE,15.08,18.25,42.86,58.33,False,False,17.46,True,445.48,411.89,0.636,2.65,11.85,6.9,16.99,8.96,1.79,3.23,101,286581443.16,445.48,-0.5,426.22,4.0,15.67,88.0,True,,751
NWG,2026-09-29,18.26,65.38,COMPRESSED,NEAR_LOWER_EDGE,NONE,23.81,43.65,8.33,33.33,False,False,29.76,False,19.06,17.91,0.784,2.02,6.3,0.33,1.09,-1.35,2.44,4.04,731,58517824.39,19.06,-4.2,19.21,-4.95,2.81,73.0,True,,751
BDX,2026-09-29,181.97,65.34,COMPRESSED,INSIDE_COIL,NONE,60.71,34.13,16.27,3.17,False,False,13.1,False,186.63,177.87,1.195,2.2,8.48,-2.69,17.68,2.29,1.62,3.06,999,327145039.22,190.6358,-4.55,191.9381,-5.19,18.44,90.0,True,,751
BIIB,2026-09-29,227.07,64.98,COMPRESSED,NEAR_UPPER_EDGE,NONE,13.49,1.59,38.89,73.81,False,False,21.03,False,230.49,213.54,0.961,2.5,9.49,4.81,8.93,6.13,2.44,4.16,999,219416034.15,230.49,-1.48,222.85,1.89,2.58,73.0,True,,751
WF,2026-09-29,79.68,64.94,COMPRESSED,NEAR_UPPER_EDGE,NONE,45.24,29.76,30.95,17.46,False,False,8.33,False,80.36,76.37,0.546,2.48,10.83,8.94,28.79,9.87,5.82,5.82,999,6426596.04,81.74,-2.52,75.65,5.33,36.3,95.0,True,,751
EXPD,2026-09-29,188.16,64.25,COMPRESSED,INSIDE_COIL,NONE,42.06,30.16,16.67,23.02,False,False,30.16,False,194.59,183.36,0.54,2.04,5.97,-0.79,13.55,2.14,0.99,2.2,999,185621893.71,194.59,-3.3,192.28,-2.14,12.93,85.0,True,,751
MFG,2026-09-29,11.0,63.79,COMPRESSED,NEAR_UPPER_EDGE,NONE,49.21,44.84,7.54,14.68,False,False,24.6,False,11.22,10.46,0.958,2.31,9.36,3.38,6.28,2.77,4.36,4.94,372,37354708.53,11.49,-4.26,11.06,-0.54,12.31,85.0,True,,751
KB,2026-09-29,127.9,62.96,COMPRESSED,INSIDE_COIL,NONE,46.43,32.94,12.7,32.94,False,False,24.6,False,131.85,123.01,0.561,2.39,8.04,2.49,12.28,4.07,4.69,5.57,999,19290743.21,133.29,-4.04,125.66,1.78,19.34,91.0,True,,751
BKE,2026-09-29,43.23,62.66,COMPRESSED,NEAR_UPPER_EDGE,NONE,14.29,9.92,53.57,32.54,False,False,46.03,False,43.34,39.44,1.021,2.45,10.55,1.48,4.13,0.26,1.69,2.03,999,21364179.25,44.0,-1.75,56.6295,-23.66,0.78,70.0,True,,751
SHG,2026-09-29,81.79,62.6,COMPRESSED,INSIDE_COIL,NONE,58.73,40.87,13.49,31.75,False,False,13.49,True,83.9,79.04,0.807,2.5,7.98,3.31,16.03,6.27,4.68,4.68,309,12915162.01,85.57,-4.42,80.06,2.16,26.8,93.0,True,,751
CNK,2026-09-29,38.24,62.08,COMPRESSED,INSIDE_COIL,NONE,1.19,5.16,35.32,62.3,False,False,68.25,False,39.07,33.7,0.606,3.1,14.04,7.39,27.99,6.32,1.74,4.61,999,82543527.44,39.07,-2.12,38.8862,-1.66,18.29,90.0,True,,751
CHCO,2026-09-29,139.88,62.02,COMPRESSED,NEAR_LOWER_EDGE,NONE,13.49,10.32,45.24,65.87,False,False,28.57,False,146.02,138.48,1.449,1.77,5.7,-2.15,4.35,-2.56,0.83,1.34,999,18515735.67,146.45,-4.49,148.99,-6.11,3.63,75.0,True,,751
LAUR,2026-09-29,38.38,61.71,COMPRESSED,NEAR_UPPER_EDGE,NONE,15.87,24.21,25.79,67.46,False,False,33.33,False,38.43,35.48,1.096,2.62,8.29,2.26,-3.06,3.11,1.32,3.34,217,36162264.63,38.9,-1.34,40.925,-6.22,3.16,74.0,True,,751
GEO,2026-09-29,30.96,60.89,COMPRESSED,INSIDE_COIL,NONE,45.63,65.08,13.89,2.78,False,False,38.49,True,32.39,29.19,0.554,4.35,10.34,-2.67,4.17,-0.88,1.86,1.86,100,74632680.79,32.56,-4.91,33.15,-6.61,2.26,73.0,True,,751
RVMD,2026-09-29,204.48,60.81,COMPRESSED,INSIDE_COIL,NONE,19.84,37.3,33.73,29.76,False,False,43.65,False,211.51,188.18,0.648,3.72,12.14,-0.53,7.63,1.66,1.33,2.19,106,403368474.8,213.0,-4.0,224.31,-8.84,6.67,79.0,True,,751
CRVL,2026-09-29,74.47,60.47,COMPRESSED,NEAR_UPPER_EDGE,NONE,13.89,1.19,67.86,76.59,False,False,23.02,True,75.19,69.15,0.719,2.49,13.44,8.12,16.56,11.18,1.64,1.72,999,15750040.58,75.19,-0.96,72.58,2.6,16.6,89.0,True,,751
AAPL,2026-09-29,329.4,60.4,COMPRESSED,NEAR_LOWER_EDGE,NONE,53.97,43.65,32.94,26.19,False,True,17.06,False,345.34,328.35,1.54,2.14,10.76,3.96,5.44,2.33,0.9,8.58,999,14025334721.51,345.34,-4.62,344.2731,-4.32,11.42,84.0,True,,751
DSGX,2026-09-29,79.47,60.26,COMPRESSED,INSIDE_COIL,NONE,56.75,41.67,27.38,18.65,False,False,11.9,False,81.25,75.57,0.693,3.62,14.13,-1.45,8.67,3.12,2.16,2.49,330,57995659.57,82.65,-3.85,81.92,-2.99,12.26,85.0,True,,751
CTAS,2026-09-29,197.74,60.06,COMPRESSED,NEAR_UPPER_EDGE,NONE,54.76,50.0,10.71,12.7,False,False,32.94,False,201.62,191.09,1.672,2.06,6.84,-2.01,11.23,-2.07,1.4,3.31,999,417893462.06,204.62,-3.36,218.6021,-9.54,14.05,86.0,True,,751
CBZ,2026-09-29,54.69,99.23,COILED,NEAR_UPPER_EDGE,NONE,0.4,0.4,0.4,3.17,True,True,0.4,True,54.75,54.58,0.5,0.47,0.95,0.37,54.67,2.73,0.78,16.81,43,62112799.1,54.92,-0.42,55.56,-1.57,67.96,99.0,False,POST_GAP_COIL|EXTENDED_60D_RUN|EVENT_PRICE_PEG,751
TWO-PB,2026-09-29,25.32,98.85,COILED,NEAR_UPPER_EDGE,NONE,0.4,0.4,0.79,5.16,True,True,0.4,True,25.32,25.26,0.0,0.09,0.47,0.52,1.77,0.67,0.12,0.56,999,777748.68,25.32,0.0,25.22,0.4,4.82,76.0,False,EVENT_PRICE_PEG|LOW_LIQUIDITY,751
TWO-PC,2026-09-29,25.39,98.47,COILED,NEAR_UPPER_EDGE,NONE,0.4,0.4,1.19,7.14,True,True,0.4,True,25.39,25.33,0.0,0.08,0.51,0.55,1.86,0.73,0.06,0.51,999,1402983.32,25.39,0.0,25.27,0.47,1.55,71.0,False,EVENT_PRICE_PEG|LOW_LIQUIDITY,751
TWO-PA,2026-09-29,25.3309,98.33,COILED,NEAR_UPPER_EDGE,NONE,0.4,0.4,0.4,8.73,True,True,0.79,True,25.337,25.29,0.0,0.08,0.46,0.44,1.72,0.64,0.04,0.82,999,277655.29,25.337,-0.02,25.23,0.4,3.46,75.0,False,EVENT_PRICE_PEG|LOW_LIQUIDITY,751
HL-PB,2026-09-29,72.0,98.27,COILED,NEAR_UPPER_EDGE,NONE,5.16,0.4,0.4,3.17,True,True,0.4,True,72.0,70.05,,0.73,4.05,-1.49,11.63,3.67,4.03,5.04,999,3761.32,73.0855,-1.49,76.6801,-6.1,9.78,83.0,False,LOW_LIQUIDITY,751
DV,2026-09-29,13.4,95.24,COILED,NEAR_UPPER_EDGE,NONE,4.76,0.4,3.57,1.19,True,True,5.56,False,13.51,13.36,1.0,0.66,2.46,0.0,14.82,4.56,1.79,12.98,36,48975815.68,13.65,-1.83,13.38,0.15,21.1,91.0,False,POST_GAP_COIL,751
PSNL,2026-09-30,16.28,94.46,COILED,INSIDE_COIL,NONE,0.4,0.4,0.4,0.79,False,True,1.19,True,16.77,15.96,0.846,3.29,8.81,-4.57,16.45,6.83,2.01,9.42,96,34651717.66,17.376,-6.31,18.89,-13.82,15.54,88.0,False,NOT_NEAR_UNBROKEN_PIVOT,752
BF-A,2026-09-29,26.85,94.03,COILED,NEAR_UPPER_EDGE,NONE,7.54,7.94,0.79,4.37,True,True,0.4,False,27.29,26.02,1.018,2.57,8.03,-0.61,2.32,-2.75,2.92,2.92,330,4890156.46,28.1749,-4.7,30.6193,-12.31,-3.56,58.0,False,LOW_LIQUIDITY|WEAK_RS,751
UTZ,2026-09-30,14.25,93.51,COILED,NEAR_UPPER_EDGE,NONE,1.19,0.4,5.16,9.52,True,False,4.76,True,14.2666,14.167,1.0,0.4,1.07,0.73,75.41,0.88,0.51,88.99,50,22502673.31,14.2666,-0.12,14.2069,0.3,72.25,99.0,False,POST_GAP_COIL|EXTENDED_60D_RUN|EVENT_PRICE_PEG,752
ITGR,2026-09-29,126.33,93.45,COILED,NEAR_UPPER_EDGE,NONE,1.59,0.4,2.78,2.78,True,False,1.19,False,126.54,126.1,0.813,0.39,1.21,0.86,35.26,4.21,0.27,3.21,153,107679745.68,126.8,-0.37,126.14,0.15,32.67,94.0,False,EXTENDED_60D_RUN|EVENT_PRICE_PEG,751
RBCAA,2026-09-29,92.38,92.68,COILED,NEAR_LOWER_EDGE,NONE,2.38,1.19,6.35,18.65,True,True,3.57,False,96.5677,92.0,1.492,1.98,7.24,-0.68,1.95,-3.17,1.12,1.54,999,11229541.36,98.6069,-6.31,101.6806,-9.15,0.18,68.0,False,BELOW_SMA50|NOT_NEAR_UNBROKEN_PIVOT|WEAK_RS,751
RNW,2026-09-29,6.85,92.64,COILED,NEAR_UPPER_EDGE,NONE,0.4,0.4,0.4,0.4,False,True,0.4,False,6.86,6.83,1.0,0.55,1.31,0.74,14.74,3.3,0.29,10.28,34,11500275.48,6.88,-0.44,6.85,0.0,7.08,80.0,False,POST_GAP_COIL|EVENT_PRICE_PEG,751
TPC,2026-09-29,84.4,92.54,COILED,INSIDE_COIL,NONE,4.37,3.17,3.97,18.65,True,True,2.38,False,88.01,82.35,1.315,3.43,10.0,-4.65,5.72,-4.26,3.51,12.15,37,36620095.47,90.79,-7.04,102.1996,-17.42,-0.69,66.0,False,POST_GAP_COIL|BELOW_SMA50|NOT_NEAR_UNBROKEN_PIVOT|WEAK_RS,751
ARX,2026-09-29,19.73,92.48,COILED,NEAR_UPPER_EDGE,NONE,3.97,0.4,0.79,2.78,True,False,7.14,False,19.88,19.51,1.167,0.98,1.98,0.0,48.91,13.41,0.51,44.09,32,37265267.57,19.9,-0.85,19.755,-0.13,65.83,99.0,False,POST_GAP_COIL|EXTENDED_60D_RUN|EXTENDED_FROM_SMA50,298
MAA-PI,2026-09-30,50.0,91.73,COILED,NEAR_UPPER_EDGE,NONE,1.19,1.19,0.4,2.78,False,True,1.98,False,50.595,49.91,4.196,0.72,1.59,0.18,-6.76,-2.09,1.09,4.72,999,177770.72,50.595,-1.18,54.4428,-8.16,-8.3,45.0,False,LOW_LIQUIDITY|WEAK_RS,752
HZO,2026-09-30,52.3,91.59,COILED,NEAR_UPPER_EDGE,NONE,5.95,0.4,4.76,3.17,True,False,4.76,False,52.56,52.23,2.0,0.6,0.92,0.35,46.95,9.46,0.27,45.43,36,43374603.02,52.56,-0.49,52.46,-0.3,43.78,97.0,False,POST_GAP_COIL|EXTENDED_60D_RUN|EVENT_PRICE_PEG,752
OKLO,2026-09-29,37.11,91.49,COILED,INSIDE_COIL,NONE,14.29,0.4,8.33,4.37,True,True,8.33,False,41.29,34.73,0.867,6.38,28.02,-8.53,-28.41,-9.66,3.82,4.98,180,384678032.58,44.78,-17.13,81.5,-54.47,-31.6,7.0,False,BELOW_SMA50|NOT_NEAR_UNBROKEN_PIVOT|WEAK_RS,751
ATKR,2026-09-29,94.73,91.45,COILED,RANGE_EXIT_CONFIRMED,UP_EXPANSION_CONFIRMED,5.95,0.4,6.35,5.95,True,False,0.79,False,94.715,94.32,1.5,0.46,1.3,1.11,34.94,5.01,0.27,28.02,40,78700231.31,94.715,0.02,93.96,0.82,22.5,92.0,False,ALREADY_EXPANDING|POST_GAP_COIL|EXTENDED_60D_RUN|EVENT_PRICE_PEG,751
TECH,2026-09-29,72.38,91.37,COILED,NEAR_UPPER_EDGE,NONE,2.38,0.4,6.75,7.14,True,False,4.37,False,72.69,72.21,0.938,0.29,0.84,0.1,2.17,0.26,0.21,0.29,66,223252399.66,72.69,-0.43,72.5397,-0.22,0.05,68.0,False,EVENT_PRICE_PEG|WEAK_RS,751
DD,2026-09-29,130.12,91.33,COILED,NEAR_UPPER_EDGE,NONE,12.3,5.56,7.14,7.14,True,True,3.97,False,132.22,123.01,0.667,2.09,8.93,-3.32,-7.34,-4.08,1.57,7.85,372,149946490.79,136.56,-4.72,153.6318,-15.3,-6.16,51.0,False,BELOW_SMA50|WEAK_RS,751
SAFT,2026-09-30,103.58,91.09,COILED,NEAR_UPPER_EDGE,NONE,0.4,0.4,1.98,1.59,False,False,0.79,True,103.88,103.43,0.545,0.31,0.78,0.41,33.5,1.87,0.15,41.23,47,13058141.8,103.88,-0.29,102.8795,0.68,34.52,95.0,False,POST_GAP_COIL|EXTENDED_60D_RUN|EVENT_PRICE_PEG,752
LWLG,2026-09-30,5.0,90.77,COILED,INSIDE_COIL,NONE,1.98,1.19,1.19,1.59,False,False,0.79,True,5.64,4.62,0.815,6.98,21.6,-2.53,-25.82,-16.76,6.5,16.28,40,14273327.05,5.7,-12.28,18.71,-73.28,-40.94,3.0,False,POST_GAP_COIL|BELOW_SMA50|NOT_NEAR_UNBROKEN_PIVOT|WEAK_RS,752
GHM,2026-09-30,86.31,90.43,COILED,INSIDE_COIL,NONE,0.4,3.17,0.4,2.78,False,False,2.38,True,90.2,81.97,0.695,4.29,10.05,3.38,-18.67,-9.44,4.66,4.66,79,13844974.53,90.64,-4.78,125.82,-31.4,-30.25,8.0,False,BELOW_SMA50|WEAK_RS,752
BOW,2026-09-30,33.77,89.88,COILED,NEAR_UPPER_EDGE,NONE,1.19,0.4,2.78,6.35,False,False,1.98,True,33.95,33.66,0.429,0.59,1.1,0.48,5.53,1.76,0.36,10.64,41,10359343.75,33.95,-0.53,35.07,-3.71,5.72,78.0,False,POST_GAP_COIL|EVENT_PRICE_PEG,590
NMAX,2026-09-30,10.81,89.39,COILED,INSIDE_COIL,NONE,21.43,7.94,4.76,2.78,True,True,9.13,False,11.265,10.12,1.103,4.95,18.41,4.04,23.68,8.89,1.53,4.27,128,13175809.55,12.11,-10.73,11.78,-8.23,12.85,85.0,False,NOT_NEAR_UNBROKEN_PIVOT,378
AVNT,2026-09-29,40.78,89.13,COILED,INSIDE_COIL,NONE,1.59,7.54,7.14,14.29,True,False,3.17,False,41.98,39.72,0.895,2.61,10.49,-6.83,5.56,-1.53,2.37,5.49,473,27648613.26,44.5941,-8.55,46.3326,-11.98,8.55,82.0,False,NOT_NEAR_UNBROKEN_PIVOT,751
UMAC,2026-09-30,24.48,88.89,COILED,INSIDE_COIL,NONE,0.4,0.4,1.19,3.17,False,False,1.59,False,25.04,21.33,0.977,7.41,19.89,8.08,22.09,0.76,4.7,16.85,32,58279841.66,26.2,-6.56,34.926,-29.91,2.91,74.0,False,POST_GAP_COIL|NOT_NEAR_UNBROKEN_PIVOT,659
RVLV,2026-09-30,21.33,88.87,COILED,INSIDE_COIL,NONE,26.98,4.76,2.38,1.98,True,False,6.75,True,22.11,20.27,0.46,3.75,15.14,-3.96,-5.37,-7.03,2.17,3.28,150,18335702.61,22.88,-6.77,28.42,-24.95,-10.81,38.0,False,BELOW_SMA50|NOT_NEAR_UNBROKEN_PIVOT|WEAK_RS,752
Q,2026-09-29,125.61,88.69,COILED,NEAR_UPPER_EDGE,NONE,4.25,2.74,2.35,19.74,False,True,9.87,True,126.55,111.75,0.685,3.93,12.75,5.17,-14.31,-1.98,5.59,5.8,148,193927443.94,127.16,-1.22,177.1621,-29.1,-25.55,12.0,False,WEAK_RS,232
PI,2026-09-29,176.45,88.59,COILED,INSIDE_COIL,NONE,0.79,0.4,0.79,6.35,False,False,0.4,False,186.66,170.36,0.953,4.19,14.45,1.22,19.22,6.28,3.37,7.67,104,71198028.99,186.66,-5.47,185.0,-4.62,20.68,91.0,False,NOT_NEAR_UNBROKEN_PIVOT,751
GPRE,2026-09-30,15.06,88.55,COILED,INSIDE_COIL,NONE,0.79,0.4,0.4,7.14,False,False,0.4,False,15.51,14.43,1.4,3.99,11.29,2.1,-4.68,-3.07,2.71,3.29,225,23812890.53,16.03,-6.05,19.65,-23.36,-7.56,47.0,False,BELOW_SMA50|NOT_NEAR_UNBROKEN_PIVOT|WEAK_RS,752
POET,2026-09-29,7.67,88.53,COILED,INSIDE_COIL,NONE,1.98,0.79,0.4,1.19,False,False,4.37,False,8.65,7.18,1.405,6.21,22.56,2.82,-14.3,-2.84,7.04,13.45,39,63979886.36,8.75,-12.34,20.81,-63.14,-27.91,10.0,False,POST_GAP_COIL|NOT_NEAR_UNBROKEN_PIVOT|WEAK_RS,751
LXP,2026-09-29,60.89,88.49,COILED,NEAR_UPPER_EDGE,NONE,0.79,0.4,0.4,6.75,False,False,1.19,False,61.04,60.78,0.667,0.28,0.64,0.3,9.44,0.16,0.28,3.86,999,55855904.63,61.04,-0.25,61.61,-1.17,10.49,83.0,False,EVENT_PRICE_PEG,751
HTFL,2026-09-29,49.83,88.33,COILED,INSIDE_COIL,NONE,3.17,0.79,0.79,1.98,False,False,2.78,False,52.221,46.78,1.273,4.77,13.67,-1.11,83.81,22.74,2.36,25.96,31,98367236.93,52.221,-4.58,51.19,-2.66,67.32,99.0,False,POST_GAP_COIL|EXTENDED_60D_RUN|EXTENDED_FROM_SMA50,286
ONDS,2026-09-29,7.48,88.21,COILED,INSIDE_COIL,NONE,0.4,1.59,0.4,4.76,False,False,3.97,False,7.98,6.98,1.219,5.82,13.37,-2.29,-4.35,-6.91,3.75,8.09,94,480185145.56,7.98,-6.27,14.16,-47.18,-11.74,36.0,False,BELOW_SMA50|NOT_NEAR_UNBROKEN_PIVOT|WEAK_RS,751
VCEL,2026-09-29,40.61,88.08,COILED,NEAR_UPPER_EDGE,NONE,5.95,0.4,1.19,1.98,False,False,0.79,False,41.05,38.21,0.849,3.17,10.19,1.78,-12.78,-4.35,1.37,4.89,99,19857621.03,41.49,-2.12,49.32,-17.66,-11.24,37.0,False,BELOW_SMA50|WEAK_RS,751
DHI,2026-09-29,139.4,88.05,COILED,INSIDE_COIL,NONE,10.32,1.98,1.19,0.79,False,False,7.54,True,144.86,136.32,0.658,2.58,8.69,-3.57,-10.88,-3.49,2.43,2.97,299,385000525.0,146.39,-4.77,170.2825,-18.14,-16.68,24.0,False,BELOW_SMA50|WEAK_RS,751
ASTS,2026-09-29,59.4,87.94,COILED,INSIDE_COIL,NONE,1.19,6.35,0.4,0.4,False,False,2.78,False,65.41,57.47,1.781,7.02,19.36,0.51,-26.34,-5.56,6.72,10.72,52,618384789.05,67.2,-11.61,133.86,-55.63,-35.67,4.0,False,POST_GAP_COIL|BELOW_SMA50|NOT_NEAR_UNBROKEN_PIVOT|WEAK_RS,751
ASST,2026-09-30,29.41,87.72,COILED,INSIDE_COIL,NONE,0.4,1.98,11.51,14.68,False,True,1.98,False,31.95,26.85,1.039,6.19,32.81,22.54,131.57,45.03,6.11,9.49,121,260949393.14,31.95,-7.95,24.48,20.14,142.16,100.0,False,RECENT_SURGE|EXTENDED_60D_RUN|EXTENDED_FROM_SMA50|NOT_NEAR_UNBROKEN_PIVOT|DETACHED_FROM_PRIOR_STRUCTURE,752
MKTX,2026-09-29,163.96,87.63,COILED,NEAR_UPPER_EDGE,NONE,8.73,0.4,3.17,6.75,False,False,5.95,True,164.2,163.11,0.419,0.38,0.95,0.82,41.49,4.95,0.27,29.76,42,153524577.43,164.2,-0.15,178.7354,-8.27,42.65,97.0,False,POST_GAP_COIL|EXTENDED_60D_RUN|EVENT_PRICE_PEG,751
DOC,2026-09-29,20.13,87.63,COILED,NEAR_LOWER_EDGE,NONE,0.4,6.35,1.98,7.94,False,False,9.52,True,20.88,19.94,0.711,1.86,6.13,-2.83,-6.1,-3.93,1.03,1.76,999,106192382.44,21.1731,-4.93,22.7227,-11.41,-7.08,49.0,False,BELOW_SMA50|WEAK_RS,751
MAC,2026-09-29,22.89,87.58,COILED,NEAR_UPPER_EDGE,NONE,4.37,0.4,1.98,4.37,False,False,2.78,False,23.02,22.0,1.485,2.07,7.17,-2.36,-8.77,-4.33,1.46,4.17,999,81783406.55,24.554,-6.78,26.4794,-13.56,-10.96,38.0,False,BELOW_SMA50|NOT_NEAR_UNBROKEN_PIVOT|WEAK_RS,751
PVH,2026-09-29,75.74,87.5,COILED,INSIDE_COIL,NONE,12.3,6.35,12.3,32.14,True,True,9.92,True,77.52,71.06,0.667,3.28,13.07,2.18,-1.37,-3.26,3.69,3.69,80,80490774.01,77.52,-2.3,100.6975,-24.78,-0.47,66.0,False,BELOW_SMA50|WEAK_RS,751
IESC,2026-09-29,324.44,87.48,COILED,INSIDE_COIL,NONE,22.62,18.25,8.73,2.38,True,True,1.59,False,341.08,308.99,1.376,5.09,16.8,7.08,-3.27,-3.0,6.46,18.62,41,84214103.85,348.33,-6.86,408.255,-20.53,-14.19,29.0,False,POST_GAP_COIL|NOT_NEAR_UNBROKEN_PIVOT|WEAK_RS,751
AAOI,2026-09-29,100.67,87.38,COILED,INSIDE_COIL,NONE,0.79,6.75,0.79,4.76,False,False,1.59,False,110.74,93.62,1.025,8.08,23.13,-6.52,-18.39,-9.75,8.15,16.66,25,705258825.79,116.9,-13.88,233.67,-56.92,-34.57,5.0,False,POST_GAP_COIL|BELOW_SMA50|NOT_NEAR_UNBROKEN_PIVOT|WEAK_RS,751
TRNO,2026-09-29,65.68,87.18,COILED,NEAR_UPPER_EDGE,NONE,3.17,0.79,1.19,11.51,False,False,0.4,False,66.3542,63.717,1.176,1.55,4.18,0.06,-3.13,-2.83,0.8,1.99,999,51250274.06,66.3542,-1.02,78.2608,-16.08,-0.23,67.0,False,WEAK_RS,751
PEN,2026-09-29,318.86,87.14,COILED,NEAR_UPPER_EDGE,NONE,7.54,0.4,10.71,6.75,False,False,0.79,True,320.27,316.774,0.671,0.58,2.58,-1.31,0.2,-0.84,0.59,1.01,176,117075091.98,325.0,-1.89,335.2,-4.87,-1.53,64.0,False,WEAK_RS,751
AEVA,2026-09-30,14.04,87.14,COILED,INSIDE_COIL,NONE,1.19,7.54,2.78,12.3,False,False,4.76,True,15.97,13.74,0.531,8.1,20.44,-5.01,-34.91,-19.16,5.54,31.57,38,22210571.08,16.61,-15.47,31.3,-55.14,-52.01,1.0,False,POST_GAP_COIL|BELOW_SMA50|NOT_NEAR_UNBROKEN_PIVOT|WEAK_RS,752
IREN,2026-09-29,41.38,87.12,COILED,NEAR_LOWER_EDGE,NONE,0.4,4.76,10.32,4.37,False,False,7.54,True,49.37,40.97,0.77,6.88,34.39,11.49,-5.76,-0.03,6.76,10.9,42,1602522326.0,49.37,-16.18,70.707,-41.48,-12.03,35.0,False,POST_GAP_COIL|NOT_NEAR_UNBROKEN_PIVOT|WEAK_RS,751
AMPX,2026-09-30,9.68,87.08,COILED,INSIDE_COIL,NONE,0.4,2.78,0.4,0.4,False,False,14.29,False,11.23,8.755,0.979,6.27,25.57,2.11,-17.41,-4.67,11.59,14.71,2,51314247.93,11.23,-13.8,24.225,-60.04,-31.29,7.0,False,POST_GAP_COIL|BELOW_SMA50|NOT_NEAR_UNBROKEN_PIVOT|WEAK_RS,752
CZR,2026-09-29,29.62,87.0,COILED,NEAR_UPPER_EDGE,NONE,0.79,0.4,2.78,7.54,False,False,7.14,False,29.75,29.5,0.783,0.38,0.84,-0.27,-1.73,-0.41,0.17,0.56,999,132766986.1,29.75,-0.44,30.83,-3.92,-4.37,56.0,False,EVENT_PRICE_PEG|WEAK_RS,751
DRS,2026-09-29,36.73,86.94,COILED,INSIDE_COIL,NONE,2.38,14.68,1.98,6.35,False,False,1.98,True,38.25,35.93,0.707,2.88,9.15,-3.34,-18.88,-10.7,2.03,2.03,999,35596772.07,38.78,-5.29,50.4892,-27.25,-16.26,25.0,False,BELOW_SMA50|NOT_NEAR_UNBROKEN_PIVOT|WEAK_RS,751
ITRN,2026-09-30,51.22,86.75,COILED,NEAR_LOWER_EDGE,NONE,3.57,6.35,0.4,4.37,False,False,3.57,False,52.6066,50.37,1.148,2.39,4.89,1.29,-6.1,-1.86,1.5,5.22,999,4935954.25,52.6066,-2.64,67.1077,-23.67,-17.52,22.0,False,LOW_LIQUIDITY|WEAK_RS,752
BKSY,2026-09-30,21.31,86.75,COILED,INSIDE_COIL,NONE,2.38,8.33,0.79,5.56,False,False,0.79,False,23.72,20.78,1.579,7.04,17.46,-0.65,-16.3,-11.84,3.86,4.97,224,20903399.61,23.72,-10.16,52.88,-59.7,-28.37,9.0,False,BELOW_SMA50|NOT_NEAR_UNBROKEN_PIVOT|WEAK_RS,752
DXCM,2026-09-29,86.64,86.73,COILED,INSIDE_COIL,NONE,6.35,1.98,13.49,5.95,False,True,6.75,False,90.39,83.26,0.865,2.58,11.6,-4.85,19.7,1.27,1.49,7.16,227,354142336.01,92.34,-6.17,92.59,-6.43,26.13,93.0,False,NOT_NEAR_UNBROKEN_PIVOT,751
RGC,2026-09-29,6.2,86.69,COILED,INSIDE_COIL,NONE,29.37,3.17,17.46,6.75,True,True,1.98,False,6.4,5.48,0.74,7.11,39.84,12.52,10.52,7.3,3.64,3.64,180,1108204.47,7.65,-18.95,39.999,-84.5,-0.71,66.0,False,NOT_NEAR_UNBROKEN_PIVOT|LOW_LIQUIDITY|WEAK_RS,751
SOLV,2026-09-29,89.32,86.55,COILED,INSIDE_COIL,NONE,9.13,15.87,4.76,5.95,True,False,10.71,False,91.87,86.53,1.053,2.22,8.54,-1.91,14.6,2.06,1.78,3.24,999,79611523.83,94.16,-5.14,92.71,-3.66,13.26,86.0,False,NOT_NEAR_UNBROKEN_PIVOT,630
NVTS,2026-09-29,11.73,86.55,COILED,INSIDE_COIL,NONE,1.59,3.17,1.19,2.38,False,False,12.7,False,12.52,10.27,2.016,6.76,22.42,1.21,-22.98,-2.69,9.16,10.56,44,145141197.76,12.63,-7.13,34.17,-65.67,-37.06,4.0,False,POST_GAP_COIL|NOT_NEAR_UNBROKEN_PIVOT|WEAK_RS,751
AUPH,2026-09-30,16.195,86.44,COILED,NEAR_LOWER_EDGE,NONE,3.97,0.4,3.17,18.25,False,False,8.73,True,17.16,16.1,0.661,2.68,8.09,0.9,-0.15,1.42,1.06,4.87,657,13420791.08,17.16,-5.62,19.25,-15.87,-0.02,68.0,False,NOT_NEAR_UNBROKEN_PIVOT|WEAK_RS,752
OPLN,2026-09-29,34.61,86.38,COILED,INSIDE_COIL,NONE,5.16,11.51,0.4,8.33,False,False,6.35,True,35.67,33.85,0.735,2.45,5.95,-2.78,-15.87,-4.34,1.73,6.59,999,36213810.24,35.91,-3.62,42.9,-19.32,-18.59,21.0,False,BELOW_SMA50|WEAK_RS,751
KFRC,2026-09-30,52.46,86.37,COILED,NEAR_UPPER_EDGE,NONE,6.75,11.9,5.56,2.38,False,True,9.52,False,53.42,49.66,1.105,3.37,11.76,-3.68,-2.81,-4.96,2.26,3.01,107,13897503.4,57.857,-9.33,61.2008,-14.28,1.93,72.0,False,BELOW_SMA50|NOT_NEAR_UNBROKEN_PIVOT,752
AVGO,2026-09-29,355.1,86.35,COILED,INSIDE_COIL,NONE,2.78,3.57,11.11,8.33,False,True,12.7,False,366.55,335.1996,1.517,3.06,10.37,-3.94,-4.86,-5.34,4.22,4.22,80,9799033695.1,372.0725,-4.56,493.3195,-28.02,-8.34,45.0,False,BELOW_SMA50|WEAK_RS,751
DRTS,2026-09-30,14.91,86.25,COILED,INSIDE_COIL,NONE,4.37,0.4,3.57,8.73,False,False,5.16,False,15.79,14.31,0.85,4.28,13.35,6.81,16.9,6.06,4.68,4.68,98,7602824.94,15.79,-5.57,15.1,-1.26,15.44,88.0,False,NOT_NEAR_UNBROKEN_PIVOT,752
BF-B,2026-09-29,26.29,86.21,COILED,INSIDE_COIL,NONE,14.68,9.92,5.16,4.76,False,True,0.79,False,26.87,25.55,0.952,2.76,8.08,-0.21,2.97,-3.05,2.28,3.42,330,69631647.54,27.6745,-5.0,30.7087,-14.39,-3.03,60.0,False,BELOW_SMA50|WEAK_RS,751
HRTG,2026-09-30,33.15,86.19,COILED,NEAR_LOWER_EDGE,NONE,5.16,0.4,14.29,33.33,True,False,12.3,True,35.56,32.71,0.859,2.82,8.6,-1.69,21.88,1.0,1.51,14.26,38,10143818.82,35.56,-6.78,36.5,-9.18,21.13,91.0,False,POST_GAP_COIL|NOT_NEAR_UNBROKEN_PIVOT,752
COLM,2026-09-29,58.34,86.09,COILED,NEAR_UPPER_EDGE,NONE,6.75,3.57,3.17,12.7,False,False,8.73,True,59.0,55.67,0.589,2.65,6.84,1.64,-7.38,-0.11,2.12,2.12,163,37863098.84,59.0,-1.12,68.7165,-15.1,-7.67,47.0,False,WEAK_RS,751
LIF,2026-09-29,40.04,85.99,COILED,NEAR_LOWER_EDGE,NONE,4.76,15.08,9.13,21.03,True,False,0.4,False,43.46,39.41,1.043,4.68,14.21,-6.58,-29.42,-15.8,2.8,22.61,34,23068357.57,45.1,-11.22,65.57,-38.94,-30.19,8.0,False,POST_GAP_COIL|BELOW_SMA50|NOT_NEAR_UNBROKEN_PIVOT|WEAK_RS,580
DECK,2026-09-29,77.68,85.95,COILED,NEAR_LOWER_EDGE,NONE,11.51,6.75,17.06,21.43,True,False,5.16,True,83.0,77.37,0.848,3.01,12.31,-10.79,-26.49,-12.81,3.37,3.37,166,272847001.78,87.96,-11.69,116.5,-33.32,-24.28,14.0,False,BELOW_SMA50|NOT_NEAR_UNBROKEN_PIVOT|WEAK_RS,751
CSW,2026-09-29,293.77,85.93,COILED,INSIDE_COIL,NONE,10.71,7.14,11.11,15.08,False,True,6.75,True,305.34,283.71,0.756,3.17,10.7,-4.91,5.0,-5.88,2.81,7.86,999,38588027.12,319.99,-8.19,355.483,-17.36,3.14,74.0,False,BELOW_SMA50|NOT_NEAR_UNBROKEN_PIVOT,751
BCC,2026-09-29,75.97,85.75,COILED,INSIDE_COIL,NONE,10.71,5.95,0.4,1.19,False,False,4.37,False,79.305,74.27,0.586,3.06,8.42,-2.33,1.22,-3.84,2.15,2.89,999,26774067.6,80.245,-5.33,88.1693,-13.84,-4.37,56.0,False,BELOW_SMA50|NOT_NEAR_UNBROKEN_PIVOT|WEAK_RS,751
NUTX,2026-09-30,211.66,85.59,COILED,INSIDE_COIL,NONE,9.92,1.59,9.52,13.1,False,False,1.59,True,224.28,198.25,0.406,5.02,19.03,12.98,12.65,14.21,1.28,8.44,143,32094210.79,224.28,-5.63,204.0,3.75,8.47,82.0,False,EXTENDED_FROM_SMA50|NOT_NEAR_UNBROKEN_PIVOT,752
WYFI,2026-09-30,18.01,85.58,COILED,INSIDE_COIL,NONE,4.76,13.1,0.4,2.38,False,False,2.78,False,20.57,16.81,0.992,8.75,25.26,2.91,-46.11,-17.34,6.95,18.25,29,25126094.14,21.16,-14.89,46.87,-61.57,-50.97,1.0,False,POST_GAP_COIL|BELOW_SMA50|NOT_NEAR_UNBROKEN_PIVOT|WEAK_RS,289
BILI,2026-09-29,14.84,85.52,COILED,INSIDE_COIL,NONE,17.86,8.73,5.95,14.68,True,False,5.16,False,15.565,14.39,1.123,3.17,13.27,-8.17,-17.09,-11.22,3.87,6.32,403,56198429.6,16.6,-10.6,25.625,-42.09,-15.38,26.0,False,BELOW_SMA50|NOT_NEAR_UNBROKEN_PIVOT|WEAK_RS,751
CTOS,2026-09-29,9.22,85.52,COILED,INSIDE_COIL,NONE,7.94,17.86,2.38,11.51,False,True,0.79,False,9.66,8.714,1.169,3.62,10.26,0.11,-7.43,-6.16,2.54,10.87,39,8740309.14,9.66,-4.55,12.23,-24.61,-24.45,14.0,False,POST_GAP_COIL|BELOW_SMA50|WEAK_RS,751
GSAT,2026-09-29,82.59,85.5,COILED,NEAR_UPPER_EDGE,NONE,7.94,0.4,6.75,7.14,False,False,2.78,False,83.17,81.55,0.712,0.81,2.6,1.28,2.98,0.71,0.96,1.42,123,45889120.09,83.17,-0.7,84.85,-2.66,-0.92,65.0,False,WEAK_RS,751
IRDM,2026-09-29,47.94,85.48,COILED,INSIDE_COIL,NONE,3.17,0.4,3.57,15.87,False,False,4.76,False,49.35,45.88,1.076,2.18,7.38,2.38,-8.54,0.54,2.05,2.06,64,51331873.39,49.35,-2.86,56.9943,-15.89,-14.83,28.0,False,WEAK_RS,751
AMSC,2026-09-30,29.11,85.41,COILED,INSIDE_COIL,NONE,6.75,1.19,10.71,16.27,False,False,2.78,True,32.13,27.26,0.71,4.57,16.94,1.93,-18.12,-3.56,6.47,10.02,38,20425399.8,32.13,-9.4,60.18,-51.63,-29.6,9.0,False,POST_GAP_COIL|BELOW_SMA50|NOT_NEAR_UNBROKEN_PIVOT|WEAK_RS,752
OHI,2026-09-29,46.54,85.4,COILED,NEAR_LOWER_EDGE,NONE,13.49,15.08,0.4,20.24,True,False,5.16,False,47.66,45.88,0.871,1.72,4.81,1.79,-3.77,-2.06,1.92,1.99,999,96978435.87,48.0,-3.04,51.6864,-9.96,-3.58,58.0,False,WEAK_RS,751
VIR,2026-09-30,11.18,85.38,COILED,INSIDE_COIL,NONE,10.32,10.71,3.97,4.76,False,True,12.7,False,11.72,10.33,1.422,4.92,15.3,-3.87,9.07,11.13,3.33,6.47,149,22916225.66,11.94,-6.37,11.66,-4.12,14.43,87.0,False,NOT_NEAR_UNBROKEN_PIVOT,752
ST,2026-09-29,41.91,85.38,COILED,INSIDE_COIL,NONE,8.33,3.17,2.38,10.71,False,False,1.59,False,43.16,40.63,0.883,2.83,9.38,2.14,-8.89,-4.27,4.01,7.24,605,56789937.72,44.18,-5.14,53.7501,-22.03,-14.5,29.0,False,BELOW_SMA50|NOT_NEAR_UNBROKEN_PIVOT|WEAK_RS,751
IHS,2026-09-29,8.38,85.36,COILED,NEAR_UPPER_EDGE,NONE,3.57,1.98,11.51,24.6,False,True,3.57,False,8.48,8.37,1.667,0.55,1.79,-0.36,1.45,0.35,0.48,0.49,219,9122061.5,8.52,-1.64,8.41,-0.36,-0.82,65.0,False,EVENT_PRICE_PEG|WEAK_RS,751
RZLV,2026-09-30,2.17,85.36,COILED,INSIDE_COIL,NONE,0.4,0.4,0.4,23.81,False,False,5.56,False,2.39,2.11,1.429,4.87,13.36,-9.21,-21.66,-11.3,2.26,13.58,20,26228249.92,2.567,-15.47,3.35,-35.22,-32.06,7.0,False,POST_GAP_COIL|BELOW_SMA50|NOT_NEAR_UNBROKEN_PIVOT|LOW_LIQUIDITY|WEAK_RS,752
SSD,2026-09-29,173.99,85.18,COILED,NEAR_UPPER_EDGE,NONE,14.29,0.79,5.16,2.38,False,False,2.78,False,177.46,170.21,0.821,2.18,6.78,-4.72,-11.96,-5.74,2.1,2.46,999,53423881.72,182.76,-4.8,213.1752,-18.38,-19.28,20.0,False,BELOW_SMA50|WEAK_RS,751
RLJ,2026-09-29,10.91,85.17,COILED,NEAR_UPPER_EDGE,NONE,1.19,12.7,1.19,18.65,False,False,6.75,True,11.0974,10.5154,0.469,2.54,5.97,0.18,-4.9,-2.93,1.73,4.63,999,17799114.27,11.2454,-2.98,12.7152,-14.2,-9.18,43.0,False,WEAK_RS,751
FELE,2026-09-29,96.62,85.16,COILED,NEAR_UPPER_EDGE,NONE,0.79,6.35,7.54,11.51,False,False,1.19,False,98.4,95.07,1.027,2.01,5.26,-3.47,-8.08,-5.2,1.57,6.12,999,31694804.72,100.34,-3.71,115.5253,-16.36,-12.15,35.0,False,BELOW_SMA50|WEAK_RS,751
NIQ,2026-09-29,17.4,85.14,COILED,NEAR_LOWER_EDGE,NONE,5.95,1.19,1.98,17.06,False,False,3.17,False,18.96,17.43,0.849,3.51,12.04,-8.71,77.19,8.21,1.79,17.38,34,19911125.66,19.415,-10.38,19.69,-11.63,83.58,99.0,False,POST_GAP_COIL|EXTENDED_60D_RUN|NOT_NEAR_UNBROKEN_PIVOT,299
SIFY,2026-09-30,13.33,85.08,COILED,NEAR_LOWER_EDGE,NONE,0.4,3.17,3.17,47.62,True,False,9.52,False,14.51,13.15,0.854,3.99,13.58,-6.19,-8.64,-7.85,2.83,4.13,518,438536.05,15.16,-12.07,17.85,-25.32,-22.26,16.0,False,BELOW_SMA50|NOT_NEAR_UNBROKEN_PIVOT|LOW_LIQUIDITY|WEAK_RS,752
CCS,2026-09-30,60.25,85.06,COILED,NEAR_LOWER_EDGE,NONE,20.24,4.37,5.56,1.59,False,True,11.11,False,64.23,59.6,0.99,3.16,11.01,-7.11,-7.48,-8.96,2.25,3.62,999,17090317.75,67.17,-10.3,73.2451,-17.74,-15.85,25.0,False,BELOW_SMA50|NOT_NEAR_UNBROKEN_PIVOT|WEAK_RS,752
LASR,2026-09-29,39.01,85.0,COILED,INSIDE_COIL,NONE,9.92,26.98,0.4,1.19,False,True,2.38,False,41.65,37.33,1.196,5.83,13.09,-7.71,-40.26,-22.96,4.73,22.76,36,42313429.37,43.25,-9.8,86.95,-55.14,-46.48,1.0,False,POST_GAP_COIL|BELOW_SMA50|NOT_NEAR_UNBROKEN_PIVOT|WEAK_RS,751
HBT,2026-09-30,35.37,84.92,COILED,NEAR_LOWER_EDGE,NONE,3.97,3.17,5.16,16.67,False,False,0.79,False,36.58,35.045,1.466,1.93,5.22,0.14,10.51,-1.1,0.88,2.34,999,4628614.81,36.89,-4.12,37.51,-5.71,6.27,78.0,False,LOW_LIQUIDITY,752
YMM,2026-09-29,8.27,84.66,COILED,INSIDE_COIL,NONE,1.59,0.4,15.48,3.97,False,False,8.33,False,8.47,7.985,0.972,2.47,10.46,-2.36,-3.68,-5.86,1.27,6.02,216,44918239.55,8.85,-6.55,9.76,-15.27,0.33,69.0,False,BELOW_SMA50|NOT_NEAR_UNBROKEN_PIVOT|WEAK_RS,751
ESS,2026-09-29,273.93,84.64,COILED,NEAR_UPPER_EDGE,NONE,1.19,3.57,5.95,18.25,False,False,3.17,False,277.49,268.03,1.144,1.61,6.14,-3.19,-8.08,-2.96,0.74,2.29,999,156847917.97,284.84,-3.83,303.35,-9.7,-8.57,44.0,False,WEAK_RS,751
SNDK,2026-09-29,1729.76,84.64,COILED,INSIDE_COIL,NONE,3.17,9.92,9.52,12.7,False,True,26.19,True,1909.48,1504.2,0.576,6.25,23.43,10.41,-0.84,13.0,6.85,13.12,37,16451553056.27,1909.48,-9.41,2354.3899,-26.53,-26.44,11.0,False,POST_GAP_COIL|EXTENDED_FROM_SMA50|NOT_NEAR_UNBROKEN_PIVOT|WEAK_RS,408
LYV,2026-09-29,171.09,84.62,COILED,INSIDE_COIL,NONE,0.4,3.97,17.06,13.89,False,False,6.75,True,174.7,166.11,0.577,2.24,9.41,-4.89,-6.66,-3.76,2.52,2.52,999,340375309.18,182.21,-6.1,189.25,-9.6,-9.08,43.0,False,BELOW_SMA50|NOT_NEAR_UNBROKEN_PIVOT|WEAK_RS,751
BBAI,2026-09-30,2.65,84.6,COILED,NEAR_LOWER_EDGE,NONE,0.4,1.19,1.59,27.38,False,False,4.37,False,2.95,2.64,1.389,4.82,15.85,-10.17,-22.74,-10.42,2.56,3.62,221,40139817.73,3.06,-13.4,5.46,-51.47,-29.71,8.0,False,BELOW_SMA50|NOT_NEAR_UNBROKEN_PIVOT|LOW_LIQUIDITY|WEAK_RS,752
ANDG,2026-09-29,55.47,84.57,COILED,NEAR_UPPER_EDGE,NONE,1.7,7.1,2.26,18.75,False,False,2.67,False,56.0,51.31,1.395,4.07,11.38,-0.48,46.32,8.81,2.67,9.26,999,25366169.41,57.62,-3.73,57.13,-2.91,44.54,97.0,False,EXTENDED_60D_RUN,196
OTTR,2026-09-29,89.15,84.56,COILED,NEAR_UPPER_EDGE,NONE,14.68,28.57,1.19,0.79,False,True,9.52,True,90.55,86.64,0.556,2.03,5.74,-1.46,-0.86,-1.46,0.91,2.15,999,22891032.66,91.76,-2.84,94.4982,-5.66,-2.82,60.0,False,WEAK_RS,751
NXT,2026-09-29,79.31,84.56,COILED,INSIDE_COIL,NONE,1.19,13.49,2.38,12.7,False,False,0.79,False,84.226,76.715,0.833,4.93,14.0,-3.32,-31.05,-12.05,4.42,6.99,84,170634378.79,87.815,-9.69,163.13,-51.38,-35.95,4.0,False,BELOW_SMA50|NOT_NEAR_UNBROKEN_PIVOT|WEAK_RS,751
TMDX,2026-09-29,84.07,84.54,COILED,INSIDE_COIL,NONE,11.51,14.29,1.98,9.52,False,False,3.17,True,90.67,81.8,0.633,4.74,13.61,-0.94,18.03,-0.8,2.7,10.42,38,61398425.27,90.67,-7.28,120.91,-30.47,24.06,92.0,False,POST_GAP_COIL|NOT_NEAR_UNBROKEN_PIVOT,751
VMI,2026-09-29,467.21,84.5,COILED,NEAR_LOWER_EDGE,NONE,0.79,2.78,5.16,18.65,False,False,6.35,False,483.7382,458.36,0.753,2.42,6.56,-0.36,-17.03,-2.75,2.03,3.65,999,87007077.21,489.0295,-4.46,583.9693,-19.99,-21.49,17.0,False,WEAK_RS,751
LNTH,2026-09-29,99.51,84.48,COILED,RANGE_EXIT_CONFIRMED,DOWN_EXPANSION_CONFIRMED,0.4,0.4,9.52,11.51,False,False,11.51,False,101.05,99.61,1.565,0.63,2.13,-1.44,-3.22,-1.6,0.47,4.69,288,100363123.86,101.43,-1.89,111.86,-11.04,-12.82,33.0,False,ALREADY_EXPANDING|WEAK_RS,751
PDD,2026-09-29,77.5,84.47,COILED,NEAR_LOWER_EDGE,NONE,2.78,3.57,17.86,21.83,False,True,2.78,False,80.76,77.36,1.034,2.36,9.16,-7.74,-7.45,-7.97,1.29,2.91,337,503684740.05,85.2,-9.04,108.23,-28.39,-0.92,65.0,False,BELOW_SMA50|NOT_NEAR_UNBROKEN_PIVOT|WEAK_RS,751
KOPN,2026-09-30,4.6,84.44,COILED,INSIDE_COIL,NONE,0.4,1.19,9.52,21.43,False,False,0.79,False,5.1,4.18,1.353,5.93,22.17,9.26,21.37,3.24,7.14,13.3,35,16185666.25,5.1,-9.8,6.61,-30.41,6.49,79.0,False,POST_GAP_COIL|NOT_NEAR_UNBROKEN_PIVOT|LOW_LIQUIDITY,752
STGW,2026-09-29,8.18,84.41,COILED,NEAR_LOWER_EDGE,NONE,0.79,1.19,11.51,25.0,False,True,14.29,False,8.82,8.05,0.952,3.33,11.49,-5.76,7.92,-4.12,1.27,3.09,140,10180812.02,8.99,-9.01,9.55,-14.35,7.58,80.0,False,BELOW_SMA50|NOT_NEAR_UNBROKEN_PIVOT,751
LLYVA,2026-09-29,96.58,84.41,COILED,NEAR_UPPER_EDGE,NONE,6.75,12.3,7.54,10.71,False,True,11.11,False,98.35,92.34,0.877,2.56,8.12,-2.92,-5.73,-1.73,4.11,4.11,999,12953900.11,100.53,-3.93,106.055,-8.93,-7.14,48.0,False,WEAK_RS,751
RDW,2026-09-29,10.73,84.38,COILED,INSIDE_COIL,NONE,6.75,7.54,3.97,5.95,False,False,7.14,False,12.07,10.281,1.764,6.92,17.99,0.28,-5.55,-2.54,3.48,14.18,37,142706200.3,12.07,-11.1,26.64,-59.72,-14.78,28.0,False,POST_GAP_COIL|NOT_NEAR_UNBROKEN_PIVOT|WEAK_RS,751
BFC,2026-09-30,148.81,84.37,COILED,NEAR_LOWER_EDGE,NONE,6.35,1.19,7.54,16.67,False,False,0.79,False,153.5169,148.23,1.042,1.98,5.96,-0.62,-0.11,-2.3,1.04,1.32,999,10417112.61,157.0129,-5.22,158.4671,-6.09,-4.86,54.0,False,NOT_NEAR_UNBROKEN_PIVOT|WEAK_RS,752
SYM,2026-09-29,41.51,84.35,COILED,NEAR_LOWER_EDGE,NONE,11.9,3.17,13.89,14.68,False,True,4.37,False,45.636,41.6,0.784,4.31,19.17,4.64,-6.64,-1.29,3.87,6.26,204,72127867.61,45.636,-9.04,67.078,-38.12,-10.17,40.0,False,NOT_NEAR_UNBROKEN_PIVOT|WEAK_RS,751
SPG,2026-09-29,204.28,84.33,COILED,NEAR_UPPER_EDGE,NONE,3.17,4.76,7.94,13.89,False,False,2.78,False,206.38,200.37,1.534,1.42,5.45,-2.75,-8.23,-4.92,0.73,1.42,999,254275240.78,212.8653,-4.03,235.9673,-13.43,-10.2,40.0,False,BELOW_SMA50|WEAK_RS,751
NTLA,2026-09-30,12.06,84.33,COILED,INSIDE_COIL,NONE,4.76,3.17,4.37,7.54,False,False,13.89,False,12.97,11.33,0.729,5.41,15.65,-4.93,-30.81,0.72,4.35,5.69,170,51166084.09,13.13,-8.15,18.48,-34.74,-32.56,6.0,False,NOT_NEAR_UNBROKEN_PIVOT|WEAK_RS,752
AES,2026-09-29,14.86,84.31,COILED,NEAR_UPPER_EDGE,NONE,2.38,1.98,3.57,16.27,False,False,11.11,False,14.89,14.8,1.5,0.31,1.14,0.81,3.21,0.73,0.2,0.34,146,117162090.26,14.89,-0.2,14.79,0.47,0.06,68.0,False,EVENT_PRICE_PEG|WEAK_RS,751
FR,2026-09-29,60.65,84.25,COILED,NEAR_LOWER_EDGE,NONE,7.14,0.4,1.59,16.27,False,False,9.92,False,62.0088,59.8962,0.938,1.52,3.76,-1.18,-3.0,-3.12,1.51,1.94,999,64588606.11,62.1774,-2.46,69.3086,-12.49,-2.78,60.0,False,BELOW_SMA50|WEAK_RS,751
LLYVK,2026-09-29,99.12,84.19,COILED,INSIDE_COIL,NONE,5.95,9.52,6.75,6.75,False,False,2.38,False,101.33,95.76,0.855,2.54,8.73,-4.25,-6.7,-2.66,1.35,1.35,999,28366219.81,104.41,-5.07,109.75,-9.69,-8.69,44.0,False,NOT_NEAR_UNBROKEN_PIVOT|WEAK_RS,751
DSGR,2026-09-29,34.95,84.09,COILED,NEAR_UPPER_EDGE,NONE,3.97,0.4,9.13,12.7,False,False,8.73,False,35.02,34.75,1.143,0.32,1.12,0.46,29.16,0.53,0.2,26.31,52,8046397.64,35.02,-0.2,35.06,-0.31,25.27,93.0,False,POST_GAP_COIL|EVENT_PRICE_PEG,751
RGTI,2026-09-29,15.74,83.91,COILED,INSIDE_COIL,NONE,0.79,2.38,1.98,11.9,False,False,21.83,False,17.66,14.41,0.743,6.1,20.65,0.51,-12.36,-2.34,7.8,7.8,89,265659752.31,17.66,-10.87,28.06,-43.91,-21.05,17.0,False,NOT_NEAR_UNBROKEN_PIVOT|WEAK_RS,751
TDY,2026-09-29,605.59,83.87,COILED,INSIDE_COIL,NONE,0.79,11.51,0.79,17.06,False,False,6.35,False,624.58,593.35,1.257,1.89,5.69,-1.2,-7.54,-4.79,1.24,2.64,999,167060791.51,624.58,-3.04,697.67,-13.2,-11.71,36.0,False,BELOW_SMA50|WEAK_RS,751
DAO,2026-09-29,14.65,83.83,COILED,INSIDE_COIL,NONE,35.71,21.03,15.48,7.54,True,True,3.97,True,15.15,13.94,0.352,5.1,24.98,-10.62,15.81,-8.01,2.75,3.59,344,1046360.44,17.065,-14.15,18.94,-22.65,16.59,89.0,False,BELOW_SMA50|NOT_NEAR_UNBROKEN_PIVOT|LOW_LIQUIDITY,751
NVCR,2026-09-30,15.95,83.83,COILED,INSIDE_COIL,NONE,9.52,8.33,18.65,20.24,True,False,5.56,False,16.99,15.2,0.525,4.3,21.88,-8.23,-9.99,-4.76,2.88,15.61,48,17997604.59,18.59,-14.2,21.451,-25.64,-1.44,64.0,False,POST_GAP_COIL|BELOW_SMA50|NOT_NEAR_UNBROKEN_PIVOT|WEAK_RS,752
ECG,2026-09-29,117.8,83.79,COILED,NEAR_UPPER_EDGE,NONE,9.52,9.13,3.17,4.76,False,False,7.54,False,119.4,108.67,1.362,4.31,11.47,2.32,-18.11,-4.8,6.82,9.05,149,47947870.77,122.18,-3.58,171.577,-31.34,-31.53,7.0,False,BELOW_SMA50|WEAK_RS,481
ACHC,2026-09-29,28.04,83.77,COILED,INSIDE_COIL,NONE,1.98,18.65,0.4,7.14,False,False,6.35,False,29.78,26.97,0.644,4.65,10.52,1.74,-9.81,-5.31,2.74,2.95,149,40202617.9,29.8,-5.91,35.83,-21.74,-7.56,47.0,False,BELOW_SMA50|NOT_NEAR_UNBROKEN_PIVOT|WEAK_RS,751
HIMS,2026-09-29,28.7,83.73,COILED,INSIDE_COIL,NONE,6.35,9.13,0.4,7.14,False,False,13.49,False,31.81,27.31,0.658,5.93,17.7,-2.97,-25.03,-2.63,3.48,6.48,96,266121571.06,31.81,-9.78,39.05,-26.5,-19.74,19.0,False,NOT_NEAR_UNBROKEN_PIVOT|WEAK_RS,751
HAE,2026-09-29,105.8,83.71,COILED,INSIDE_COIL,NONE,0.4,3.57,12.3,16.67,False,False,3.57,False,110.45,103.24,1.027,2.51,9.38,2.65,41.03,8.77,4.18,13.55,29,61922638.19,110.45,-4.21,109.57,-3.44,38.55,96.0,False,POST_GAP_COIL|EXTENDED_60D_RUN,751
APLD,2026-09-29,25.41,83.67,COILED,INSIDE_COIL,NONE,9.13,4.37,8.33,2.78,False,False,10.32,False,29.099,23.39,0.78,6.71,22.67,0.0,-24.15,-7.74,7.44,9.73,77,411735640.74,29.15,-12.83,50.725,-49.91,-34.39,5.0,False,BELOW_SMA50|NOT_NEAR_UNBROKEN_PIVOT|WEAK_RS,751
OGN,2026-09-29,13.74,83.63,COILED,NEAR_UPPER_EDGE,NONE,11.11,3.57,16.67,9.52,False,True,11.11,False,13.76,13.65,0.75,0.28,1.13,-0.15,1.48,0.59,0.22,0.37,107,36114499.41,13.785,-0.33,13.77,-0.22,-0.89,65.0,False,EVENT_PRICE_PEG|WEAK_RS,751
MA,2026-09-29,563.58,83.61,COILED,NEAR_UPPER_EDGE,NONE,1.19,4.37,9.13,20.63,False,False,2.38,False,574.0,553.12,0.819,1.58,7.07,-4.37,5.89,-1.06,1.19,2.49,999,1495420201.75,595.18,-5.31,601.23,-6.26,7.4,80.0,False,NOT_NEAR_UNBROKEN_PIVOT,751
HWKN,2026-09-29,126.15,83.56,COILED,INSIDE_COIL,NONE,12.7,9.92,6.75,9.13,False,True,14.68,False,129.99,118.71,1.02,3.23,9.5,4.89,-9.39,-1.19,1.68,1.88,666,24172274.38,130.52,-3.35,173.6417,-27.35,-13.6,31.0,False,WEAK_RS,751
URBN,2026-09-29,75.64,83.37,COILED,INSIDE_COIL,NONE,5.16,0.79,15.48,25.0,False,False,3.97,True,78.27,73.62,0.653,3.31,12.06,-6.26,9.04,-1.11,2.26,4.14,209,78477497.61,82.74,-8.58,85.43,-11.46,4.23,76.0,False,NOT_NEAR_UNBROKEN_PIVOT,751
CRWV,2026-09-29,85.93,83.37,COILED,INSIDE_COIL,NONE,11.9,1.98,11.51,7.54,False,False,2.78,False,91.123,78.27,1.166,6.3,30.63,1.23,-0.61,-0.38,7.12,20.35,33,2577177193.48,104.59,-17.84,138.25,-37.84,-16.19,25.0,False,POST_GAP_COIL|NOT_NEAR_UNBROKEN_PIVOT|WEAK_RS,378
DJT,2026-09-29,9.1,83.35,COILED,INSIDE_COIL,NONE,27.38,11.51,5.95,5.95,True,False,11.9,False,9.38,8.48,1.531,4.27,13.19,-6.86,5.08,-0.81,2.37,4.1,194,27663535.14,9.87,-7.8,10.55,-13.74,15.06,87.0,False,NOT_NEAR_UNBROKEN_PIVOT,751
JOBY,2026-09-29,5.99,83.35,COILED,NEAR_LOWER_EDGE,NONE,4.76,1.59,11.11,19.05,False,False,1.98,False,6.57,5.93,1.364,4.95,20.95,-12.43,-32.85,-15.74,3.13,4.49,167,163170464.21,7.185,-16.63,12.475,-51.98,-35.36,5.0,False,BELOW_SMA50|NOT_NEAR_UNBROKEN_PIVOT|WEAK_RS,751
ALOY,2026-09-30,8.17,83.31,COILED,INSIDE_COIL,NONE,3.97,13.1,9.13,18.65,False,False,4.37,True,9.42,7.93,0.907,8.71,33.41,-18.14,-32.92,-18.38,6.54,6.54,143,17874486.86,10.66,-23.36,20.59,-60.32,-48.01,1.0,False,BELOW_SMA50|NOT_NEAR_UNBROKEN_PIVOT|WEAK_RS,752
PAYO,2026-09-29,7.14,83.19,COILED,NEAR_UPPER_EDGE,NONE,18.25,0.4,11.11,8.33,False,False,10.71,True,7.19,7.1,0.333,0.5,1.4,0.42,0.14,0.21,0.42,0.56,288,20983612.94,7.19,-0.7,7.18,-0.56,-2.24,62.0,False,EVENT_PRICE_PEG|WEAK_RS,751
IDCC,2026-09-29,324.3,83.18,COILED,NEAR_LOWER_EDGE,NONE,19.44,7.54,13.49,11.11,False,True,0.4,False,340.09,321.43,1.005,3.22,11.86,-3.2,14.93,0.23,1.94,17.93,42,71831873.04,355.69,-8.83,386.3178,-16.05,12.32,85.0,False,POST_GAP_COIL|NOT_NEAR_UNBROKEN_PIVOT,751
SHO,2026-09-29,11.21,83.13,COILED,NEAR_UPPER_EDGE,NONE,0.4,0.4,1.98,31.75,False,False,10.32,False,11.2497,10.7636,0.947,1.75,4.96,1.16,1.07,0.61,0.91,1.63,999,23193048.13,11.2497,-0.35,11.8814,-5.65,-3.83,57.0,False,WEAK_RS,751
AMN,2026-09-30,35.87,83.08,COILED,RANGE_EXIT_CONFIRMED,UP_EXPANSION_CONFIRMED,2.78,0.4,6.75,25.4,False,False,7.54,False,35.56,33.41,1.229,3.38,11.74,6.95,7.88,5.12,1.91,3.57,99,20931784.0,35.56,0.87,37.22,-3.63,5.4,77.0,False,ALREADY_EXPANDING,752
NBBK,2026-09-30,22.12,83.08,COILED,NEAR_LOWER_EDGE,NONE,3.17,2.78,0.4,26.98,False,False,10.71,False,23.165,22.045,0.729,2.06,5.52,0.36,6.41,-2.12,1.68,4.74,110,6138616.92,23.25,-4.86,23.3995,-5.47,0.1,68.0,False,WEAK_RS,691
NBIS,2026-09-29,237.355,83.04,COILED,INSIDE_COIL,NONE,4.37,13.49,3.57,15.87,False,False,1.98,False,249.19,206.847,1.01,6.97,25.25,15.04,11.42,9.0,9.86,16.96,33,3454043449.13,254.74,-6.82,299.86,-20.84,-16.57,24.0,False,POST_GAP_COIL|RECENT_SURGE|NOT_NEAR_UNBROKEN_PIVOT|WEAK_RS,486
ALH,2026-09-29,21.73,83.04,COILED,INSIDE_COIL,NONE,12.05,1.3,19.11,6.67,False,False,9.79,True,22.23,20.72,0.86,3.14,12.2,-5.15,-16.49,-9.05,2.18,7.91,999,21949504.38,23.37,-7.02,28.23,-23.03,-20.58,18.0,False,BELOW_SMA50|NOT_NEAR_UNBROKEN_PIVOT|WEAK_RS,244
CC,2026-09-29,13.89,83.04,COILED,NEAR_LOWER_EDGE,NONE,3.57,1.98,6.35,23.02,False,False,7.54,False,15.1,13.98,1.156,4.03,15.48,-10.73,-23.2,-10.72,2.39,10.71,38,26917245.19,15.96,-12.97,28.4038,-51.1,-34.43,5.0,False,POST_GAP_COIL|BELOW_SMA50|NOT_NEAR_UNBROKEN_PIVOT|WEAK_RS,751
ZETA,2026-09-29,28.96,82.95,COILED,INSIDE_COIL,NONE,0.4,10.71,1.98,26.19,False,False,16.67,True,32.01,28.03,0.727,4.79,16.51,-6.49,32.72,4.46,2.75,5.14,224,181360257.28,32.81,-11.73,30.835,-6.08,44.64,97.0,False,EXTENDED_60D_RUN|NOT_NEAR_UNBROKEN_PIVOT,751
NTNX,2026-09-29,70.09,82.9,COILED,NEAR_UPPER_EDGE,NONE,2.78,8.73,7.94,16.27,False,False,5.16,False,71.08,66.25,1.396,3.01,8.32,2.22,33.71,8.02,1.91,8.95,209,157826466.03,71.08,-1.39,74.42,-5.82,35.02,95.0,False,EXTENDED_60D_RUN,751
RXO,2026-09-29,20.71,82.82,COILED,NEAR_UPPER_EDGE,NONE,1.98,25.79,0.4,2.78,False,False,7.54,False,20.45,18.56,1.053,5.15,15.21,-2.54,-22.11,-4.16,3.01,4.81,99,35324655.04,22.3,-7.13,29.9,-30.74,-27.45,10.0,False,BELOW_SMA50|NOT_NEAR_UNBROKEN_PIVOT|WEAK_RS,751
PHM,2026-09-29,118.5,82.78,COILED,NEAR_LOWER_EDGE,NONE,14.29,6.35,8.33,4.37,False,False,5.16,False,122.68,116.51,0.654,2.54,10.25,-5.99,-9.61,-5.44,2.11,2.97,999,193947754.18,127.4109,-6.99,139.7838,-15.23,-15.96,25.0,False,BELOW_SMA50|NOT_NEAR_UNBROKEN_PIVOT|WEAK_RS,751
ULCC,2026-09-30,5.97,82.74,COILED,INSIDE_COIL,NONE,5.95,5.95,4.76,15.08,False,False,11.11,False,6.4,5.47,1.056,5.25,16.58,8.15,-18.89,-3.71,3.89,4.71,121,14519804.42,6.4,-6.72,8.405,-28.97,-25.28,13.0,False,BELOW_SMA50|NOT_NEAR_UNBROKEN_PIVOT|WEAK_RS,752
TRS,2026-09-30,38.6,82.66,COILED,NEAR_LOWER_EDGE,NONE,9.13,2.78,3.97,13.49,False,False,14.29,False,40.17,37.86,0.913,2.43,5.98,-0.8,-5.21,-1.69,1.54,5.16,295,11815642.05,40.17,-3.91,45.3856,-14.95,-13.24,32.0,False,WEAK_RS,752
APP,2026-09-29,305.66,82.66,COILED,NEAR_LOWER_EDGE,NONE,5.16,16.27,5.16,10.71,False,False,2.78,False,336.94,304.77,0.7,5.14,12.51,-2.05,-43.79,-9.76,3.9,18.99,37,1495840622.9,338.34,-9.66,622.0,-50.86,-43.19,2.0,False,POST_GAP_COIL|BELOW_SMA50|NOT_NEAR_UNBROKEN_PIVOT|WEAK_RS,751
GTLB,2026-09-29,46.71,82.62,COILED,INSIDE_COIL,NONE,21.03,12.3,4.76,9.92,True,False,21.83,False,50.67,44.22,0.876,4.43,24.26,0.37,42.19,10.16,22.42,22.42,18,286347351.7,55.55,-15.91,45.36,2.98,50.48,98.0,False,POST_GAP_COIL|EXTENDED_60D_RUN|NOT_NEAR_UNBROKEN_PIVOT,751
WMK,2026-09-29,72.86,82.6,COILED,INSIDE_COIL,NONE,7.14,3.97,12.7,21.03,False,False,9.92,True,75.32,71.15,0.712,2.25,8.04,2.55,-8.81,0.02,1.4,1.83,999,15782542.91,75.32,-3.27,83.3519,-12.59,-9.04,43.0,False,WEAK_RS,751
PSMT,2026-09-29,170.38,82.6,COILED,INSIDE_COIL,NONE,0.79,13.1,3.17,12.7,False,False,13.89,False,176.3,166.35,1.209,2.5,7.25,0.22,-11.88,-3.64,1.39,2.03,306,36053291.33,178.7,-4.66,199.0638,-14.41,-14.95,28.0,False,BELOW_SMA50|WEAK_RS,751
WTS,2026-09-29,357.69,82.58,COILED,NEAR_UPPER_EDGE,NONE,17.46,11.11,4.76,17.06,False,True,7.94,False,360.91,345.72,1.113,2.07,7.12,-2.03,-3.04,-0.84,1.67,5.62,999,69557097.32,371.05,-3.6,393.8604,-9.18,-10.98,38.0,False,WEAK_RS,751
SLG-PI,2026-09-30,21.21,82.56,COILED,RANGE_EXIT_CONFIRMED,UP_EXPANSION_CONFIRMED,13.89,7.14,1.59,6.35,False,False,13.1,False,21.1884,20.8647,3.466,0.85,2.85,1.13,0.97,1.02,1.37,1.37,999,186381.41,21.1884,0.1,21.4435,-1.09,0.15,68.0,False,ALREADY_EXPANDING|LOW_LIQUIDITY|WEAK_RS,752
PONY,2026-09-29,6.54,82.56,COILED,NEAR_LOWER_EDGE,NONE,5.16,14.68,3.97,0.79,False,False,17.06,False,7.46,6.495,1.0,5.63,15.98,-7.76,-6.57,-11.73,3.27,5.64,87,25051187.51,7.54,-13.26,11.94,-45.23,-8.42,45.0,False,BELOW_SMA50|NOT_NEAR_UNBROKEN_PIVOT|WEAK_RS,459
RIVN,2026-09-29,14.97,82.5,COILED,NEAR_LOWER_EDGE,NONE,1.59,7.14,3.17,27.38,False,False,6.75,False,16.09,14.75,1.016,4.48,14.09,-6.79,-25.67,-5.7,2.37,12.25,59,325076403.33,16.81,-10.95,20.2,-25.89,-16.23,25.0,False,POST_GAP_COIL|BELOW_SMA50|NOT_NEAR_UNBROKEN_PIVOT|WEAK_RS,751
NNE,2026-09-30,15.85,82.48,COILED,INSIDE_COIL,NONE,16.67,1.19,12.3,8.73,False,False,1.19,False,17.44,15.03,1.013,6.54,28.83,-9.27,-16.03,-9.73,5.21,6.48,79,31819411.02,19.6,-19.13,31.59,-49.83,-26.13,12.0,False,BELOW_SMA50|NOT_NEAR_UNBROKEN_PIVOT|WEAK_RS,601
LEVI,2026-09-29,19.75,82.36,COILED,INSIDE_COIL,NONE,0.4,7.14,15.08,27.38,False,False,6.75,True,20.37,19.16,0.467,2.6,12.05,-4.87,-19.45,-10.02,1.73,3.73,120,47391928.8,21.54,-8.31,25.7,-23.15,-22.45,16.0,False,BELOW_SMA50|NOT_NEAR_UNBROKEN_PIVOT|WEAK_RS,751
RHP,2026-09-29,120.88,82.32,COILED,NEAR_UPPER_EDGE,NONE,0.4,34.92,0.4,0.4,False,False,3.17,False,122.3454,117.4639,1.46,2.35,7.96,-3.69,-4.65,-3.06,1.85,2.9,999,71405883.16,128.732,-6.1,136.1088,-11.19,-7.55,48.0,False,BELOW_SMA50|NOT_NEAR_UNBROKEN_PIVOT|WEAK_RS,751
WSM,2026-09-29,229.96,82.31,COILED,NEAR_UPPER_EDGE,NONE,9.13,12.3,4.37,21.03,False,True,15.87,False,234.33,216.68,0.772,2.96,7.68,0.75,3.08,-1.32,2.04,4.58,373,260375726.06,234.33,-1.86,254.89,-9.78,-3.53,58.0,False,WEAK_RS,751
SOUN,2026-09-29,5.84,82.23,COILED,NEAR_LOWER_EDGE,NONE,0.79,0.4,23.81,38.1,False,True,0.4,False,6.42,5.83,1.25,4.64,21.58,-18.44,-16.09,-11.69,2.87,25.12,37,127917232.72,7.33,-20.33,10.045,-41.86,-12.25,35.0,False,POST_GAP_COIL|BELOW_SMA50|NOT_NEAR_UNBROKEN_PIVOT|WEAK_RS,751
LPX,2026-09-29,65.76,82.22,COILED,NEAR_LOWER_EDGE,NONE,9.52,30.56,1.98,3.17,False,False,5.95,True,68.71,64.49,0.787,3.42,8.96,-6.74,-14.92,-7.02,2.59,2.8,599,72477806.51,70.92,-7.28,83.4111,-21.16,-18.58,21.0,False,BELOW_SMA50|NOT_NEAR_UNBROKEN_PIVOT|WEAK_RS,751
ATHM,2026-09-29,21.2,82.2,COILED,INSIDE_COIL,NONE,0.4,34.13,4.37,11.11,False,False,2.38,True,21.77,20.7,0.918,2.93,8.02,-3.37,13.79,-3.8,1.84,5.51,999,10582430.26,22.73,-6.73,23.57,-10.06,12.88,85.0,False,BELOW_SMA50|NOT_NEAR_UNBROKEN_PIVOT,751
WWD,2026-09-29,329.78,82.09,COILED,NEAR_UPPER_EDGE,NONE,5.56,22.62,13.89,15.48,False,True,1.19,False,331.03,312.43,0.827,2.8,10.46,-2.95,-22.06,-6.53,3.43,7.11,164,246608551.8,346.94,-4.95,450.5191,-26.8,-24.93,13.0,False,BELOW_SMA50|WEAK_RS,751
IIPR,2026-09-30,52.68,82.08,COILED,NEAR_LOWER_EDGE,NONE,3.97,0.79,7.14,27.78,False,False,9.13,False,55.1194,52.5907,0.88,2.06,6.05,-2.83,-11.69,-4.85,1.34,1.66,377,21894333.36,55.7081,-5.44,63.1011,-16.51,-15.46,26.0,False,BELOW_SMA50|NOT_NEAR_UNBROKEN_PIVOT|WEAK_RS,752
LGN,2026-09-29,53.7,81.97,COILED,INSIDE_COIL,NONE,4.53,14.4,2.46,16.67,False,False,8.33,False,56.99,50.82,1.183,5.26,15.4,0.24,-30.96,-9.74,5.6,8.12,127,46501719.01,58.55,-8.28,107.238,-49.92,-39.51,3.0,False,BELOW_SMA50|NOT_NEAR_UNBROKEN_PIVOT|WEAK_RS,263
IMKTA,2026-09-29,84.96,81.94,COILED,NEAR_UPPER_EDGE,NONE,0.79,0.4,6.35,37.7,False,False,5.95,False,85.33,81.69,0.85,2.11,6.53,3.86,-5.97,-0.39,0.94,1.71,999,8924641.69,85.33,-0.43,95.4467,-10.99,-6.43,50.0,False,WEAK_RS,751
IPGP,2026-09-29,78.52,81.94,COILED,INSIDE_COIL,NONE,5.16,29.76,3.57,0.79,False,False,1.59,False,80.18,74.51,0.635,4.08,11.27,3.21,-25.0,-3.75,4.78,7.79,101,31418131.1,81.82,-4.03,135.0,-41.84,-35.59,5.0,False,BELOW_SMA50|WEAK_RS,751
ELF,2026-09-29,101.7,81.91,COILED,NEAR_UPPER_EDGE,NONE,8.73,5.56,23.02,8.33,False,True,15.87,False,103.3,91.4,0.77,4.17,18.33,-6.74,38.39,6.57,2.52,3.77,223,144447871.41,110.04,-7.58,108.31,-6.1,34.92,95.0,False,EXTENDED_60D_RUN|NOT_NEAR_UNBROKEN_PIVOT,751
CVCO,2026-09-29,556.12,81.85,COILED,NEAR_UPPER_EDGE,NONE,14.68,5.95,7.94,5.56,False,False,10.71,False,563.66,520.56,1.023,3.13,10.56,-0.54,-5.18,-1.69,2.41,3.81,166,57965361.28,574.41,-3.18,630.48,-11.79,-12.0,35.0,False,WEAK_RS,751
CRSR,2026-09-30,13.5,81.84,COILED,INSIDE_COIL,NONE,18.25,11.11,10.71,13.89,False,False,0.4,True,13.96,12.832,0.791,4.3,16.44,16.18,51.86,10.61,4.21,19.53,37,13779848.18,13.96,-3.3,14.978,-9.87,40.19,96.0,False,POST_GAP_COIL|RECENT_SURGE|EXTENDED_60D_RUN,752
KEY-PI,2026-09-30,25.01,81.81,COILED,NEAR_UPPER_EDGE,NONE,6.75,11.51,0.4,3.57,False,False,26.19,False,25.14,24.85,1.0,0.39,1.16,0.21,1.29,0.33,0.32,0.32,999,1223515.39,25.14,-0.52,25.0,0.04,-0.94,65.0,False,EVENT_PRICE_PEG|LOW_LIQUIDITY|WEAK_RS,752
ENS,2026-09-29,182.1,81.81,COILED,NEAR_UPPER_EDGE,NONE,14.68,32.94,2.38,3.17,False,True,4.76,False,181.61,168.5233,1.09,2.95,8.42,-0.79,-14.49,-1.94,3.54,13.0,32,98500391.52,187.0429,-2.64,243.6178,-25.25,-24.51,14.0,False,POST_GAP_COIL|WEAK_RS,751
OPRA,2026-09-30,17.62,81.79,COILED,INSIDE_COIL,NONE,0.4,0.4,2.78,40.08,False,False,9.92,False,18.7,17.15,0.85,2.95,10.33,-6.13,-10.47,-6.33,1.16,6.2,149,6198477.08,19.03,-7.41,20.78,-15.21,-12.89,33.0,False,BELOW_SMA50|NOT_NEAR_UNBROKEN_PIVOT|WEAK_RS,752
CBT,2026-09-29,77.76,81.78,COILED,INSIDE_COIL,NONE,30.16,23.81,7.54,15.87,True,False,3.57,True,80.51,76.03,0.595,2.64,10.12,-5.98,-10.73,-6.82,1.93,9.38,999,31098589.29,84.15,-7.59,94.0014,-17.28,-16.41,24.0,False,BELOW_SMA50|NOT_NEAR_UNBROKEN_PIVOT|WEAK_RS,751
ZD,2026-09-29,56.33,81.75,COILED,NEAR_LOWER_EDGE,NONE,7.14,2.78,12.7,19.84,False,True,25.0,False,60.48,55.55,0.91,2.81,10.19,2.14,4.74,2.05,1.04,11.76,36,41851919.48,60.48,-6.86,58.06,-2.98,5.05,77.0,False,POST_GAP_COIL|NOT_NEAR_UNBROKEN_PIVOT,751
DXPE,2026-09-29,182.56,81.69,COILED,INSIDE_COIL,NONE,9.52,2.78,3.97,22.62,False,False,11.11,False,198.39,178.09,1.926,3.44,11.52,-2.75,12.29,-0.37,2.86,6.91,99,23173506.62,198.39,-7.98,208.0,-12.23,5.67,78.0,False,NOT_NEAR_UNBROKEN_PIVOT,751
KWR,2026-09-29,158.02,81.55,COILED,INSIDE_COIL,NONE,8.33,6.35,5.56,17.46,False,False,11.9,False,163.79,151.96,1.652,2.89,10.16,-4.69,-0.56,-1.91,2.05,2.79,726,23600103.63,168.01,-5.95,175.14,-9.78,-2.72,61.0,False,NOT_NEAR_UNBROKEN_PIVOT|WEAK_RS,751
TOL,2026-09-29,135.88,81.55,COILED,INSIDE_COIL,NONE,9.13,10.71,13.49,5.56,False,False,6.35,False,139.42,131.4,0.834,2.69,10.21,-5.28,-12.26,-5.57,2.53,2.53,999,150976210.52,145.09,-6.35,165.9385,-18.11,-19.89,19.0,False,BELOW_SMA50|NOT_NEAR_UNBROKEN_PIVOT|WEAK_RS,751
POWL,2026-09-29,188.46,81.55,COILED,INSIDE_COIL,NONE,1.19,5.16,16.67,38.49,False,True,7.14,False,194.04,169.22,1.071,4.51,14.18,4.86,-23.99,-4.37,6.75,12.75,39,98616923.32,194.04,-2.88,327.7422,-42.5,-36.67,4.0,False,POST_GAP_COIL|BELOW_SMA50|WEAK_RS,751
QCRH,2026-09-30,97.88,81.53,COILED,NEAR_LOWER_EDGE,NONE,5.95,1.98,11.51,25.79,False,False,4.76,False,102.8169,97.62,1.542,2.0,6.99,-0.98,2.22,-3.7,1.09,2.44,999,10543909.4,103.7056,-5.62,107.9492,-9.33,-3.35,59.0,False,BELOW_SMA50|NOT_NEAR_UNBROKEN_PIVOT|WEAK_RS,752
FOR,2026-09-30,25.75,81.53,COILED,NEAR_LOWER_EDGE,NONE,1.98,8.33,6.75,20.24,False,False,13.49,False,27.27,25.45,1.625,2.89,9.98,-6.43,-14.79,-7.99,1.51,2.35,231,4654103.12,28.28,-8.95,32.06,-19.68,-20.01,19.0,False,BELOW_SMA50|NOT_NEAR_UNBROKEN_PIVOT|LOW_LIQUIDITY|WEAK_RS,752
LMAT,2026-09-29,82.89,81.51,COILED,NEAR_UPPER_EDGE,NONE,3.97,1.19,6.35,31.75,False,False,9.52,False,82.82,78.22,0.911,2.49,5.85,3.25,-19.84,-2.65,1.58,16.67,38,21410808.17,83.07,-0.22,117.3682,-29.38,-15.88,25.0,False,POST_GAP_COIL|WEAK_RS,751
VSAT,2026-09-29,69.09,81.51,COILED,NEAR_LOWER_EDGE,NONE,1.19,24.21,3.97,6.75,False,False,10.71,False,78.31,67.86,1.355,5.86,20.78,2.71,-17.55,-8.23,3.94,10.18,38,124797443.48,79.83,-13.45,93.03,-25.73,-25.59,12.0,False,POST_GAP_COIL|BELOW_SMA50|NOT_NEAR_UNBROKEN_PIVOT|WEAK_RS,751
LAC,2026-09-30,2.63,81.51,COILED,NEAR_LOWER_EDGE,NONE,3.17,3.97,15.08,40.08,True,False,20.24,False,3.05,2.63,1.0,5.2,26.62,-11.45,-27.35,-12.11,7.67,7.67,250,28461583.02,3.32,-20.78,6.36,-58.65,-33.85,6.0,False,BELOW_SMA50|NOT_NEAR_UNBROKEN_PIVOT|LOW_LIQUIDITY|WEAK_RS,752
NBTB,2026-09-29,50.22,81.49,COILED,RANGE_EXIT_CONFIRMED,DOWN_EXPANSION_CONFIRMED,10.71,7.54,4.37,19.84,False,False,6.75,False,52.58,50.42,1.306,1.73,5.14,-1.57,0.9,-3.06,0.87,1.04,999,17971785.25,52.58,-4.49,54.076,-7.13,0.0,68.0,False,ALREADY_EXPANDING|BELOW_SMA50|WEAK_RS,751
GEV,2026-09-29,962.49,81.49,COILED,NEAR_UPPER_EDGE,NONE,43.25,2.78,15.08,25.4,True,True,3.17,False,971.34,875.24,1.068,3.64,11.96,7.12,-16.45,-0.61,7.91,7.91,200,1987103932.57,983.34,-2.12,1195.9399,-19.52,-20.59,18.0,False,WEAK_RS,629
CBC,2026-09-29,31.66,81.45,COILED,INSIDE_COIL,NONE,20.21,8.0,6.19,29.67,False,True,1.47,False,32.82,30.905,1.421,2.35,7.83,-1.39,-0.04,-1.91,0.89,2.32,999,54110585.77,33.385,-5.17,33.6915,-6.03,2.09,72.0,False,NOT_NEAR_UNBROKEN_PIVOT,213
PACS,2026-09-29,42.25,81.37,COILED,INSIDE_COIL,NONE,11.9,3.17,14.68,15.87,False,False,1.98,False,44.435,40.61,2.07,3.99,12.4,-0.14,-6.11,-4.46,2.71,3.97,96,32961224.84,45.85,-7.85,49.49,-14.63,-3.43,58.0,False,BELOW_SMA50|NOT_NEAR_UNBROKEN_PIVOT|WEAK_RS,619
ZWS,2026-09-29,46.79,81.37,COILED,NEAR_UPPER_EDGE,NONE,13.89,4.76,13.49,13.1,False,False,1.59,False,47.16,45.43,1.197,1.96,5.94,-2.11,-4.59,-3.5,1.76,10.4,43,41532479.46,48.18,-2.89,54.878,-14.74,-9.71,41.0,False,POST_GAP_COIL|BELOW_SMA50|WEAK_RS,751
CPAY,2026-09-29,392.7,81.35,COILED,NEAR_LOWER_EDGE,NONE,1.98,1.19,16.27,27.78,False,False,3.97,False,414.75,388.19,1.02,2.06,10.0,-2.87,10.14,-1.83,1.43,1.46,999,184694308.38,427.46,-8.13,425.95,-7.81,15.32,87.0,False,NOT_NEAR_UNBROKEN_PIVOT,751
NVR,2026-09-29,6234.6299,81.33,COILED,NEAR_LOWER_EDGE,NONE,24.21,20.63,4.37,1.59,False,False,3.97,True,6383.2998,6128.9302,0.926,2.19,6.49,-1.28,-6.86,-0.96,1.23,2.73,999,256489927.52,6462.6299,-3.53,7294.5,-14.53,-11.01,38.0,False,WEAK_RS,751
CAT,2026-09-29,826.64,81.33,COILED,NEAR_UPPER_EDGE,NONE,8.33,17.46,3.57,15.48,False,False,3.17,False,827.81,774.48,0.799,2.65,7.15,3.66,-14.61,-0.08,4.34,11.08,39,1926488338.33,830.5,-0.46,1071.4723,-22.85,-24.75,13.0,False,POST_GAP_COIL|WEAK_RS,751
OMCL,2026-09-30,34.05,81.27,COILED,NEAR_UPPER_EDGE,NONE,0.79,13.1,10.71,11.9,False,False,13.49,False,34.38,31.98,0.682,3.24,9.99,-1.33,-23.24,-4.12,1.95,14.15,43,18720453.86,35.61,-4.38,48.06,-29.15,-21.31,17.0,False,POST_GAP_COIL|BELOW_SMA50|WEAK_RS,752
GRBK,2026-09-29,67.4,81.13,COILED,INSIDE_COIL,NONE,8.73,6.35,15.87,15.48,False,False,2.38,False,69.25,65.64,1.131,2.6,11.28,-6.67,-12.17,-4.3,1.86,2.26,398,27496433.06,73.24,-7.97,83.18,-18.97,-18.31,21.0,False,BELOW_SMA50|NOT_NEAR_UNBROKEN_PIVOT|WEAK_RS,751
QH,2026-09-29,3.7,81.07,COILED,RANGE_EXIT_CONFIRMED,DOWN_EXPANSION_CONFIRMED,0.4,5.95,0.79,2.38,False,False,47.62,False,5.24,3.79,1.5,8.31,44.05,-11.27,-47.14,-14.38,8.54,15.76,51,43830.14,5.24,-29.39,12.81,-71.12,-46.54,1.0,False,ALREADY_EXPANDING|POST_GAP_COIL|BELOW_SMA50|NOT_NEAR_UNBROKEN_PIVOT|LOW_LIQUIDITY|WEAK_RS,751
AVY,2026-09-29,170.78,81.05,COILED,NEAR_LOWER_EDGE,NONE,15.08,44.05,1.98,1.98,False,True,9.52,True,174.63,167.69,0.709,2.35,5.63,-1.34,3.45,-0.9,2.79,11.04,42,146982824.5,176.46,-3.22,186.8243,-8.59,3.29,74.0,False,POST_GAP_COIL,751
LUNR,2026-09-29,14.55,81.05,COILED,INSIDE_COIL,NONE,15.87,10.32,2.78,11.9,False,False,9.13,False,16.26,13.48,1.049,7.15,19.11,-5.27,-22.98,-4.68,3.97,15.69,32,107646437.43,16.26,-10.52,46.75,-68.88,-34.49,5.0,False,POST_GAP_COIL|BELOW_SMA50|NOT_NEAR_UNBROKEN_PIVOT|WEAK_RS,751
CCNE,2026-09-30,33.28,80.95,COILED,NEAR_LOWER_EDGE,NONE,9.13,7.54,4.76,28.57,False,False,3.17,False,34.61,33.14,1.623,2.01,6.58,-0.42,0.26,-2.84,1.04,1.57,999,5235597.74,35.19,-5.43,35.9668,-7.47,-5.0,54.0,False,NOT_NEAR_UNBROKEN_PIVOT|WEAK_RS,752
DNOW,2026-09-29,15.71,80.9,COILED,INSIDE_COIL,NONE,35.71,8.33,3.97,10.71,False,True,5.95,False,16.23,15.36,1.348,2.83,8.02,-2.0,22.64,1.36,1.36,8.51,152,35238510.64,16.55,-5.08,17.2,-8.66,18.61,90.0,False,NOT_NEAR_UNBROKEN_PIVOT,751
EME,2026-09-29,762.03,80.81,COILED,NEAR_UPPER_EDGE,NONE,13.49,19.84,3.97,7.14,False,False,4.37,False,774.54,723.87,1.229,3.11,7.94,3.74,-3.16,-1.22,5.16,14.75,42,263932772.7,782.6,-2.63,951.4685,-19.91,-10.64,39.0,False,POST_GAP_COIL|WEAK_RS,751
MGRC,2026-09-29,114.23,80.79,COILED,NEAR_UPPER_EDGE,NONE,6.35,4.37,4.37,34.92,False,False,6.35,False,115.1,109.52,1.559,2.24,6.29,1.59,-1.38,-1.08,1.38,1.47,999,16883911.73,115.1,-0.76,125.3153,-8.85,-7.75,47.0,False,WEAK_RS,751
BCPC,2026-09-29,167.15,80.73,COILED,NEAR_LOWER_EDGE,NONE,17.06,3.17,19.84,5.95,False,False,2.38,False,170.62,163.89,1.275,1.98,8.08,-4.97,0.08,-2.66,1.34,1.9,999,36493536.69,178.27,-6.24,182.99,-8.66,-3.58,58.0,False,NOT_NEAR_UNBROKEN_PIVOT|WEAK_RS,751
AVBP,2026-09-30,30.28,80.73,COILED,INSIDE_COIL,NONE,10.71,7.54,14.68,0.4,False,False,17.46,False,31.49,27.28,0.824,4.79,13.9,0.43,-11.41,0.9,2.26,2.32,999,19190449.95,31.49,-3.84,35.83,-15.49,-14.75,28.0,False,WEAK_RS,672
ARDX,2026-09-30,3.42,80.71,COILED,INSIDE_COIL,NONE,11.11,3.97,24.21,31.35,True,False,11.51,False,3.63,3.31,1.118,3.89,17.69,-9.04,-36.43,-15.01,1.47,16.84,37,14771784.69,3.915,-12.64,7.43,-53.97,-36.24,4.0,False,POST_GAP_COIL|BELOW_SMA50|NOT_NEAR_UNBROKEN_PIVOT|LOW_LIQUIDITY|WEAK_RS,752
WWW,2026-09-30,19.11,80.69,COILED,INSIDE_COIL,NONE,24.21,0.4,3.17,16.27,False,False,8.73,False,20.39,18.71,0.982,3.64,11.41,-1.14,11.36,-2.63,2.67,8.64,149,13686925.57,20.89,-8.52,21.47,-10.99,16.03,88.0,False,NOT_NEAR_UNBROKEN_PIVOT,752
PSO,2026-09-29,15.96,80.67,COILED,NEAR_UPPER_EDGE,NONE,32.14,20.63,14.68,2.38,True,False,3.17,False,16.17,15.7,0.8,1.59,7.39,-3.68,-2.85,-1.75,2.24,3.45,999,11392664.14,16.7,-4.43,17.6298,-9.47,-1.39,64.0,False,WEAK_RS,751
GNTX,2026-09-29,22.13,80.65,COILED,NEAR_LOWER_EDGE,NONE,13.1,17.06,6.35,22.62,False,False,4.37,True,22.8,21.87,0.882,2.06,6.28,-1.07,-9.11,-4.43,1.97,2.18,296,48632896.39,23.26,-4.86,26.3478,-16.01,-14.5,29.0,False,BELOW_SMA50|WEAK_RS,751
SEZL,2026-09-29,107.97,80.65,COILED,INSIDE_COIL,NONE,7.54,0.79,7.94,45.24,False,False,8.73,True,122.31,104.87,0.429,5.52,19.57,-10.44,-39.7,-17.28,4.6,25.86,36,55952221.28,126.0,-14.31,195.71,-44.83,-39.61,3.0,False,POST_GAP_COIL|BELOW_SMA50|NOT_NEAR_UNBROKEN_PIVOT|WEAK_RS,751
AMAL,2026-09-30,47.57,80.62,COILED,INSIDE_COIL,NONE,20.63,13.89,6.75,2.78,False,False,4.76,False,48.78,45.74,1.679,2.23,9.38,0.49,4.22,-2.19,1.15,3.28,999,14476929.86,50.2,-5.24,51.59,-7.79,-1.04,65.0,False,NOT_NEAR_UNBROKEN_PIVOT|WEAK_RS,752
DEO,2026-09-29,85.34,80.6,COILED,NEAR_LOWER_EDGE,NONE,8.33,13.49,10.32,15.48,False,False,4.37,False,88.13,85.08,1.313,1.93,8.45,-7.09,4.49,-4.7,2.79,6.28,149,83145635.36,92.73,-7.97,97.13,-12.14,3.65,75.0,False,BELOW_SMA50|NOT_NEAR_UNBROKEN_PIVOT,751
OUT,2026-09-29,27.99,80.6,COILED,NEAR_LOWER_EDGE,NONE,0.4,8.33,17.46,25.79,False,False,1.98,False,28.7,27.51,1.214,2.25,7.9,-3.65,-12.93,-5.79,1.0,2.63,999,48047098.31,29.7226,-5.83,34.2368,-18.25,-16.11,25.0,False,BELOW_SMA50|NOT_NEAR_UNBROKEN_PIVOT|WEAK_RS,751
EVLV,2026-09-30,4.65,80.6,COILED,NEAR_LOWER_EDGE,NONE,0.79,1.19,3.97,39.68,False,False,15.08,False,5.15,4.605,1.0,3.74,12.9,-8.1,-24.27,-12.27,1.6,5.51,344,11186062.53,5.21,-10.75,7.4,-37.16,-29.52,9.0,False,BELOW_SMA50|NOT_NEAR_UNBROKEN_PIVOT|LOW_LIQUIDITY|WEAK_RS,752
JBLU,2026-09-29,4.28,80.59,COILED,NEAR_LOWER_EDGE,NONE,14.68,17.46,3.17,14.29,False,False,14.68,True,4.75,4.2,0.722,4.66,12.85,-6.96,-29.37,-15.29,3.72,4.36,120,81383730.86,4.75,-9.89,6.62,-35.35,-27.82,10.0,False,BELOW_SMA50|NOT_NEAR_UNBROKEN_PIVOT|LOW_LIQUIDITY|WEAK_RS,751
AVTR,2026-09-29,15.24,80.58,COILED,INSIDE_COIL,NONE,21.03,1.59,5.16,4.37,False,False,21.43,False,16.05,14.67,0.878,2.97,12.2,4.81,46.96,7.91,1.28,16.67,43,136183427.46,16.05,-5.05,14.7,3.67,51.42,98.0,False,POST_GAP_COIL|EXTENDED_60D_RUN|NOT_NEAR_UNBROKEN_PIVOT,751
ESLT,2026-09-29,703.37,80.56,COILED,NEAR_LOWER_EDGE,NONE,3.17,4.37,12.3,9.92,False,False,26.59,False,760.35,701.7,0.821,2.41,9.68,0.41,-13.27,-7.55,3.02,5.96,87,54603306.27,760.35,-7.49,937.9714,-25.01,-9.81,41.0,False,BELOW_SMA50|NOT_NEAR_UNBROKEN_PIVOT|WEAK_RS,751
EMN,2026-09-29,65.75,80.54,COILED,INSIDE_COIL,NONE,10.71,2.38,33.33,28.97,True,False,5.56,False,67.62,64.42,0.704,2.42,11.6,-8.08,-3.36,-5.45,1.36,1.75,291,77294965.88,72.5489,-9.37,77.1872,-14.82,-3.11,59.0,False,BELOW_SMA50|NOT_NEAR_UNBROKEN_PIVOT|WEAK_RS,751
CNMD,2026-09-29,46.69,80.48,COILED,INSIDE_COIL,NONE,11.51,4.37,13.89,14.29,False,False,9.52,False,47.94,44.39,1.085,3.41,13.96,-6.34,32.98,-2.01,2.83,9.91,354,15717291.03,50.91,-8.29,53.66,-12.99,40.14,96.0,False,EXTENDED_60D_RUN|NOT_NEAR_UNBROKEN_PIVOT,751
CACI,2026-09-29,608.14,80.44,COILED,NEAR_LOWER_EDGE,NONE,17.86,17.06,2.78,8.73,False,False,4.76,False,646.12,607.37,0.868,2.9,6.78,-2.39,20.37,1.38,1.34,6.66,999,162155150.72,646.12,-5.88,683.39,-11.01,28.76,94.0,False,NOT_NEAR_UNBROKEN_PIVOT,751
XNCR,2026-09-30,24.95,80.38,COILED,INSIDE_COIL,NONE,2.78,13.89,16.27,7.54,False,False,12.7,False,25.984,23.305,1.022,5.15,22.75,-10.61,59.22,4.09,2.99,10.69,38,35635565.11,28.98,-13.91,30.61,-18.49,59.71,99.0,False,POST_GAP_COIL|EXTENDED_60D_RUN|NOT_NEAR_UNBROKEN_PIVOT,752
ECHO,2026-09-29,89.89,80.38,COILED,NEAR_LOWER_EDGE,NONE,9.13,1.59,11.51,25.0,False,False,9.52,False,96.46,88.75,0.721,3.22,12.44,3.99,-8.55,0.27,4.23,4.23,266,291185835.59,96.46,-6.81,147.25,-38.95,-13.95,30.0,False,NOT_NEAR_UNBROKEN_PIVOT|WEAK_RS,751
USAR,2026-09-29,14.075,80.36,COILED,NEAR_LOWER_EDGE,NONE,0.79,3.17,11.51,26.59,False,False,17.06,False,17.1,14.37,0.784,7.05,37.98,-21.02,-27.26,-16.33,8.65,8.65,170,212434265.82,19.3,-27.07,32.8,-57.09,-37.29,4.0,False,BELOW_SMA50|NOT_NEAR_UNBROKEN_PIVOT|WEAK_RS,751
ALK,2026-09-29,39.93,80.27,COILED,INSIDE_COIL,NONE,14.29,21.43,1.19,5.95,False,False,23.02,True,43.58,38.85,0.622,3.97,11.85,-3.39,-20.79,-8.6,4.01,5.05,120,109636207.44,43.58,-8.38,54.32,-26.49,-26.02,12.0,False,BELOW_SMA50|NOT_NEAR_UNBROKEN_PIVOT|WEAK_RS,751
WB,2026-09-30,6.46,80.26,COILED,NEAR_LOWER_EDGE,NONE,2.38,0.4,3.97,31.75,False,False,24.21,False,6.79,6.37,0.636,1.78,8.05,-5.0,-13.52,-10.28,1.22,2.67,999,6724918.05,6.89,-6.24,8.93,-27.66,-15.69,26.0,False,BELOW_SMA50|NOT_NEAR_UNBROKEN_PIVOT|WEAK_RS,752
TDC,2026-09-29,28.69,80.24,COILED,INSIDE_COIL,NONE,8.73,26.98,11.11,13.1,False,True,9.52,False,30.14,27.97,1.247,3.46,10.25,-1.07,-21.27,0.3,2.07,19.98,38,46325940.12,30.14,-4.81,37.52,-23.53,-19.72,19.0,False,POST_GAP_COIL|WEAK_RS,751
IFS,2026-09-29,54.56,80.18,COILED,INSIDE_COIL,NONE,5.56,13.1,6.35,3.97,False,False,28.17,False,56.72,53.31,1.169,2.23,6.25,-0.11,-7.57,-2.88,1.65,1.66,999,11268836.55,56.72,-3.81,61.38,-11.11,-6.73,49.0,False,WEAK_RS,751
GMED,2026-09-29,75.69,80.14,COILED,NEAR_UPPER_EDGE,NONE,10.71,6.75,23.81,10.32,False,False,0.4,False,76.19,73.17,1.375,2.55,13.28,-6.98,-5.98,-4.9,1.17,8.68,181,118549343.51,82.89,-8.69,97.39,-22.28,-6.72,49.0,False,BELOW_SMA50|NOT_NEAR_UNBROKEN_PIVOT|WEAK_RS,751
FND,2026-09-29,47.07,80.08,COILED,INSIDE_COIL,NONE,26.19,15.48,3.97,12.3,False,False,6.35,True,49.67,45.59,0.514,4.07,10.75,-6.37,-17.19,-11.01,3.44,5.8,402,123479687.88,52.43,-10.22,63.25,-25.58,-23.22,15.0,False,BELOW_SMA50|NOT_NEAR_UNBROKEN_PIVOT|WEAK_RS,751
TGT,2026-09-29,156.43,80.06,COILED,NEAR_LOWER_EDGE,NONE,13.89,18.25,7.14,9.52,False,False,4.37,False,160.8,153.55,0.967,2.53,7.74,-2.77,25.0,1.47,1.25,3.07,278,515353374.23,165.65,-5.57,170.75,-8.39,18.17,90.0,False,NOT_NEAR_UNBROKEN_PIVOT,751
ATLC,2026-09-30,87.53,80.02,COILED,NEAR_LOWER_EDGE,NONE,8.73,7.14,6.75,42.46,False,True,13.89,False,95.99,85.9,0.673,4.06,13.68,-1.92,-10.12,-9.24,2.2,4.58,999,11165446.33,97.87,-10.57,114.34,-23.45,-18.15,21.0,False,BELOW_SMA50|NOT_NEAR_UNBROKEN_PIVOT|WEAK_RS,752
KEEL,2026-09-30,3.53,79.96,COILED,INSIDE_COIL,NONE,3.17,13.89,23.41,23.41,False,True,9.52,False,4.23,3.3,0.915,7.83,35.13,14.98,-20.5,-3.26,7.56,11.64,43,113672507.15,4.23,-16.55,7.37,-52.1,-36.9,4.0,False,POST_GAP_COIL|BELOW_SMA50|NOT_NEAR_UNBROKEN_PIVOT|LOW_LIQUIDITY|WEAK_RS,752
WOLF,2026-09-30,28.13,79.96,COILED,INSIDE_COIL,NONE,9.87,5.83,12.82,10.04,False,False,18.85,False,29.6,23.07,1.233,7.59,23.57,6.92,-21.86,4.6,7.41,9.06,69,60729743.56,29.7,-5.29,80.82,-65.19,-39.39,3.0,False,NOT_NEAR_UNBROKEN_PIVOT|WEAK_RS,253
DRD,2026-09-29,24.49,79.92,COILED,NEAR_LOWER_EDGE,NONE,2.78,5.56,11.9,48.41,False,False,5.16,True,26.68,24.05,0.386,4.03,19.93,-10.82,14.75,-1.16,4.81,11.73,28,7005040.62,28.9304,-15.35,32.1017,-23.71,15.68,88.0,False,POST_GAP_COIL|NOT_NEAR_UNBROKEN_PIVOT,751
OBK,2026-09-30,52.25,79.9,COILED,NEAR_LOWER_EDGE,NONE,6.75,5.95,8.33,28.97,False,False,10.32,False,54.66,52.35,1.187,1.83,6.03,-0.87,2.3,-2.52,1.27,1.5,999,8846955.45,54.95,-4.91,55.316,-5.54,-1.61,63.0,False,WEAK_RS,752
LII,2026-09-29,360.16,79.9,COILED,NEAR_LOWER_EDGE,NONE,6.75,23.02,10.32,10.71,False,False,3.17,False,377.84,355.58,1.201,3.09,12.77,-5.87,-36.59,-12.72,4.32,9.76,999,183409157.95,396.21,-9.1,587.27,-38.67,-39.66,3.0,False,BELOW_SMA50|NOT_NEAR_UNBROKEN_PIVOT|WEAK_RS,751
ALGT,2026-09-29,77.03,79.84,COILED,INSIDE_COIL,NONE,9.13,24.21,3.97,12.3,False,False,19.05,True,85.0,74.78,0.636,4.76,16.66,1.29,-33.38,-9.58,3.64,8.36,120,39035805.29,85.0,-9.38,123.63,-37.69,-37.01,4.0,False,BELOW_SMA50|NOT_NEAR_UNBROKEN_PIVOT|WEAK_RS,751
CRAI,2026-09-30,164.15,79.82,COILED,NEAR_UPPER_EDGE,NONE,7.14,29.76,5.95,8.73,False,False,1.98,False,166.4,156.97,1.381,3.42,11.29,-4.83,5.99,-3.44,3.01,10.27,47,20913788.25,176.2,-6.84,193.7589,-15.28,10.32,83.0,False,POST_GAP_COIL|BELOW_SMA50|NOT_NEAR_UNBROKEN_PIVOT,752
RACE,2026-09-29,402.05,79.82,COILED,NEAR_LOWER_EDGE,NONE,12.3,21.03,3.17,8.73,False,False,23.81,True,419.8,394.61,0.532,2.13,6.27,-4.86,2.6,-1.09,2.86,3.3,243,151840129.34,424.77,-5.35,437.15,-8.03,5.48,77.0,False,NOT_NEAR_UNBROKEN_PIVOT,751
PRCH,2026-09-30,16.66,79.82,COILED,INSIDE_COIL,NONE,11.51,18.65,10.32,1.19,False,False,12.7,False,17.5,15.49,0.765,5.12,17.29,-4.0,13.49,3.82,2.43,23.79,43,26135275.43,18.37,-9.31,17.958,-7.23,1.74,71.0,False,POST_GAP_COIL|NOT_NEAR_UNBROKEN_PIVOT,752
ECL,2026-09-29,277.87,79.82,COILED,NEAR_UPPER_EDGE,NONE,5.56,29.37,0.4,15.08,False,False,19.05,True,281.27,267.83,0.934,1.87,5.9,-1.62,-1.8,0.02,1.11,2.44,543,325607016.83,285.5514,-2.69,294.5475,-5.66,-2.52,61.0,False,WEAK_RS,751
PPTA,2026-09-29,21.53,79.78,COILED,NEAR_LOWER_EDGE,NONE,7.14,14.68,5.16,18.25,False,False,13.89,False,24.84,21.79,0.574,5.34,19.81,-13.67,1.84,-6.38,5.39,7.18,325,21375940.52,25.606,-15.92,34.15,-36.95,1.19,70.0,False,BELOW_SMA50|NOT_NEAR_UNBROKEN_PIVOT,751
HBM,2026-09-29,27.01,79.68,COILED,INSIDE_COIL,NONE,20.24,33.33,2.38,1.98,False,False,5.56,True,27.92,24.74,0.488,4.69,18.81,-5.73,15.75,2.01,7.74,7.74,283,107668407.27,29.9524,-9.82,32.1332,-15.94,11.91,84.0,False,NOT_NEAR_UNBROKEN_PIVOT,751
YSS,2026-09-30,8.65,79.67,COILED,INSIDE_COIL,NONE,20.13,4.49,17.33,25.45,False,True,7.5,False,10.04,7.8,0.965,8.93,29.94,-1.93,-62.26,-20.28,2.82,12.6,32,33227548.22,10.04,-13.84,44.54,-80.58,-67.34,0.0,False,POST_GAP_COIL|BELOW_SMA50|NOT_NEAR_UNBROKEN_PIVOT|WEAK_RS,169
ZLAB,2026-09-29,25.93,79.65,COILED,INSIDE_COIL,NONE,28.97,12.7,12.3,1.59,False,True,15.48,False,27.14,24.42,1.267,4.01,14.89,1.85,35.9,8.51,4.27,5.17,287,21672600.46,27.5,-5.71,27.5,-5.71,33.96,95.0,False,EXTENDED_60D_RUN|NOT_NEAR_UNBROKEN_PIVOT,751
OSIS,2026-09-29,192.3,79.64,COILED,NEAR_LOWER_EDGE,NONE,0.79,11.11,17.86,37.7,False,True,25.0,True,206.38,192.29,0.52,3.25,10.59,-7.51,-12.92,-9.56,2.14,10.13,26,46985543.57,210.8,-8.78,311.72,-38.31,-14.59,29.0,False,POST_GAP_COIL|BELOW_SMA50|NOT_NEAR_UNBROKEN_PIVOT|WEAK_RS,751
ACHR,2026-09-29,5.06,79.6,COILED,NEAR_LOWER_EDGE,NONE,9.52,19.44,3.97,8.73,False,False,16.67,False,5.8,5.12,1.0,5.99,18.58,-12.46,-5.77,-9.75,3.13,14.67,35,128103084.31,5.96,-15.1,7.29,-30.59,4.46,76.0,False,POST_GAP_COIL|BELOW_SMA50|NOT_NEAR_UNBROKEN_PIVOT,751
SKY,2026-09-29,86.69,79.52,COILED,INSIDE_COIL,NONE,20.24,11.9,5.95,9.52,False,False,9.52,False,90.02,82.12,0.854,3.33,11.12,-2.89,3.6,-0.46,2.66,4.16,337,45929353.73,90.21,-3.9,96.59,-10.25,-4.14,56.0,False,WEAK_RS,751
LAMR,2026-09-29,145.96,79.42,COILED,NEAR_UPPER_EDGE,NONE,1.98,1.19,16.67,36.51,False,False,7.54,False,148.1955,142.22,1.247,1.63,5.94,-0.93,-6.58,-3.44,0.97,1.55,999,72371819.57,150.8948,-3.27,164.4606,-11.25,-7.88,47.0,False,BELOW_SMA50|WEAK_RS,751
BELFA,2026-09-29,198.34,79.38,COILED,INSIDE_COIL,NONE,9.13,33.33,1.98,1.98,False,False,9.52,False,209.25,188.01,1.255,4.25,11.3,-3.14,-16.29,-7.75,3.82,4.86,652,16886285.06,210.42,-5.74,293.435,-32.41,-34.39,5.0,False,BELOW_SMA50|NOT_NEAR_UNBROKEN_PIVOT|WEAK_RS,751
UNH,2026-09-29,374.94,79.35,COILED,INSIDE_COIL,NONE,0.4,3.97,43.25,39.68,True,False,1.19,False,383.8,366.0,0.935,2.29,10.15,-3.12,-9.75,-5.22,1.24,7.38,169,1954636576.27,404.0421,-7.2,458.7949,-18.28,-11.75,36.0,False,BELOW_SMA50|NOT_NEAR_UNBROKEN_PIVOT|WEAK_RS,751
EBC,2026-09-29,20.98,79.33,COILED,RANGE_EXIT_CONFIRMED,DOWN_EXPANSION_CONFIRMED,6.75,3.17,5.95,36.9,False,False,13.1,False,22.1,21.025,1.338,1.99,6.88,-3.81,-6.99,-5.94,0.93,1.71,999,53769514.21,22.239,-5.66,23.6146,-11.16,-7.54,48.0,False,ALREADY_EXPANDING|BELOW_SMA50|NOT_NEAR_UNBROKEN_PIVOT|WEAK_RS,751
WPP,2026-09-29,25.26,79.28,COILED,NEAR_LOWER_EDGE,NONE,38.89,18.65,0.4,3.17,False,False,4.37,True,26.34,24.9,0.568,3.07,9.38,-1.25,45.51,3.41,7.35,25.86,37,8715326.43,26.34,-4.1,27.78,-9.07,60.56,99.0,False,POST_GAP_COIL|EXTENDED_60D_RUN,751
NIC,2026-09-29,163.57,79.27,COILED,RANGE_EXIT_CONFIRMED,DOWN_EXPANSION_CONFIRMED,9.13,16.67,9.13,18.65,False,False,6.35,False,173.34,163.76,2.854,2.26,6.47,-3.2,-1.33,-4.25,1.54,1.8,999,26303811.86,173.88,-5.93,179.6173,-8.93,-3.41,58.0,False,ALREADY_EXPANDING|BELOW_SMA50|NOT_NEAR_UNBROKEN_PIVOT|WEAK_RS,751
KTOS,2026-09-29,43.05,79.25,COILED,NEAR_LOWER_EDGE,NONE,2.38,15.48,0.79,32.54,False,False,14.29,False,49.68,43.91,0.864,5.52,20.46,-15.56,-19.59,-16.41,2.29,13.5,38,188301799.93,52.03,-17.26,79.44,-45.81,-16.17,25.0,False,POST_GAP_COIL|BELOW_SMA50|NOT_NEAR_UNBROKEN_PIVOT|WEAK_RS,751
LLY,2026-09-29,1184.63,79.23,COILED,NEAR_UPPER_EDGE,NONE,0.4,13.1,7.94,39.29,False,False,3.97,False,1197.79,1131.59,0.593,2.63,7.13,2.41,-1.14,0.59,2.7,5.23,363,2594541319.3,1197.79,-1.1,1292.65,-8.36,-3.61,58.0,False,WEAK_RS,751
RERE,2026-09-30,3.73,79.21,COILED,NEAR_LOWER_EDGE,NONE,0.79,2.78,9.92,49.6,False,False,4.37,False,4.065,3.78,1.0,3.12,14.75,-9.9,-7.21,-9.72,1.52,8.5,310,2406293.51,4.28,-12.85,5.2,-28.27,-11.09,38.0,False,BELOW_SMA50|NOT_NEAR_UNBROKEN_PIVOT|LOW_LIQUIDITY|WEAK_RS,752
COLD,2026-09-29,14.31,79.17,COILED,INSIDE_COIL,NONE,32.94,16.27,3.17,1.19,False,False,1.19,False,14.8808,13.9163,0.915,3.32,11.14,-2.74,-9.8,-0.71,1.45,9.19,999,51768360.72,14.8808,-3.84,16.613,-13.86,-10.02,41.0,False,WEAK_RS,751
RNR,2026-09-29,324.53,79.11,COILED,NEAR_LOWER_EDGE,NONE,23.81,16.67,4.76,3.97,False,False,8.33,False,334.2,321.8,1.241,1.97,6.49,-0.83,0.56,-0.15,1.45,1.77,999,98544642.75,339.8181,-4.5,335.5534,-3.29,0.02,68.0,False,WEAK_RS,751
SHC,2026-09-29,18.6,79.07,COILED,INSIDE_COIL,NONE,7.54,9.13,11.9,24.6,False,True,30.16,False,19.64,18.17,1.014,2.38,8.76,-1.59,4.14,0.15,1.6,4.64,286,36882999.01,19.64,-5.3,19.788,-6.0,2.27,73.0,False,NOT_NEAR_UNBROKEN_PIVOT,751
FLY,2026-09-29,22.86,79.07,COILED,INSIDE_COIL,NONE,10.32,6.35,5.56,13.89,False,False,29.37,False,25.58,19.56,1.585,7.37,26.33,8.24,-18.36,1.36,3.45,4.63,101,65035075.34,25.58,-10.63,62.17,-63.23,-24.76,13.0,False,NOT_NEAR_UNBROKEN_PIVOT|WEAK_RS,288
PSEC,2026-09-30,2.08,79.03,COILED,RANGE_EXIT_CONFIRMED,DOWN_EXPANSION_CONFIRMED,3.57,8.33,2.78,26.19,False,False,27.38,False,2.2337,2.11,1.27,2.55,7.39,-4.35,-0.89,-3.97,0.94,1.42,999,9813462.5,2.2436,-7.29,2.6478,-21.44,-8.53,44.0,False,ALREADY_EXPANDING|BELOW_SMA50|NOT_NEAR_UNBROKEN_PIVOT|LOW_LIQUIDITY|WEAK_RS,752
B,2026-09-29,41.24,78.98,COILED,NEAR_LOWER_EDGE,NONE,16.27,13.89,6.35,28.97,False,False,9.13,True,44.18,40.6,0.517,3.4,12.63,-8.01,8.63,-2.05,4.64,5.63,999,375421678.79,45.81,-9.98,48.9516,-15.75,10.19,83.0,False,NOT_NEAR_UNBROKEN_PIVOT,751
MCBS,2026-09-30,34.28,78.97,COILED,NEAR_LOWER_EDGE,NONE,9.92,1.59,13.89,34.92,False,False,4.76,False,35.765,34.08,1.175,1.95,5.91,-1.01,-3.81,-3.09,0.9,2.38,999,2851197.6,36.035,-4.87,37.1566,-7.74,-8.83,44.0,False,BELOW_SMA50|LOW_LIQUIDITY|WEAK_RS,752
BAP,2026-09-29,384.03,78.96,COILED,INSIDE_COIL,NONE,8.33,25.0,9.52,23.81,False,False,5.95,True,395.0,369.71,0.757,2.45,7.94,4.82,-2.11,0.35,1.85,2.54,999,120914145.88,395.0,-2.78,413.25,-7.07,-3.94,57.0,False,WEAK_RS,751
CTBI,2026-09-30,74.22,78.93,COILED,NEAR_LOWER_EDGE,NONE,5.95,14.68,12.7,25.0,False,False,4.37,False,77.35,73.62,0.914,1.86,6.14,-1.07,3.83,-2.77,0.87,2.17,999,8688513.4,78.1803,-5.07,79.191,-6.28,-1.39,64.0,False,NOT_NEAR_UNBROKEN_PIVOT|WEAK_RS,752
FUTU,2026-09-29,112.98,78.91,COILED,INSIDE_COIL,NONE,3.97,0.79,27.78,26.98,False,False,3.57,False,117.042,108.1,0.714,3.16,12.84,-7.5,15.09,1.3,2.7,7.52,88,99060281.76,124.05,-8.92,168.96,-33.13,18.01,90.0,False,NOT_NEAR_UNBROKEN_PIVOT,751
GBCI,2026-09-29,43.67,78.89,COILED,NEAR_LOWER_EDGE,NONE,3.17,0.4,18.65,42.06,False,False,2.38,False,46.24,43.87,0.846,2.01,8.11,-5.7,-16.36,-7.95,1.28,1.99,999,46734922.87,47.15,-7.38,54.58,-19.99,-17.32,23.0,False,BELOW_SMA50|NOT_NEAR_UNBROKEN_PIVOT|WEAK_RS,751
JD,2026-09-29,26.3,78.87,COILED,NEAR_LOWER_EDGE,NONE,7.14,1.59,13.89,26.59,False,False,17.46,False,27.715,26.39,1.112,1.89,8.27,-6.87,-1.79,-10.08,2.02,3.7,502,163847051.95,28.71,-8.39,34.3,-23.32,0.7,70.0,False,BELOW_SMA50|NOT_NEAR_UNBROKEN_PIVOT,751
GS-PA,2026-09-30,19.08,78.87,COILED,NEAR_UPPER_EDGE,NONE,7.14,2.38,22.62,22.22,False,False,9.13,False,19.24,18.9201,0.833,0.7,1.94,0.1,-0.28,-0.07,0.63,0.68,999,1093190.88,19.24,-0.83,19.5565,-2.44,-1.97,62.0,False,LOW_LIQUIDITY|WEAK_RS,752
EHC,2026-09-29,123.56,78.85,COILED,NEAR_UPPER_EDGE,NONE,5.16,27.78,3.17,9.13,False,False,17.06,False,125.28,119.48,0.894,2.3,5.08,2.79,15.49,3.06,1.1,12.54,37,105163895.16,125.28,-1.37,127.5,-3.09,19.95,91.0,False,POST_GAP_COIL,751
NSSC,2026-09-30,35.62,78.81,COILED,INSIDE_COIL,NONE,8.33,25.0,6.75,15.08,False,False,19.44,True,36.95,34.52,0.476,3.13,7.81,1.56,-6.79,-3.28,1.71,21.19,26,13293709.37,37.3006,-4.51,51.5222,-30.86,-7.98,46.0,False,POST_GAP_COIL|BELOW_SMA50|WEAK_RS,752
VIPS,2026-09-29,12.38,78.81,COILED,INSIDE_COIL,NONE,5.95,4.76,26.19,19.44,False,False,5.95,False,12.81,12.02,0.826,2.5,11.79,-5.5,-7.13,-10.26,1.14,2.73,502,36815167.88,13.5,-8.3,15.87,-21.99,-9.15,43.0,False,BELOW_SMA50|NOT_NEAR_UNBROKEN_PIVOT|WEAK_RS,751
EYE,2026-09-30,16.38,78.77,COILED,INSIDE_COIL,NONE,41.67,38.89,3.97,14.68,True,True,0.79,False,17.12,15.91,1.009,4.64,11.97,-1.86,-17.19,-12.45,2.13,2.25,351,39412965.2,17.77,-7.82,26.92,-39.15,-16.31,24.0,False,BELOW_SMA50|NOT_NEAR_UNBROKEN_PIVOT|WEAK_RS,752
CHD,2026-09-29,94.95,78.75,COILED,NEAR_LOWER_EDGE,NONE,1.98,5.56,40.08,11.11,False,False,0.4,False,97.04,93.38,0.759,1.78,8.7,-4.84,-2.27,-3.57,1.34,2.06,999,173595792.66,101.34,-6.31,103.9929,-8.7,-4.21,56.0,False,BELOW_SMA50|NOT_NEAR_UNBROKEN_PIVOT|WEAK_RS,751
WKC,2026-09-29,35.84,78.73,COILED,NEAR_UPPER_EDGE,NONE,1.59,34.52,3.57,11.51,False,False,10.71,False,36.2446,34.6252,1.892,2.56,4.73,0.9,8.75,-1.23,1.33,10.28,46,41237085.79,36.2446,-1.12,40.9342,-12.44,6.99,79.0,False,POST_GAP_COIL,751
FN,2026-09-29,424.12,78.71,COILED,NEAR_UPPER_EDGE,NONE,15.08,16.67,8.33,18.65,False,False,3.17,False,420.49,373.7,0.816,5.09,12.92,2.71,-15.3,-6.24,5.9,15.15,29,306325124.51,428.5,-1.02,748.89,-43.37,-27.06,11.0,False,POST_GAP_COIL|BELOW_SMA50|WEAK_RS,751
INCY,2026-09-29,123.2,78.67,COILED,INSIDE_COIL,NONE,22.62,17.06,8.33,8.33,False,False,3.17,False,128.72,119.97,0.992,2.72,8.14,-0.02,6.56,-0.28,2.08,2.81,386,191668185.96,130.0,-5.23,132.6,-7.09,6.16,78.0,False,NOT_NEAR_UNBROKEN_PIVOT,751
STAG,2026-09-29,36.502,78.67,COILED,NEAR_LOWER_EDGE,NONE,16.67,18.25,3.17,19.44,False,False,18.65,True,37.5508,36.126,0.672,1.55,4.04,-0.97,-5.65,-2.12,0.85,1.52,999,62730712.7,37.6003,-2.92,42.1618,-13.42,-5.59,53.0,False,WEAK_RS,751
FIX,2026-09-29,1665.05,78.61,COILED,NEAR_UPPER_EDGE,NONE,9.13,22.62,3.17,24.21,False,False,5.16,False,1689.28,1567.36,1.5,4.31,12.05,7.73,-7.09,0.11,7.61,11.13,42,511719548.09,1695.5699,-1.8,2072.1044,-19.64,-18.46,21.0,False,POST_GAP_COIL|WEAK_RS,751
HCSG,2026-09-29,20.9,78.57,COILED,NEAR_LOWER_EDGE,NONE,0.4,0.4,3.97,46.83,False,False,23.02,False,22.4,20.7,0.566,2.54,8.18,-4.96,-15.11,-5.82,1.47,3.15,110,14389841.3,22.4,-6.7,25.75,-18.83,-17.42,22.0,False,BELOW_SMA50|NOT_NEAR_UNBROKEN_PIVOT|WEAK_RS,751
GHC,2026-09-29,1127.83,78.55,COILED,NEAR_LOWER_EDGE,NONE,22.22,9.92,22.62,13.1,False,False,3.57,True,1172.35,1111.62,0.626,2.45,7.42,-0.09,-4.58,-2.93,1.52,1.7,999,41820893.72,1172.35,-3.8,1262.35,-10.66,-3.55,58.0,False,WEAK_RS,751
NEXA,2026-09-30,12.19,78.46,COILED,INSIDE_COIL,NONE,21.43,28.17,12.7,40.87,True,True,6.35,False,13.355,11.8,1.333,5.29,24.45,-7.09,-4.45,-9.79,6.54,6.54,62,9547596.12,14.78,-17.52,16.717,-27.08,-0.22,67.0,False,BELOW_SMA50|NOT_NEAR_UNBROKEN_PIVOT|WEAK_RS,752
AZZ,2026-09-29,135.29,78.45,COILED,INSIDE_COIL,NONE,1.98,20.24,6.35,11.11,False,False,27.78,False,139.36,128.95,0.724,2.65,9.72,-1.36,-11.17,-5.02,1.89,3.24,243,32475054.49,142.1,-4.79,161.9289,-16.45,-15.11,27.0,False,BELOW_SMA50|WEAK_RS,751
ANAB,2026-09-30,50.26,78.43,COILED,NEAR_LOWER_EDGE,NONE,3.17,7.54,17.06,52.38,True,False,21.03,False,56.04,49.45,1.662,4.8,18.66,-9.08,-25.35,-8.93,2.32,2.98,213,31550079.56,58.77,-14.48,72.36,-30.54,-25.7,12.0,False,BELOW_SMA50|NOT_NEAR_UNBROKEN_PIVOT|WEAK_RS,752
URGN,2026-09-29,40.45,78.35,COILED,NEAR_LOWER_EDGE,NONE,1.19,11.11,5.16,34.13,False,False,20.24,False,45.325,39.72,1.306,4.76,18.15,-6.13,8.13,-7.95,3.06,5.64,340,32121797.96,47.06,-14.05,50.81,-20.39,7.4,80.0,False,BELOW_SMA50|NOT_NEAR_UNBROKEN_PIVOT,751
NNI,2026-09-29,124.03,78.35,COILED,NEAR_LOWER_EDGE,NONE,0.4,0.4,10.71,46.03,False,False,16.27,False,128.74,123.57,0.768,1.76,4.17,-0.73,-7.41,-3.5,1.31,4.04,999,18779472.85,128.74,-3.66,143.6357,-13.65,-9.25,43.0,False,BELOW_SMA50|WEAK_RS,751
STBA,2026-09-29,48.76,78.33,COILED,RANGE_EXIT_CONFIRMED,DOWN_EXPANSION_CONFIRMED,11.11,11.51,10.71,17.46,False,False,15.87,False,51.0,48.86,1.284,1.73,5.56,-1.46,-0.49,-3.29,0.98,2.82,999,14508763.87,51.0,-4.39,53.1119,-8.19,-2.44,61.0,False,ALREADY_EXPANDING|BELOW_SMA50|WEAK_RS,751
PL,2026-09-29,16.38,78.33,COILED,INSIDE_COIL,NONE,13.49,17.06,17.06,5.95,False,False,8.33,False,18.18,15.6,1.483,6.5,29.18,-17.48,-46.92,-18.78,7.03,7.03,79,228070651.08,20.38,-19.63,51.76,-68.35,-53.07,1.0,False,BELOW_SMA50|NOT_NEAR_UNBROKEN_PIVOT|WEAK_RS,751
AMTB,2026-09-30,28.67,78.31,COILED,RANGE_EXIT_CONFIRMED,DOWN_EXPANSION_CONFIRMED,14.68,28.97,1.98,2.38,False,False,14.68,False,30.24,28.68,1.403,2.66,6.1,0.84,12.56,-1.18,1.69,2.9,360,10469012.81,30.24,-5.19,30.5057,-6.02,7.42,80.0,False,ALREADY_EXPANDING|NOT_NEAR_UNBROKEN_PIVOT,752
GDRX,2026-09-30,3.29,78.31,COILED,NEAR_LOWER_EDGE,NONE,17.86,0.79,13.89,30.56,False,False,3.97,False,3.5,3.23,1.333,3.5,10.64,-4.91,8.58,-3.52,1.2,4.59,149,3039393.75,3.585,-8.23,3.89,-15.42,5.0,77.0,False,BELOW_SMA50|NOT_NEAR_UNBROKEN_PIVOT|LOW_LIQUIDITY,752
WDC,2026-09-29,453.48,78.31,COILED,INSIDE_COIL,NONE,5.16,36.51,6.35,8.73,False,False,5.16,False,475.66,407.12,0.675,5.95,19.49,0.68,-21.44,-4.06,6.68,17.39,37,2957946567.2,495.49,-8.48,799.6133,-43.29,-31.5,7.0,False,POST_GAP_COIL|BELOW_SMA50|NOT_NEAR_UNBROKEN_PIVOT|WEAK_RS,751
SNA,2026-09-29,367.08,78.25,COILED,NEAR_LOWER_EDGE,NONE,0.4,7.14,10.71,44.44,False,False,9.52,False,379.74,366.99,1.173,1.67,6.12,-4.98,-10.7,-6.17,1.14,1.22,999,106857910.93,390.76,-6.06,420.4116,-12.69,-10.73,39.0,False,BELOW_SMA50|NOT_NEAR_UNBROKEN_PIVOT|WEAK_RS,751
LAR,2026-09-30,5.5,78.24,COILED,INSIDE_COIL,NONE,3.97,1.19,48.41,55.16,True,True,5.16,False,6.11,5.3,0.818,5.57,31.45,-17.04,-26.27,-12.21,3.7,6.34,247,10382677.15,7.03,-21.76,12.05,-54.36,-35.2,5.0,False,BELOW_SMA50|NOT_NEAR_UNBROKEN_PIVOT|WEAK_RS,752
FCEL,2026-09-30,16.42,78.22,COILED,INSIDE_COIL,NONE,35.71,28.97,15.48,15.08,True,True,9.92,False,18.87,15.09,1.081,8.71,30.69,-3.86,-36.75,-12.51,10.42,18.41,19,108001878.63,18.87,-12.98,37.88,-56.65,-51.03,1.0,False,POST_GAP_COIL|BELOW_SMA50|NOT_NEAR_UNBROKEN_PIVOT|WEAK_RS,752
ZGN,2026-09-29,12.62,78.21,COMPRESSED,NEAR_UPPER_EDGE,NONE,28.57,18.65,25.4,26.59,True,True,21.83,True,12.84,11.445,0.746,3.27,16.72,-7.07,-6.38,-6.11,2.29,5.76,378,16381241.66,13.7,-7.88,15.95,-20.88,-4.57,55.0,False,BELOW_SMA50|NOT_NEAR_UNBROKEN_PIVOT|WEAK_RS,751
VST,2026-09-29,140.83,78.1,COILED,INSIDE_COIL,NONE,4.37,0.4,20.24,44.44,False,False,1.59,False,145.8711,135.77,1.743,3.18,14.18,2.69,-10.28,-2.68,2.95,3.63,180,656586523.99,154.6467,-8.93,171.0698,-17.68,-13.59,31.0,False,NOT_NEAR_UNBROKEN_PIVOT|WEAK_RS,751
ARCB,2026-09-29,128.87,78.08,COILED,INSIDE_COIL,NONE,2.38,21.43,19.84,39.29,False,True,1.98,False,137.28,124.06,0.769,3.89,13.91,-6.6,-9.4,-6.96,1.8,1.87,347,31349751.87,141.99,-9.24,176.5332,-27.0,-12.66,33.0,False,BELOW_SMA50|NOT_NEAR_UNBROKEN_PIVOT|WEAK_RS,751
TKR,2026-09-29,117.26,78.08,COILED,INSIDE_COIL,NONE,1.59,29.37,14.68,15.87,False,False,2.78,False,119.92,114.58,0.822,2.65,8.89,-2.65,-17.41,-6.88,2.68,7.35,999,111524971.18,125.0,-6.19,145.9765,-19.67,-21.61,16.0,False,BELOW_SMA50|NOT_NEAR_UNBROKEN_PIVOT|WEAK_RS,751
NTES,2026-09-29,121.82,78.07,COILED,NEAR_UPPER_EDGE,NONE,25.4,19.84,5.95,3.57,False,False,21.03,True,121.8,114.38,0.517,2.27,6.47,0.44,-6.63,-0.68,4.55,7.63,692,75430197.33,122.8743,-0.86,136.1109,-10.5,-7.06,49.0,False,WEAK_RS,751
DHC,2026-09-29,7.93,78.07,COILED,INSIDE_COIL,NONE,0.4,2.78,36.11,38.89,False,False,1.59,True,8.28,7.6,0.727,3.13,10.84,4.76,-12.57,-4.06,1.39,5.28,351,15547318.35,8.28,-4.23,9.66,-17.91,-17.15,23.0,False,BELOW_SMA50|WEAK_RS,751
SXT,2026-09-29,128.72,78.06,COILED,INSIDE_COIL,NONE,0.79,0.4,36.51,28.97,False,False,0.4,False,133.16,125.31,0.836,2.18,10.06,-4.61,3.77,-0.53,1.98,2.52,156,42970602.47,138.26,-6.9,138.82,-7.28,2.24,73.0,False,NOT_NEAR_UNBROKEN_PIVOT,751
EOS,2026-09-30,21.3,78.04,COILED,NEAR_UPPER_EDGE,NONE,21.03,9.92,15.48,3.97,False,False,13.89,False,21.63,20.72,1.0,1.13,4.27,0.11,-1.0,-0.13,1.04,1.09,999,3029968.18,21.63,-1.53,22.4661,-5.19,-4.1,56.0,False,LOW_LIQUIDITY|WEAK_RS,752
UBSI,2026-09-29,46.15,78.02,COILED,NEAR_LOWER_EDGE,NONE,9.13,11.11,9.92,20.24,False,False,19.44,False,48.25,46.04,1.635,1.59,5.01,-1.29,0.07,-2.73,0.79,0.87,999,52371445.84,48.25,-4.35,49.2216,-6.24,-1.0,65.0,False,WEAK_RS,751
PLAB,2026-09-29,31.07,78.0,COILED,NEAR_UPPER_EDGE,NONE,1.98,6.75,26.59,51.19,False,True,15.08,True,30.58,26.93,0.628,3.75,13.39,10.41,6.4,2.95,5.73,27.08,23,28102140.27,30.58,1.6,56.0,-44.52,-7.0,49.0,False,POST_GAP_COIL|NOT_NEAR_UNBROKEN_PIVOT|WEAK_RS,751
HST,2026-09-29,22.44,77.98,COILED,INSIDE_COIL,NONE,6.35,9.52,5.56,19.84,False,False,31.75,False,22.9,21.53,1.395,2.0,6.19,2.33,-3.48,-2.6,1.13,5.53,999,181564488.42,22.9,-2.01,25.71,-12.72,-7.87,47.0,False,WEAK_RS,751
MGRT,2026-09-30,100.01,77.92,COILED,RANGE_EXIT_CONFIRMED,DOWN_EXPANSION_CONFIRMED,15.87,9.52,14.29,10.32,False,True,37.3,False,129.75,116.99,11.69,5.91,38.97,-7.39,34.24,-4.65,11.08,11.08,19,850930.03,138.98,-28.04,170.0,-41.17,31.53,94.0,False,ALREADY_EXPANDING|POST_GAP_COIL|EXTENDED_60D_RUN|BELOW_SMA50|NOT_NEAR_UNBROKEN_PIVOT|LOW_LIQUIDITY,305
ATS,2026-09-29,18.3,77.88,COILED,RANGE_EXIT_CONFIRMED,DOWN_EXPANSION_CONFIRMED,9.92,24.6,9.52,21.03,False,True,21.03,False,19.63,18.62,1.563,3.19,7.6,-4.98,-35.72,-14.01,2.55,12.09,37,5594087.24,19.67,-6.96,35.82,-48.91,-38.93,3.0,False,ALREADY_EXPANDING|POST_GAP_COIL|BELOW_SMA50|NOT_NEAR_UNBROKEN_PIVOT|WEAK_RS,751
FMX,2026-09-29,119.61,77.86,COILED,INSIDE_COIL,NONE,29.76,5.95,10.71,13.89,False,False,5.16,False,122.39,117.02,1.074,2.21,6.14,-0.66,-6.89,-1.64,1.04,2.47,999,44552639.33,122.85,-2.64,141.47,-15.45,-7.7,47.0,False,WEAK_RS,751
GCT,2026-09-30,51.68,77.76,COILED,INSIDE_COIL,NONE,1.59,42.46,1.98,5.95,False,False,14.29,False,55.598,49.34,1.254,5.11,16.18,9.1,53.4,4.59,1.99,3.81,149,33996187.63,55.598,-7.05,56.27,-8.16,53.52,98.0,False,EXTENDED_60D_RUN|NOT_NEAR_UNBROKEN_PIVOT,752
BFST,2026-09-30,30.09,77.74,COILED,RANGE_EXIT_CONFIRMED,DOWN_EXPANSION_CONFIRMED,7.54,2.78,15.87,32.94,False,False,13.89,False,31.485,30.16,1.542,1.61,6.48,-1.92,-0.26,-3.78,1.08,1.51,999,6418956.08,31.9,-5.67,32.3739,-7.05,-6.3,51.0,False,ALREADY_EXPANDING|BELOW_SMA50|NOT_NEAR_UNBROKEN_PIVOT|WEAK_RS,752
IART,2026-09-30,16.28,77.7,COILED,INSIDE_COIL,NONE,19.05,1.59,9.92,17.86,False,False,23.41,False,16.77,14.88,1.128,4.17,14.31,-2.05,-6.76,-3.78,3.35,6.33,102,14743662.73,17.21,-5.4,20.49,-20.55,-11.52,37.0,False,BELOW_SMA50|NOT_NEAR_UNBROKEN_PIVOT|WEAK_RS,752
GBDC,2026-09-29,12.65,77.66,COILED,NEAR_UPPER_EDGE,NONE,26.59,11.51,0.4,1.98,False,False,28.97,False,12.86,12.29,1.4,1.53,4.51,-1.33,0.89,0.09,0.8,0.94,999,17179490.55,12.8886,-1.85,13.2146,-4.27,-1.7,63.0,False,WEAK_RS,751
NWPX,2026-09-30,103.03,77.66,COILED,INSIDE_COIL,NONE,11.9,28.57,13.49,5.95,False,False,4.37,False,105.66,99.72,1.317,3.23,12.31,-5.55,-23.91,-8.54,3.54,3.54,999,13526946.59,111.75,-7.8,152.03,-32.23,-31.12,7.0,False,BELOW_SMA50|NOT_NEAR_UNBROKEN_PIVOT|WEAK_RS,752
ATAT,2026-09-29,32.85,77.62,COILED,NEAR_UPPER_EDGE,NONE,3.17,1.19,36.11,20.63,False,False,7.94,False,33.48,31.08,0.683,2.96,13.55,-6.09,1.36,-2.86,1.2,7.97,502,26239113.95,36.78,-10.69,40.5954,-19.08,0.79,70.0,False,NOT_NEAR_UNBROKEN_PIVOT,751
UVSP,2026-09-30,40.98,77.6,COILED,NEAR_LOWER_EDGE,NONE,3.57,8.33,9.92,27.38,False,False,26.19,False,43.09,40.79,1.5,1.71,6.54,-0.29,-5.72,-3.82,0.92,2.6,999,10660344.22,43.28,-5.31,45.2269,-9.39,-11.28,37.0,False,BELOW_SMA50|NOT_NEAR_UNBROKEN_PIVOT|WEAK_RS,752
LITE,2026-09-29,973.49,77.56,COILED,INSIDE_COIL,NONE,17.46,16.67,11.11,19.05,False,False,3.57,False,1002.0,832.11,1.564,6.5,21.35,6.42,33.13,12.28,7.14,9.89,224,4223004126.83,1026.76,-5.19,1085.6801,-10.33,10.94,84.0,False,EXTENDED_60D_RUN|EXTENDED_FROM_SMA50|NOT_NEAR_UNBROKEN_PIVOT,751
CTS,2026-09-29,59.18,77.56,COILED,INSIDE_COIL,NONE,0.79,15.08,18.25,34.52,False,False,16.27,True,60.89,56.3521,0.52,2.72,9.95,4.87,-1.86,-1.26,2.33,3.74,999,13716567.87,60.89,-2.81,69.4617,-14.8,-11.67,36.0,False,WEAK_RS,751
SLMBP,2026-09-30,73.81,77.52,COILED,NEAR_UPPER_EDGE,NONE,52.38,11.51,20.63,8.33,True,True,15.48,False,74.68,73.5,1.062,0.6,2.76,0.57,2.4,0.21,1.32,2.06,999,119305.75,74.75,-1.26,73.8166,-0.01,-0.97,65.0,False,LOW_LIQUIDITY|WEAK_RS,752
ETY,2026-09-30,14.05,77.5,COILED,NEAR_UPPER_EDGE,NONE,21.43,18.25,37.7,5.16,True,False,8.33,False,14.27,13.78,1.538,1.21,5.25,-1.19,-1.43,-1.28,0.79,1.18,999,4639829.43,14.5177,-3.22,14.7262,-4.59,-4.15,56.0,False,LOW_LIQUIDITY|WEAK_RS,752
ESE,2026-09-29,265.69,77.44,COILED,INSIDE_COIL,NONE,7.54,26.98,13.1,13.49,False,False,6.75,False,272.05,255.75,0.667,3.04,8.75,-2.69,-22.44,-8.18,2.27,6.09,999,68013213.13,279.0,-4.77,362.0648,-26.62,-26.6,11.0,False,BELOW_SMA50|WEAK_RS,751
CIEN,2026-09-29,354.92,77.44,COILED,INSIDE_COIL,NONE,43.25,42.86,4.76,10.32,True,True,5.56,False,376.74,320.5,0.711,6.14,19.72,-7.28,-18.19,-5.55,6.45,8.75,80,981891386.43,382.94,-7.32,637.51,-44.33,-30.17,8.0,False,BELOW_SMA50|NOT_NEAR_UNBROKEN_PIVOT|WEAK_RS,751
SPSC,2026-09-29,82.15,77.4,COILED,NEAR_UPPER_EDGE,NONE,40.87,28.17,12.7,2.78,True,False,5.56,False,83.72,78.12,0.791,3.64,15.34,-3.81,36.8,6.5,3.39,8.92,227,44619891.93,89.44,-8.15,85.54,-3.96,41.18,97.0,False,EXTENDED_60D_RUN|NOT_NEAR_UNBROKEN_PIVOT,751
ACA,2026-09-29,146.0,77.38,COILED,NEAR_UPPER_EDGE,NONE,7.54,5.95,19.84,19.84,False,False,19.84,False,146.82,145.06,1.62,0.31,1.25,0.48,0.46,0.43,0.44,0.44,999,106981797.41,146.82,-0.56,146.8694,-0.59,-1.99,62.0,False,EVENT_PRICE_PEG|WEAK_RS,751
TE,2026-09-30,3.86,77.38,COILED,INSIDE_COIL,NONE,1.19,5.95,26.19,62.7,True,False,10.32,False,4.52,3.52,0.729,8.58,45.85,-9.81,-44.46,-16.45,5.42,11.86,23,83874582.92,5.29,-27.03,12.49,-69.1,-60.47,0.0,False,POST_GAP_COIL|BELOW_SMA50|NOT_NEAR_UNBROKEN_PIVOT|LOW_LIQUIDITY|WEAK_RS,752
SLS,2026-09-29,11.51,77.28,COILED,INSIDE_COIL,NONE,21.03,24.21,41.27,35.71,True,True,0.4,True,12.15,11.03,0.375,7.76,32.67,-13.72,-17.43,-6.8,5.54,7.87,95,76982628.85,14.54,-20.84,15.88,-27.52,-24.54,14.0,False,BELOW_SMA50|NOT_NEAR_UNBROKEN_PIVOT|WEAK_RS,751
MYRG,2026-09-29,288.31,77.28,COILED,INSIDE_COIL,NONE,3.17,24.21,9.13,21.43,False,False,14.68,False,298.95,268.3,0.875,4.23,10.63,-1.07,-34.88,-8.51,3.61,6.38,354,77012237.07,298.95,-3.56,503.57,-42.75,-44.9,2.0,False,BELOW_SMA50|WEAK_RS,751
XHR,2026-09-30,18.06,77.24,COILED,NEAR_UPPER_EDGE,NONE,0.4,20.24,4.76,29.37,False,False,21.83,False,18.3785,16.9992,1.077,2.36,8.3,-0.5,-10.04,-4.59,1.18,4.45,999,16318570.63,18.4976,-2.37,21.8915,-17.5,-11.06,38.0,False,BELOW_SMA50|WEAK_RS,752
RCAT,2026-09-30,6.46,77.24,COILED,NEAR_LOWER_EDGE,NONE,1.19,0.4,42.86,57.94,True,False,1.19,False,7.95,6.37,1.289,7.02,39.24,-21.7,-30.01,-22.32,4.69,11.14,32,63198019.92,8.905,-27.46,15.79,-59.09,-41.28,2.0,False,POST_GAP_COIL|BELOW_SMA50|NOT_NEAR_UNBROKEN_PIVOT|WEAK_RS,752
DDS,2026-09-29,677.22,77.14,COILED,NEAR_UPPER_EDGE,NONE,5.56,4.76,13.1,34.13,False,False,33.73,True,687.7453,620.1053,0.683,3.18,11.52,8.24,31.15,8.84,1.81,4.88,94,122853084.12,687.7453,-1.53,651.6713,3.92,25.7,93.0,False,EXTENDED_60D_RUN,751
RYTM,2026-09-29,95.71,77.12,COILED,NEAR_LOWER_EDGE,NONE,5.16,19.84,11.11,33.33,False,False,4.37,False,102.0,95.27,1.239,4.16,14.69,-9.82,-14.3,-9.75,3.22,4.77,308,64778054.7,108.845,-12.07,119.75,-20.08,-16.31,24.0,False,BELOW_SMA50|NOT_NEAR_UNBROKEN_PIVOT|WEAK_RS,751
XPO,2026-09-29,177.37,77.1,COILED,INSIDE_COIL,NONE,5.95,14.29,26.59,32.14,False,False,4.76,True,183.97,170.45,0.439,3.53,14.72,-8.57,-14.22,-8.24,2.3,4.19,162,204847074.46,196.56,-9.76,232.05,-23.56,-16.12,25.0,False,BELOW_SMA50|NOT_NEAR_UNBROKEN_PIVOT|WEAK_RS,751
HLIO,2026-09-29,68.55,77.1,COILED,INSIDE_COIL,NONE,35.71,11.9,9.13,6.35,False,False,3.97,False,70.49,66.19,0.868,3.17,10.4,-6.12,-16.78,-8.43,2.56,3.01,289,25776880.9,73.41,-6.62,94.9078,-27.77,-25.59,12.0,False,BELOW_SMA50|NOT_NEAR_UNBROKEN_PIVOT|WEAK_RS,751
MEDP,2026-09-29,622.11,77.08,COILED,INSIDE_COIL,NONE,5.56,3.17,29.37,33.33,False,False,1.98,False,637.645,594.08,0.931,2.47,9.65,4.73,10.09,4.2,1.44,22.51,47,142281797.02,637.645,-2.44,677.9,-8.23,14.95,87.0,False,POST_GAP_COIL,751
TREX,2026-09-29,44.06,77.06,COILED,INSIDE_COIL,NONE,44.84,5.95,7.94,3.17,False,False,4.76,False,45.13,42.25,1.081,3.52,9.42,-3.33,-8.78,-3.06,2.76,5.4,224,71846562.18,46.4,-5.04,50.96,-13.54,-14.47,29.0,False,BELOW_SMA50|NOT_NEAR_UNBROKEN_PIVOT|WEAK_RS,751
SYRE,2026-09-29,84.72,77.04,COILED,INSIDE_COIL,NONE,0.79,6.75,3.97,36.9,False,False,34.13,False,95.19,82.93,0.92,5.01,14.47,-5.16,-4.53,-12.27,4.47,13.93,23,110154013.57,95.19,-11.0,110.175,-23.1,-7.09,49.0,False,POST_GAP_COIL|BELOW_SMA50|NOT_NEAR_UNBROKEN_PIVOT|WEAK_RS,751
RNST,2026-09-29,39.34,77.02,COILED,RANGE_EXIT_CONFIRMED,DOWN_EXPANSION_CONFIRMED,18.65,4.37,10.32,31.75,False,False,10.32,False,41.1375,39.58,1.55,1.97,5.81,-3.27,-7.95,-5.57,1.28,2.42,999,28443498.58,41.4159,-5.01,44.279,-11.15,-9.49,42.0,False,ALREADY_EXPANDING|BELOW_SMA50|NOT_NEAR_UNBROKEN_PIVOT|WEAK_RS,751
WRD,2026-09-29,5.26,77.02,COILED,RANGE_EXIT_CONFIRMED,DOWN_EXPANSION_CONFIRMED,3.97,9.92,13.49,19.05,False,False,30.95,False,5.95,5.33,1.585,4.53,17.97,-8.68,-6.57,-10.07,3.62,5.53,351,14370271.42,6.15,-14.47,8.41,-37.46,-12.14,35.0,False,ALREADY_EXPANDING|BELOW_SMA50|NOT_NEAR_UNBROKEN_PIVOT|WEAK_RS,482
AVAV,2026-09-29,143.24,77.01,COILED,NEAR_LOWER_EDGE,NONE,7.14,36.9,6.75,9.52,False,True,29.37,False,168.0,147.02,0.776,6.14,20.73,-3.44,-19.0,-9.79,4.51,6.38,63,349947267.32,168.0,-14.74,222.4,-35.59,-15.74,26.0,False,BELOW_SMA50|NOT_NEAR_UNBROKEN_PIVOT|WEAK_RS,751
BBDO,2026-09-29,3.06,76.94,COILED,NEAR_LOWER_EDGE,NONE,9.52,28.97,3.17,27.38,False,False,17.46,True,3.25,3.02,0.8,3.37,8.98,2.51,5.46,-2.56,1.54,1.82,349,217201.87,3.25,-5.85,3.701,-17.32,1.99,72.0,False,NOT_NEAR_UNBROKEN_PIVOT|LOW_LIQUIDITY,751
TAL,2026-09-29,11.73,76.93,COILED,NEAR_LOWER_EDGE,NONE,40.87,16.67,13.89,5.16,False,True,6.75,False,12.29,11.54,1.061,3.06,9.72,-0.09,18.37,0.21,2.08,14.51,42,54631742.44,12.53,-6.38,12.84,-8.64,20.05,91.0,False,POST_GAP_COIL|NOT_NEAR_UNBROKEN_PIVOT,751
SLAB,2026-09-29,221.17,76.9,COILED,NEAR_UPPER_EDGE,NONE,22.22,2.78,22.22,26.59,False,False,11.11,True,222.36,219.2,0.539,0.48,2.54,0.97,1.65,0.97,0.81,0.81,163,65631692.08,222.49,-0.59,220.9,0.12,-1.32,64.0,False,WEAK_RS,751
AMZN,2026-09-29,246.67,76.88,COILED,NEAR_LOWER_EDGE,NONE,11.11,13.49,9.92,36.11,False,False,18.65,True,259.49,244.3,0.749,2.27,6.82,-5.04,1.03,-3.68,2.08,12.53,41,8556605588.83,264.36,-6.69,287.2,-14.11,0.98,70.0,False,POST_GAP_COIL|BELOW_SMA50|NOT_NEAR_UNBROKEN_PIVOT,751
HBNC,2026-09-30,18.83,76.84,COILED,NEAR_LOWER_EDGE,NONE,5.56,3.17,18.25,52.78,False,False,12.3,True,19.84,18.79,0.706,1.83,7.38,-2.18,-4.12,-5.23,1.23,5.2,999,10727142.09,20.15,-6.55,21.04,-10.5,-9.85,41.0,False,BELOW_SMA50|NOT_NEAR_UNBROKEN_PIVOT|WEAK_RS,752
IAUX,2026-09-30,1.66,76.79,COILED,INSIDE_COIL,NONE,23.41,9.92,6.35,25.4,False,True,29.76,False,1.88,1.62,0.688,4.96,15.66,-2.35,17.73,0.28,3.64,7.14,349,13164024.0,1.88,-11.7,1.94,-14.43,11.97,84.0,False,NOT_NEAR_UNBROKEN_PIVOT|LOW_LIQUIDITY,752
REZI,2026-09-29,18.12,76.75,COILED,NEAR_LOWER_EDGE,NONE,1.19,34.52,18.65,43.65,False,True,5.56,True,19.3,17.96,0.75,3.99,11.48,-6.4,-18.86,-14.72,2.3,13.46,32,40119078.36,20.04,-9.58,29.0605,-37.65,-18.79,20.0,False,POST_GAP_COIL|BELOW_SMA50|NOT_NEAR_UNBROKEN_PIVOT|WEAK_RS,751
BUSE,2026-09-29,29.38,76.71,COILED,RANGE_EXIT_CONFIRMED,DOWN_EXPANSION_CONFIRMED,9.13,7.94,10.71,37.3,False,False,14.29,False,30.72,29.45,1.404,1.68,5.75,-2.39,0.51,-3.36,0.79,3.18,999,23996335.56,30.93,-5.01,31.7,-7.32,-2.04,62.0,False,ALREADY_EXPANDING|BELOW_SMA50|NOT_NEAR_UNBROKEN_PIVOT|WEAK_RS,751
DOV,2026-09-29,189.7,76.69,COILED,NEAR_UPPER_EDGE,NONE,17.46,39.68,1.98,5.56,False,False,4.37,False,192.75,184.8,1.104,2.17,5.96,-2.33,-11.43,-4.42,1.96,6.09,999,263278193.67,197.66,-4.03,233.0326,-18.6,-17.71,22.0,False,BELOW_SMA50|WEAK_RS,751
SHLS,2026-09-30,8.1,76.65,COILED,NEAR_UPPER_EDGE,NONE,10.71,0.4,29.76,26.59,False,False,7.94,False,8.24,6.71,0.988,5.74,20.12,20.9,-19.32,2.38,6.44,6.44,102,32065495.89,8.24,-1.7,13.18,-38.54,-22.48,16.0,False,RECENT_SURGE|WEAK_RS,752
CRI,2026-09-30,31.31,76.64,COILED,INSIDE_COIL,NONE,38.1,3.57,38.1,13.89,True,False,15.48,True,32.07,29.0,0.505,3.87,15.55,-2.16,-20.76,-9.68,2.87,3.77,148,48751578.57,33.73,-7.17,43.9382,-28.74,-25.82,12.0,False,BELOW_SMA50|NOT_NEAR_UNBROKEN_PIVOT|WEAK_RS,752
TAC,2026-09-29,11.79,76.63,COILED,INSIDE_COIL,NONE,24.21,11.51,10.71,23.81,False,True,23.41,False,12.41,11.42,0.643,3.06,9.33,-2.07,-13.01,-4.74,1.26,2.82,223,25789664.71,12.52,-5.83,14.7874,-20.27,-16.91,24.0,False,BELOW_SMA50|NOT_NEAR_UNBROKEN_PIVOT|WEAK_RS,751
FSUN,2026-09-29,38.62,76.59,COILED,NEAR_LOWER_EDGE,NONE,12.7,5.56,14.29,38.89,False,False,7.14,False,40.575,38.31,1.196,2.2,7.25,-3.47,-0.34,-1.77,1.2,8.73,106,15886332.12,41.11,-6.06,41.335,-6.57,-2.93,60.0,False,NOT_NEAR_UNBROKEN_PIVOT|WEAK_RS,751
FSS,2026-09-29,114.26,76.59,COILED,INSIDE_COIL,NONE,26.59,26.19,4.76,7.54,False,False,5.16,False,117.51,111.08,0.983,2.86,9.58,-2.34,-14.54,-4.37,2.38,8.04,105,49305470.9,120.88,-5.48,134.346,-14.95,-13.48,31.0,False,BELOW_SMA50|NOT_NEAR_UNBROKEN_PIVOT|WEAK_RS,751
HYMC,2026-09-29,19.38,76.57,COILED,NEAR_LOWER_EDGE,NONE,10.71,30.16,3.97,15.08,False,False,14.68,False,22.775,19.55,0.602,8.22,28.79,-17.29,-17.5,-15.55,6.51,11.05,36,46464377.17,24.2,-19.92,46.3,-58.14,-19.7,19.0,False,POST_GAP_COIL|BELOW_SMA50|NOT_NEAR_UNBROKEN_PIVOT|WEAK_RS,751
RKLB,2026-09-29,69.7,76.57,COILED,INSIDE_COIL,NONE,6.75,2.38,17.86,35.71,False,False,17.86,False,75.46,61.74,1.858,5.61,21.45,9.04,-25.13,0.06,3.81,4.72,371,1346122848.65,75.46,-7.63,151.0,-53.84,-33.95,6.0,False,NOT_NEAR_UNBROKEN_PIVOT|WEAK_RS,751
U,2026-09-29,39.72,76.55,COILED,NEAR_LOWER_EDGE,NONE,9.92,19.84,5.95,14.29,False,False,27.78,False,44.57,39.07,0.825,5.03,15.56,-5.65,33.96,-1.98,2.19,4.91,127,423936937.84,44.62,-10.98,48.46,-18.04,36.46,96.0,False,EXTENDED_60D_RUN|NOT_NEAR_UNBROKEN_PIVOT,751
TDAY,2026-09-30,6.29,76.55,COILED,NEAR_LOWER_EDGE,NONE,15.48,41.67,4.76,2.38,False,False,4.76,False,6.65,6.18,1.0,3.97,8.74,1.78,-26.69,-10.39,1.59,7.04,510,13174964.08,6.73,-6.54,9.21,-31.7,-31.52,7.0,False,BELOW_SMA50|NOT_NEAR_UNBROKEN_PIVOT|WEAK_RS,752
TOP,2026-09-30,14.99,76.53,COILED,INSIDE_COIL,NONE,15.48,34.13,1.98,3.97,False,False,17.06,False,16.2,14.55,1.408,6.49,12.44,-3.35,52.18,11.35,1.78,4.48,94,1364415.44,16.94,-11.51,17.419,-13.94,56.95,98.0,False,EXTENDED_60D_RUN|NOT_NEAR_UNBROKEN_PIVOT|LOW_LIQUIDITY,752
ALGM,2026-09-29,36.6,76.51,COILED,INSIDE_COIL,NONE,9.52,36.9,3.17,5.16,False,False,18.65,False,37.45,32.67,1.438,4.93,14.56,0.97,-35.29,-6.73,6.28,7.05,99,83456673.53,37.675,-2.85,71.77,-49.0,-49.94,1.0,False,BELOW_SMA50|WEAK_RS,751
FRMI,2026-09-29,4.28,76.5,COILED,NEAR_LOWER_EDGE,NONE,0.87,3.38,11.26,56.91,False,False,12.45,False,5.23,4.23,0.729,8.27,39.84,-13.88,-47.87,-24.66,5.87,20.24,34,84819719.08,5.91,-27.58,10.135,-57.77,-55.79,1.0,False,POST_GAP_COIL|BELOW_SMA50|NOT_NEAR_UNBROKEN_PIVOT|LOW_LIQUIDITY|WEAK_RS,250
FIBK,2026-09-29,36.0,76.49,COILED,RANGE_EXIT_CONFIRMED,DOWN_EXPANSION_CONFIRMED,16.27,8.73,5.95,33.73,False,False,15.08,False,37.7,36.02,1.262,1.91,5.61,-2.2,-7.46,-3.85,0.87,1.28,999,46689549.11,37.94,-5.11,40.1053,-10.24,-8.0,46.0,False,ALREADY_EXPANDING|BELOW_SMA50|NOT_NEAR_UNBROKEN_PIVOT|WEAK_RS,751
BIDU,2026-09-29,86.71,76.49,COILED,NEAR_LOWER_EDGE,NONE,13.89,0.4,14.29,42.46,False,False,9.52,False,93.83,86.29,0.581,2.85,15.93,-8.99,-24.2,-11.76,7.75,9.38,185,230046284.72,99.64,-12.98,152.37,-43.09,-26.65,11.0,False,BELOW_SMA50|NOT_NEAR_UNBROKEN_PIVOT|WEAK_RS,751
INVA,2026-09-30,21.21,76.48,COILED,NEAR_UPPER_EDGE,NONE,32.94,9.92,15.08,3.17,False,False,23.02,True,21.42,20.23,0.709,2.36,6.03,0.62,-4.67,0.8,1.31,3.02,999,21409480.64,21.51,-1.39,24.45,-13.25,-5.67,52.0,False,WEAK_RS,752
BH,2026-09-30,343.86,76.47,COMPRESSED,INSIDE_COIL,NONE,33.33,23.02,33.33,34.52,True,True,2.78,True,361.47,336.41,0.741,4.3,22.38,-11.83,-16.54,-8.17,7.72,7.72,999,52310085.35,413.36,-16.81,443.0,-22.38,-20.77,18.0,False,BELOW_SMA50|NOT_NEAR_UNBROKEN_PIVOT|WEAK_RS,752
FCX,2026-09-29,70.79,76.41,COILED,INSIDE_COIL,NONE,26.19,22.22,9.13,3.17,False,False,10.71,False,74.9,67.8,0.711,3.78,16.43,-6.54,16.33,0.94,7.84,7.84,109,803653939.36,78.64,-9.98,80.24,-11.78,10.32,83.0,False,NOT_NEAR_UNBROKEN_PIVOT,751
BABA,2026-09-29,107.74,76.39,COILED,NEAR_LOWER_EDGE,NONE,13.49,1.19,3.97,7.94,False,False,57.94,False,120.4,106.64,0.737,2.74,12.77,-5.51,10.04,-8.25,3.8,9.64,999,928413210.66,120.4,-10.51,145.5334,-25.97,9.74,83.0,False,BELOW_SMA50|NOT_NEAR_UNBROKEN_PIVOT,751
BTG,2026-09-29,5.34,76.33,COILED,INSIDE_COIL,NONE,35.71,21.83,8.33,1.59,False,False,15.08,True,5.64,5.07,0.577,4.25,11.23,-2.2,32.33,7.28,5.29,6.36,153,133466692.96,5.6695,-5.81,5.8787,-9.16,40.78,96.0,False,EXTENDED_60D_RUN|NOT_NEAR_UNBROKEN_PIVOT,751
FMBH,2026-09-30,48.74,76.23,COILED,NEAR_LOWER_EDGE,NONE,6.75,1.59,23.02,42.46,False,False,7.54,False,50.96,48.58,1.141,1.73,6.61,-2.11,1.78,-3.73,1.04,1.69,999,6636094.28,51.58,-5.51,53.0929,-8.2,-3.26,59.0,False,BELOW_SMA50|NOT_NEAR_UNBROKEN_PIVOT|WEAK_RS,752
PLUG,2026-09-29,1.91,76.23,COILED,INSIDE_COIL,NONE,2.38,3.57,12.3,42.06,False,False,25.4,False,2.19,1.83,0.889,5.73,26.18,-11.57,-27.65,-10.29,3.33,17.54,34,99781775.21,2.33,-18.03,4.33,-55.89,-32.04,7.0,False,POST_GAP_COIL|BELOW_SMA50|NOT_NEAR_UNBROKEN_PIVOT|LOW_LIQUIDITY|WEAK_RS,751
NGL-PC,2026-09-30,26.01,76.17,COILED,NEAR_UPPER_EDGE,NONE,6.75,9.92,18.25,19.84,False,False,25.79,False,26.1854,25.67,1.367,0.57,1.98,0.08,1.52,0.99,1.23,1.55,657,41872.35,26.1854,-0.67,26.0,0.04,-0.64,66.0,False,EVENT_PRICE_PEG|LOW_LIQUIDITY|WEAK_RS,752
SAIC,2026-09-29,128.21,76.15,COILED,RANGE_EXIT_CONFIRMED,DOWN_EXPANSION_CONFIRMED,9.52,22.22,15.48,15.87,False,False,13.49,False,136.08,129.26,1.262,2.92,10.44,-0.01,12.14,1.78,1.53,11.46,20,57862366.73,142.66,-10.13,130.98,-2.11,13.98,86.0,False,ALREADY_EXPANDING|POST_GAP_COIL|NOT_NEAR_UNBROKEN_PIVOT,751
TRMB,2026-09-29,57.34,76.13,COILED,INSIDE_COIL,NONE,5.95,30.56,11.11,9.92,False,False,19.05,False,59.89,56.01,0.74,2.77,8.7,-4.34,9.28,-0.88,1.82,2.47,999,142857666.01,61.32,-6.49,70.8,-19.01,9.52,82.0,False,NOT_NEAR_UNBROKEN_PIVOT,751
NEWP,2026-09-30,6.28,76.11,COILED,INSIDE_COIL,NONE,20.24,23.41,17.46,13.49,False,True,30.95,True,6.94,5.43,0.8,6.23,24.36,-3.53,62.27,3.15,5.29,5.5,124,5517245.26,6.96,-9.77,7.55,-16.82,54.09,98.0,False,EXTENDED_60D_RUN|NOT_NEAR_UNBROKEN_PIVOT,752
ICHR,2026-09-29,59.76,76.11,COILED,NEAR_UPPER_EDGE,NONE,12.7,13.89,9.52,23.41,False,False,21.03,False,59.75,50.02,0.818,5.73,19.58,11.55,-37.54,-6.42,9.15,13.56,42,37851001.75,59.75,0.02,113.58,-47.39,-49.29,1.0,False,POST_GAP_COIL|BELOW_SMA50|WEAK_RS,751
DFIN,2026-09-30,47.19,76.07,COILED,INSIDE_COIL,NONE,14.68,25.0,10.32,12.7,False,False,13.49,False,49.61,45.98,0.842,3.17,11.29,-2.01,4.75,-2.59,1.51,2.24,999,11129789.96,51.31,-8.03,54.4,-13.25,4.44,76.0,False,NOT_NEAR_UNBROKEN_PIVOT,752
MICC,2026-09-29,18.55,76.06,COILED,RANGE_EXIT_CONFIRMED,DOWN_EXPANSION_CONFIRMED,16.94,12.63,5.43,24.12,False,False,22.16,False,19.585,18.72,1.3,2.25,10.43,-9.16,-1.12,-3.3,2.68,4.26,93,14924959.06,20.685,-10.32,20.49,-9.47,4.03,75.0,False,ALREADY_EXPANDING|BELOW_SMA50|NOT_NEAR_UNBROKEN_PIVOT,203
TILE,2026-09-29,34.94,76.02,COILED,INSIDE_COIL,NONE,32.94,20.63,23.02,2.78,False,True,8.33,False,35.74,33.65,1.046,2.87,12.65,-7.78,0.46,-2.71,1.87,7.55,291,18387758.58,38.5682,-9.41,40.4666,-13.66,-4.95,54.0,False,NOT_NEAR_UNBROKEN_PIVOT|WEAK_RS,751
TECK,2026-09-29,64.85,76.01,COILED,INSIDE_COIL,NONE,16.27,20.24,11.11,8.33,False,False,21.43,False,69.38,63.11,0.571,3.46,14.42,-4.67,5.68,-0.76,6.72,6.91,265,194877319.48,72.4614,-10.5,71.8323,-9.72,6.7,79.0,False,NOT_NEAR_UNBROKEN_PIVOT,751
LB,2026-09-29,80.49,76.01,COILED,NEAR_LOWER_EDGE,NONE,6.75,4.76,16.67,50.4,False,False,18.65,True,88.42,80.33,0.661,3.91,12.14,-8.1,7.61,-2.01,2.06,4.18,999,19242395.83,89.15,-9.71,91.5658,-12.1,-0.8,65.0,False,NOT_NEAR_UNBROKEN_PIVOT|WEAK_RS,565
AAL,2026-09-29,13.61,76.01,COILED,INSIDE_COIL,NONE,13.1,15.87,6.75,22.22,False,False,23.41,False,14.06,12.55,0.821,3.51,11.09,1.34,-23.32,-3.52,3.61,5.41,120,926524993.22,14.06,-3.2,18.79,-27.57,-27.2,11.0,False,BELOW_SMA50|WEAK_RS,751
UPWK,2026-09-30,8.16,75.97,COILED,INSIDE_COIL,NONE,0.4,0.4,35.32,52.78,False,False,5.95,True,8.67,7.81,0.72,3.72,19.61,-11.21,-8.0,-7.02,2.03,18.21,35,22756174.71,9.41,-13.28,11.88,-31.31,-12.05,35.0,False,POST_GAP_COIL|BELOW_SMA50|NOT_NEAR_UNBROKEN_PIVOT|WEAK_RS,752
REG,2026-09-29,72.66,75.93,COILED,NEAR_LOWER_EDGE,NONE,1.98,2.38,25.79,46.83,False,False,6.75,False,74.53,72.19,1.37,1.39,5.01,-1.84,-8.07,-4.36,0.68,1.32,999,101878752.15,75.83,-4.18,82.8213,-12.27,-10.47,39.0,False,BELOW_SMA50|WEAK_RS,751
JBTM,2026-09-29,110.32,75.93,COILED,NEAR_LOWER_EDGE,NONE,3.57,24.21,20.24,26.19,False,False,3.57,False,114.74,109.22,0.917,2.94,9.7,-5.6,-25.42,-8.58,1.89,10.32,39,62534571.48,119.92,-8.01,149.4156,-26.17,-26.37,11.0,False,POST_GAP_COIL|BELOW_SMA50|NOT_NEAR_UNBROKEN_PIVOT|WEAK_RS,751
WTM,2026-09-29,2021.51,75.91,COILED,NEAR_LOWER_EDGE,NONE,3.17,2.38,34.52,53.17,False,True,20.63,True,2088.29,2000.84,0.801,1.87,6.88,-3.83,-6.68,-4.04,1.18,1.22,999,42362414.16,2139.8899,-5.53,2333.0,-13.35,-5.02,54.0,False,BELOW_SMA50|NOT_NEAR_UNBROKEN_PIVOT|WEAK_RS,751
ICFI,2026-09-30,83.13,75.89,COILED,NEAR_LOWER_EDGE,NONE,1.19,0.4,16.27,40.08,False,False,30.16,False,89.83,81.96,0.798,2.66,10.34,-6.25,8.16,-3.42,2.26,2.33,398,16417443.59,90.6088,-8.25,95.5312,-12.98,12.4,85.0,False,BELOW_SMA50|NOT_NEAR_UNBROKEN_PIVOT,752
MUSA,2026-09-29,507.42,75.89,COILED,NEAR_LOWER_EDGE,NONE,33.33,26.19,1.19,10.32,False,False,2.78,False,534.68,504.49,1.166,3.14,9.29,-1.55,-9.78,-7.77,2.02,7.05,999,142112235.82,537.41,-5.58,635.3243,-20.13,-8.24,45.0,False,BELOW_SMA50|NOT_NEAR_UNBROKEN_PIVOT|WEAK_RS,751
KYMR,2026-09-29,110.51,75.85,COILED,NEAR_LOWER_EDGE,NONE,1.59,23.81,2.78,26.59,False,False,30.16,False,123.0,110.29,0.634,4.38,13.18,-6.99,-3.7,-3.54,2.54,3.41,202,86400322.03,123.54,-10.55,130.05,-15.02,-6.14,51.0,False,BELOW_SMA50|NOT_NEAR_UNBROKEN_PIVOT|WEAK_RS,751
HCXY,2026-09-30,24.9,75.81,COILED,RANGE_EXIT_CONFIRMED,DOWN_EXPANSION_CONFIRMED,18.65,33.73,1.59,10.71,False,False,11.9,False,25.15,24.91,2.192,0.56,1.14,-0.84,0.46,-0.24,0.68,1.16,999,35184.91,25.18,-1.11,25.17,-1.07,-1.13,64.0,False,ALREADY_EXPANDING|EVENT_PRICE_PEG|LOW_LIQUIDITY|WEAK_RS,752
SWK,2026-09-29,88.79,75.81,COILED,NEAR_LOWER_EDGE,NONE,13.89,20.24,28.17,10.32,False,False,1.19,False,92.28,87.25,1.387,3.01,11.88,-7.06,-3.24,-6.23,2.37,2.37,347,156364154.52,97.7989,-9.21,103.7768,-14.44,-7.36,48.0,False,BELOW_SMA50|NOT_NEAR_UNBROKEN_PIVOT|WEAK_RS,751
WBTN,2026-09-30,10.79,75.76,COILED,INSIDE_COIL,NONE,19.44,17.86,24.21,26.59,False,True,6.35,False,11.23,10.26,0.928,4.59,14.74,4.55,-5.43,10.47,1.47,14.92,35,4051553.38,11.41,-5.43,13.865,-22.18,-7.95,46.0,False,POST_GAP_COIL|NOT_NEAR_UNBROKEN_PIVOT|LOW_LIQUIDITY|WEAK_RS,567
ATR,2026-09-29,123.29,75.73,COILED,NEAR_LOWER_EDGE,NONE,16.27,11.11,28.17,17.06,False,False,3.97,False,126.25,122.09,1.062,1.91,9.34,-6.33,-1.81,-5.29,1.46,2.83,999,56089074.24,132.44,-6.91,139.57,-11.66,-3.69,57.0,False,BELOW_SMA50|NOT_NEAR_UNBROKEN_PIVOT|WEAK_RS,751
LSPD,2026-09-30,9.77,75.73,COILED,NEAR_UPPER_EDGE,NONE,3.57,0.4,40.87,34.13,False,False,1.19,False,9.9,9.375,0.784,2.89,13.92,-3.74,-7.74,-3.99,1.67,5.0,662,6525977.17,10.735,-8.99,11.085,-11.86,-12.05,35.0,False,BELOW_SMA50|NOT_NEAR_UNBROKEN_PIVOT|WEAK_RS,752
FLYW,2026-09-29,17.33,75.61,COILED,INSIDE_COIL,NONE,9.52,7.54,28.57,37.7,False,False,10.71,True,18.105,16.67,0.468,3.37,15.0,-8.26,-5.46,-2.38,1.96,3.24,100,25080122.02,19.27,-10.07,19.73,-12.16,-3.88,57.0,False,NOT_NEAR_UNBROKEN_PIVOT|WEAK_RS,751
RAMP,2026-09-29,37.65,75.56,COILED,NEAR_UPPER_EDGE,NONE,7.54,5.95,24.21,26.19,False,False,19.84,False,38.01,37.44,0.737,0.43,1.51,-0.19,0.29,-0.18,0.37,0.58,92,50398302.33,38.01,-0.95,38.23,-1.52,-2.49,61.0,False,EVENT_PRICE_PEG|WEAK_RS,751
STVN,2026-09-29,21.2,75.55,COILED,INSIDE_COIL,NONE,11.51,13.89,15.48,21.83,False,False,33.33,True,23.254,20.63,0.642,3.97,16.58,-1.07,9.96,0.93,1.39,3.66,598,6699233.83,23.254,-8.83,23.18,-8.54,14.81,87.0,False,NOT_NEAR_UNBROKEN_PIVOT,751
EGP,2026-09-29,200.9,75.54,COILED,NEAR_UPPER_EDGE,NONE,8.73,0.4,24.21,30.56,False,False,21.43,False,203.4379,194.0199,1.113,1.49,4.69,1.58,-4.52,-0.33,1.0,2.22,999,107408824.28,203.4379,-1.25,224.7522,-10.61,-2.46,61.0,False,WEAK_RS,751
EWBC,2026-09-29,125.52,75.48,COILED,NEAR_LOWER_EDGE,NONE,4.76,12.7,21.83,42.06,False,False,2.38,False,130.42,124.09,1.32,1.92,6.21,-1.06,-4.04,-3.4,1.39,1.39,360,104276999.24,131.89,-4.83,137.47,-8.69,-4.68,55.0,False,BELOW_SMA50|WEAK_RS,751
SNDA,2026-09-30,37.58,75.48,COILED,NEAR_LOWER_EDGE,NONE,3.57,33.33,21.43,44.44,True,False,7.94,False,40.55,37.14,0.908,3.28,10.83,-0.58,-8.18,-4.45,1.51,4.07,531,16312099.95,41.01,-8.36,44.39,-15.34,-12.46,34.0,False,BELOW_SMA50|NOT_NEAR_UNBROKEN_PIVOT|WEAK_RS,752
TNL,2026-09-29,63.98,75.46,COILED,INSIDE_COIL,NONE,9.52,32.54,7.14,18.65,False,False,12.7,False,66.3358,61.88,0.925,2.75,9.55,-6.09,-14.48,-8.6,3.74,3.74,999,46585775.3,69.9424,-8.52,78.7607,-18.77,-18.03,21.0,False,BELOW_SMA50|NOT_NEAR_UNBROKEN_PIVOT|WEAK_RS,751
PWR,2026-09-29,651.79,75.42,COILED,NEAR_UPPER_EDGE,NONE,7.14,19.84,11.11,30.56,False,False,15.87,False,656.51,607.45,1.053,3.31,10.15,7.36,-3.3,1.5,5.85,15.3,42,519935282.68,656.51,-0.72,788.6295,-17.35,-11.98,36.0,False,POST_GAP_COIL|WEAK_RS,751
MCB,2026-09-30,87.12,75.42,COILED,NEAR_LOWER_EDGE,NONE,8.73,2.78,23.02,43.65,False,False,7.54,False,91.03,86.82,0.962,2.18,8.2,-2.65,-9.91,-4.46,1.11,11.88,49,11281368.01,93.52,-6.84,101.6582,-14.3,-15.56,26.0,False,POST_GAP_COIL|BELOW_SMA50|NOT_NEAR_UNBROKEN_PIVOT|WEAK_RS,752
BE,2026-09-29,291.25,75.38,COILED,NEAR_UPPER_EDGE,NONE,15.48,11.9,25.79,23.41,False,False,3.17,False,292.72,251.3,1.653,7.32,36.0,41.18,-1.29,25.26,7.02,13.74,33,4675900230.63,292.72,-0.5,351.28,-17.09,-6.3,51.0,False,POST_GAP_COIL|RECENT_SURGE|EXTENDED_FROM_SMA50|WEAK_RS,751
TR,2026-09-29,38.01,75.38,COILED,NEAR_UPPER_EDGE,NONE,14.68,0.4,35.71,27.78,False,False,1.98,False,38.52,36.78,1.097,2.13,11.84,-6.98,-1.02,-3.35,1.26,2.61,999,6852559.44,41.4,-8.19,44.9509,-15.44,-6.41,50.0,False,BELOW_SMA50|NOT_NEAR_UNBROKEN_PIVOT|WEAK_RS,751
GEHC,2026-09-29,66.46,75.34,COILED,NEAR_UPPER_EDGE,NONE,5.95,4.76,63.49,21.43,True,False,10.71,False,67.1,62.995,0.929,2.27,13.36,-6.7,2.56,-3.05,2.27,8.13,347,238891871.13,71.875,-7.53,75.9071,-12.45,1.37,71.0,False,BELOW_SMA50|NOT_NEAR_UNBROKEN_PIVOT,751
RDDT,2026-09-29,145.36,75.32,COILED,NEAR_LOWER_EDGE,NONE,12.3,9.92,10.71,32.94,False,False,21.03,False,164.16,143.08,0.921,5.18,17.1,-1.66,-27.63,-8.02,2.76,17.04,31,746778242.67,166.18,-12.53,208.05,-30.13,-18.77,21.0,False,POST_GAP_COIL|BELOW_SMA50|NOT_NEAR_UNBROKEN_PIVOT|WEAK_RS,633
THC,2026-09-29,257.6,75.3,COILED,INSIDE_COIL,NONE,34.92,27.38,1.19,23.02,False,True,10.32,False,267.78,248.86,0.646,3.18,9.6,-3.13,24.93,-0.23,1.5,18.08,46,210298252.7,273.58,-5.84,283.05,-8.99,35.18,95.0,False,POST_GAP_COIL|NOT_NEAR_UNBROKEN_PIVOT,751
HLF,2026-09-30,12.13,75.3,COILED,INSIDE_COIL,NONE,10.32,22.22,3.17,18.25,False,False,32.14,False,12.97,11.51,0.897,4.06,13.69,5.3,-7.69,-0.52,5.01,8.85,154,18332680.44,13.17,-7.9,17.46,-30.53,-9.14,43.0,False,NOT_NEAR_UNBROKEN_PIVOT|WEAK_RS,752
LILA,2026-09-30,8.28,75.28,COILED,RANGE_EXIT_CONFIRMED,DOWN_EXPANSION_CONFIRMED,11.9,8.33,9.92,41.27,False,False,16.67,False,8.985,8.29,1.244,3.01,8.57,-3.27,9.81,-2.1,2.0,5.28,999,3193042.79,8.985,-7.85,8.9,-6.97,2.03,72.0,False,ALREADY_EXPANDING|NOT_NEAR_UNBROKEN_PIVOT|LOW_LIQUIDITY,752
LTM,2026-09-29,51.06,75.2,COILED,INSIDE_COIL,NONE,18.25,23.02,3.57,3.17,False,False,35.71,False,54.91,49.655,1.052,2.93,11.21,2.59,-11.11,-2.27,3.45,3.86,999,36077219.59,54.91,-7.01,59.18,-13.72,-14.89,28.0,False,NOT_NEAR_UNBROKEN_PIVOT|WEAK_RS,547
MAN,2026-09-29,56.56,75.16,COILED,INSIDE_COIL,NONE,17.06,24.6,17.06,13.1,False,False,7.54,False,59.09,55.08,1.123,3.83,14.98,-10.15,47.14,-1.39,2.32,19.89,52,45667269.77,63.45,-10.86,63.88,-11.46,64.97,99.0,False,POST_GAP_COIL|EXTENDED_60D_RUN|NOT_NEAR_UNBROKEN_PIVOT,751
STRL,2026-09-29,504.94,75.14,COILED,INSIDE_COIL,NONE,13.89,21.03,25.79,28.57,False,True,9.52,False,531.0,458.51,1.308,5.37,17.13,7.42,-29.59,-5.33,7.64,13.32,39,269173044.49,531.0,-4.91,1005.68,-49.79,-42.36,2.0,False,POST_GAP_COIL|BELOW_SMA50|WEAK_RS,751
DCOM,2026-09-29,39.47,75.12,COILED,NEAR_LOWER_EDGE,NONE,20.24,9.52,10.71,35.32,False,False,9.92,False,41.39,39.55,1.1,1.9,5.73,-2.3,-1.17,-2.55,1.11,2.1,999,12097088.57,41.49,-4.87,41.97,-5.96,-4.83,54.0,False,WEAK_RS,751
DOCS,2026-09-29,26.52,75.1,COILED,INSIDE_COIL,NONE,21.43,26.98,10.32,8.73,False,False,12.3,False,27.48,25.33,1.263,4.3,13.29,-0.71,16.01,7.7,3.09,88.12,36,71661110.83,27.48,-3.49,40.0,-33.7,25.35,93.0,False,POST_GAP_COIL,751
BLDR,2026-09-29,57.53,75.08,COILED,NEAR_LOWER_EDGE,NONE,19.05,34.13,19.05,30.95,False,True,5.56,True,61.82,56.56,0.709,4.51,17.61,-13.36,-30.12,-13.73,3.02,3.82,600,227167274.84,67.37,-14.61,94.97,-39.42,-38.22,3.0,False,BELOW_SMA50|NOT_NEAR_UNBROKEN_PIVOT|WEAK_RS,751
RRX,2026-09-29,155.54,75.06,COILED,NEAR_UPPER_EDGE,NONE,9.92,16.27,21.43,25.4,False,False,10.71,False,157.6752,145.6522,0.916,3.76,13.22,-1.62,-28.46,-9.69,3.84,12.3,38,184268549.97,166.216,-6.42,247.2436,-37.09,-37.07,4.0,False,POST_GAP_COIL|BELOW_SMA50|NOT_NEAR_UNBROKEN_PIVOT|WEAK_RS,751
HFWA,2026-09-30,27.63,75.04,COILED,NEAR_LOWER_EDGE,NONE,13.49,9.92,25.79,24.21,False,False,9.92,False,28.76,27.55,1.36,1.92,8.07,-3.26,-5.37,-4.72,1.0,1.45,999,12449786.46,29.58,-6.59,30.9941,-10.85,-10.36,39.0,False,BELOW_SMA50|NOT_NEAR_UNBROKEN_PIVOT|WEAK_RS,752
PRSU,2026-09-30,49.73,75.04,COILED,NEAR_UPPER_EDGE,NONE,0.4,13.89,7.54,32.54,False,False,38.1,False,50.63,47.1,1.136,2.77,7.98,5.34,-8.87,1.32,1.92,4.99,288,11378983.31,50.63,-1.78,56.52,-12.01,-12.86,33.0,False,WEAK_RS,752
MDGL,2026-09-29,509.44,75.02,COILED,NEAR_LOWER_EDGE,NONE,0.79,1.98,23.02,57.54,False,False,7.94,False,539.71,502.63,1.055,3.41,9.71,-5.66,-3.78,-3.1,1.28,7.56,289,118061652.4,552.08,-7.72,569.44,-10.54,-7.64,47.0,False,BELOW_SMA50|NOT_NEAR_UNBROKEN_PIVOT|WEAK_RS,751
TLN,2026-09-29,314.84,75.02,COILED,RANGE_EXIT_CONFIRMED,UP_EXPANSION_CONFIRMED,11.51,9.13,31.35,15.87,False,False,14.68,False,307.41,279.77,1.378,4.17,16.16,6.45,-16.66,-2.33,4.07,4.74,301,229309864.82,330.635,-4.78,449.841,-30.01,-20.58,18.0,False,ALREADY_EXPANDING|WEAK_RS,751
LQDA,2026-09-29,70.69,74.96,COMPRESSED,INSIDE_COIL,NONE,16.67,19.05,4.37,22.62,False,False,24.21,False,74.74,62.86,1.157,5.14,16.81,3.7,-10.76,-6.22,1.81,5.01,226,85097297.79,74.74,-5.42,93.61,-24.48,-13.85,30.0,False,BELOW_SMA50|NOT_NEAR_UNBROKEN_PIVOT|WEAK_RS,751
BELFB,2026-09-29,245.48,74.96,COMPRESSED,INSIDE_COIL,NONE,17.46,19.05,9.52,20.24,False,False,18.65,False,259.12,227.58,1.014,4.16,12.85,-1.52,-11.5,-5.93,4.83,6.23,652,35560256.74,259.12,-5.26,335.206,-26.77,-28.79,9.0,False,BELOW_SMA50|NOT_NEAR_UNBROKEN_PIVOT|WEAK_RS,751
DRH,2026-09-29,12.36,74.94,COMPRESSED,NEAR_UPPER_EDGE,NONE,12.7,25.0,6.35,29.76,False,False,11.9,False,12.588,11.9437,0.926,2.22,6.82,1.3,4.61,-0.56,1.15,3.28,999,35781836.64,12.6177,-2.04,13.6684,-9.57,-0.14,68.0,False,WEAK_RS,751
AXTI,2026-09-29,78.18,74.92,COMPRESSED,INSIDE_COIL,NONE,15.48,13.89,19.84,28.17,False,False,6.75,False,81.5,57.18,1.448,9.06,37.58,28.99,23.08,17.43,7.86,42.12,33,601469673.92,81.5,-4.07,143.16,-45.39,5.95,78.0,False,POST_GAP_COIL|RECENT_SURGE|EXTENDED_FROM_SMA50,751
RHLD,2026-09-30,118.25,74.9,COMPRESSED,NEAR_LOWER_EDGE,NONE,2.78,3.17,41.27,34.52,False,False,3.17,False,129.89,116.05,0.895,5.56,21.16,-9.58,-16.94,-8.44,3.16,4.93,227,15534082.71,141.07,-16.18,165.68,-28.63,-20.2,18.0,False,BELOW_SMA50|NOT_NEAR_UNBROKEN_PIVOT|WEAK_RS,403
AERO,2026-09-29,15.84,74.85,COMPRESSED,INSIDE_COIL,NONE,17.65,12.32,8.78,17.27,False,False,32.09,False,16.68,14.58,0.899,4.58,15.15,9.17,-8.55,3.59,2.96,3.14,999,5524689.06,16.68,-5.04,18.795,-15.72,-14.52,29.0,False,NOT_NEAR_UNBROKEN_PIVOT|WEAK_RS,224
AZTA,2026-09-30,34.89,74.8,COMPRESSED,NEAR_UPPER_EDGE,NONE,0.4,6.35,36.51,42.06,False,False,1.59,False,34.88,32.98,1.1,3.42,16.05,10.52,37.52,8.47,2.2,10.91,26,27955000.06,34.88,0.03,37.49,-6.94,30.7,94.0,False,POST_GAP_COIL|EXTENDED_60D_RUN,752
FRME,2026-09-29,40.08,74.8,COMPRESSED,NEAR_LOWER_EDGE,NONE,10.71,1.59,17.86,46.03,False,False,15.08,False,41.97,39.97,1.169,1.79,5.81,-2.49,-6.9,-4.15,1.1,9.49,999,20580142.82,42.18,-4.98,44.9316,-10.8,-9.97,41.0,False,BELOW_SMA50|WEAK_RS,751
HOPE,2026-09-29,13.44,74.7,COMPRESSED,RANGE_EXIT_CONFIRMED,DOWN_EXPANSION_CONFIRMED,10.71,11.11,5.56,44.44,False,False,21.03,False,14.18,13.51,1.5,1.87,6.1,-2.54,0.32,-3.45,1.08,1.77,999,12092107.26,14.22,-5.49,14.59,-7.88,-3.3,59.0,False,ALREADY_EXPANDING|BELOW_SMA50|NOT_NEAR_UNBROKEN_PIVOT|WEAK_RS,751
DFTX,2026-09-29,38.21,74.7,COMPRESSED,INSIDE_COIL,NONE,33.73,17.06,1.59,22.22,False,False,9.92,False,40.445,35.51,0.719,5.62,21.62,-3.8,-13.81,-7.94,11.93,16.13,11,89945486.27,43.77,-12.7,49.7,-23.12,-21.29,17.0,False,POST_GAP_COIL|BELOW_SMA50|NOT_NEAR_UNBROKEN_PIVOT|WEAK_RS,751
GSL,2026-09-30,44.14,74.64,COMPRESSED,INSIDE_COIL,NONE,2.78,10.71,6.75,43.65,False,False,31.75,False,46.57,43.25,1.042,2.27,7.52,-0.76,14.95,0.81,1.32,1.96,999,13184288.04,46.57,-5.22,45.45,-2.88,16.03,88.0,False,NOT_NEAR_UNBROKEN_PIVOT,752
HTO,2026-09-29,61.65,74.64,COMPRESSED,NEAR_LOWER_EDGE,NONE,2.38,5.56,23.02,48.81,False,False,12.3,False,63.46,60.92,0.876,2.02,7.61,-2.71,1.43,-2.04,0.98,1.42,999,28933248.36,65.19,-5.43,66.6189,-7.46,-0.35,67.0,False,NOT_NEAR_UNBROKEN_PIVOT|WEAK_RS,751
CODI-PB,2026-09-30,21.92,74.64,COMPRESSED,RANGE_EXIT_CONFIRMED,DOWN_EXPANSION_CONFIRMED,3.57,6.35,16.27,32.94,False,False,34.52,False,22.5,22.0044,2.312,1.0,3.65,-1.57,-0.07,-1.24,0.68,1.13,350,281314.31,22.5,-2.58,22.5,-2.58,-1.92,63.0,False,ALREADY_EXPANDING|LOW_LIQUIDITY|WEAK_RS,752
UVE,2026-09-30,42.09,74.64,COMPRESSED,NEAR_LOWER_EDGE,NONE,0.4,1.59,19.44,47.62,False,False,26.19,False,44.87,41.65,0.864,2.33,8.29,-3.71,0.1,-2.56,1.31,5.49,493,6439639.56,45.14,-6.76,45.11,-6.69,-2.51,61.0,False,NOT_NEAR_UNBROKEN_PIVOT|WEAK_RS,752
MU,2026-09-29,1065.08,74.64,COMPRESSED,INSIDE_COIL,NONE,4.76,9.13,23.81,35.71,False,False,29.76,True,1108.72,917.64,0.695,4.41,19.35,11.09,8.16,12.15,7.1,7.33,66,24977492099.09,1108.72,-3.94,1254.807,-15.12,-10.23,40.0,False,EXTENDED_FROM_SMA50|WEAK_RS,751
HTH,2026-09-29,37.6,74.62,COMPRESSED,RANGE_EXIT_CONFIRMED,DOWN_EXPANSION_CONFIRMED,16.67,4.37,9.13,36.9,False,False,25.4,False,39.27,38.01,2.184,1.76,5.13,-1.18,-2.04,-2.97,0.93,3.03,999,13465913.95,39.31,-4.35,40.1442,-6.34,-5.01,54.0,False,ALREADY_EXPANDING|WEAK_RS,751
CPAC,2026-09-30,12.1,74.53,COMPRESSED,NEAR_LOWER_EDGE,NONE,23.81,0.4,33.33,63.49,True,True,16.27,False,12.65,12.1,1.667,1.69,5.29,-2.18,1.85,-0.43,1.32,2.3,197,696684.01,12.74,-5.02,12.7,-4.72,-0.15,68.0,False,NOT_NEAR_UNBROKEN_PIVOT|LOW_LIQUIDITY|WEAK_RS,752
CHEF,2026-09-29,111.5,74.51,COMPRESSED,INSIDE_COIL,NONE,52.78,27.78,7.14,1.59,False,True,4.76,False,114.69,105.5,0.688,3.35,10.9,-0.86,17.38,2.36,1.89,2.28,604,72296520.27,117.65,-5.23,117.33,-4.97,13.51,86.0,False,NOT_NEAR_UNBROKEN_PIVOT,751
OSBC,2026-09-30,24.49,74.46,COMPRESSED,NEAR_LOWER_EDGE,NONE,5.95,13.49,24.6,37.3,False,False,7.54,False,25.53,24.42,1.178,1.89,6.37,-2.35,6.82,-2.77,1.1,1.75,999,12160231.78,25.85,-5.26,26.06,-6.02,1.45,71.0,False,NOT_NEAR_UNBROKEN_PIVOT,752
AGIO,2026-09-30,33.25,74.44,COMPRESSED,INSIDE_COIL,NONE,12.3,19.84,5.16,15.08,False,False,38.89,False,35.36,31.37,0.86,4.02,12.06,-2.81,-24.45,-1.04,1.91,15.8,43,32001044.79,35.38,-6.02,44.09,-24.59,-12.85,33.0,False,POST_GAP_COIL|NOT_NEAR_UNBROKEN_PIVOT|WEAK_RS,752
KYIV,2026-09-29,12.77,74.44,COMPRESSED,NEAR_LOWER_EDGE,NONE,17.06,9.92,19.84,39.29,False,False,1.98,False,13.68,12.62,0.849,3.32,13.94,-4.77,-20.88,-4.81,1.75,2.24,279,5395523.36,14.35,-11.01,16.55,-22.84,-23.54,15.0,False,BELOW_SMA50|NOT_NEAR_UNBROKEN_PIVOT|WEAK_RS,456
MEOH,2026-09-29,59.45,74.43,COMPRESSED,INSIDE_COIL,NONE,20.24,21.83,15.08,18.65,False,True,28.97,False,64.3349,57.58,0.914,3.4,11.66,1.14,36.06,3.13,2.2,3.62,120,54708806.8,64.5143,-7.85,65.7929,-9.64,26.67,93.0,False,EXTENDED_60D_RUN|NOT_NEAR_UNBROKEN_PIVOT,751
EQPT,2026-09-29,18.5,74.43,COMPRESSED,INSIDE_COIL,NONE,40.79,4.4,9.15,17.26,False,False,14.11,False,19.04,16.26,0.561,6.13,21.84,5.05,-1.54,-1.4,5.97,12.5,56,61999287.75,20.3,-8.87,27.25,-32.11,-8.42,45.0,False,POST_GAP_COIL|NOT_NEAR_UNBROKEN_PIVOT|WEAK_RS,172
ODFL,2026-09-29,177.46,74.42,COMPRESSED,INSIDE_COIL,NONE,39.68,11.51,17.06,22.22,False,False,3.97,True,183.09,169.65,0.808,2.97,17.92,-11.11,-17.88,-11.13,4.39,4.39,999,354025439.42,201.4471,-11.91,251.6392,-29.48,-20.46,18.0,False,BELOW_SMA50|NOT_NEAR_UNBROKEN_PIVOT|WEAK_RS,751
CGAU,2026-09-29,22.02,74.4,COMPRESSED,INSIDE_COIL,NONE,18.65,31.35,1.19,6.75,False,False,28.97,False,23.8,21.0,0.795,4.03,12.72,-3.93,33.69,3.94,5.01,5.79,229,28546082.02,23.8,-7.48,24.52,-10.2,36.65,96.0,False,EXTENDED_60D_RUN|NOT_NEAR_UNBROKEN_PIVOT,751
FBNC,2026-09-29,62.07,74.38,COMPRESSED,NEAR_LOWER_EDGE,NONE,18.65,17.06,17.06,29.76,False,False,3.97,False,64.7496,61.2631,1.675,2.2,6.42,-1.77,-2.09,-2.66,1.17,1.57,999,14928192.46,65.2477,-4.87,66.5228,-6.69,-5.05,54.0,False,WEAK_RS,751
CII,2026-09-30,24.0,74.33,COMPRESSED,NEAR_UPPER_EDGE,NONE,25.0,31.35,10.71,1.59,False,False,13.49,False,24.48,23.67,1.276,1.44,3.65,-1.1,-3.39,-0.75,1.05,2.19,999,1642357.02,24.5457,-2.22,25.7182,-6.68,-7.78,47.0,False,LOW_LIQUIDITY|WEAK_RS,752
CORT,2026-09-29,114.74,74.25,COMPRESSED,INSIDE_COIL,NONE,17.46,59.92,1.19,5.16,False,True,15.08,False,120.44,108.41,1.239,4.72,10.69,1.23,25.25,2.67,2.46,20.49,42,197310838.63,120.44,-4.73,126.38,-9.21,29.44,94.0,False,POST_GAP_COIL,751
RLAY,2026-09-29,18.36,74.25,COMPRESSED,INSIDE_COIL,NONE,15.48,8.73,6.35,36.51,False,False,27.78,False,19.69,17.05,1.157,4.98,14.38,-0.11,-2.86,-4.06,3.24,3.24,82,65836721.77,19.69,-6.75,21.27,-13.68,-4.39,56.0,False,BELOW_SMA50|NOT_NEAR_UNBROKEN_PIVOT|WEAK_RS,751
ABEV,2026-09-29,2.88,74.25,COMPRESSED,NEAR_LOWER_EDGE,NONE,25.0,17.46,7.54,44.05,False,True,14.29,False,3.0259,2.86,1.0,2.23,9.22,0.82,-5.75,-2.45,2.04,3.87,101,63979342.29,3.0955,-6.96,3.4242,-15.89,-10.37,39.0,False,NOT_NEAR_UNBROKEN_PIVOT|LOW_LIQUIDITY|WEAK_RS,751
AYA,2026-09-29,27.14,74.19,COMPRESSED,INSIDE_COIL,NONE,23.81,15.87,12.3,15.08,False,False,21.03,False,30.67,26.1,0.397,5.96,19.16,-2.79,36.04,4.38,5.87,6.17,144,38167141.72,30.67,-11.51,30.24,-10.25,40.78,96.0,False,EXTENDED_60D_RUN|NOT_NEAR_UNBROKEN_PIVOT,751
PEB-PF,2026-09-30,19.67,74.19,COMPRESSED,NEAR_UPPER_EDGE,NONE,13.49,21.03,10.32,16.67,False,False,28.97,False,19.8425,19.0881,1.575,1.22,3.84,1.38,0.82,0.51,1.52,2.25,999,141872.04,19.8425,-0.87,20.0067,-1.68,0.69,70.0,False,LOW_LIQUIDITY,752
QUBT,2026-09-29,8.46,74.19,COMPRESSED,INSIDE_COIL,NONE,0.79,3.17,17.06,36.11,False,False,41.27,False,9.76,7.78,0.744,4.99,25.18,2.79,-9.71,0.66,6.5,6.5,96,59337628.34,9.76,-13.32,14.45,-41.45,-15.3,27.0,False,NOT_NEAR_UNBROKEN_PIVOT|WEAK_RS,751
AIP,2026-09-30,23.64,74.15,COMPRESSED,INSIDE_COIL,NONE,20.63,15.08,20.63,24.21,False,False,6.35,False,24.98,20.38,0.857,5.62,20.98,13.98,-24.52,-6.93,5.61,6.77,225,15872850.92,24.98,-5.36,50.26,-52.96,-48.56,1.0,False,BELOW_SMA50|NOT_NEAR_UNBROKEN_PIVOT|WEAK_RS,752
MTH,2026-09-29,63.9,74.13,COMPRESSED,NEAR_LOWER_EDGE,NONE,42.06,25.79,5.56,1.98,False,False,5.95,False,66.79,62.83,0.744,3.21,12.78,-7.28,-19.43,-7.39,2.61,9.01,999,57599846.32,69.8792,-8.56,84.7483,-24.6,-25.74,12.0,False,BELOW_SMA50|NOT_NEAR_UNBROKEN_PIVOT|WEAK_RS,751
PEB,2026-09-29,18.7,74.11,COMPRESSED,NEAR_UPPER_EDGE,NONE,13.49,3.97,8.73,48.41,False,False,22.62,False,18.8699,17.4807,0.796,2.66,7.86,3.26,0.32,1.51,1.63,2.23,999,41508478.09,18.8699,-0.9,19.9193,-6.12,-6.12,51.0,False,WEAK_RS,751
PG,2026-09-29,148.32,74.09,COMPRESSED,NEAR_UPPER_EDGE,NONE,21.83,23.81,14.29,23.81,False,False,2.38,False,149.48,143.92,1.009,1.6,5.14,2.21,0.08,1.68,0.98,5.04,999,1167097266.43,149.48,-0.78,153.68,-3.49,-0.62,66.0,False,WEAK_RS,751
EPAC,2026-09-29,35.33,74.09,COMPRESSED,INSIDE_COIL,NONE,18.25,21.03,27.78,6.35,False,False,10.32,False,36.5,34.23,1.037,2.54,9.03,-5.33,0.34,-2.66,1.64,4.4,194,15887650.01,37.67,-6.21,38.0,-7.03,-3.99,57.0,False,NOT_NEAR_UNBROKEN_PIVOT|WEAK_RS,751
CL,2026-09-29,86.46,74.06,COMPRESSED,NEAR_UPPER_EDGE,NONE,0.79,13.49,36.11,51.98,False,False,0.4,True,87.84,85.05,0.718,1.76,7.39,-3.74,-6.89,-3.93,0.97,2.32,999,469431953.22,91.44,-5.45,95.4627,-9.43,-7.67,47.0,False,BELOW_SMA50|NOT_NEAR_UNBROKEN_PIVOT|WEAK_RS,751
ALX,2026-09-30,246.5,74.06,COMPRESSED,NEAR_LOWER_EDGE,NONE,1.19,0.4,52.38,43.65,False,False,3.97,True,253.02,242.3,0.456,2.11,11.73,-7.76,-7.33,-5.76,1.27,5.94,362,10027337.48,272.98,-9.7,284.7262,-13.43,-12.39,34.0,False,BELOW_SMA50|NOT_NEAR_UNBROKEN_PIVOT|WEAK_RS,752
ATMU,2026-09-29,43.94,74.05,COMPRESSED,NEAR_LOWER_EDGE,NONE,12.7,32.94,36.51,28.57,True,False,1.59,False,45.675,43.65,0.894,3.07,12.47,-6.97,-15.4,-9.88,2.73,3.38,103,34328319.69,48.87,-10.09,64.1896,-31.55,-16.24,25.0,False,BELOW_SMA50|NOT_NEAR_UNBROKEN_PIVOT|WEAK_RS,751
MUX,2026-09-30,17.85,74.03,COMPRESSED,NEAR_LOWER_EDGE,NONE,14.68,12.3,15.08,34.52,False,False,15.87,False,20.27,17.71,0.979,5.09,18.04,-6.79,-1.65,-6.41,5.52,6.9,236,26753737.81,20.93,-14.72,26.435,-32.48,-3.29,59.0,False,BELOW_SMA50|NOT_NEAR_UNBROKEN_PIVOT|WEAK_RS,752
CVBF,2026-09-29,21.74,74.01,COMPRESSED,NEAR_LOWER_EDGE,NONE,13.89,12.7,20.63,27.38,False,False,16.27,False,22.83,21.74,1.073,1.83,5.74,-1.04,-2.73,-2.69,0.58,2.88,999,31225114.94,22.83,-4.77,23.1966,-6.28,-4.34,56.0,False,WEAK_RS,751
REX,2026-09-30,43.45,74.01,COMPRESSED,INSIDE_COIL,NONE,12.3,39.68,7.14,19.05,False,False,8.73,False,44.63,41.2,1.51,3.2,10.68,3.48,-5.71,0.77,4.76,4.76,456,10825482.79,44.63,-2.64,53.36,-18.57,-7.02,49.0,False,WEAK_RS,752
PTON,2026-09-29,5.04,74.01,COMPRESSED,INSIDE_COIL,NONE,28.57,6.35,14.68,19.44,False,False,21.03,False,5.28,4.69,1.595,4.0,15.18,-5.97,-14.14,-8.25,4.44,9.51,99,48909920.02,5.485,-8.11,6.73,-25.11,-17.24,23.0,False,BELOW_SMA50|NOT_NEAR_UNBROKEN_PIVOT|WEAK_RS,751
TSLA,2026-09-29,352.84,73.94,COMPRESSED,NEAR_LOWER_EDGE,NONE,41.27,11.9,15.08,2.78,False,False,26.59,True,386.83,354.05,0.775,3.54,10.46,-4.11,-15.94,1.55,3.8,8.83,473,14073136401.76,386.83,-8.79,453.4,-22.18,-18.63,21.0,False,NOT_NEAR_UNBROKEN_PIVOT|WEAK_RS,751
MHO,2026-09-29,135.79,73.93,COMPRESSED,NEAR_LOWER_EDGE,NONE,4.76,2.38,22.62,48.81,False,False,18.65,False,144.3,136.73,1.094,2.69,11.01,-8.75,-10.88,-7.56,2.21,2.94,999,29707038.78,150.44,-9.74,163.66,-17.03,-18.06,21.0,False,BELOW_SMA50|NOT_NEAR_UNBROKEN_PIVOT|WEAK_RS,751
SCCO,2026-09-29,202.55,73.89,COMPRESSED,INSIDE_COIL,NONE,26.19,32.54,3.97,6.35,False,False,17.46,False,208.0,186.42,0.754,3.79,14.97,-3.03,18.54,3.48,5.94,5.94,999,208387740.26,213.83,-5.28,220.78,-8.26,15.76,88.0,False,NOT_NEAR_UNBROKEN_PIVOT,751
MP,2026-09-29,45.43,73.89,COMPRESSED,NEAR_LOWER_EDGE,NONE,0.79,11.51,24.21,47.62,False,False,11.11,False,51.335,46.31,0.917,5.75,30.31,-17.02,-14.3,-10.82,5.19,6.72,241,254100245.76,58.52,-22.37,76.8,-40.85,-21.41,17.0,False,BELOW_SMA50|NOT_NEAR_UNBROKEN_PIVOT|WEAK_RS,751
RGLD,2026-09-29,238.93,73.88,COMPRESSED,NEAR_LOWER_EDGE,NONE,20.63,32.94,11.11,18.25,False,False,16.27,True,259.88,239.61,0.463,3.1,12.05,-8.62,18.33,0.42,3.89,4.8,999,167304650.29,267.65,-10.73,276.3281,-13.53,17.47,89.0,False,NOT_NEAR_UNBROKEN_PIVOT,751
KC,2026-09-29,9.09,73.87,COMPRESSED,NEAR_LOWER_EDGE,NONE,9.52,5.16,19.84,42.86,False,False,18.65,False,10.325,9.13,0.731,4.34,21.07,-11.23,-0.44,-14.04,4.39,13.19,28,12024508.93,10.955,-17.02,18.52,-50.92,-2.07,62.0,False,POST_GAP_COIL|BELOW_SMA50|NOT_NEAR_UNBROKEN_PIVOT|WEAK_RS,751
MCHB,2026-09-29,14.86,73.87,COMPRESSED,NEAR_LOWER_EDGE,NONE,5.16,3.97,17.06,63.89,False,False,8.73,False,15.62,14.87,1.179,2.06,8.48,-5.59,-6.88,-6.3,1.17,3.25,96,7705266.68,16.0,-7.13,17.1101,-13.15,-7.58,47.0,False,BELOW_SMA50|NOT_NEAR_UNBROKEN_PIVOT|WEAK_RS,751
IBOC,2026-09-29,68.94,73.83,COMPRESSED,NEAR_LOWER_EDGE,NONE,3.97,0.79,24.6,52.38,False,False,16.27,False,72.18,68.68,1.089,1.55,5.19,-1.74,-8.51,-4.53,0.99,1.04,999,27162762.39,72.18,-4.49,77.6798,-11.25,-10.83,38.0,False,BELOW_SMA50|WEAK_RS,751
SEDG,2026-09-30,31.87,73.83,COMPRESSED,INSIDE_COIL,NONE,5.56,22.62,15.48,55.95,True,False,26.98,False,37.17,30.745,1.352,7.45,24.47,-1.91,-39.8,-9.37,3.39,18.1,39,108291814.91,37.71,-15.49,81.25,-60.78,-45.61,2.0,False,POST_GAP_COIL|BELOW_SMA50|NOT_NEAR_UNBROKEN_PIVOT|WEAK_RS,752
MO,2026-09-29,68.72,73.81,COMPRESSED,NEAR_LOWER_EDGE,NONE,10.32,28.97,19.05,14.29,False,False,15.87,False,70.71,68.06,1.261,1.89,6.36,1.95,-2.87,1.21,1.58,5.63,999,552771704.5,70.71,-2.81,75.8486,-9.4,-5.48,53.0,False,WEAK_RS,751
SCSC,2026-09-30,58.73,73.67,COMPRESSED,NEAR_UPPER_EDGE,NONE,33.73,38.49,1.98,7.94,False,False,1.98,False,59.28,56.04,1.008,3.06,7.29,4.43,13.97,4.53,1.52,26.1,28,15127528.33,59.28,-0.93,66.78,-12.05,9.65,83.0,False,POST_GAP_COIL,752
WULF,2026-09-29,15.09,73.67,COMPRESSED,INSIDE_COIL,NONE,29.76,19.44,18.65,11.51,False,False,20.24,True,17.93,14.44,0.681,7.18,25.45,-0.26,-32.06,-9.71,7.23,9.08,60,450150433.83,18.08,-16.54,29.84,-49.43,-41.42,2.0,False,BELOW_SMA50|NOT_NEAR_UNBROKEN_PIVOT|WEAK_RS,751
LION,2026-09-29,11.19,73.53,COMPRESSED,INSIDE_COIL,NONE,51.59,10.32,0.4,5.95,False,False,34.13,True,11.7,10.46,0.881,3.91,11.44,-1.24,-22.24,-6.08,3.55,7.22,350,32350353.63,11.74,-4.68,16.7,-32.99,-29.43,9.0,False,BELOW_SMA50|WEAK_RS,751
CON,2026-09-29,35.34,73.52,COMPRESSED,INSIDE_COIL,NONE,15.48,29.37,25.79,12.7,False,True,23.02,False,36.71,34.32,1.563,2.59,9.59,4.74,11.19,4.25,1.98,12.21,36,33195503.64,36.71,-3.73,35.835,-1.38,16.49,89.0,False,POST_GAP_COIL,547
FTV,2026-09-29,55.41,73.51,COMPRESSED,NEAR_LOWER_EDGE,NONE,47.22,10.71,14.68,9.52,False,False,3.57,False,56.825,54.38,1.031,1.99,8.67,-5.71,-12.77,-5.49,1.31,2.87,229,128048673.14,59.5575,-6.96,64.4815,-14.07,-11.7,36.0,False,BELOW_SMA50|NOT_NEAR_UNBROKEN_PIVOT|WEAK_RS,751
IQV,2026-09-29,268.99,73.49,COMPRESSED,INSIDE_COIL,NONE,29.76,20.24,12.3,22.62,False,False,4.37,False,277.4,262.95,1.043,2.64,9.25,2.99,30.6,7.51,1.61,10.21,44,430880534.89,277.4,-3.03,265.25,1.41,36.7,96.0,False,POST_GAP_COIL|EXTENDED_60D_RUN,751
EQH,2026-09-29,52.19,73.45,COMPRESSED,NEAR_LOWER_EDGE,NONE,34.13,21.83,18.65,8.33,False,False,15.87,True,55.06,51.78,0.632,2.49,11.5,4.11,10.62,2.34,1.94,2.79,999,173331436.19,55.06,-5.21,53.32,-2.12,17.18,89.0,False,NOT_NEAR_UNBROKEN_PIVOT,751
GDS,2026-09-29,31.28,73.45,COMPRESSED,INSIDE_COIL,NONE,3.97,7.94,23.81,18.65,False,False,44.05,False,34.9,30.15,1.275,3.99,15.66,-1.79,1.26,-3.14,2.7,4.8,304,34891653.1,34.9,-10.37,46.84,-33.22,1.65,71.0,False,BELOW_SMA50|NOT_NEAR_UNBROKEN_PIVOT,751
PLPC,2026-09-29,412.76,73.41,COMPRESSED,INSIDE_COIL,NONE,7.54,32.94,10.32,24.21,False,False,18.65,False,441.39,390.65,1.278,4.71,13.87,2.97,12.23,1.77,4.93,22.42,42,28738737.3,441.39,-6.49,504.69,-18.22,-1.93,63.0,False,POST_GAP_COIL|NOT_NEAR_UNBROKEN_PIVOT|WEAK_RS,751
CMI,2026-09-29,521.37,73.41,COMPRESSED,NEAR_LOWER_EDGE,NONE,7.54,31.75,34.92,50.79,True,False,7.54,True,546.41,514.37,0.645,2.78,10.21,-7.62,-22.84,-11.35,4.56,10.78,39,620492273.15,570.45,-8.6,735.0241,-29.07,-29.14,9.0,False,POST_GAP_COIL|BELOW_SMA50|NOT_NEAR_UNBROKEN_PIVOT|WEAK_RS,751
PKG,2026-09-29,233.28,73.37,COMPRESSED,NEAR_LOWER_EDGE,NONE,19.84,21.03,11.9,21.03,False,False,19.44,False,242.63,228.84,0.914,2.23,8.04,0.36,-0.68,-3.52,2.01,2.01,999,146288726.08,242.63,-3.85,258.3082,-9.69,-3.98,57.0,False,BELOW_SMA50|WEAK_RS,751
SW,2026-09-29,44.38,73.35,COMPRESSED,INSIDE_COIL,NONE,19.84,25.0,14.29,18.65,False,False,13.49,False,47.29,43.28,0.742,3.18,12.6,-5.37,-1.87,-4.69,2.68,6.57,601,196798430.04,48.0,-7.54,51.5202,-13.86,-5.71,52.0,False,BELOW_SMA50|NOT_NEAR_UNBROKEN_PIVOT|WEAK_RS,751
SMA,2026-09-30,32.2,73.33,COMPRESSED,INSIDE_COIL,NONE,30.95,14.29,7.14,22.22,False,False,19.05,False,32.8853,30.9283,0.93,2.41,6.85,-0.52,0.18,-2.57,1.93,4.14,999,25286262.35,33.1342,-2.82,35.4818,-9.25,-4.57,55.0,False,WEAK_RS,376
KRYS,2026-09-29,335.06,73.31,COMPRESSED,NEAR_LOWER_EDGE,NONE,13.89,17.06,34.92,20.63,False,False,2.78,False,353.84,331.795,0.419,3.34,12.39,-6.76,-10.57,-2.28,2.16,5.99,351,96929789.84,373.31,-10.25,382.535,-12.41,-12.37,34.0,False,NOT_NEAR_UNBROKEN_PIVOT|WEAK_RS,751
KRP,2026-09-30,14.28,73.29,COMPRESSED,NEAR_LOWER_EDGE,NONE,10.71,4.37,44.84,42.06,False,False,2.78,True,14.92,14.21,0.671,1.82,7.63,-4.16,-0.55,-2.86,0.98,5.38,999,14564783.72,15.3,-6.67,15.651,-8.76,-0.94,65.0,False,NOT_NEAR_UNBROKEN_PIVOT|WEAK_RS,752
BY,2026-09-30,36.83,73.25,COMPRESSED,NEAR_LOWER_EDGE,NONE,6.75,5.56,34.52,48.41,False,False,0.79,False,38.26,36.765,0.868,1.69,6.6,-2.23,-0.13,-3.87,0.93,1.99,999,11277768.21,39.116,-5.84,40.03,-7.99,-6.09,51.0,False,BELOW_SMA50|NOT_NEAR_UNBROKEN_PIVOT|WEAK_RS,752
BLX,2026-09-29,55.51,73.25,COMPRESSED,NEAR_UPPER_EDGE,NONE,26.19,23.41,12.7,5.56,False,False,23.02,False,56.01,52.94,1.177,1.97,6.4,2.95,-3.75,-0.49,1.81,1.81,999,9578835.48,56.49,-1.73,62.4476,-11.11,-11.12,38.0,False,WEAK_RS,751
CRUS,2026-09-29,120.8,73.24,COMPRESSED,INSIDE_COIL,NONE,39.68,20.24,38.89,25.4,True,True,7.94,False,124.75,115.92,0.869,2.94,15.31,10.31,-18.83,-0.17,2.37,5.62,413,110726873.35,124.75,-3.17,180.42,-33.05,-21.19,17.0,False,WEAK_RS,751
HUT,2026-09-29,92.86,73.23,COMPRESSED,INSIDE_COIL,NONE,10.32,26.59,34.13,23.81,False,True,26.59,True,110.69,85.71,0.7,8.09,38.1,18.08,-10.52,-0.57,7.44,11.36,42,411433178.06,110.69,-16.11,140.8,-34.05,-22.08,16.0,False,POST_GAP_COIL|RECENT_SURGE|NOT_NEAR_UNBROKEN_PIVOT|WEAK_RS,751
CHH,2026-09-29,104.25,73.21,COMPRESSED,NEAR_UPPER_EDGE,NONE,9.13,12.7,6.75,38.49,False,False,35.32,False,103.11,95.9,1.016,2.89,9.41,0.86,-3.18,-0.72,2.0,2.0,999,57220487.33,107.93,-3.41,123.4966,-15.58,-7.73,47.0,False,WEAK_RS,751
SFNC,2026-09-29,22.52,73.17,COMPRESSED,NEAR_LOWER_EDGE,NONE,49.6,23.02,7.94,1.98,False,False,2.78,False,23.37,22.43,1.146,2.02,8.01,0.67,-0.17,-2.14,1.91,4.56,999,32781046.68,23.7682,-5.25,24.0951,-6.54,-2.16,62.0,False,NOT_NEAR_UNBROKEN_PIVOT|WEAK_RS,751
RYZ,2026-09-30,23.56,73.17,COMPRESSED,NEAR_LOWER_EDGE,NONE,3.97,31.75,21.03,33.73,False,False,2.78,False,24.97,23.23,0.889,3.87,14.69,-6.35,-7.16,-10.05,2.81,6.23,230,11344926.85,26.69,-11.73,31.7712,-25.84,-2.69,61.0,False,BELOW_SMA50|NOT_NEAR_UNBROKEN_PIVOT|WEAK_RS,752
CRL,2026-09-29,295.96,73.1,COMPRESSED,NEAR_UPPER_EDGE,NONE,25.0,23.81,9.52,16.27,False,False,18.65,False,298.4,269.93,0.694,3.38,10.52,2.68,27.88,8.82,2.45,14.47,38,269838825.87,298.4,-0.82,303.31,-2.42,27.98,94.0,False,POST_GAP_COIL,751
ONB,2026-09-29,24.84,73.06,COMPRESSED,NEAR_LOWER_EDGE,NONE,19.44,13.1,18.25,35.32,False,False,9.92,False,26.02,24.69,1.467,1.89,5.8,-2.35,-5.56,-4.19,0.64,3.97,999,106205794.1,26.13,-4.94,27.2073,-8.7,-6.07,51.0,False,BELOW_SMA50|WEAK_RS,751
C,2026-09-29,130.8,73.06,COMPRESSED,NEAR_LOWER_EDGE,NONE,26.19,35.32,17.86,38.49,True,False,1.98,False,139.72,130.31,0.832,2.53,8.56,-0.62,-8.62,-2.43,1.69,2.11,999,1288621212.76,141.27,-7.41,147.2115,-11.15,-8.59,44.0,False,NOT_NEAR_UNBROKEN_PIVOT|WEAK_RS,751
CATY,2026-09-29,59.86,73.04,COMPRESSED,RANGE_EXIT_CONFIRMED,DOWN_EXPANSION_CONFIRMED,11.11,14.68,12.3,41.27,False,False,21.03,False,63.08,60.19,1.622,1.77,5.75,-2.21,-3.71,-3.88,1.08,1.21,999,31546935.52,63.18,-5.25,64.8608,-7.71,-5.36,53.0,False,ALREADY_EXPANDING|BELOW_SMA50|NOT_NEAR_UNBROKEN_PIVOT|WEAK_RS,751
SE,2026-09-29,98.62,72.98,COMPRESSED,INSIDE_COIL,NONE,3.57,7.54,49.6,59.92,True,False,5.95,False,107.4,96.365,0.613,3.6,18.79,-13.09,-6.08,-10.93,2.67,11.39,34,363498688.7,118.25,-16.6,131.94,-25.25,0.4,69.0,False,POST_GAP_COIL|BELOW_SMA50|NOT_NEAR_UNBROKEN_PIVOT|WEAK_RS,751
TGTX,2026-09-29,56.19,72.98,COMPRESSED,INSIDE_COIL,NONE,13.89,41.67,6.35,10.32,False,False,20.63,False,58.92,52.5,0.909,4.16,12.12,3.48,1.3,4.68,3.15,3.15,177,104724798.43,58.92,-4.63,59.3,-5.24,-0.24,67.0,False,WEAK_RS,751
FHB,2026-09-29,24.82,72.96,COMPRESSED,NEAR_LOWER_EDGE,NONE,16.27,3.17,10.71,53.57,False,False,19.84,False,25.98,24.675,0.806,1.79,6.06,-3.08,-17.42,-6.41,0.85,6.9,999,53729563.49,26.18,-5.19,30.2926,-18.07,-17.0,23.0,False,BELOW_SMA50|NOT_NEAR_UNBROKEN_PIVOT|WEAK_RS,751
FWONK,2026-09-29,93.08,72.94,COMPRESSED,NEAR_LOWER_EDGE,NONE,33.73,29.76,0.4,15.48,False,False,13.1,False,97.64,93.05,1.123,2.61,8.37,-6.87,-5.95,-5.78,2.12,2.77,999,215974474.18,101.765,-8.53,107.31,-13.26,-4.68,55.0,False,BELOW_SMA50|NOT_NEAR_UNBROKEN_PIVOT|WEAK_RS,751
KVUE,2026-09-29,17.91,72.92,COMPRESSED,NEAR_UPPER_EDGE,NONE,26.59,3.17,55.95,32.54,False,True,0.4,True,17.986,17.49,0.852,1.74,8.75,-4.01,-6.31,-3.09,1.58,1.74,226,471292193.61,18.9588,-5.53,19.6734,-8.96,-6.62,50.0,False,BELOW_SMA50|NOT_NEAR_UNBROKEN_PIVOT|WEAK_RS,751
NCLH,2026-09-29,14.8,72.9,COMPRESSED,NEAR_UPPER_EDGE,NONE,12.3,33.33,14.29,13.1,False,False,21.03,False,15.03,13.63,1.492,4.22,16.69,-8.3,-23.16,-13.16,5.59,8.58,292,276387155.52,16.45,-10.03,22.22,-33.39,-32.41,6.0,False,BELOW_SMA50|NOT_NEAR_UNBROKEN_PIVOT|WEAK_RS,751
IAG,2026-09-29,18.64,72.88,COMPRESSED,NEAR_LOWER_EDGE,NONE,15.48,29.37,2.38,22.62,False,False,28.57,False,21.04,18.39,0.57,4.6,14.75,-8.85,12.56,0.54,5.53,7.61,166,107978862.2,21.04,-11.41,22.32,-16.49,15.16,87.0,False,NOT_NEAR_UNBROKEN_PIVOT,751
AEG,2026-09-29,8.79,72.83,COMPRESSED,NEAR_LOWER_EDGE,NONE,5.56,15.48,9.92,58.73,False,False,27.78,True,9.16,8.75,0.5,1.48,6.14,-1.2,2.73,-2.52,1.65,3.33,999,41677305.95,9.27,-5.18,9.3544,-6.03,4.48,76.0,False,NOT_NEAR_UNBROKEN_PIVOT,751
PTGX,2026-09-29,140.97,72.82,COMPRESSED,INSIDE_COIL,NONE,1.98,21.03,6.35,44.05,False,False,31.35,False,147.99,134.1,0.853,3.76,12.16,-4.59,7.2,-2.62,3.25,5.6,391,98646702.81,151.24,-6.79,160.81,-12.34,12.49,85.0,False,NOT_NEAR_UNBROKEN_PIVOT,751
AAT,2026-09-29,21.34,72.82,COMPRESSED,NEAR_LOWER_EDGE,NONE,7.94,19.44,9.13,28.57,False,False,37.3,False,22.23,21.22,2.517,1.86,6.33,-3.52,-13.88,-4.83,0.98,4.27,999,10812327.8,22.41,-4.77,25.5758,-16.56,-14.75,28.0,False,BELOW_SMA50|WEAK_RS,751
MAS,2026-09-29,68.37,72.82,COMPRESSED,NEAR_LOWER_EDGE,NONE,33.73,30.95,8.73,14.29,False,False,2.38,False,70.33,67.03,0.838,2.66,9.13,-5.25,-15.26,-5.81,2.04,7.09,110,169206913.88,73.27,-6.69,83.2748,-17.9,-18.12,21.0,False,BELOW_SMA50|NOT_NEAR_UNBROKEN_PIVOT|WEAK_RS,751
ADEA,2026-09-29,24.75,72.76,COMPRESSED,NEAR_LOWER_EDGE,NONE,27.38,39.68,6.35,10.71,False,False,6.35,False,25.93,24.37,1.653,4.31,15.52,-1.9,-15.45,-6.61,3.71,10.83,39,23193022.06,27.39,-9.64,34.2108,-27.65,-27.21,11.0,False,POST_GAP_COIL|BELOW_SMA50|NOT_NEAR_UNBROKEN_PIVOT|WEAK_RS,751
UFPT,2026-09-29,296.92,72.74,COMPRESSED,NEAR_UPPER_EDGE,NONE,8.73,0.4,27.78,48.41,False,False,17.46,False,300.23,273.0,0.828,2.87,10.57,-0.35,9.13,2.61,1.94,14.01,39,32175073.17,304.39,-2.45,338.71,-12.34,9.47,82.0,False,POST_GAP_COIL,751
NEM,2026-09-29,117.09,72.7,COMPRESSED,INSIDE_COIL,NONE,14.29,31.75,8.33,42.86,False,True,33.33,True,128.09,114.63,0.363,3.6,13.73,-6.92,19.48,0.56,4.87,6.77,999,862908718.78,130.71,-10.42,135.009,-13.27,23.11,92.0,False,NOT_NEAR_UNBROKEN_PIVOT,751
LOPE,2026-09-29,147.59,72.7,COMPRESSED,INSIDE_COIL,NONE,10.32,33.33,3.57,18.65,False,False,33.73,False,154.68,144.44,0.647,2.93,9.72,-0.36,-3.8,-0.53,1.35,5.04,999,50506681.58,158.14,-6.67,176.3,-16.28,0.61,69.0,False,NOT_NEAR_UNBROKEN_PIVOT|WEAK_RS,751
LSTR,2026-09-29,168.42,72.7,COMPRESSED,INSIDE_COIL,NONE,8.33,10.71,17.46,52.78,False,False,13.89,False,174.57,162.15,1.399,2.69,10.94,-6.76,-17.09,-6.24,1.55,4.36,999,56284498.0,181.97,-7.45,227.9402,-26.11,-20.89,17.0,False,BELOW_SMA50|NOT_NEAR_UNBROKEN_PIVOT|WEAK_RS,751
BWLP,2026-09-29,24.68,72.68,COMPRESSED,INSIDE_COIL,NONE,1.59,46.03,17.06,12.7,False,True,36.51,False,26.47,23.95,0.905,3.01,17.86,5.82,35.91,7.92,5.04,5.04,139,11519137.47,26.47,-6.76,24.5015,0.73,44.7,97.0,False,EXTENDED_60D_RUN|NOT_NEAR_UNBROKEN_PIVOT,751
BVN,2026-09-29,31.99,72.67,COMPRESSED,INSIDE_COIL,NONE,25.79,32.94,2.78,27.78,False,False,19.05,True,34.96,31.34,0.404,4.37,14.07,-6.73,6.78,-4.32,4.55,5.1,999,37711831.76,35.84,-10.74,38.65,-17.23,6.7,79.0,False,BELOW_SMA50|NOT_NEAR_UNBROKEN_PIVOT,751
NKE,2026-09-29,35.84,72.66,COMPRESSED,NEAR_LOWER_EDGE,NONE,2.38,13.49,40.48,39.29,False,False,1.19,False,37.04,35.22,0.752,2.71,10.35,-7.27,-16.43,-8.39,2.35,3.03,124,1207769309.23,39.4614,-9.18,52.0864,-31.19,-14.28,29.0,False,BELOW_SMA50|NOT_NEAR_UNBROKEN_PIVOT|WEAK_RS,751
ANET,2026-09-29,202.86,72.58,COMPRESSED,INSIDE_COIL,NONE,6.75,6.75,27.78,55.16,False,False,5.95,False,212.0,190.86,1.07,3.64,15.15,3.66,17.07,5.86,4.9,10.33,38,941850145.63,212.0,-4.31,214.89,-5.6,16.9,89.0,False,POST_GAP_COIL,751
VSTS,2026-09-30,13.36,72.58,COMPRESSED,INSIDE_COIL,NONE,25.4,11.11,27.78,25.79,False,True,24.6,False,14.66,13.01,0.626,3.93,19.09,10.14,-5.32,-2.21,4.63,4.63,97,21833113.33,14.66,-8.87,16.9,-20.95,-11.51,37.0,False,NOT_NEAR_UNBROKEN_PIVOT|WEAK_RS,752
UAL,2026-09-29,112.65,72.58,COMPRESSED,INSIDE_COIL,NONE,25.79,25.79,5.95,21.43,False,False,31.35,True,118.26,104.59,0.537,3.64,12.53,4.32,-14.98,-3.02,3.38,4.32,120,430158054.96,118.26,-4.74,138.77,-18.82,-19.68,19.0,False,BELOW_SMA50|WEAK_RS,751
JBL,2026-09-29,318.84,72.56,COMPRESSED,INSIDE_COIL,NONE,7.94,28.17,6.75,31.75,False,False,27.38,False,331.58,293.6,0.746,3.82,12.32,4.45,-5.71,0.2,4.91,6.03,444,366314227.45,331.58,-3.84,428.8373,-25.65,-19.79,19.0,False,WEAK_RS,751
CMRE,2026-09-29,14.75,72.54,COMPRESSED,INSIDE_COIL,NONE,1.98,14.68,9.92,57.94,False,False,23.02,False,15.61,14.41,0.811,2.74,8.88,-3.47,2.65,-2.41,1.16,5.51,350,5515271.38,15.72,-6.17,17.7908,-17.09,3.58,75.0,False,NOT_NEAR_UNBROKEN_PIVOT,751
BCH,2026-09-29,40.25,72.5,COMPRESSED,RANGE_EXIT_CONFIRMED,DOWN_EXPANSION_CONFIRMED,7.14,40.87,10.32,12.7,False,False,26.19,False,42.62,40.56,1.728,2.34,7.63,-2.09,0.52,-2.99,1.79,1.79,999,12444008.07,43.12,-6.66,43.14,-6.7,-1.28,64.0,False,ALREADY_EXPANDING|NOT_NEAR_UNBROKEN_PIVOT|WEAK_RS,751
GLUE,2026-09-30,11.93,72.5,COMPRESSED,INSIDE_COIL,NONE,0.4,22.22,52.78,62.3,True,True,7.14,False,13.02,11.415,0.862,5.86,30.05,-16.63,-51.11,-22.09,2.1,31.79,42,14819591.24,15.0,-20.47,25.22,-52.7,-52.85,1.0,False,POST_GAP_COIL|BELOW_SMA50|NOT_NEAR_UNBROKEN_PIVOT|WEAK_RS,752
CMBT,2026-09-29,18.95,72.42,COMPRESSED,NEAR_LOWER_EDGE,NONE,7.94,2.78,17.06,26.98,False,False,53.17,False,20.82,18.69,0.735,2.69,14.3,3.67,24.59,6.65,3.66,3.66,747,21700453.93,20.82,-8.98,18.85,0.53,32.94,95.0,False,NOT_NEAR_UNBROKEN_PIVOT,751
CRBG,2026-09-29,33.77,72.36,COMPRESSED,NEAR_LOWER_EDGE,NONE,26.98,15.87,27.38,16.67,False,False,20.63,True,35.64,33.545,0.669,2.45,11.57,4.53,10.4,2.27,1.87,4.18,999,152660692.92,35.64,-5.25,34.5615,-2.29,16.29,89.0,False,NOT_NEAR_UNBROKEN_PIVOT,751
HTHT,2026-09-29,43.14,72.36,COMPRESSED,NEAR_UPPER_EDGE,NONE,9.52,4.37,43.65,36.51,False,False,4.37,False,43.86,41.67,1.12,2.29,12.58,-7.07,4.53,-0.69,1.48,8.62,999,61261335.2,47.0974,-8.4,53.9728,-20.07,2.89,74.0,False,NOT_NEAR_UNBROKEN_PIVOT,751
MBIN,2026-09-29,49.61,72.35,COMPRESSED,RANGE_EXIT_CONFIRMED,DOWN_EXPANSION_CONFIRMED,14.68,18.65,16.67,38.49,False,True,32.54,False,53.8,50.895,1.709,2.75,10.84,-5.56,3.78,-5.85,1.12,5.43,999,12427644.25,54.965,-9.74,56.7523,-12.59,-3.09,59.0,False,ALREADY_EXPANDING|BELOW_SMA50|NOT_NEAR_UNBROKEN_PIVOT|WEAK_RS,751
GE,2026-09-29,317.89,72.34,COMPRESSED,INSIDE_COIL,NONE,17.46,41.67,21.03,13.1,False,False,11.11,True,329.17,306.8,0.904,2.76,11.3,-5.31,-16.05,-7.5,2.61,2.61,999,1362546195.01,342.73,-7.25,388.84,-18.25,-17.35,23.0,False,BELOW_SMA50|NOT_NEAR_UNBROKEN_PIVOT|WEAK_RS,751
GEF,2026-09-29,80.46,72.32,COMPRESSED,NEAR_LOWER_EDGE,NONE,16.67,38.1,13.1,5.95,False,False,21.43,False,85.39,78.9749,0.866,2.44,8.35,-2.03,9.74,-4.16,1.3,3.8,999,31808246.5,85.6943,-6.11,89.8926,-10.49,6.31,79.0,False,BELOW_SMA50|NOT_NEAR_UNBROKEN_PIVOT,751
SYBT,2026-09-29,77.25,72.3,COMPRESSED,NEAR_LOWER_EDGE,NONE,13.89,2.78,5.16,27.38,False,False,61.51,False,82.4458,77.01,1.793,2.27,8.42,-2.07,-0.34,-4.7,1.29,1.29,999,12779949.01,82.4458,-6.3,88.849,-13.05,-1.07,65.0,False,BELOW_SMA50|NOT_NEAR_UNBROKEN_PIVOT|WEAK_RS,751
MIDD,2026-09-29,105.56,72.28,COMPRESSED,NEAR_LOWER_EDGE,NONE,11.51,27.78,15.87,27.38,False,False,30.56,True,113.85,105.23,0.594,2.89,9.47,-4.76,-26.78,-10.96,2.21,4.77,99,67595151.01,114.24,-7.6,148.55,-28.94,-26.23,12.0,False,BELOW_SMA50|NOT_NEAR_UNBROKEN_PIVOT|WEAK_RS,751
BTI,2026-09-29,54.85,72.24,COMPRESSED,RANGE_EXIT_CONFIRMED,DOWN_EXPANSION_CONFIRMED,21.43,41.27,10.32,1.19,False,False,19.84,False,57.23,55.18,2.136,1.89,5.83,-1.3,-9.51,-4.33,3.4,3.4,999,295210747.35,57.5,-4.61,66.3768,-17.37,-12.47,34.0,False,ALREADY_EXPANDING|BELOW_SMA50|WEAK_RS,751
ARDT,2026-09-30,10.34,72.18,COMPRESSED,NEAR_LOWER_EDGE,NONE,14.29,31.75,15.87,42.46,False,False,7.14,True,11.03,10.29,0.827,3.77,9.57,-5.48,-4.44,-4.79,2.19,8.14,144,4905780.09,11.28,-8.33,11.89,-13.04,-0.44,67.0,False,BELOW_SMA50|NOT_NEAR_UNBROKEN_PIVOT|LOW_LIQUIDITY|WEAK_RS,553
ORLY,2026-09-29,86.07,72.16,COMPRESSED,NEAR_UPPER_EDGE,NONE,48.41,30.95,9.52,15.08,False,True,18.65,True,87.45,82.83,0.707,2.14,7.44,-3.07,2.17,-2.73,1.25,6.23,999,548529506.83,89.34,-3.66,100.63,-14.47,-9.05,43.0,False,WEAK_RS,751
AOS,2026-09-29,58.02,72.16,COMPRESSED,NEAR_UPPER_EDGE,NONE,15.48,35.32,21.43,13.1,False,False,9.52,False,58.95,56.49,0.991,2.25,7.96,-1.88,-6.53,-3.7,1.79,3.87,999,80960158.64,61.11,-5.06,67.0999,-13.53,-9.45,42.0,False,BELOW_SMA50|NOT_NEAR_UNBROKEN_PIVOT|WEAK_RS,751
BSBR,2026-09-29,5.68,72.13,COMPRESSED,NEAR_LOWER_EDGE,NONE,28.57,10.71,15.08,47.22,False,True,19.44,False,5.98,5.65,0.8,2.19,7.22,-1.22,9.63,-0.31,2.69,11.49,41,22924446.3,6.05,-6.12,6.3238,-10.18,7.95,81.0,False,POST_GAP_COIL|NOT_NEAR_UNBROKEN_PIVOT,751
OR,2026-09-29,34.34,72.08,COMPRESSED,NEAR_LOWER_EDGE,NONE,33.33,32.94,5.16,24.6,False,True,32.94,True,37.7084,33.8856,0.333,3.62,12.15,-6.91,11.67,0.3,4.39,5.3,999,29653150.25,38.0577,-9.77,43.4388,-20.95,6.26,78.0,False,NOT_NEAR_UNBROKEN_PIVOT,751
MBX,2026-09-29,57.75,72.08,COMPRESSED,INSIDE_COIL,NONE,8.33,11.9,13.89,47.62,False,False,39.68,True,65.0,52.32,0.459,5.78,21.96,-6.25,0.09,-8.84,1.51,12.03,54,31454696.46,65.0,-11.15,72.64,-20.5,2.1,72.0,False,POST_GAP_COIL|BELOW_SMA50|NOT_NEAR_UNBROKEN_PIVOT,512
FORTY,2026-09-30,114.99,72.06,COMPRESSED,INSIDE_COIL,NONE,3.57,12.7,45.63,57.54,True,False,26.19,True,117.57,108.5,,1.45,16.29,-7.27,3.17,0.3,4.95,7.57,125,108280.91,127.236,-9.62,137.1486,-16.16,6.44,79.0,False,NOT_NEAR_UNBROKEN_PIVOT|LOW_LIQUIDITY,752
ODC,2026-09-30,90.59,72.06,COMPRESSED,INSIDE_COIL,NONE,22.22,36.11,10.71,28.97,False,False,11.9,True,92.99,86.33,0.475,2.96,9.55,-0.2,-9.93,-1.05,1.51,1.51,999,10073026.69,92.99,-2.58,106.7506,-15.14,-13.22,32.0,False,WEAK_RS,752
WELL,2026-09-29,232.9,72.02,COMPRESSED,NEAR_UPPER_EDGE,NONE,17.86,41.27,15.87,16.67,False,False,3.17,False,237.32,228.0,0.814,2.08,6.43,-1.41,0.47,-1.5,1.8,1.8,999,616202570.53,242.97,-4.14,254.2402,-8.39,0.48,69.0,False,WEAK_RS,751
DNLI,2026-09-29,20.81,72.02,COMPRESSED,INSIDE_COIL,NONE,13.1,11.9,37.7,36.51,False,False,13.1,True,21.79,19.4,0.472,4.25,21.43,-12.42,-19.15,-9.73,2.54,2.84,649,36829265.17,24.01,-13.33,27.3,-23.77,-21.61,16.0,False,BELOW_SMA50|NOT_NEAR_UNBROKEN_PIVOT|WEAK_RS,751
CIFR,2026-09-29,16.51,72.0,COMPRESSED,INSIDE_COIL,NONE,20.63,25.79,25.0,18.25,False,False,19.84,True,19.745,14.85,0.738,9.01,33.71,6.52,-24.02,-8.83,7.86,16.18,39,586487596.05,19.745,-16.38,30.14,-45.22,-35.13,5.0,False,POST_GAP_COIL|BELOW_SMA50|NOT_NEAR_UNBROKEN_PIVOT|WEAK_RS,751
SOFI,2026-09-29,15.91,71.94,COMPRESSED,NEAR_LOWER_EDGE,NONE,8.33,1.59,24.6,65.08,False,False,22.62,True,17.96,15.87,0.522,4.24,17.91,-11.02,-14.51,-9.27,5.63,7.41,420,767350286.74,18.71,-14.97,20.13,-20.96,-13.78,31.0,False,BELOW_SMA50|NOT_NEAR_UNBROKEN_PIVOT|WEAK_RS,751
UMH,2026-09-30,15.4,71.92,COMPRESSED,NEAR_LOWER_EDGE,NONE,8.73,5.16,25.79,45.63,False,False,35.32,True,15.97,15.18,0.667,1.74,7.21,-4.94,1.32,-2.4,1.0,1.71,999,10256009.31,16.5,-6.67,16.77,-8.17,-0.33,67.0,False,NOT_NEAR_UNBROKEN_PIVOT|WEAK_RS,752
AIG,2026-09-29,75.27,71.92,COMPRESSED,NEAR_UPPER_EDGE,NONE,22.62,23.81,6.75,16.27,False,False,33.33,False,76.59,72.63,1.944,1.98,5.78,-0.77,-6.17,-1.5,1.14,1.75,999,360696912.08,76.9801,-2.22,81.9074,-8.1,-0.85,65.0,False,WEAK_RS,751
REPL,2026-09-30,13.24,71.9,COMPRESSED,INSIDE_COIL,NONE,11.51,14.29,39.68,29.37,False,False,3.97,False,13.635,12.07,1.133,6.52,32.18,-15.51,15.03,1.49,1.7,110.33,42,28545765.93,16.33,-18.92,16.15,-18.02,15.49,88.0,False,POST_GAP_COIL|NOT_NEAR_UNBROKEN_PIVOT,752
VZLA,2026-09-30,3.79,71.88,COMPRESSED,INSIDE_COIL,NONE,38.1,21.43,15.87,20.63,True,False,32.94,False,4.31,3.59,0.812,5.25,19.0,-1.81,22.65,0.24,4.81,5.38,160,17846087.02,4.31,-12.06,4.25,-10.82,13.74,86.0,False,NOT_NEAR_UNBROKEN_PIVOT|LOW_LIQUIDITY,752
IDXX,2026-09-29,533.44,71.87,COMPRESSED,NEAR_UPPER_EDGE,NONE,11.9,17.46,35.71,13.49,False,False,20.63,False,530.15,501.98,1.189,2.56,10.84,-4.18,-5.58,-2.19,1.37,6.07,226,264693804.31,561.24,-4.95,624.15,-14.53,-1.19,64.0,False,WEAK_RS,751
TS,2026-09-29,55.05,71.85,COMPRESSED,NEAR_LOWER_EDGE,NONE,16.67,55.16,0.79,16.67,False,False,7.54,False,57.59,54.77,1.304,2.28,6.54,-1.47,2.32,-0.76,2.19,3.76,652,62011609.51,58.16,-5.35,64.6,-14.78,-3.31,59.0,False,NOT_NEAR_UNBROKEN_PIVOT|WEAK_RS,751
CENTA,2026-09-29,33.95,71.83,COMPRESSED,NEAR_LOWER_EDGE,NONE,2.78,20.24,50.0,52.78,True,False,4.37,False,35.5,33.6,0.632,2.55,11.19,-8.76,-9.3,-8.13,1.56,2.44,660,10972044.63,37.84,-10.28,40.8,-16.79,-14.95,28.0,False,BELOW_SMA50|NOT_NEAR_UNBROKEN_PIVOT|WEAK_RS,751
W,2026-09-29,101.95,71.81,COMPRESSED,INSIDE_COIL,NONE,22.62,18.25,13.49,22.22,False,False,26.59,False,108.68,94.25,1.094,4.82,15.38,2.7,9.41,2.62,3.64,23.08,39,243348684.28,108.68,-6.19,118.305,-13.82,7.8,81.0,False,POST_GAP_COIL|NOT_NEAR_UNBROKEN_PIVOT,751
DORM,2026-09-29,123.89,71.81,COMPRESSED,INSIDE_COIL,NONE,7.54,9.92,29.76,38.89,False,False,19.44,False,126.94,118.3,1.245,2.88,11.1,-3.85,-11.55,-5.24,1.95,11.3,39,25429237.65,132.05,-6.18,155.37,-20.26,-11.72,36.0,False,POST_GAP_COIL|BELOW_SMA50|NOT_NEAR_UNBROKEN_PIVOT|WEAK_RS,751
ICLR,2026-09-29,170.35,71.77,COMPRESSED,INSIDE_COIL,NONE,26.59,17.46,18.25,30.95,False,False,7.54,False,177.5,162.59,1.187,3.9,12.21,3.25,-0.35,1.69,2.23,6.98,105,178957406.22,177.5,-4.03,186.64,-8.73,-4.45,56.0,False,WEAK_RS,751
BHRB,2026-09-30,68.6,71.75,COMPRESSED,NEAR_LOWER_EDGE,NONE,1.98,6.35,35.32,52.78,False,False,10.71,False,71.98,68.25,1.695,2.0,7.58,-2.87,-0.92,-4.05,0.92,1.09,999,8857053.57,73.4,-6.54,74.5258,-7.95,-7.52,48.0,False,BELOW_SMA50|NOT_NEAR_UNBROKEN_PIVOT|WEAK_RS,752
LKFN,2026-09-30,57.66,71.75,COMPRESSED,NEAR_LOWER_EDGE,NONE,10.71,2.78,23.02,59.13,False,False,13.89,False,61.13,57.62,1.044,1.91,7.67,-1.97,-5.55,-5.01,1.03,1.58,999,11745732.22,61.82,-6.73,64.55,-10.67,-10.38,39.0,False,BELOW_SMA50|NOT_NEAR_UNBROKEN_PIVOT|WEAK_RS,752
TTMI,2026-09-29,122.8,71.73,COMPRESSED,INSIDE_COIL,NONE,15.08,37.3,9.52,26.19,False,False,13.1,False,131.32,109.94,1.212,6.49,19.74,3.26,-17.8,-1.1,6.98,9.09,104,221856829.46,133.77,-8.2,223.83,-45.14,-36.85,4.0,False,NOT_NEAR_UNBROKEN_PIVOT|WEAK_RS,751
KNSA,2026-09-29,75.73,71.71,COMPRESSED,INSIDE_COIL,NONE,16.27,13.49,19.44,42.86,False,False,13.49,False,79.76,74.02,0.912,3.32,9.75,-3.69,20.65,-0.71,2.13,10.27,44,43896611.19,81.407,-6.97,82.94,-8.69,15.9,88.0,False,POST_GAP_COIL|NOT_NEAR_UNBROKEN_PIVOT,751
SAIA,2026-09-29,336.32,71.64,COMPRESSED,INSIDE_COIL,NONE,29.76,6.75,13.49,39.29,False,False,29.76,True,359.03,321.54,0.665,3.69,11.82,-5.3,-19.52,-7.06,2.65,3.14,296,119621343.06,361.3,-6.91,494.71,-32.02,-22.66,16.0,False,BELOW_SMA50|NOT_NEAR_UNBROKEN_PIVOT|WEAK_RS,751
MUR,2026-09-29,35.95,71.59,COMPRESSED,NEAR_LOWER_EDGE,NONE,24.21,13.49,11.51,29.76,False,False,27.38,False,40.69,35.26,0.683,3.73,15.1,-1.29,14.49,-2.19,2.75,5.38,999,62580308.83,40.69,-11.65,42.5317,-15.47,9.02,82.0,False,NOT_NEAR_UNBROKEN_PIVOT,751
PPG,2026-09-29,106.02,71.59,COMPRESSED,NEAR_UPPER_EDGE,NONE,29.76,33.33,21.83,5.16,False,False,4.37,False,107.99,103.7,0.93,2.27,9.29,-5.48,-14.0,-4.98,1.88,3.55,999,185868097.79,113.55,-6.63,124.923,-15.13,-14.56,29.0,False,BELOW_SMA50|NOT_NEAR_UNBROKEN_PIVOT|WEAK_RS,751
MKSI,2026-09-29,266.02,71.49,COMPRESSED,NEAR_UPPER_EDGE,NONE,45.24,24.6,15.08,14.68,False,True,15.48,False,263.78,228.46,0.928,4.4,15.72,3.82,-27.66,-5.05,7.1,12.11,42,333766748.3,270.29,-1.58,447.2041,-40.51,-42.65,2.0,False,POST_GAP_COIL|BELOW_SMA50|WEAK_RS,751
FSM,2026-09-29,11.35,71.48,COMPRESSED,INSIDE_COIL,NONE,23.02,15.08,17.46,36.51,False,False,26.19,True,12.3,10.93,0.433,4.22,16.92,-6.04,30.76,3.94,5.3,7.01,166,48777938.42,12.85,-11.67,12.94,-12.29,31.8,94.0,False,EXTENDED_60D_RUN|NOT_NEAR_UNBROKEN_PIVOT,751
RMD,2026-09-29,222.83,71.47,COMPRESSED,INSIDE_COIL,NONE,41.67,29.76,28.97,17.06,True,False,5.95,False,234.33,218.26,0.823,2.47,11.94,-7.19,2.32,0.65,1.51,7.19,607,281104103.06,242.4,-8.07,241.06,-7.56,12.15,85.0,False,NOT_NEAR_UNBROKEN_PIVOT,751
ELV,2026-09-29,392.73,71.47,COMPRESSED,NEAR_LOWER_EDGE,NONE,34.52,9.92,14.29,46.43,True,False,32.14,False,423.56,392.44,0.678,2.41,9.54,0.48,-3.36,-0.85,3.09,7.97,363,508302025.44,427.17,-8.06,434.3495,-9.58,-0.52,66.0,False,NOT_NEAR_UNBROKEN_PIVOT|WEAK_RS,751
FIG,2026-09-29,20.72,71.43,COMPRESSED,INSIDE_COIL,NONE,2.38,14.29,32.54,53.17,False,True,25.0,False,24.785,19.58,1.085,6.44,42.52,-24.63,-1.71,-14.87,3.76,17.48,37,318826060.34,28.39,-27.02,31.22,-33.63,12.02,84.0,False,POST_GAP_COIL|BELOW_SMA50|NOT_NEAR_UNBROKEN_PIVOT,293
CLSK,2026-09-29,13.31,71.38,COMPRESSED,INSIDE_COIL,NONE,20.24,12.7,31.75,27.78,False,False,23.41,True,15.265,12.36,0.658,6.71,33.77,14.54,-1.48,1.6,6.62,18.81,54,230255135.0,15.265,-12.81,19.17,-30.57,-11.04,38.0,False,POST_GAP_COIL|NOT_NEAR_UNBROKEN_PIVOT|WEAK_RS,751
INDV,2026-09-29,36.59,71.35,COMPRESSED,NEAR_UPPER_EDGE,NONE,16.27,4.76,17.46,45.24,False,False,27.78,False,36.96,33.74,0.866,2.81,9.05,4.75,-8.5,-1.4,1.69,1.88,228,70509952.8,36.96,-1.0,42.81,-14.53,-13.34,32.0,False,WEAK_RS,751
NGL-PB,2026-09-30,25.52,71.29,COMPRESSED,RANGE_EXIT_CONFIRMED,DOWN_EXPANSION_CONFIRMED,23.02,23.81,5.95,0.79,False,False,53.57,False,25.95,25.69,6.591,0.78,2.84,-1.09,0.75,-0.82,1.54,1.77,999,673338.33,25.975,-1.75,26.34,-3.11,-0.96,65.0,False,ALREADY_EXPANDING|LOW_LIQUIDITY|WEAK_RS,752
CTRI,2026-09-29,20.34,71.29,COMPRESSED,INSIDE_COIL,NONE,11.51,32.14,21.03,22.22,False,False,16.27,False,20.81,19.03,1.013,3.85,9.29,-0.34,-25.96,-9.05,2.53,10.09,39,34617766.21,20.92,-2.77,42.985,-52.68,-35.25,5.0,False,POST_GAP_COIL|BELOW_SMA50|WEAK_RS,613
HSAI,2026-09-29,15.52,71.27,COMPRESSED,NEAR_LOWER_EDGE,NONE,27.78,5.95,30.16,56.75,False,True,16.27,True,17.51,15.57,0.815,4.5,24.65,-3.72,-11.16,-9.99,5.49,12.76,29,21081494.21,19.165,-19.02,24.96,-37.82,-17.33,23.0,False,POST_GAP_COIL|BELOW_SMA50|NOT_NEAR_UNBROKEN_PIVOT|WEAK_RS,751
RPM,2026-09-29,99.97,71.25,COMPRESSED,INSIDE_COIL,NONE,34.92,41.67,12.3,11.51,False,False,8.33,True,102.13,97.46,0.61,2.6,8.83,-3.97,-8.91,-6.01,1.88,5.39,120,101975423.43,106.29,-5.95,117.93,-15.23,-12.1,35.0,False,BELOW_SMA50|NOT_NEAR_UNBROKEN_PIVOT|WEAK_RS,751
AG,2026-09-29,18.08,71.23,COMPRESSED,INSIDE_COIL,NONE,11.51,18.65,26.98,44.84,False,False,17.46,True,20.45,17.61,0.421,5.56,24.5,-12.19,4.53,-4.34,6.05,7.64,133,186141069.94,22.03,-17.93,24.4683,-26.11,4.17,76.0,False,BELOW_SMA50|NOT_NEAR_UNBROKEN_PIVOT,751
BTX,2026-09-30,8.98,71.17,COMPRESSED,NEAR_UPPER_EDGE,NONE,18.65,23.41,17.86,27.38,False,False,18.25,False,9.09,8.565,0.769,2.03,7.02,1.41,8.36,3.67,3.43,3.43,999,3461927.14,9.09,-1.21,9.3157,-3.6,-1.24,64.0,False,LOW_LIQUIDITY|WEAK_RS,752
PRIM,2026-09-29,74.2,71.15,COMPRESSED,INSIDE_COIL,NONE,4.37,33.33,7.14,27.38,False,False,38.49,False,79.8539,70.0245,3.004,4.55,13.25,3.01,-17.65,-5.69,3.69,7.01,68,97760034.19,79.8539,-7.08,205.1098,-63.82,-27.58,10.0,False,BELOW_SMA50|NOT_NEAR_UNBROKEN_PIVOT|WEAK_RS,751
VIA,2026-09-29,29.25,71.1,COMPRESSED,INSIDE_COIL,NONE,14.81,3.6,20.9,49.21,False,False,37.7,True,30.74,25.32,0.654,4.56,18.53,4.73,51.24,16.34,2.41,3.79,999,24992253.96,30.74,-4.85,29.11,0.48,58.73,98.0,False,EXTENDED_60D_RUN|EXTENDED_FROM_SMA50,263
MLI,2026-09-29,60.79,71.06,COMPRESSED,NEAR_UPPER_EDGE,NONE,44.05,34.52,22.22,11.51,False,True,0.4,False,61.65,59.21,0.748,2.46,10.38,-2.32,7.25,-4.27,1.97,2.59,164,112350910.19,64.13,-5.21,70.9223,-14.29,-3.34,59.0,False,BELOW_SMA50|NOT_NEAR_UNBROKEN_PIVOT|WEAK_RS,751
FWONA,2026-09-29,85.35,71.03,COMPRESSED,NEAR_LOWER_EDGE,NONE,34.52,35.32,2.38,21.03,False,False,9.13,False,89.09,85.13,1.317,2.5,8.34,-7.29,-6.79,-5.79,0.86,2.34,999,17201258.69,93.19,-8.41,98.79,-13.6,-5.02,54.0,False,BELOW_SMA50|NOT_NEAR_UNBROKEN_PIVOT|WEAK_RS,751
HUN,2026-09-29,8.38,71.01,COMPRESSED,RANGE_EXIT_CONFIRMED,DOWN_EXPANSION_CONFIRMED,8.73,4.37,19.05,53.97,False,False,29.76,False,9.4,8.63,1.481,4.02,19.04,-11.69,-20.04,-16.09,2.32,9.36,999,22319930.56,9.8955,-15.31,15.9378,-47.42,-22.85,15.0,False,ALREADY_EXPANDING|BELOW_SMA50|NOT_NEAR_UNBROKEN_PIVOT|WEAK_RS,751
TOWN,2026-09-29,35.82,70.99,COMPRESSED,NEAR_LOWER_EDGE,NONE,11.11,9.52,22.62,49.6,False,False,19.44,False,37.3802,35.6536,1.667,1.6,5.33,-2.54,-0.56,-3.23,0.62,3.49,999,18386640.44,37.4993,-4.48,38.7298,-7.51,-2.91,60.0,False,BELOW_SMA50|WEAK_RS,751
VSH,2026-09-29,32.46,70.95,COMPRESSED,INSIDE_COIL,NONE,23.81,55.16,11.11,15.87,False,False,4.37,True,33.55,30.74,0.643,5.1,14.92,7.01,-29.47,-1.75,6.14,6.81,999,103109618.8,34.04,-4.64,69.2508,-53.13,-41.97,2.0,False,WEAK_RS,751
TPR,2026-09-29,114.12,70.94,COMPRESSED,INSIDE_COIL,NONE,6.75,24.6,37.3,44.05,True,True,44.84,False,121.16,109.79,1.089,3.07,13.09,-7.16,-21.26,-13.31,2.38,13.69,32,364133220.61,124.8268,-8.58,164.1776,-30.49,-24.26,14.0,False,POST_GAP_COIL|BELOW_SMA50|NOT_NEAR_UNBROKEN_PIVOT|WEAK_RS,751
TROW,2026-09-29,104.51,70.93,COMPRESSED,NEAR_UPPER_EDGE,NONE,17.46,12.7,44.84,36.9,False,False,3.57,True,105.79,101.45,0.744,2.02,8.49,-4.92,-11.17,-4.73,1.84,3.48,999,153310738.12,110.3275,-5.27,120.501,-13.27,-9.45,42.0,False,BELOW_SMA50|NOT_NEAR_UNBROKEN_PIVOT|WEAK_RS,751
CLOV,2026-09-29,4.325,70.89,COMPRESSED,NEAR_LOWER_EDGE,NONE,43.25,21.03,30.56,4.76,False,False,9.52,True,5.096,4.27,0.425,4.92,24.62,4.22,-14.53,-1.94,3.23,18.12,37,18836271.09,5.185,-16.59,5.59,-22.63,-19.98,19.0,False,POST_GAP_COIL|NOT_NEAR_UNBROKEN_PIVOT|LOW_LIQUIDITY|WEAK_RS,751
ITW,2026-09-29,267.07,70.87,COMPRESSED,NEAR_LOWER_EDGE,NONE,24.21,33.73,7.94,23.41,False,False,16.27,False,276.39,265.14,2.245,1.85,5.77,-3.01,-2.63,-4.48,1.24,4.88,999,352774178.97,279.5,-4.45,301.92,-11.54,-3.77,57.0,False,BELOW_SMA50|WEAK_RS,751
OMER,2026-09-30,19.04,70.71,COMPRESSED,INSIDE_COIL,NONE,34.52,6.35,30.56,24.21,False,True,42.46,True,21.24,17.15,0.603,4.72,24.89,1.55,84.32,14.72,5.9,21.44,33,28267514.19,21.24,-10.36,19.65,-3.1,99.82,100.0,False,POST_GAP_COIL|EXTENDED_60D_RUN|EXTENDED_FROM_SMA50|NOT_NEAR_UNBROKEN_PIVOT,752
DIOD,2026-09-29,97.18,70.71,COMPRESSED,NEAR_UPPER_EDGE,NONE,16.27,37.3,10.32,30.95,False,False,25.79,True,97.91,86.85,0.757,4.57,13.35,7.03,-0.47,5.14,5.81,16.4,37,46916115.55,97.91,-0.75,125.99,-22.87,-13.72,31.0,False,POST_GAP_COIL|WEAK_RS,751
CBU,2026-09-29,59.83,70.67,COMPRESSED,RANGE_EXIT_CONFIRMED,DOWN_EXPANSION_CONFIRMED,8.33,6.35,18.25,54.37,False,False,30.56,False,63.47,60.3,1.57,1.83,7.03,-3.91,-10.82,-5.62,1.16,3.05,999,18659330.95,63.7133,-6.09,70.5599,-15.21,-12.68,33.0,False,ALREADY_EXPANDING|BELOW_SMA50|NOT_NEAR_UNBROKEN_PIVOT|WEAK_RS,751
AGM,2026-09-29,212.22,70.63,COMPRESSED,NEAR_LOWER_EDGE,NONE,6.75,24.21,11.11,44.84,False,False,28.17,False,225.51,211.83,1.125,2.55,7.99,-2.8,6.41,-4.32,1.14,1.63,999,25571420.77,228.2468,-7.02,246.526,-13.92,4.74,76.0,False,BELOW_SMA50|NOT_NEAR_UNBROKEN_PIVOT,751
TMC,2026-09-29,3.74,70.63,COMPRESSED,INSIDE_COIL,NONE,17.46,13.89,25.0,15.08,False,False,38.89,False,4.48,3.55,1.677,7.04,31.28,-21.59,-11.79,-9.59,4.23,8.01,120,18636134.65,4.8,-22.08,6.64,-43.67,-18.09,21.0,False,BELOW_SMA50|NOT_NEAR_UNBROKEN_PIVOT|LOW_LIQUIDITY|WEAK_RS,751
RYAAY,2026-09-29,55.49,70.61,COMPRESSED,NEAR_UPPER_EDGE,NONE,34.13,35.32,4.76,20.63,False,False,23.02,True,56.14,51.68,0.506,2.36,8.04,1.06,-16.56,-1.03,3.26,3.41,120,81774766.71,56.14,-1.16,67.025,-17.21,-16.09,25.0,False,WEAK_RS,751
KRC,2026-09-29,33.3,70.59,COMPRESSED,NEAR_LOWER_EDGE,NONE,9.92,1.59,54.76,52.78,False,False,1.59,True,34.5202,33.0737,0.703,2.17,11.58,-6.78,-13.98,-7.52,1.21,3.35,999,49658928.37,36.9311,-9.83,40.1981,-17.16,-12.2,35.0,False,BELOW_SMA50|NOT_NEAR_UNBROKEN_PIVOT|WEAK_RS,751
KTB,2026-09-29,64.29,70.54,COMPRESSED,NEAR_LOWER_EDGE,NONE,9.92,28.57,47.22,57.54,True,True,24.6,True,69.52,63.55,0.546,3.67,18.59,-14.13,-25.7,-15.21,1.99,4.92,145,54574636.67,76.0731,-15.49,88.3193,-27.21,-24.81,13.0,False,BELOW_SMA50|NOT_NEAR_UNBROKEN_PIVOT|WEAK_RS,751
NIO,2026-09-29,3.4,70.48,COMPRESSED,RANGE_EXIT_CONFIRMED,DOWN_EXPANSION_CONFIRMED,8.73,8.73,30.16,34.92,False,False,31.75,False,3.79,3.55,2.1,3.68,23.53,-19.62,-32.27,-19.69,3.9,4.46,500,150525599.25,4.41,-22.9,7.0,-51.43,-35.32,5.0,False,ALREADY_EXPANDING|BELOW_SMA50|NOT_NEAR_UNBROKEN_PIVOT|LOW_LIQUIDITY|WEAK_RS,751
PLD,2026-09-29,132.61,70.42,COMPRESSED,NEAR_LOWER_EDGE,NONE,23.02,6.75,16.67,41.27,False,False,27.38,False,136.49,132.22,1.494,1.6,6.23,-4.47,-4.66,-4.5,1.34,2.98,999,452070763.62,139.2544,-4.77,152.1421,-12.84,-3.85,57.0,False,BELOW_SMA50|WEAK_RS,751
H,2026-09-29,162.01,70.4,COMPRESSED,NEAR_UPPER_EDGE,NONE,9.52,43.25,21.43,21.83,False,False,9.92,False,164.37,154.16,1.213,2.96,8.64,-2.97,-16.19,-5.6,2.02,7.0,999,131343394.15,169.97,-4.68,206.6853,-21.62,-18.87,20.0,False,BELOW_SMA50|WEAK_RS,751
PHG,2026-09-29,24.77,70.38,COMPRESSED,NEAR_UPPER_EDGE,NONE,11.51,17.06,49.6,23.81,False,False,2.78,False,25.22,24.33,1.818,1.69,10.66,-6.77,-12.04,-4.95,1.87,4.32,294,19530305.57,26.97,-8.16,28.8267,-14.07,-11.42,37.0,False,BELOW_SMA50|NOT_NEAR_UNBROKEN_PIVOT|WEAK_RS,751
CALY,2026-09-29,14.16,70.38,COMPRESSED,NEAR_LOWER_EDGE,NONE,0.4,0.79,34.13,71.43,False,False,12.3,False,15.35,14.18,1.0,2.97,13.91,-9.87,-22.54,-13.2,1.77,2.51,156,31325304.86,16.09,-12.0,20.28,-30.18,-27.16,11.0,False,BELOW_SMA50|NOT_NEAR_UNBROKEN_PIVOT|WEAK_RS,751
R,2026-09-29,230.87,70.34,COMPRESSED,RANGE_EXIT_CONFIRMED,DOWN_EXPANSION_CONFIRMED,1.59,9.52,25.0,46.83,False,False,36.11,False,243.86,232.93,1.916,2.3,10.74,-5.56,-11.69,-8.01,2.57,2.57,999,61145346.77,250.96,-8.01,283.1004,-18.45,-14.63,28.0,False,ALREADY_EXPANDING|BELOW_SMA50|NOT_NEAR_UNBROKEN_PIVOT|WEAK_RS,751
BRK-B,2026-09-29,502.35,70.27,COMPRESSED,NEAR_LOWER_EDGE,NONE,23.02,2.38,22.22,18.65,False,False,62.7,True,523.74,501.41,0.777,1.19,4.68,-0.33,-0.84,-0.87,0.6,1.01,999,2275452353.76,523.74,-4.08,537.74,-6.58,-2.12,62.0,False,WEAK_RS,751
HUBB,2026-09-29,459.09,70.24,COMPRESSED,INSIDE_COIL,NONE,13.49,23.41,14.29,30.16,False,False,33.33,False,472.345,435.91,1.296,2.72,7.98,1.34,-7.08,-2.86,3.93,4.8,999,220888212.09,472.345,-2.81,562.0638,-18.32,-14.5,29.0,False,WEAK_RS,751
ADUS,2026-09-29,112.96,70.18,COMPRESSED,NEAR_LOWER_EDGE,NONE,3.17,8.33,21.83,50.0,False,False,37.7,False,119.45,111.86,1.135,2.61,8.95,-1.49,6.84,-3.35,1.91,6.01,999,25010148.2,120.58,-6.32,123.14,-8.27,9.92,83.0,False,BELOW_SMA50|NOT_NEAR_UNBROKEN_PIVOT,751
SA,2026-09-29,28.73,70.15,COMPRESSED,NEAR_LOWER_EDGE,NONE,20.24,33.73,15.08,23.41,False,False,30.16,True,32.75,28.4,0.432,5.42,17.06,-9.6,4.85,-5.11,5.68,7.44,999,15698790.99,33.15,-13.33,35.75,-19.64,9.1,82.0,False,BELOW_SMA50|NOT_NEAR_UNBROKEN_PIVOT,751
ENOV,2026-09-30,18.27,70.14,COMPRESSED,INSIDE_COIL,NONE,33.33,66.27,19.44,17.46,True,True,9.52,False,19.26,17.47,0.849,5.72,20.58,-11.01,-28.41,-21.83,3.18,4.37,474,39707478.79,24.55,-25.58,31.67,-42.31,-11.35,37.0,False,BELOW_SMA50|NOT_NEAR_UNBROKEN_PIVOT|WEAK_RS,752
PBF,2026-09-29,75.23,70.12,COMPRESSED,INSIDE_COIL,NONE,25.4,58.33,3.17,9.92,False,False,6.75,False,78.48,68.4,0.713,5.9,18.89,3.07,53.29,6.5,2.91,4.37,999,296298985.33,82.61,-8.93,75.68,-0.59,63.37,99.0,False,EXTENDED_60D_RUN|NOT_NEAR_UNBROKEN_PIVOT,751
DLX,2026-09-30,22.97,70.08,COMPRESSED,NEAR_LOWER_EDGE,NONE,38.49,42.06,7.14,2.38,False,False,13.49,False,24.5,23.04,0.89,2.97,7.01,0.61,-4.45,-5.48,2.26,3.31,168,10868280.11,24.5,-6.24,31.2753,-26.56,-8.05,46.0,False,BELOW_SMA50|NOT_NEAR_UNBROKEN_PIVOT|WEAK_RS,752
GOLF,2026-09-29,82.42,70.06,COMPRESSED,INSIDE_COIL,NONE,2.78,41.27,23.81,30.16,False,False,12.3,False,84.68,80.18,1.36,2.79,9.01,-4.31,-29.48,-8.89,1.65,5.0,409,28627905.74,87.61,-5.92,119.2976,-30.91,-32.78,6.0,False,BELOW_SMA50|NOT_NEAR_UNBROKEN_PIVOT|WEAK_RS,751
FFBC,2026-09-29,31.45,70.02,COMPRESSED,NEAR_LOWER_EDGE,NONE,26.98,14.68,22.22,33.73,False,False,14.29,False,33.04,31.09,1.286,1.93,6.58,-2.84,-8.45,-4.47,1.9,6.81,999,30178565.26,33.16,-5.16,35.9612,-12.54,-8.8,44.0,False,BELOW_SMA50|NOT_NEAR_UNBROKEN_PIVOT|WEAK_RS,751
WINA,2026-09-30,300.19,70.02,COMPRESSED,INSIDE_COIL,NONE,3.97,4.76,46.83,34.92,False,False,24.21,False,306.74,280.05,1.556,3.45,16.46,-7.93,-26.86,-8.62,1.67,2.21,999,30849030.15,330.92,-9.29,459.6309,-34.69,-30.86,8.0,False,BELOW_SMA50|NOT_NEAR_UNBROKEN_PIVOT|WEAK_RS,752
OFG,2026-09-29,50.12,69.98,COMPRESSED,RANGE_EXIT_CONFIRMED,DOWN_EXPANSION_CONFIRMED,5.16,12.3,16.27,42.46,False,False,46.03,False,53.0893,50.7854,1.465,1.8,6.48,-3.04,1.57,-3.79,0.99,3.28,999,14665071.73,53.0893,-5.59,54.0923,-7.34,0.34,69.0,False,ALREADY_EXPANDING|BELOW_SMA50|NOT_NEAR_UNBROKEN_PIVOT|WEAK_RS,751
IRM,2026-09-29,111.5,69.96,COMPRESSED,INSIDE_COIL,NONE,20.63,36.11,16.27,17.46,False,False,32.14,True,118.47,109.13,0.676,2.87,8.4,-2.59,-3.45,-6.36,2.01,2.7,999,188594686.02,118.4992,-5.91,133.6416,-16.57,-13.56,31.0,False,BELOW_SMA50|NOT_NEAR_UNBROKEN_PIVOT|WEAK_RS,751
TDOC,2026-09-30,5.8,69.96,COMPRESSED,NEAR_LOWER_EDGE,NONE,8.33,4.76,21.03,52.38,False,False,35.71,False,6.56,5.71,0.81,4.19,17.59,-7.35,-39.08,-13.86,2.01,16.56,43,20549244.19,6.73,-13.82,9.887,-41.34,-38.78,3.0,False,POST_GAP_COIL|BELOW_SMA50|NOT_NEAR_UNBROKEN_PIVOT|WEAK_RS,752
REAL,2026-09-30,8.84,69.9,COMPRESSED,INSIDE_COIL,NONE,6.35,13.89,19.44,59.52,False,False,34.92,True,9.965,8.53,0.562,5.2,19.8,-11.69,-19.12,-17.33,3.48,6.66,99,23015876.32,10.28,-14.01,13.82,-36.03,-30.06,8.0,False,BELOW_SMA50|NOT_NEAR_UNBROKEN_PIVOT|WEAK_RS,752
INTA,2026-09-29,35.2,69.88,COMPRESSED,NEAR_LOWER_EDGE,NONE,11.51,36.51,51.19,49.6,True,True,5.56,False,38.25,34.58,0.763,4.38,27.19,-18.84,27.54,-5.06,2.63,11.35,38,21797127.26,43.98,-19.96,44.33,-20.6,37.11,96.0,False,POST_GAP_COIL|BELOW_SMA50|NOT_NEAR_UNBROKEN_PIVOT,751
KOS,2026-09-29,2.58,69.88,COMPRESSED,INSIDE_COIL,NONE,6.75,15.08,23.41,45.24,False,False,28.57,False,3.1,2.52,0.941,6.14,25.19,-9.79,23.44,-4.38,3.96,7.22,120,35507537.65,3.15,-18.1,3.34,-22.75,19.76,91.0,False,BELOW_SMA50|NOT_NEAR_UNBROKEN_PIVOT|LOW_LIQUIDITY,751
CUBI,2026-09-29,74.52,69.88,COMPRESSED,RANGE_EXIT_CONFIRMED,DOWN_EXPANSION_CONFIRMED,15.48,10.32,14.68,55.16,False,False,25.0,False,79.61,75.76,1.718,2.36,9.55,-4.68,-4.56,-5.85,1.42,1.42,999,22186724.56,81.09,-8.1,84.38,-11.69,-8.31,45.0,False,ALREADY_EXPANDING|BELOW_SMA50|NOT_NEAR_UNBROKEN_PIVOT|WEAK_RS,751
VEEV,2026-09-29,278.57,69.84,COMPRESSED,NEAR_UPPER_EDGE,NONE,17.46,24.6,17.06,34.92,False,False,20.63,False,282.81,257.87,1.044,3.11,10.95,-2.49,45.08,13.71,2.0,12.43,22,411462995.74,290.47,-4.1,296.24,-5.96,54.45,98.0,False,POST_GAP_COIL|EXTENDED_60D_RUN|EXTENDED_FROM_SMA50,751
CRSP,2026-09-29,56.0,69.84,COMPRESSED,INSIDE_COIL,NONE,19.05,32.94,14.29,7.94,False,False,38.1,False,60.72,51.49,0.805,5.09,16.77,-1.72,-9.52,3.88,3.24,3.83,539,89614125.46,60.72,-7.77,63.45,-11.74,0.16,68.0,False,NOT_NEAR_UNBROKEN_PIVOT|WEAK_RS,751
CAMT,2026-09-29,152.82,69.84,COMPRESSED,RANGE_EXIT_CONFIRMED,UP_EXPANSION_CONFIRMED,46.03,26.98,15.87,9.92,False,False,5.95,False,152.71,131.39,1.79,5.0,18.56,14.04,7.74,3.65,7.45,9.39,82,54103186.6,152.71,0.07,215.99,-29.25,-8.83,44.0,False,ALREADY_EXPANDING|WEAK_RS,751
MYE,2026-09-30,30.77,69.84,COMPRESSED,INSIDE_COIL,NONE,26.98,45.24,15.48,12.3,False,False,5.16,False,32.3,29.911,0.687,3.17,10.71,-0.95,2.26,-4.49,1.6,6.42,100,10268653.92,32.3106,-4.77,37.2891,-17.48,-11.84,36.0,False,BELOW_SMA50|WEAK_RS,752
CHRW,2026-09-29,149.71,69.84,COMPRESSED,INSIDE_COIL,NONE,17.46,35.71,16.67,14.68,False,False,26.59,False,158.07,145.02,0.653,2.73,9.8,0.46,-20.27,-2.9,1.29,6.83,228,209045606.63,158.07,-5.29,209.4267,-28.51,-22.68,15.0,False,NOT_NEAR_UNBROKEN_PIVOT|WEAK_RS,751
FROG,2026-09-29,90.37,69.82,COMPRESSED,INSIDE_COIL,NONE,26.19,50.79,10.71,4.37,False,False,26.59,True,96.81,85.025,0.803,5.67,19.94,-9.69,-7.88,1.67,3.82,15.91,36,161659133.93,100.73,-10.28,105.76,-14.55,-3.08,59.0,False,POST_GAP_COIL|NOT_NEAR_UNBROKEN_PIVOT|WEAK_RS,751
DOW,2026-09-29,27.61,69.76,COMPRESSED,NEAR_LOWER_EDGE,NONE,0.79,8.73,25.0,50.0,False,False,38.89,False,30.485,27.54,0.952,3.31,16.26,-9.53,2.2,-7.37,1.7,3.05,120,258899366.75,31.69,-12.87,41.8244,-33.99,-0.43,67.0,False,BELOW_SMA50|NOT_NEAR_UNBROKEN_PIVOT|WEAK_RS,751
AFL,2026-09-29,113.66,69.69,COMPRESSED,NEAR_LOWER_EDGE,NONE,5.95,18.65,19.05,45.24,False,True,51.98,False,118.09,113.02,1.056,1.56,6.18,-1.89,-5.18,-4.7,1.09,1.09,999,253123937.74,119.19,-4.64,129.5675,-12.28,-5.09,54.0,False,BELOW_SMA50|WEAK_RS,751
SAP,2026-09-29,210.85,69.68,COMPRESSED,INSIDE_COIL,NONE,46.83,33.73,9.92,7.54,False,False,20.63,True,218.69,203.17,0.695,2.52,8.14,-4.55,31.38,3.91,4.26,6.18,167,404312601.89,223.28,-5.57,222.96,-5.43,34.3,95.0,False,EXTENDED_60D_RUN|NOT_NEAR_UNBROKEN_PIVOT,751
LILAK,2026-09-30,8.22,69.68,COMPRESSED,RANGE_EXIT_CONFIRMED,DOWN_EXPANSION_CONFIRMED,23.41,14.29,10.32,42.86,False,False,28.57,False,8.91,8.23,1.296,3.34,9.79,-2.95,10.34,-1.95,1.26,4.81,999,11606529.93,8.915,-7.8,8.839,-7.0,1.67,71.0,False,ALREADY_EXPANDING|NOT_NEAR_UNBROKEN_PIVOT,752
MANH,2026-09-29,200.11,69.66,COMPRESSED,NEAR_LOWER_EDGE,NONE,27.38,29.37,21.03,23.41,False,False,21.83,True,214.62,196.8,0.79,3.48,14.4,-10.34,30.1,0.19,2.92,15.95,43,132404551.72,225.62,-11.31,227.03,-11.86,41.19,97.0,False,POST_GAP_COIL|EXTENDED_60D_RUN|NOT_NEAR_UNBROKEN_PIVOT,751
EPC,2026-09-30,26.98,69.64,COMPRESSED,NEAR_LOWER_EDGE,NONE,25.79,49.6,16.27,6.35,False,False,7.14,False,28.46,26.47,1.298,3.71,11.46,-2.91,1.94,-2.96,2.36,3.45,290,17018771.18,28.9922,-6.94,29.7879,-9.43,-3.91,57.0,False,NOT_NEAR_UNBROKEN_PIVOT|WEAK_RS,752
LOMA,2026-09-30,9.2,69.62,COMPRESSED,NEAR_LOWER_EDGE,NONE,0.79,0.4,51.19,73.81,False,False,5.56,True,9.81,9.02,0.679,3.43,16.74,-8.64,-18.73,-9.11,1.47,2.22,232,3521430.82,10.56,-12.88,12.76,-27.9,-21.24,17.0,False,BELOW_SMA50|NOT_NEAR_UNBROKEN_PIVOT|LOW_LIQUIDITY|WEAK_RS,752
NWBI,2026-09-29,14.92,69.6,COMPRESSED,RANGE_EXIT_CONFIRMED,DOWN_EXPANSION_CONFIRMED,13.1,16.27,15.48,46.03,False,False,30.16,False,15.74,14.95,1.478,1.68,5.9,-2.42,-0.0,-3.31,0.78,2.99,999,17434462.22,15.74,-5.21,15.9575,-6.5,-2.85,60.0,False,ALREADY_EXPANDING|BELOW_SMA50|NOT_NEAR_UNBROKEN_PIVOT|WEAK_RS,751
MD,2026-09-30,25.73,69.58,COMPRESSED,INSIDE_COIL,NONE,7.54,37.7,23.81,37.7,False,False,6.35,False,27.22,25.18,1.279,3.23,9.25,-2.8,-4.17,-2.41,1.52,10.25,40,19095945.45,27.56,-6.64,27.94,-7.91,-4.08,56.0,False,POST_GAP_COIL|NOT_NEAR_UNBROKEN_PIVOT|WEAK_RS,752
AGM-A,2026-09-29,146.58,69.54,COMPRESSED,NEAR_LOWER_EDGE,NONE,16.27,6.75,33.73,66.27,False,True,27.78,True,156.02,146.58,,0.68,6.44,-3.83,-1.24,-5.18,2.22,9.54,539,45521.14,156.02,-6.05,174.1951,-15.85,0.47,69.0,False,BELOW_SMA50|NOT_NEAR_UNBROKEN_PIVOT|LOW_LIQUIDITY|WEAK_RS,751
SSRM,2026-09-29,33.94,69.46,COMPRESSED,NEAR_LOWER_EDGE,NONE,22.22,16.67,15.87,34.13,False,False,29.76,False,38.67,33.45,0.416,4.58,17.65,-9.76,10.87,1.61,5.72,6.53,100,86986093.83,39.44,-13.95,39.43,-13.92,17.61,89.0,False,NOT_NEAR_UNBROKEN_PIVOT,751
TCBK,2026-09-29,51.54,69.46,COMPRESSED,NEAR_LOWER_EDGE,NONE,12.7,3.17,22.22,54.37,False,False,31.75,False,54.07,51.26,0.76,1.77,5.92,-2.79,-4.14,-6.48,1.09,4.62,999,14898230.92,54.3132,-5.11,61.2961,-15.92,-6.16,51.0,False,BELOW_SMA50|NOT_NEAR_UNBROKEN_PIVOT|WEAK_RS,751
HSBC,2026-09-29,100.72,69.4,COMPRESSED,NEAR_LOWER_EDGE,NONE,19.44,33.73,26.59,51.19,True,False,13.1,False,103.76,99.33,1.172,1.62,8.04,-2.35,2.5,-2.5,1.96,3.82,999,142394349.03,107.43,-6.25,107.4014,-6.22,3.92,75.0,False,NOT_NEAR_UNBROKEN_PIVOT,751
FLS,2026-09-29,73.81,69.4,COMPRESSED,INSIDE_COIL,NONE,32.94,40.08,17.06,2.78,False,False,27.78,True,77.545,70.4755,0.607,3.14,14.35,-6.41,-0.92,-3.13,5.96,5.96,999,123962923.39,80.307,-8.09,87.8658,-16.0,-2.7,61.0,False,BELOW_SMA50|NOT_NEAR_UNBROKEN_PIVOT|WEAK_RS,751
WHD,2026-09-29,63.72,69.39,COMPRESSED,NEAR_LOWER_EDGE,NONE,9.13,20.24,35.71,60.32,True,True,43.65,False,70.31,63.557,1.158,3.27,15.93,-9.39,26.48,-4.16,1.5,8.05,999,53394902.64,72.65,-12.29,73.9105,-13.79,22.13,92.0,False,BELOW_SMA50|NOT_NEAR_UNBROKEN_PIVOT,751
HNI,2026-09-29,46.65,69.38,COMPRESSED,INSIDE_COIL,NONE,37.7,34.92,13.49,3.17,False,False,19.44,False,48.35,45.08,0.597,2.83,9.99,-3.68,13.59,-0.43,1.99,3.34,290,26583893.06,49.74,-6.21,50.0568,-6.81,13.74,86.0,False,NOT_NEAR_UNBROKEN_PIVOT,751
MQ,2026-09-30,16.995,69.38,COMPRESSED,NEAR_UPPER_EDGE,NONE,15.48,0.4,31.75,57.14,False,False,30.16,True,17.11,15.49,0.519,2.82,10.41,5.1,6.69,3.07,1.84,2.95,224,13895536.16,17.26,-1.54,18.69,-9.07,-0.26,67.0,False,WEAK_RS,752
DCI,2026-09-29,87.31,69.37,COMPRESSED,NEAR_UPPER_EDGE,NONE,5.56,34.92,32.94,35.71,False,False,3.97,False,88.71,85.24,1.007,2.0,7.5,-3.94,-4.12,-4.71,1.59,2.01,999,59813799.65,92.54,-5.65,99.1582,-11.95,-4.93,54.0,False,BELOW_SMA50|NOT_NEAR_UNBROKEN_PIVOT|WEAK_RS,751
EXTR,2026-09-29,21.07,69.37,COMPRESSED,NEAR_LOWER_EDGE,NONE,24.21,32.14,3.97,17.86,False,False,39.29,False,22.92,20.88,1.077,3.63,10.25,-6.31,-32.75,-13.26,4.19,17.04,38,29922298.0,22.92,-8.07,33.73,-37.53,-37.42,4.0,False,POST_GAP_COIL|BELOW_SMA50|NOT_NEAR_UNBROKEN_PIVOT|WEAK_RS,751
HWC,2026-09-29,72.2,69.35,COMPRESSED,NEAR_LOWER_EDGE,NONE,30.16,10.32,15.48,43.25,False,False,19.84,False,76.5,72.16,1.397,1.96,6.69,-2.43,-3.16,-4.35,1.59,4.6,999,62496987.33,76.5,-5.62,79.6,-9.3,-5.25,53.0,False,BELOW_SMA50|NOT_NEAR_UNBROKEN_PIVOT|WEAK_RS,751
LIN,2026-09-29,473.37,69.35,COMPRESSED,NEAR_UPPER_EDGE,NONE,7.94,17.06,40.48,21.03,False,False,29.37,False,474.05,454.19,0.677,1.59,7.98,-2.99,-12.13,-1.68,0.75,6.62,999,931147677.71,491.98,-3.78,546.4006,-13.37,-11.0,38.0,False,WEAK_RS,751
VRT,2026-09-29,248.34,69.35,COMPRESSED,INSIDE_COIL,NONE,61.9,27.38,44.44,12.3,True,True,0.4,False,255.4,233.9,1.097,5.0,27.51,-3.99,-22.0,-5.97,11.28,11.28,11,1346712569.11,295.2676,-15.89,379.7628,-34.61,-28.33,9.0,False,POST_GAP_COIL|BELOW_SMA50|NOT_NEAR_UNBROKEN_PIVOT|WEAK_RS,751
CENT,2026-09-29,39.26,69.33,COMPRESSED,NEAR_LOWER_EDGE,NONE,3.57,9.13,44.84,53.97,False,False,7.14,False,41.21,39.08,0.841,2.32,10.62,-8.66,-8.34,-7.71,1.35,4.88,660,3290497.88,44.01,-10.79,46.97,-16.41,-13.97,30.0,False,BELOW_SMA50|NOT_NEAR_UNBROKEN_PIVOT|LOW_LIQUIDITY|WEAK_RS,751
AFRM,2026-09-29,69.3,69.33,COMPRESSED,INSIDE_COIL,NONE,45.24,30.56,6.75,20.24,False,False,7.54,False,74.9,66.625,0.726,5.15,14.37,-6.92,-19.21,-5.7,3.41,10.98,21,316222274.82,76.949,-9.94,90.44,-23.37,-17.54,22.0,False,POST_GAP_COIL|BELOW_SMA50|NOT_NEAR_UNBROKEN_PIVOT|WEAK_RS,751
AKO-B,2026-09-29,30.43,69.31,COMPRESSED,INSIDE_COIL,NONE,42.06,14.29,22.22,26.19,False,True,26.98,False,31.55,29.01,2.136,3.05,10.91,4.25,3.41,1.47,4.95,4.95,999,471223.45,31.55,-3.55,32.0165,-4.96,3.09,74.0,False,LOW_LIQUIDITY,751
CNM,2026-09-29,41.66,69.29,COMPRESSED,INSIDE_COIL,NONE,73.41,19.44,18.25,3.57,False,True,6.35,False,43.85,40.27,0.885,2.97,11.33,-3.03,-9.4,-4.83,1.6,2.02,265,126655413.4,44.75,-6.91,54.81,-23.99,-16.17,25.0,False,BELOW_SMA50|NOT_NEAR_UNBROKEN_PIVOT|WEAK_RS,751
MRCY,2026-09-29,82.64,69.29,COMPRESSED,INSIDE_COIL,NONE,23.02,44.44,2.78,13.89,False,False,30.56,False,90.06,79.61,1.669,4.6,14.02,-5.37,-32.85,-11.92,2.65,3.21,163,57981859.81,90.06,-8.24,128.45,-35.66,-34.96,5.0,False,BELOW_SMA50|NOT_NEAR_UNBROKEN_PIVOT|WEAK_RS,751
FULT,2026-09-29,22.65,69.27,COMPRESSED,RANGE_EXIT_CONFIRMED,DOWN_EXPANSION_CONFIRMED,13.49,10.32,24.21,50.79,False,False,23.41,False,24.0,22.68,1.5,1.83,7.02,-3.45,-6.91,-5.17,0.93,1.72,999,39521334.05,24.15,-6.21,25.23,-10.23,-8.14,46.0,False,ALREADY_EXPANDING|BELOW_SMA50|NOT_NEAR_UNBROKEN_PIVOT|WEAK_RS,751
SLF,2026-09-29,79.06,69.25,COMPRESSED,NEAR_LOWER_EDGE,NONE,28.17,26.59,12.7,24.21,False,False,24.21,False,81.68,79.24,1.056,1.44,5.6,0.87,0.96,-1.43,0.98,0.98,999,46679757.66,81.68,-3.21,83.6478,-5.48,-0.82,65.0,False,WEAK_RS,751
FMS,2026-09-29,22.27,69.23,COMPRESSED,NEAR_LOWER_EDGE,NONE,43.65,36.51,3.17,2.38,False,False,25.0,False,23.1,21.98,2.5,1.83,5.03,-2.07,-5.68,-5.02,2.22,4.59,743,15995569.59,23.1,-3.59,26.42,-15.71,-4.02,57.0,False,BELOW_SMA50|WEAK_RS,751
SVV,2026-09-30,9.21,69.23,COMPRESSED,INSIDE_COIL,NONE,10.32,24.6,41.27,33.73,False,False,3.17,False,9.56,8.83,1.509,4.24,19.22,-9.26,-4.36,-9.44,2.46,6.86,228,11561901.15,10.6,-13.11,12.69,-27.42,-10.51,39.0,False,BELOW_SMA50|NOT_NEAR_UNBROKEN_PIVOT|WEAK_RS,752
EFOR,2026-09-30,32.9,69.17,COMPRESSED,INSIDE_COIL,NONE,37.7,38.89,26.19,13.89,False,True,7.94,False,34.01,31.54,0.863,4.77,14.32,8.65,79.1,7.43,2.91,9.39,110,22765439.81,34.42,-4.42,41.71,-21.12,84.84,99.0,False,EXTENDED_60D_RUN,752
BTDR,2026-09-29,10.9,69.17,COMPRESSED,NEAR_LOWER_EDGE,NONE,26.98,28.97,10.71,6.35,False,False,43.65,False,13.658,10.7,0.659,8.18,32.28,0.46,-23.51,-1.11,4.68,12.45,39,122343404.96,13.658,-20.19,20.72,-47.39,-33.83,6.0,False,POST_GAP_COIL|NOT_NEAR_UNBROKEN_PIVOT|WEAK_RS,751
ROK,2026-09-29,431.53,69.15,COMPRESSED,NEAR_UPPER_EDGE,NONE,10.32,25.4,17.46,39.29,False,True,48.81,False,438.5,406.92,0.932,2.32,7.32,1.67,-10.36,-1.54,2.82,6.0,101,291398656.22,438.5,-1.59,495.8326,-12.97,-15.08,27.0,False,WEAK_RS,751
UHAL-B,2026-09-29,53.45,69.14,COMPRESSED,NEAR_LOWER_EDGE,NONE,9.52,1.98,53.97,71.03,True,False,27.38,True,56.865,52.86,0.825,2.25,13.6,-10.34,-8.65,-11.5,1.59,4.51,999,16261932.1,60.6462,-11.87,66.8407,-20.03,-9.8,41.0,False,BELOW_SMA50|NOT_NEAR_UNBROKEN_PIVOT|WEAK_RS,751
AGL,2026-09-30,79.59,69.13,COMPRESSED,INSIDE_COIL,NONE,5.56,11.51,25.4,48.81,False,False,33.73,False,92.5,72.16,0.701,7.42,31.54,-9.01,-25.94,-13.29,4.19,6.73,100,19245430.6,97.26,-18.17,133.04,-40.18,-31.29,7.0,False,BELOW_SMA50|NOT_NEAR_UNBROKEN_PIVOT|WEAK_RS,752
QS,2026-09-29,4.59,69.13,COMPRESSED,NEAR_LOWER_EDGE,NONE,4.37,6.35,29.37,59.13,False,False,26.59,False,5.335,4.54,0.972,5.52,25.71,-17.89,-36.6,-16.1,3.56,5.96,70,55822533.45,5.72,-19.76,9.657,-52.47,-41.8,2.0,False,BELOW_SMA50|NOT_NEAR_UNBROKEN_PIVOT|LOW_LIQUIDITY|WEAK_RS,751
NRP,2026-09-30,108.73,69.11,COMPRESSED,INSIDE_COIL,NONE,26.59,19.44,31.75,34.92,False,True,20.63,False,112.0,106.48,0.703,2.19,7.05,-3.06,12.03,2.54,1.25,5.22,999,2563875.76,114.15,-4.75,122.8189,-11.47,7.99,81.0,False,LOW_LIQUIDITY,752
BEN,2026-09-29,32.67,69.11,COMPRESSED,NEAR_LOWER_EDGE,NONE,23.02,32.94,16.67,37.7,False,False,4.76,False,33.79,32.07,0.957,2.38,9.27,-4.33,-5.14,-2.93,1.63,1.95,999,127122625.13,35.1,-6.92,36.28,-9.95,-4.32,56.0,False,NOT_NEAR_UNBROKEN_PIVOT|WEAK_RS,751
UUUU,2026-09-29,10.99,69.09,COMPRESSED,NEAR_LOWER_EDGE,NONE,0.4,3.57,66.67,76.19,True,False,2.38,False,12.49,10.97,1.048,6.05,39.04,-25.49,-20.19,-16.81,5.13,7.52,70,84712973.27,15.14,-27.41,25.79,-57.39,-26.72,11.0,False,BELOW_SMA50|NOT_NEAR_UNBROKEN_PIVOT|WEAK_RS,751
ALRM,2026-09-29,53.84,69.07,COMPRESSED,INSIDE_COIL,NONE,8.73,22.62,25.4,40.87,False,False,23.02,False,55.79,52.12,0.506,2.46,10.83,-6.46,7.96,-2.49,1.41,2.18,471,25775998.1,58.07,-7.28,58.145,-7.4,12.72,85.0,False,NOT_NEAR_UNBROKEN_PIVOT,751
NSP,2026-09-30,46.59,69.07,COMPRESSED,NEAR_LOWER_EDGE,NONE,5.95,25.4,20.63,47.22,False,False,23.02,False,51.98,46.06,1.118,4.38,13.59,-8.29,3.49,-7.8,2.56,4.49,226,22350846.75,54.2987,-14.2,55.2475,-15.67,4.45,76.0,False,BELOW_SMA50|NOT_NEAR_UNBROKEN_PIVOT,752
UNFI,2026-09-29,45.47,69.07,COMPRESSED,INSIDE_COIL,NONE,27.38,41.67,9.13,17.46,False,False,17.86,False,47.42,43.53,0.448,3.67,11.5,3.67,-2.55,-3.13,2.91,2.91,77,33676040.21,47.73,-4.73,57.02,-20.26,-2.95,60.0,False,BELOW_SMA50|WEAK_RS,751
CUZ,2026-09-29,27.61,69.05,COMPRESSED,NEAR_LOWER_EDGE,NONE,36.11,45.24,6.75,3.17,False,False,19.05,False,29.09,27.7,0.985,2.27,6.77,-4.76,-9.89,-6.64,2.02,2.02,999,43672170.66,29.98,-7.91,32.95,-16.21,-9.46,42.0,False,BELOW_SMA50|NOT_NEAR_UNBROKEN_PIVOT|WEAK_RS,751
CGNX,2026-09-29,59.67,69.03,COMPRESSED,INSIDE_COIL,NONE,29.76,28.17,13.89,46.03,True,False,31.35,False,63.39,57.1,0.769,3.62,12.13,-2.12,-14.01,-3.74,4.84,4.84,157,90507109.78,64.34,-7.26,72.7778,-18.01,-20.01,19.0,False,BELOW_SMA50|NOT_NEAR_UNBROKEN_PIVOT|WEAK_RS,751
GRC,2026-09-29,75.07,69.03,COMPRESSED,NEAR_UPPER_EDGE,NONE,23.81,46.83,5.95,12.7,False,False,25.0,False,76.31,70.44,1.843,3.11,9.44,-0.44,-11.79,-3.4,2.22,2.97,999,15105801.59,76.47,-1.83,92.5594,-18.9,-20.49,18.0,False,BELOW_SMA50|WEAK_RS,751
VIV,2026-09-29,11.38,69.01,COMPRESSED,NEAR_LOWER_EDGE,NONE,3.97,25.0,3.97,38.89,False,False,57.14,False,12.1657,11.27,0.91,2.21,8.57,-0.87,-14.39,-4.8,2.45,3.2,999,16507141.78,12.1657,-6.46,16.2845,-30.12,-14.89,28.0,False,BELOW_SMA50|NOT_NEAR_UNBROKEN_PIVOT|WEAK_RS,751
BANF,2026-09-29,105.83,68.99,COMPRESSED,RANGE_EXIT_CONFIRMED,DOWN_EXPANSION_CONFIRMED,16.27,7.94,29.37,60.71,False,False,7.94,False,111.6912,105.9594,1.521,1.98,7.74,-2.63,-6.96,-5.02,1.38,1.68,999,16116706.42,113.2336,-6.54,120.7646,-12.37,-6.82,49.0,False,ALREADY_EXPANDING|BELOW_SMA50|NOT_NEAR_UNBROKEN_PIVOT|WEAK_RS,751
WMT,2026-09-29,106.8,68.99,COMPRESSED,NEAR_LOWER_EDGE,NONE,26.59,44.05,5.56,14.68,False,False,23.81,False,111.23,106.08,1.572,2.09,6.15,1.84,-3.25,-2.06,0.9,6.93,999,2391107808.35,111.23,-3.98,134.8372,-20.79,-7.99,46.0,False,WEAK_RS,751
DOCU,2026-09-29,66.98,68.95,COMPRESSED,INSIDE_COIL,NONE,30.56,32.54,34.13,14.68,False,True,29.37,True,74.065,63.92,0.554,4.08,15.57,1.07,42.81,8.11,3.87,5.07,329,250148240.09,74.065,-9.57,65.64,2.04,48.27,98.0,False,EXTENDED_60D_RUN|NOT_NEAR_UNBROKEN_PIVOT,751
PCVX,2026-09-29,56.69,68.95,COMPRESSED,INSIDE_COIL,NONE,5.95,31.35,11.11,44.05,False,False,31.75,False,61.5,55.085,1.226,4.2,13.79,-6.67,-0.47,-3.17,2.47,2.96,376,82541573.15,62.9,-9.87,63.98,-11.39,-4.99,54.0,False,BELOW_SMA50|NOT_NEAR_UNBROKEN_PIVOT|WEAK_RS,751
HON,2026-09-29,210.13,68.95,COMPRESSED,NEAR_UPPER_EDGE,NONE,16.67,43.25,19.84,40.08,False,True,13.89,False,213.64,199.91,1.148,2.14,8.1,-1.59,-8.83,-5.64,1.51,2.15,999,632730794.05,215.54,-2.51,251.2461,-16.36,-8.38,45.0,False,BELOW_SMA50|WEAK_RS,751
LOAR,2026-09-29,63.55,68.93,COMPRESSED,INSIDE_COIL,NONE,18.65,39.29,25.4,23.41,False,False,5.95,False,66.53,61.925,0.993,4.0,13.16,-9.46,-21.82,-8.92,2.55,6.99,999,47865189.37,70.87,-10.33,82.49,-22.96,-23.68,15.0,False,BELOW_SMA50|NOT_NEAR_UNBROKEN_PIVOT|WEAK_RS,609
OLN,2026-09-29,15.43,68.91,COMPRESSED,RANGE_EXIT_CONFIRMED,DOWN_EXPANSION_CONFIRMED,8.73,7.14,17.86,59.13,False,False,36.51,False,17.37,16.03,1.411,4.04,18.86,-11.32,-20.97,-16.0,1.51,7.62,230,42655215.76,18.29,-15.64,29.9001,-48.39,-23.77,15.0,False,ALREADY_EXPANDING|BELOW_SMA50|NOT_NEAR_UNBROKEN_PIVOT|WEAK_RS,751
FRSH,2026-09-29,12.58,68.85,COMPRESSED,INSIDE_COIL,NONE,42.46,34.13,24.6,2.78,False,False,16.67,True,13.045,11.96,0.55,3.79,17.77,-9.63,23.7,2.61,5.05,5.05,100,53440426.56,13.955,-9.85,13.99,-10.08,21.79,92.0,False,NOT_NEAR_UNBROKEN_PIVOT,751
ESQ,2026-09-30,116.37,68.85,COMPRESSED,RANGE_EXIT_CONFIRMED,DOWN_EXPANSION_CONFIRMED,43.25,27.78,9.52,12.3,False,True,41.27,False,126.158,117.22,1.239,2.89,11.94,4.31,-3.28,-4.39,1.46,2.61,999,26521729.68,126.158,-7.76,134.4454,-13.44,-8.25,45.0,False,ALREADY_EXPANDING|BELOW_SMA50|NOT_NEAR_UNBROKEN_PIVOT|WEAK_RS,752
LMT,2026-09-29,512.21,68.83,COMPRESSED,NEAR_LOWER_EDGE,NONE,26.98,35.71,3.57,26.98,False,False,25.79,False,542.61,515.6,0.752,2.4,10.53,-8.17,-4.2,-7.78,1.28,5.96,999,639364147.25,564.98,-9.34,629.8751,-18.68,-1.35,64.0,False,BELOW_SMA50|NOT_NEAR_UNBROKEN_PIVOT|WEAK_RS,751
CTRE,2026-09-29,36.81,68.83,COMPRESSED,NEAR_LOWER_EDGE,NONE,9.92,15.48,48.02,64.68,True,False,11.9,False,38.977,36.4647,1.063,2.03,8.81,-4.49,-10.12,-6.28,1.14,1.49,999,80561749.25,39.7093,-7.3,43.1627,-14.72,-10.32,40.0,False,BELOW_SMA50|NOT_NEAR_UNBROKEN_PIVOT|WEAK_RS,751
AUB,2026-09-29,38.0,68.81,COMPRESSED,RANGE_EXIT_CONFIRMED,DOWN_EXPANSION_CONFIRMED,12.3,4.76,41.27,56.35,False,False,7.14,False,40.35,38.06,1.582,1.89,8.82,-5.78,-9.16,-6.97,1.34,1.34,473,54622237.9,41.32,-8.03,43.2397,-12.12,-11.91,36.0,False,ALREADY_EXPANDING|BELOW_SMA50|NOT_NEAR_UNBROKEN_PIVOT|WEAK_RS,751
CR,2026-09-29,208.39,68.79,COMPRESSED,NEAR_UPPER_EDGE,NONE,15.08,21.43,17.46,39.68,False,False,29.76,False,208.155,194.56,1.002,2.47,8.43,1.62,-5.19,-0.73,2.15,5.58,999,79111674.04,212.12,-1.76,230.2161,-9.48,-8.98,43.0,False,WEAK_RS,751
ATRO,2026-09-29,67.46,68.77,COMPRESSED,INSIDE_COIL,NONE,7.94,44.84,49.6,43.65,True,True,14.68,False,71.88,62.66,1.646,4.89,22.31,-8.43,-6.03,-8.96,2.76,12.43,33,46129621.82,77.71,-13.19,94.46,-28.58,-19.5,20.0,False,POST_GAP_COIL|BELOW_SMA50|NOT_NEAR_UNBROKEN_PIVOT|WEAK_RS,751
MSA,2026-09-29,180.56,68.73,COMPRESSED,INSIDE_COIL,NONE,15.08,14.68,36.11,32.14,False,False,21.83,False,184.33,174.84,1.133,2.12,8.86,-3.32,5.16,-2.25,1.21,5.14,999,44892216.52,190.83,-5.38,196.0007,-7.88,1.2,71.0,False,NOT_NEAR_UNBROKEN_PIVOT,751
MSCI,2026-09-29,539.76,68.73,COMPRESSED,NEAR_LOWER_EDGE,NONE,37.3,24.6,18.25,13.89,False,False,21.03,False,563.27,537.36,0.825,2.23,7.96,-5.41,-11.78,-3.81,1.41,10.26,49,303556679.47,576.39,-6.36,642.4723,-15.99,-5.79,52.0,False,POST_GAP_COIL|BELOW_SMA50|NOT_NEAR_UNBROKEN_PIVOT|WEAK_RS,751
LMRI,2026-09-30,10.25,68.72,COMPRESSED,INSIDE_COIL,NONE,6.08,5.32,40.66,57.87,True,False,47.92,False,12.02,9.83,1.682,5.14,24.29,-11.94,-16.6,-9.23,3.74,3.74,129,4477792.02,12.32,-16.8,13.0,-21.15,-14.08,30.0,False,BELOW_SMA50|NOT_NEAR_UNBROKEN_PIVOT|LOW_LIQUIDITY|WEAK_RS,201
TNGX,2026-09-29,24.42,68.71,COMPRESSED,INSIDE_COIL,NONE,27.78,21.83,13.1,30.56,False,False,27.78,False,25.92,21.634,1.223,6.3,17.55,6.92,-18.44,-2.97,3.5,3.5,78,70109956.29,25.92,-5.79,34.39,-28.99,-24.4,14.0,False,NOT_NEAR_UNBROKEN_PIVOT|WEAK_RS,751
MBLY,2026-09-29,7.57,68.65,COMPRESSED,NEAR_LOWER_EDGE,NONE,19.05,34.92,14.68,29.76,False,False,21.03,False,8.3,7.45,0.971,4.68,16.12,-11.25,-24.3,-9.45,2.94,7.18,109,41860800.11,8.67,-12.69,11.26,-32.77,-24.31,14.0,False,BELOW_SMA50|NOT_NEAR_UNBROKEN_PIVOT|WEAK_RS,751
GFF,2026-09-29,94.31,68.57,COMPRESSED,INSIDE_COIL,NONE,31.75,30.56,15.08,11.51,False,False,28.17,False,98.71,91.33,1.041,2.81,8.91,-3.16,1.55,-2.7,2.4,3.7,999,32841458.97,99.73,-5.43,108.3287,-12.94,-5.6,53.0,False,NOT_NEAR_UNBROKEN_PIVOT|WEAK_RS,751
DCO,2026-09-29,171.17,68.57,COMPRESSED,INSIDE_COIL,NONE,26.19,53.57,0.79,25.0,False,False,23.81,True,177.22,156.31,0.821,3.88,12.22,-0.15,-9.52,-4.97,2.84,4.06,621,41580916.41,177.88,-3.77,210.39,-18.64,-10.1,40.0,False,BELOW_SMA50|WEAK_RS,751
WH,2026-09-29,72.44,68.55,COMPRESSED,RANGE_EXIT_CONFIRMED,UP_EXPANSION_CONFIRMED,18.65,22.22,13.1,23.41,False,False,47.62,False,71.31,66.87,1.201,2.79,8.85,-1.04,-10.82,0.13,3.04,3.04,739,87081207.03,74.6433,-2.95,89.3023,-18.88,-15.96,25.0,False,ALREADY_EXPANDING|WEAK_RS,751
NTCT,2026-09-29,39.0,68.54,COMPRESSED,NEAR_UPPER_EDGE,NONE,17.06,21.03,38.1,59.13,False,True,2.38,False,39.75,37.49,1.814,2.48,8.56,0.44,-7.39,-0.05,2.0,4.02,417,24936532.97,39.75,-1.89,45.28,-13.87,-12.96,33.0,False,WEAK_RS,751
GO,2026-09-30,11.25,68.53,COMPRESSED,INSIDE_COIL,NONE,31.35,21.83,29.76,26.98,False,False,5.56,False,11.73,10.77,1.484,4.28,16.89,-7.1,10.19,3.35,6.3,9.44,95,26223458.4,12.67,-11.21,12.435,-9.53,10.21,83.0,False,NOT_NEAR_UNBROKEN_PIVOT,752
TRIN,2026-09-30,17.55,68.53,COMPRESSED,NEAR_LOWER_EDGE,NONE,19.84,27.38,11.9,31.35,False,False,32.94,False,18.245,17.345,1.016,1.82,7.03,-3.4,3.29,-1.34,1.19,3.36,999,15953567.58,18.5785,-5.54,18.7171,-6.24,-1.65,63.0,False,NOT_NEAR_UNBROKEN_PIVOT|WEAK_RS,752
MBWM,2026-09-30,58.32,68.53,COMPRESSED,RANGE_EXIT_CONFIRMED,DOWN_EXPANSION_CONFIRMED,24.21,1.59,36.9,53.57,False,False,5.95,False,62.95,58.38,1.237,2.15,8.16,-0.74,2.25,-2.78,1.14,1.99,474,7065450.35,62.95,-7.36,61.9857,-5.91,-2.85,60.0,False,ALREADY_EXPANDING|NOT_NEAR_UNBROKEN_PIVOT|WEAK_RS,752
TCBI,2026-09-29,93.31,68.49,COMPRESSED,NEAR_LOWER_EDGE,NONE,11.51,6.75,40.48,51.19,False,False,13.89,False,98.81,93.28,1.781,1.81,7.48,-3.78,-11.22,-4.88,0.93,4.21,999,50282201.32,99.89,-6.59,107.5582,-13.25,-11.97,36.0,False,BELOW_SMA50|NOT_NEAR_UNBROKEN_PIVOT|WEAK_RS,751
CIG-C,2026-09-29,3.18,68.47,COMPRESSED,INSIDE_COIL,NONE,32.54,13.1,18.25,40.48,False,True,51.19,True,3.4442,3.1172,0.0,2.57,10.91,2.51,6.26,1.19,4.44,4.44,587,5300.74,3.4442,-7.67,3.8711,-17.85,3.64,75.0,False,NOT_NEAR_UNBROKEN_PIVOT|LOW_LIQUIDITY,751
NLY-PF,2026-09-30,25.26,68.47,COMPRESSED,NEAR_UPPER_EDGE,NONE,44.05,39.29,6.75,0.4,False,False,23.02,False,25.41,25.18,0.793,0.45,1.05,-0.36,0.48,-0.04,0.28,0.46,999,1912042.05,25.4458,-0.73,25.4272,-0.66,-1.11,65.0,False,EVENT_PRICE_PEG|LOW_LIQUIDITY|WEAK_RS,752
IDYA,2026-09-29,37.86,68.37,COMPRESSED,INSIDE_COIL,NONE,17.46,17.06,14.68,42.46,False,False,36.11,False,40.0,35.59,0.559,3.88,15.56,-5.59,-3.84,-0.04,2.42,2.85,117,32332103.24,41.48,-8.73,42.68,-11.29,-0.93,65.0,False,NOT_NEAR_UNBROKEN_PIVOT|WEAK_RS,751
ASA,2026-09-30,55.75,68.33,COMPRESSED,INSIDE_COIL,NONE,25.79,35.32,34.13,63.1,True,True,21.03,True,59.77,53.35,0.317,4.12,24.93,-8.91,6.86,-3.78,5.52,5.52,999,3564029.65,67.25,-17.1,71.8851,-22.45,3.94,75.0,False,BELOW_SMA50|NOT_NEAR_UNBROKEN_PIVOT|LOW_LIQUIDITY,752
NLY-PG,2026-09-30,25.3,68.33,COMPRESSED,NEAR_UPPER_EDGE,NONE,22.22,29.76,20.63,14.29,False,False,33.33,False,25.31,25.06,1.212,0.44,1.09,0.51,3.59,1.3,0.44,0.48,999,857544.42,25.31,-0.04,25.0981,0.8,1.75,71.0,False,EVENT_PRICE_PEG|LOW_LIQUIDITY,752
BMI,2026-09-29,125.99,68.33,COMPRESSED,NEAR_LOWER_EDGE,NONE,17.06,31.35,28.97,1.59,False,False,39.68,False,134.75,123.97,1.377,3.34,10.84,-7.0,-15.62,-4.36,1.86,2.26,113,48757783.31,136.68,-7.82,161.384,-21.93,-17.33,23.0,False,BELOW_SMA50|NOT_NEAR_UNBROKEN_PIVOT|WEAK_RS,751
IRMD,2026-09-30,86.22,68.31,COMPRESSED,NEAR_UPPER_EDGE,NONE,30.56,11.11,25.4,36.51,False,False,18.65,False,87.905,81.51,0.712,2.57,7.95,-0.19,-13.79,-1.65,1.37,2.66,999,11873795.34,88.26,-2.31,102.7537,-16.09,-14.37,29.0,False,WEAK_RS,752
ELE,2026-09-30,19.1,68.27,COMPRESSED,NEAR_LOWER_EDGE,NONE,9.13,29.76,6.35,45.24,False,False,39.29,False,22.4657,19.2706,0.88,5.16,17.62,-6.91,17.94,-3.53,4.68,5.72,509,9780632.86,22.4657,-14.98,22.8501,-16.41,2.82,74.0,False,BELOW_SMA50|NOT_NEAR_UNBROKEN_PIVOT,752
CNI,2026-09-29,120.55,68.25,COMPRESSED,NEAR_UPPER_EDGE,NONE,35.71,16.67,21.83,26.59,False,False,19.44,False,122.11,116.72,0.849,1.69,5.96,-2.84,-0.38,-3.04,1.1,1.1,999,179029473.92,125.3229,-3.81,130.843,-7.87,-0.87,65.0,False,BELOW_SMA50|WEAK_RS,751
ACGL,2026-09-29,95.12,68.21,COMPRESSED,NEAR_LOWER_EDGE,NONE,24.21,26.19,16.27,41.27,False,False,15.08,False,98.39,93.69,0.904,1.88,7.17,-3.01,-6.57,-3.52,1.4,4.2,999,421925789.85,100.51,-5.36,107.09,-11.18,-4.51,55.0,False,BELOW_SMA50|NOT_NEAR_UNBROKEN_PIVOT|WEAK_RS,751
CELH,2026-09-29,27.71,68.17,COMPRESSED,INSIDE_COIL,NONE,27.38,33.33,30.56,7.14,False,False,16.67,False,30.17,26.81,0.811,4.85,20.79,-11.89,-16.13,-5.84,3.94,10.87,37,208344287.87,33.0,-16.03,37.4,-25.91,-7.88,47.0,False,POST_GAP_COIL|BELOW_SMA50|NOT_NEAR_UNBROKEN_PIVOT|WEAK_RS,751
HURN,2026-09-29,156.36,68.15,COMPRESSED,INSIDE_COIL,NONE,25.4,34.92,19.44,20.63,False,False,18.65,False,161.88,150.4,0.826,3.25,11.31,-2.21,56.34,3.74,4.7,10.48,43,35223141.38,162.2,-3.6,172.9,-9.57,70.91,99.0,False,POST_GAP_COIL|EXTENDED_60D_RUN,751
TRLV,2026-09-30,10.9,68.08,COMPRESSED,NEAR_LOWER_EDGE,NONE,25.4,22.62,13.1,8.33,False,False,56.35,False,12.93,10.71,3.49,7.4,24.91,-7.16,22.06,3.75,12.49,12.49,0,31749216.18,12.93,-15.7,13.28,-17.92,11.74,84.0,False,POST_GAP_COIL|NOT_NEAR_UNBROKEN_PIVOT,752
IONQ,2026-09-29,43.91,68.06,COMPRESSED,INSIDE_COIL,NONE,1.98,3.17,21.83,57.54,False,False,52.78,False,47.91,36.06,0.647,6.32,29.4,11.7,-10.15,9.62,12.52,12.52,4,972767505.82,47.91,-8.35,73.65,-40.38,-20.07,19.0,False,POST_GAP_COIL|NOT_NEAR_UNBROKEN_PIVOT|WEAK_RS,751
POWI,2026-09-29,51.08,68.06,COMPRESSED,INSIDE_COIL,NONE,25.0,46.43,6.75,19.84,False,False,22.22,False,52.89,46.71,1.239,4.91,12.63,-0.58,-29.79,-9.17,4.71,5.5,87,42817059.49,53.15,-3.89,90.7994,-43.74,-41.28,2.0,False,BELOW_SMA50|WEAK_RS,751
SONY,2026-09-29,23.37,67.98,COMPRESSED,INSIDE_COIL,NONE,21.03,12.3,29.76,46.43,False,False,16.27,False,24.28,22.86,0.829,1.97,9.5,-4.85,10.44,-0.22,3.18,4.92,999,83840571.5,25.27,-7.52,25.03,-6.63,13.98,86.0,False,NOT_NEAR_UNBROKEN_PIVOT,751
BBUC,2026-09-29,25.26,67.96,COMPRESSED,NEAR_LOWER_EDGE,NONE,3.97,0.4,53.17,65.08,False,False,5.16,False,26.33,24.84,0.87,2.85,13.1,-7.78,-20.14,-10.34,1.82,3.97,253,9631492.37,28.11,-10.14,35.2237,-28.29,-17.7,22.0,False,BELOW_SMA50|NOT_NEAR_UNBROKEN_PIVOT|WEAK_RS,751
USA,2026-09-30,5.77,67.94,COMPRESSED,NEAR_LOWER_EDGE,NONE,23.81,3.97,30.16,48.81,False,False,21.03,False,5.93,5.77,1.75,1.03,4.51,-2.53,1.0,-2.41,1.19,1.39,999,6831403.1,6.03,-4.31,6.12,-5.72,-0.48,66.0,False,WEAK_RS,752
ASH,2026-09-29,68.44,67.92,COMPRESSED,NEAR_LOWER_EDGE,NONE,1.19,8.73,48.41,53.97,False,False,15.48,False,71.73,67.77,0.908,2.65,12.96,-6.13,3.2,-4.13,1.77,7.34,667,47698327.1,76.02,-9.97,77.8018,-12.03,1.95,72.0,False,BELOW_SMA50|NOT_NEAR_UNBROKEN_PIVOT,751
NOVT,2026-09-29,141.22,67.9,COMPRESSED,INSIDE_COIL,NONE,17.86,24.6,30.56,22.62,False,False,27.38,False,146.0,130.67,0.91,3.85,15.93,-3.42,-14.36,-4.04,2.92,10.7,37,49805809.28,153.16,-7.8,176.38,-19.93,-15.47,26.0,False,POST_GAP_COIL|BELOW_SMA50|NOT_NEAR_UNBROKEN_PIVOT|WEAK_RS,751
WMS,2026-09-29,128.49,67.88,COMPRESSED,INSIDE_COIL,NONE,26.98,40.87,21.03,17.06,False,False,11.9,False,133.89,124.81,1.535,3.14,8.9,-5.19,-14.97,-6.56,2.17,3.08,344,104880650.92,137.9614,-6.87,158.5874,-18.98,-20.53,18.0,False,BELOW_SMA50|NOT_NEAR_UNBROKEN_PIVOT|WEAK_RS,751
CEG,2026-09-29,264.58,67.82,COMPRESSED,NEAR_UPPER_EDGE,NONE,28.97,5.16,75.4,53.57,True,True,1.59,False,269.4,250.55,1.628,3.4,20.88,-3.71,7.78,-2.78,2.89,4.83,420,780446705.9,305.8,-13.48,327.786,-19.28,4.17,76.0,False,NOT_NEAR_UNBROKEN_PIVOT,751
SHW,2026-09-29,330.44,67.74,COMPRESSED,NEAR_UPPER_EDGE,NONE,31.35,47.22,4.76,7.14,False,False,30.16,False,333.31,314.38,0.885,2.4,7.12,-2.47,-5.13,-2.34,2.0,6.18,999,558421435.33,342.39,-3.49,371.3018,-11.01,-6.33,51.0,False,WEAK_RS,751
PFS,2026-09-29,22.22,67.74,COMPRESSED,RANGE_EXIT_CONFIRMED,DOWN_EXPANSION_CONFIRMED,5.95,8.33,29.76,59.13,False,False,30.56,False,23.64,22.36,1.486,1.83,7.65,-5.04,-4.98,-6.15,1.03,2.41,999,19672642.42,23.83,-6.76,25.2454,-11.98,-7.61,47.0,False,ALREADY_EXPANDING|BELOW_SMA50|NOT_NEAR_UNBROKEN_PIVOT|WEAK_RS,751
IR,2026-09-29,76.48,67.72,COMPRESSED,NEAR_UPPER_EDGE,NONE,19.05,20.24,18.25,35.71,False,False,36.11,False,77.54,70.945,0.91,2.65,8.62,-0.74,-5.12,-3.97,1.81,5.19,999,347656802.04,78.905,-3.07,91.7583,-16.65,-9.21,43.0,False,BELOW_SMA50|WEAK_RS,751
BRK-A,2026-09-30,747005.0,67.68,COMPRESSED,NEAR_LOWER_EDGE,NONE,51.98,0.79,28.57,42.46,True,True,51.19,False,785520.0,750500.0,0.744,1.11,4.98,-0.68,-1.19,-1.74,0.76,1.08,999,182650098.75,785520.0,-4.9,806103.0,-7.33,-3.05,59.0,False,WEAK_RS,752
KNTK,2026-09-29,51.16,67.66,COMPRESSED,NEAR_LOWER_EDGE,NONE,0.4,16.67,21.43,57.54,False,False,40.08,False,55.32,50.54,1.101,2.91,12.47,-6.69,9.53,-2.58,3.57,3.57,999,68684427.46,56.92,-10.12,56.1,-8.81,5.0,77.0,False,NOT_NEAR_UNBROKEN_PIVOT,751
AMPL,2026-09-30,13.85,67.64,COMPRESSED,INSIDE_COIL,NONE,40.87,38.89,7.94,10.71,False,False,21.43,False,14.378,12.66,1.11,4.97,18.19,0.14,51.2,13.69,2.42,3.74,100,21515168.34,14.378,-3.67,14.76,-6.17,59.47,99.0,False,EXTENDED_60D_RUN|EXTENDED_FROM_SMA50,752
LGIH,2026-09-30,46.64,67.64,COMPRESSED,RANGE_EXIT_CONFIRMED,DOWN_EXPANSION_CONFIRMED,25.4,26.98,17.46,33.33,False,False,22.62,False,52.66,47.54,1.42,4.87,20.8,-13.21,-20.84,-15.31,4.26,6.17,999,15718530.56,56.21,-17.03,66.25,-29.6,-25.83,12.0,False,ALREADY_EXPANDING|BELOW_SMA50|NOT_NEAR_UNBROKEN_PIVOT|WEAK_RS,752
LMND,2026-09-29,44.6,67.63,COMPRESSED,INSIDE_COIL,NONE,7.14,3.17,43.65,71.03,False,False,19.44,True,50.62,43.28,0.493,4.78,28.56,-14.61,-43.33,-14.19,3.39,20.77,43,52121926.2,56.016,-20.38,81.23,-45.09,-33.95,6.0,False,POST_GAP_COIL|BELOW_SMA50|NOT_NEAR_UNBROKEN_PIVOT|WEAK_RS,751
PAYC,2026-09-29,218.58,67.62,COMPRESSED,NEAR_LOWER_EDGE,NONE,17.46,32.14,26.59,20.24,False,False,27.38,False,232.86,215.05,1.217,3.43,14.91,-8.58,56.5,4.98,2.93,21.79,37,173890356.37,244.98,-10.78,242.5,-9.86,71.69,99.0,False,POST_GAP_COIL|EXTENDED_60D_RUN|NOT_NEAR_UNBROKEN_PIVOT,751
SVRA,2026-09-30,5.16,67.62,COMPRESSED,INSIDE_COIL,NONE,16.67,18.25,25.4,50.4,False,False,31.75,True,5.525,4.86,0.644,4.53,14.92,-3.55,-16.91,-4.64,2.24,6.1,338,10179044.18,5.63,-8.35,6.475,-20.31,-17.37,23.0,False,BELOW_SMA50|NOT_NEAR_UNBROKEN_PIVOT|WEAK_RS,752
SNOW,2026-09-29,330.31,67.6,COMPRESSED,INSIDE_COIL,NONE,72.22,39.68,9.92,3.17,False,True,17.06,True,348.61,316.63,0.64,4.49,24.42,-0.34,26.03,3.44,23.35,23.35,17,1894167010.46,384.56,-14.11,341.95,-3.4,27.27,93.0,False,POST_GAP_COIL|NOT_NEAR_UNBROKEN_PIVOT,751
CBL,2026-09-30,53.36,67.54,COMPRESSED,INSIDE_COIL,NONE,3.57,44.44,11.9,37.7,False,False,32.14,False,54.565,50.92,0.788,2.6,8.27,0.33,0.84,-3.12,1.03,1.49,999,14523573.95,55.3323,-3.56,59.7064,-10.63,-4.87,54.0,False,BELOW_SMA50|WEAK_RS,752
GIII,2026-09-30,27.12,67.48,COMPRESSED,NEAR_LOWER_EDGE,NONE,91.27,31.75,2.78,21.83,True,True,13.89,False,28.97,26.63,0.829,3.13,20.99,-15.39,-19.76,-14.52,4.14,4.14,80,26256000.64,32.7519,-17.2,37.4051,-27.5,-21.44,17.0,False,BELOW_SMA50|NOT_NEAR_UNBROKEN_PIVOT|WEAK_RS,752
HALO,2026-09-29,111.56,67.46,COMPRESSED,INSIDE_COIL,NONE,14.68,13.89,18.65,33.33,False,False,53.97,False,116.85,105.5,0.825,2.75,10.19,4.76,38.1,10.31,1.75,4.94,346,262374598.54,116.85,-4.53,109.66,1.73,40.02,96.0,False,EXTENDED_60D_RUN,751
WDAY,2026-09-29,189.17,67.44,COMPRESSED,INSIDE_COIL,NONE,38.1,34.92,25.0,10.32,False,True,29.37,False,201.0,181.47,0.676,4.14,16.05,-4.19,37.09,3.57,3.25,8.21,338,510511063.36,211.83,-10.7,227.49,-16.84,52.01,98.0,False,EXTENDED_60D_RUN|NOT_NEAR_UNBROKEN_PIVOT,751
AMKR,2026-09-29,54.14,67.44,COMPRESSED,NEAR_UPPER_EDGE,NONE,11.11,22.22,33.73,51.59,False,True,29.37,False,54.89,45.33,0.886,4.98,18.24,14.67,-22.38,3.3,8.53,14.68,42,191422689.17,54.89,-1.37,96.5024,-43.9,-39.61,3.0,False,POST_GAP_COIL|WEAK_RS,751
SKWD,2026-09-29,53.48,67.36,COMPRESSED,NEAR_LOWER_EDGE,NONE,3.17,4.37,23.81,67.86,False,False,41.27,False,58.215,53.13,0.897,2.84,11.2,-6.85,-11.16,-8.37,1.81,2.64,999,22220156.16,58.59,-8.72,65.69,-18.59,-10.86,38.0,False,BELOW_SMA50|NOT_NEAR_UNBROKEN_PIVOT|WEAK_RS,751
GPC,2026-09-29,126.95,67.3,COMPRESSED,NEAR_LOWER_EDGE,NONE,17.46,40.87,37.3,42.46,False,True,14.68,True,133.79,126.24,0.785,2.42,9.42,-5.7,-0.56,-3.06,1.95,6.05,484,123674237.76,138.2,-8.14,138.8095,-8.54,5.92,78.0,False,BELOW_SMA50|NOT_NEAR_UNBROKEN_PIVOT,751
DE,2026-09-29,680.5,67.26,COMPRESSED,INSIDE_COIL,NONE,26.19,32.94,7.54,14.29,False,False,48.41,False,721.22,665.45,0.679,2.43,9.87,3.91,7.12,5.57,1.18,5.25,999,927125445.76,721.22,-5.65,660.7,3.0,4.76,76.0,False,NOT_NEAR_UNBROKEN_PIVOT,751
APA,2026-09-29,42.19,67.2,COMPRESSED,NEAR_LOWER_EDGE,NONE,30.95,16.67,7.14,29.37,False,False,49.6,False,47.44,42.23,0.883,3.56,14.72,-2.22,30.89,2.48,2.79,5.48,120,265172584.38,47.44,-11.07,45.05,-6.35,27.93,94.0,False,EXTENDED_60D_RUN|NOT_NEAR_UNBROKEN_PIVOT,751
CP,2026-09-29,86.51,67.2,COMPRESSED,NEAR_LOWER_EDGE,NONE,46.83,15.08,22.62,35.71,False,False,3.57,False,89.5747,85.75,0.974,1.9,7.6,-6.46,-1.48,-4.69,0.94,1.06,999,203069751.3,93.995,-7.96,96.6892,-10.53,-2.46,61.0,False,BELOW_SMA50|NOT_NEAR_UNBROKEN_PIVOT|WEAK_RS,751
CHA,2026-09-29,11.36,67.19,COMPRESSED,NEAR_LOWER_EDGE,NONE,40.08,1.59,34.13,59.92,True,True,44.44,False,12.56,11.2,1.167,3.7,14.08,-2.32,0.8,1.11,1.54,3.8,84,15017543.79,12.7,-10.55,13.4,-15.22,-8.01,46.0,False,NOT_NEAR_UNBROKEN_PIVOT|WEAK_RS,364
TFPM,2026-09-29,31.05,67.14,COMPRESSED,NEAR_LOWER_EDGE,NONE,29.76,21.83,14.68,42.46,False,False,34.92,True,34.045,30.54,0.375,3.59,14.88,-7.86,3.41,-3.03,3.79,5.33,999,15446381.58,35.16,-11.69,37.1162,-16.34,1.27,71.0,False,BELOW_SMA50|NOT_NEAR_UNBROKEN_PIVOT,751
IBKR,2026-09-29,86.18,67.12,COMPRESSED,NEAR_LOWER_EDGE,NONE,51.19,24.6,5.16,17.06,False,False,40.87,True,93.94,84.96,0.801,3.26,11.53,-11.34,-10.14,-5.3,2.65,2.93,999,341821116.53,97.8015,-11.88,98.6607,-12.65,-3.41,58.0,False,BELOW_SMA50|NOT_NEAR_UNBROKEN_PIVOT|WEAK_RS,751
RBC,2026-09-29,501.94,67.12,COMPRESSED,NEAR_UPPER_EDGE,NONE,29.37,32.14,12.7,36.51,False,False,17.06,False,510.33,476.0,0.926,2.59,7.72,1.55,-17.66,-4.65,2.43,3.93,999,159254541.24,510.33,-1.64,667.69,-24.82,-24.58,14.0,False,BELOW_SMA50|WEAK_RS,751
MOD,2026-09-29,183.72,67.08,COMPRESSED,INSIDE_COIL,NONE,36.11,43.25,8.73,3.57,False,False,31.75,False,203.23,173.07,1.127,6.22,16.54,2.96,-21.88,-6.59,6.51,8.57,87,248116870.44,203.23,-9.6,323.25,-43.16,-33.71,6.0,False,BELOW_SMA50|NOT_NEAR_UNBROKEN_PIVOT|WEAK_RS,751
RES,2026-09-30,5.63,67.06,COMPRESSED,NEAR_LOWER_EDGE,NONE,3.17,19.84,67.46,68.25,True,False,10.71,True,6.14,5.56,0.562,3.53,20.78,-14.05,1.59,-6.88,2.46,4.88,165,12180061.78,6.73,-16.34,8.0567,-30.12,-3.41,58.0,False,BELOW_SMA50|NOT_NEAR_UNBROKEN_PIVOT|WEAK_RS,752
TFSL,2026-09-29,16.3,66.94,COMPRESSED,NEAR_LOWER_EDGE,NONE,2.78,20.63,23.41,57.54,False,False,33.73,False,17.26,16.44,1.077,1.94,7.1,-4.96,-7.09,-5.65,1.25,3.1,999,11787768.24,17.3665,-6.14,19.1336,-14.81,-8.82,44.0,False,BELOW_SMA50|NOT_NEAR_UNBROKEN_PIVOT|WEAK_RS,751
PCTY,2026-09-29,142.19,66.92,COMPRESSED,NEAR_LOWER_EDGE,NONE,23.81,34.13,26.19,26.59,False,False,15.08,False,148.71,140.55,1.141,3.26,15.83,-11.25,24.98,-2.01,3.76,4.66,602,95908857.5,161.93,-12.19,159.265,-10.72,33.51,95.0,False,NOT_NEAR_UNBROKEN_PIVOT,751
SPNT,2026-09-29,24.84,66.88,COMPRESSED,INSIDE_COIL,NONE,9.52,20.24,17.86,37.3,False,False,66.67,True,26.5,24.1,0.347,2.57,11.19,2.69,1.18,2.3,2.94,3.41,999,27135378.45,26.5,-6.26,26.48,-6.19,0.98,70.0,False,NOT_NEAR_UNBROKEN_PIVOT,751
TRN,2026-09-29,26.71,66.88,COMPRESSED,RANGE_EXIT_CONFIRMED,DOWN_EXPANSION_CONFIRMED,18.25,45.63,9.13,19.84,False,False,36.9,False,28.94,27.3,1.652,2.82,8.8,-7.32,-24.24,-11.66,1.62,3.0,999,18941627.87,29.51,-9.49,38.31,-30.28,-24.61,14.0,False,ALREADY_EXPANDING|BELOW_SMA50|NOT_NEAR_UNBROKEN_PIVOT|WEAK_RS,751
AFG,2026-09-29,138.46,66.85,COMPRESSED,NEAR_LOWER_EDGE,NONE,0.4,0.4,30.16,64.29,False,False,48.81,False,144.84,137.53,0.767,1.54,5.99,-2.87,-1.9,-3.05,0.76,2.77,999,55095255.1,145.57,-4.88,148.71,-6.89,-2.95,60.0,False,BELOW_SMA50|WEAK_RS,751
CSTM,2026-09-29,24.59,66.85,COMPRESSED,NEAR_LOWER_EDGE,NONE,0.79,14.29,31.35,63.49,False,False,28.97,False,26.88,24.23,1.106,3.53,16.59,-6.96,-18.55,-10.23,2.56,4.34,403,39143576.37,28.1,-12.49,36.99,-33.52,-25.36,13.0,False,BELOW_SMA50|NOT_NEAR_UNBROKEN_PIVOT|WEAK_RS,751
OUST,2026-09-29,40.0,66.85,COMPRESSED,INSIDE_COIL,NONE,6.35,8.73,25.4,59.52,False,False,40.87,False,43.97,32.24,0.761,6.67,29.32,16.14,-19.73,3.23,5.99,8.4,73,82302347.35,43.97,-9.03,63.79,-37.29,-38.54,3.0,False,RECENT_SURGE|NOT_NEAR_UNBROKEN_PIVOT|WEAK_RS,751
DLO,2026-09-29,13.69,66.84,COMPRESSED,NEAR_LOWER_EDGE,NONE,12.7,0.79,52.78,77.78,False,False,1.59,True,14.86,13.73,0.786,3.1,18.7,-7.69,-10.23,-6.55,1.48,3.52,282,24951130.21,16.15,-15.23,15.76,-13.13,2.83,74.0,False,BELOW_SMA50|NOT_NEAR_UNBROKEN_PIVOT,751
PRK,2026-09-29,179.9,66.79,COMPRESSED,NEAR_LOWER_EDGE,NONE,3.17,11.9,67.06,69.84,True,False,8.73,False,188.31,178.66,1.271,2.18,10.22,-7.88,-2.27,-7.61,1.0,4.95,999,21254934.6,198.0,-9.14,213.83,-15.87,-3.67,57.0,False,BELOW_SMA50|NOT_NEAR_UNBROKEN_PIVOT|WEAK_RS,751
UHAL,2026-09-29,60.88,66.78,COMPRESSED,NEAR_LOWER_EDGE,NONE,23.41,11.51,49.21,62.7,True,False,26.59,True,64.49,60.21,0.8,2.25,13.17,-9.61,-8.79,-11.34,1.04,1.89,999,9351696.45,68.43,-11.03,76.45,-20.37,-9.48,42.0,False,BELOW_SMA50|NOT_NEAR_UNBROKEN_PIVOT|WEAK_RS,751
BLZE,2026-09-30,13.99,66.77,COMPRESSED,INSIDE_COIL,NONE,34.52,46.43,14.68,10.32,False,False,17.06,False,14.61,12.78,1.277,6.51,17.58,3.4,-11.68,-6.16,3.08,29.31,29,23316131.35,14.61,-4.24,23.99,-41.68,-17.0,23.0,False,POST_GAP_COIL|BELOW_SMA50|WEAK_RS,752
SFBS,2026-09-29,40.08,66.75,COMPRESSED,RANGE_EXIT_CONFIRMED,DOWN_EXPANSION_CONFIRMED,28.17,20.63,21.03,43.65,False,False,18.25,False,42.74,40.49,1.514,2.34,8.28,-6.88,-8.7,-7.41,1.3,2.94,999,29399792.0,43.38,-7.61,46.04,-12.95,-9.71,41.0,False,ALREADY_EXPANDING|BELOW_SMA50|NOT_NEAR_UNBROKEN_PIVOT|WEAK_RS,751
OMAB,2026-09-29,98.82,66.71,COMPRESSED,INSIDE_COIL,NONE,16.27,36.11,12.3,32.94,False,False,36.11,False,103.57,95.89,2.571,2.89,7.77,-0.48,-12.58,-4.03,1.57,1.76,747,12013494.58,103.57,-4.59,115.57,-14.49,-15.13,27.0,False,BELOW_SMA50|WEAK_RS,751
EL,2026-09-29,94.37,66.69,COMPRESSED,INSIDE_COIL,NONE,26.98,36.11,17.46,18.65,False,False,29.37,False,100.92,91.64,0.715,3.4,13.88,-7.75,11.53,1.5,1.79,11.24,28,289402783.27,104.74,-9.9,108.0131,-12.63,17.42,89.0,False,POST_GAP_COIL|NOT_NEAR_UNBROKEN_PIVOT,751
AHR,2026-09-29,51.83,66.69,COMPRESSED,NEAR_LOWER_EDGE,NONE,4.37,6.35,59.13,56.75,False,False,5.56,False,53.7308,51.0637,1.0,2.03,10.5,-5.67,-3.25,-4.95,1.92,4.0,999,170814057.93,56.5074,-8.28,58.4182,-11.28,-2.65,61.0,False,BELOW_SMA50|NOT_NEAR_UNBROKEN_PIVOT|WEAK_RS,663
OAK-PB,2026-09-30,20.2,66.69,COMPRESSED,NEAR_UPPER_EDGE,NONE,25.79,49.21,21.03,30.16,True,False,30.56,False,20.389,19.86,1.118,1.18,2.92,0.9,-2.08,0.11,1.05,1.38,999,238919.96,20.4,-0.98,21.7799,-7.25,-4.64,55.0,False,LOW_LIQUIDITY|WEAK_RS,752
LEU,2026-09-29,138.18,66.69,COMPRESSED,NEAR_LOWER_EDGE,NONE,11.51,14.29,70.63,66.27,True,True,13.89,False,158.89,135.85,0.846,6.91,40.06,-19.38,-20.69,-19.2,3.59,7.66,223,118506491.38,191.21,-27.73,235.0,-41.2,-20.2,18.0,False,BELOW_SMA50|NOT_NEAR_UNBROKEN_PIVOT|WEAK_RS,751
SAM,2026-09-30,164.02,66.65,COMPRESSED,INSIDE_COIL,NONE,8.73,38.1,30.95,48.81,False,True,36.51,True,175.58,160.65,0.55,3.53,11.27,-6.25,-10.45,-7.54,1.49,4.49,104,45951979.75,178.52,-8.12,264.46,-37.98,-10.18,40.0,False,BELOW_SMA50|NOT_NEAR_UNBROKEN_PIVOT|WEAK_RS,752
GLXY,2026-09-29,23.07,66.62,COMPRESSED,INSIDE_COIL,NONE,34.52,27.38,19.44,3.97,False,False,56.75,True,27.676,21.61,0.718,7.17,26.29,-6.22,-9.17,-0.21,5.49,8.02,161,120073233.85,27.676,-16.64,36.1,-36.09,-18.13,21.0,False,NOT_NEAR_UNBROKEN_PIVOT|WEAK_RS,344
NPK,2026-09-30,148.16,66.61,COMPRESSED,INSIDE_COIL,NONE,22.62,29.76,25.0,36.51,False,False,16.27,False,155.9,142.61,1.642,3.08,9.52,0.83,19.26,3.7,1.2,1.89,999,16913763.45,156.66,-5.43,158.17,-6.33,17.59,89.0,False,NOT_NEAR_UNBROKEN_PIVOT,752
VVX,2026-09-29,72.8,66.61,COMPRESSED,NEAR_LOWER_EDGE,NONE,40.87,55.56,9.92,4.76,False,True,29.37,False,79.13,72.09,1.011,3.93,11.09,-5.65,-5.34,-7.92,1.5,5.22,289,55483590.97,79.13,-8.0,93.98,-22.54,-4.88,54.0,False,BELOW_SMA50|NOT_NEAR_UNBROKEN_PIVOT|WEAK_RS,751
TME,2026-09-29,7.96,66.61,COMPRESSED,INSIDE_COIL,NONE,35.32,15.87,20.24,25.4,False,False,35.32,False,8.495,7.7,3.0,3.1,9.99,-3.75,-9.24,-8.14,1.69,12.83,34,60485741.32,8.57,-7.12,10.25,-22.34,-7.19,48.0,False,POST_GAP_COIL|BELOW_SMA50|NOT_NEAR_UNBROKEN_PIVOT|WEAK_RS,751
WABC,2026-09-30,58.32,66.59,COMPRESSED,NEAR_LOWER_EDGE,NONE,49.6,23.41,17.86,2.78,False,False,32.14,False,61.0,58.22,0.989,2.03,5.4,0.26,0.03,-1.57,0.92,1.06,999,15714855.26,61.0,-4.39,63.1024,-7.58,-4.66,55.0,False,WEAK_RS,752
LOB,2026-09-30,36.19,66.59,COMPRESSED,NEAR_LOWER_EDGE,NONE,1.19,4.76,45.63,65.87,False,False,21.43,False,39.14,36.28,1.044,2.42,11.51,-6.36,-11.9,-10.48,1.53,1.53,999,8357854.77,40.28,-10.15,44.4961,-18.67,-15.85,25.0,False,BELOW_SMA50|NOT_NEAR_UNBROKEN_PIVOT|WEAK_RS,752
GOOG,2026-09-29,337.32,66.55,COMPRESSED,NEAR_LOWER_EDGE,NONE,39.68,23.41,13.1,11.51,False,False,43.25,False,359.98,332.81,0.711,2.36,10.18,0.63,-7.5,-1.21,2.19,5.93,607,5733867544.41,359.98,-6.29,403.9645,-16.5,-6.99,49.0,False,NOT_NEAR_UNBROKEN_PIVOT|WEAK_RS,751
ASIC,2026-09-30,25.55,66.53,COMPRESSED,NEAR_LOWER_EDGE,NONE,21.43,19.05,15.87,40.48,False,False,40.87,False,29.0,25.81,0.942,3.58,13.5,-2.7,3.11,-1.11,1.69,1.87,999,2007539.16,29.0,-11.9,27.22,-6.14,2.33,73.0,False,NOT_NEAR_UNBROKEN_PIVOT|LOW_LIQUIDITY,328
AVO,2026-09-30,13.11,66.51,COMPRESSED,NEAR_UPPER_EDGE,NONE,34.92,42.86,12.3,18.25,False,False,18.25,False,13.28,12.19,0.713,3.34,15.48,2.26,-2.53,2.06,1.01,1.67,391,11743589.63,14.22,-7.81,15.53,-15.58,2.87,74.0,False,NOT_NEAR_UNBROKEN_PIVOT,752
IEX,2026-09-29,230.43,66.51,COMPRESSED,NEAR_UPPER_EDGE,NONE,8.33,23.02,19.44,51.19,False,False,37.7,False,232.44,219.44,1.481,2.0,5.9,0.78,2.66,0.48,1.71,5.47,999,132585967.86,232.44,-0.86,243.8,-5.48,-0.65,66.0,False,WEAK_RS,751
USLM,2026-09-29,110.5,66.49,COMPRESSED,INSIDE_COIL,NONE,12.3,12.7,13.1,62.7,False,False,43.25,False,118.39,106.69,0.775,2.96,10.59,-6.46,7.56,-4.2,1.64,1.84,539,16717246.91,119.48,-7.52,141.2893,-21.79,3.11,74.0,False,BELOW_SMA50|NOT_NEAR_UNBROKEN_PIVOT,751
TTI,2026-09-30,5.87,66.48,COMPRESSED,NEAR_LOWER_EDGE,NONE,13.89,17.06,61.51,68.25,True,False,11.9,True,6.7,5.77,0.737,4.65,25.38,-10.11,-36.61,-18.97,2.26,6.46,82,12296128.63,7.26,-19.15,11.58,-49.31,-45.25,2.0,False,BELOW_SMA50|NOT_NEAR_UNBROKEN_PIVOT|WEAK_RS,752
KALU,2026-09-29,151.17,66.47,COMPRESSED,INSIDE_COIL,NONE,24.6,44.05,28.17,26.59,False,False,1.19,False,158.59,147.66,0.97,4.18,17.06,-4.79,-15.15,-7.15,3.27,4.61,153,32231969.4,173.12,-12.68,199.89,-24.37,-24.91,13.0,False,BELOW_SMA50|NOT_NEAR_UNBROKEN_PIVOT|WEAK_RS,751
XP,2026-09-29,20.27,66.46,COMPRESSED,INSIDE_COIL,NONE,44.44,39.68,13.49,14.68,False,False,25.4,True,21.57,19.26,0.777,3.65,17.07,11.19,23.6,12.3,3.75,4.08,999,156238778.99,21.57,-6.03,21.5064,-5.75,22.15,92.0,False,EXTENDED_FROM_SMA50|NOT_NEAR_UNBROKEN_PIVOT,751
ADX,2026-09-30,25.67,66.43,COMPRESSED,NEAR_LOWER_EDGE,NONE,59.52,22.22,26.59,5.95,False,False,6.75,False,26.24,25.21,0.889,1.14,4.25,-0.73,1.42,-0.65,0.99,1.37,999,6436619.96,26.3,-2.4,26.56,-3.35,-0.35,67.0,False,WEAK_RS,752
HIMX,2026-09-29,14.1,66.43,COMPRESSED,INSIDE_COIL,NONE,35.32,29.76,18.25,14.29,False,False,31.75,False,14.79,12.83,0.87,4.45,14.82,2.77,-1.47,2.17,6.45,6.45,99,13530160.99,14.92,-5.5,24.656,-42.81,-10.6,39.0,False,NOT_NEAR_UNBROKEN_PIVOT|WEAK_RS,751
NXE,2026-09-29,9.03,66.35,COMPRESSED,NEAR_LOWER_EDGE,NONE,11.9,6.35,58.33,73.81,True,False,15.08,False,10.065,8.93,0.587,4.31,22.7,-13.75,-6.71,-9.54,3.64,4.21,999,37792740.15,10.98,-17.76,13.31,-32.16,-6.35,51.0,False,BELOW_SMA50|NOT_NEAR_UNBROKEN_PIVOT|WEAK_RS,751
FERG,2026-09-29,223.87,66.35,COMPRESSED,NEAR_UPPER_EDGE,NONE,14.29,44.84,12.7,23.41,False,False,38.49,False,227.94,212.13,1.175,2.61,8.18,-0.29,-1.84,-3.47,1.81,7.54,332,313314228.17,230.44,-2.85,266.9224,-16.13,-7.84,47.0,False,BELOW_SMA50|WEAK_RS,751
ARIS,2026-09-29,17.75,66.33,COMPRESSED,INSIDE_COIL,NONE,27.38,45.24,9.92,31.75,False,False,29.37,True,20.02,17.295,0.396,5.3,19.77,-11.21,11.08,-1.19,6.34,7.57,166,29692338.45,20.805,-14.68,21.83,-18.69,16.53,89.0,False,NOT_NEAR_UNBROKEN_PIVOT,751
NGVT,2026-09-29,71.06,66.33,COMPRESSED,INSIDE_COIL,NONE,9.52,8.33,24.6,51.19,False,False,50.0,False,73.49,66.43,1.38,2.89,9.94,2.55,-3.79,-1.11,2.04,4.86,289,18491983.86,73.49,-3.31,79.29,-10.38,-7.35,48.0,False,WEAK_RS,751
WSC,2026-09-29,17.45,66.29,COMPRESSED,RANGE_EXIT_CONFIRMED,DOWN_EXPANSION_CONFIRMED,7.54,45.63,23.41,40.48,False,False,15.48,False,18.8,17.495,1.675,4.34,19.38,-15.4,-33.92,-19.61,2.76,2.76,98,55520709.08,20.756,-15.93,29.6642,-41.17,-41.84,2.0,False,ALREADY_EXPANDING|BELOW_SMA50|NOT_NEAR_UNBROKEN_PIVOT|WEAK_RS,751
BH-A,2026-09-29,1694.33,66.21,COMPRESSED,NEAR_LOWER_EDGE,NONE,11.51,29.37,44.44,41.67,False,False,3.17,False,1835.6899,1683.03,1.113,4.43,18.97,-13.44,-20.39,-9.9,1.89,2.65,999,54675876.82,1999.95,-15.28,2198.0,-22.91,-22.01,16.0,False,BELOW_SMA50|NOT_NEAR_UNBROKEN_PIVOT|WEAK_RS,751
FNV,2026-09-29,247.94,66.15,COMPRESSED,NEAR_LOWER_EDGE,NONE,38.1,35.71,5.16,36.51,False,False,30.56,True,269.1,244.56,0.489,3.15,10.78,-5.62,16.72,0.75,4.02,5.41,999,186583604.65,271.2995,-8.61,273.5259,-9.35,16.63,89.0,False,NOT_NEAR_UNBROKEN_PIVOT,751
NOC,2026-09-29,504.61,66.13,COMPRESSED,NEAR_LOWER_EDGE,NONE,21.43,30.16,16.27,41.27,False,False,27.38,False,536.62,503.94,0.641,2.25,9.45,-6.5,-7.46,-6.42,1.04,6.48,999,423462897.94,549.77,-8.21,702.2513,-28.14,-2.99,60.0,False,BELOW_SMA50|NOT_NEAR_UNBROKEN_PIVOT|WEAK_RS,751
USAS,2026-09-29,4.5,66.13,COMPRESSED,NEAR_LOWER_EDGE,NONE,28.17,34.52,17.86,44.05,False,False,21.03,True,5.32,4.44,0.667,6.84,29.11,-16.2,-7.79,-7.68,6.83,7.28,93,19423909.3,5.68,-20.77,7.51,-40.08,-7.18,48.0,False,BELOW_SMA50|NOT_NEAR_UNBROKEN_PIVOT|LOW_LIQUIDITY|WEAK_RS,751
UPST,2026-09-29,23.14,66.13,COMPRESSED,NEAR_LOWER_EDGE,NONE,5.16,6.35,46.43,60.32,False,False,34.92,True,26.61,22.785,0.726,5.23,26.94,-19.32,-32.6,-16.78,4.32,14.1,38,112594360.36,29.04,-20.32,36.9,-37.29,-37.2,4.0,False,POST_GAP_COIL|BELOW_SMA50|NOT_NEAR_UNBROKEN_PIVOT|WEAK_RS,751
HOOD,2026-09-29,116.22,66.12,COMPRESSED,INSIDE_COIL,NONE,64.29,11.51,27.38,17.06,True,True,57.94,False,126.74,101.705,0.975,5.11,21.54,10.89,-1.13,10.77,6.37,6.37,105,2656053861.6,126.74,-8.3,120.05,-3.19,13.38,86.0,False,NOT_NEAR_UNBROKEN_PIVOT,751
HUM,2026-09-29,386.87,66.07,COMPRESSED,INSIDE_COIL,NONE,13.49,38.1,15.08,25.0,False,False,45.63,False,413.57,369.13,0.948,3.55,13.14,0.95,-1.52,0.15,3.41,4.11,121,412029966.01,419.97,-7.88,428.88,-9.8,-5.12,54.0,False,NOT_NEAR_UNBROKEN_PIVOT|WEAK_RS,751
TEAM,2026-09-29,175.96,66.05,COMPRESSED,NEAR_LOWER_EDGE,NONE,31.75,42.86,9.13,5.16,False,False,42.86,False,200.0,173.5,1.385,5.29,18.16,-9.38,105.8,11.65,3.67,31.74,36,614811184.89,200.0,-12.02,194.96,-9.75,123.68,100.0,False,POST_GAP_COIL|EXTENDED_60D_RUN|NOT_NEAR_UNBROKEN_PIVOT,751
ANF,2026-09-29,133.59,66.05,COMPRESSED,INSIDE_COIL,NONE,32.54,27.78,25.79,40.48,False,False,4.37,False,142.83,130.81,0.678,4.33,18.27,-6.63,48.81,9.06,2.35,20.63,23,197239258.38,155.22,-13.94,154.58,-13.58,45.9,97.0,False,POST_GAP_COIL|EXTENDED_60D_RUN|NOT_NEAR_UNBROKEN_PIVOT,751
EDU,2026-09-29,54.48,66.05,COMPRESSED,NEAR_LOWER_EDGE,NONE,36.9,15.87,28.57,13.1,False,False,38.1,False,58.92,54.3,1.652,2.7,11.4,-5.58,12.28,-1.94,3.11,4.35,293,39414441.39,60.23,-9.55,60.49,-9.94,16.15,88.0,False,NOT_NEAR_UNBROKEN_PIVOT,751
UI,2026-09-29,559.32,66.04,COMPRESSED,NEAR_LOWER_EDGE,NONE,58.33,22.22,38.49,34.13,True,True,20.24,False,607.18,552.38,0.756,4.08,20.79,-5.2,4.25,-1.13,3.09,4.03,276,88812551.63,616.49,-9.27,1096.7451,-49.0,2.39,73.0,False,NOT_NEAR_UNBROKEN_PIVOT,751
COST,2026-09-29,924.59,66.03,COMPRESSED,NEAR_UPPER_EDGE,NONE,13.89,23.41,34.92,31.75,False,False,31.75,False,931.09,883.1,0.939,1.7,7.46,-2.04,-2.55,-0.98,1.06,2.7,999,2161605814.18,952.1,-2.89,1094.7595,-15.54,-3.52,58.0,False,WEAK_RS,751
GTX,2026-09-29,26.24,65.98,COMPRESSED,INSIDE_COIL,NONE,18.25,34.52,34.13,41.67,False,True,22.62,False,27.19,25.01,1.029,3.16,12.84,-2.34,-20.7,-6.47,2.82,7.02,153,70918284.65,28.38,-7.54,36.1424,-27.4,-29.87,8.0,False,BELOW_SMA50|NOT_NEAR_UNBROKEN_PIVOT|WEAK_RS,751
TDG,2026-09-29,1099.79,65.97,COMPRESSED,INSIDE_COIL,NONE,25.0,36.11,28.97,29.37,False,False,10.71,False,1127.6801,1071.25,1.191,2.41,10.07,-6.14,-18.3,-7.27,1.43,5.45,999,436076413.23,1185.47,-7.23,1361.77,-19.24,-19.95,19.0,False,BELOW_SMA50|NOT_NEAR_UNBROKEN_PIVOT|WEAK_RS,751
TALO,2026-09-29,16.21,65.91,COMPRESSED,NEAR_LOWER_EDGE,NONE,8.33,30.56,20.24,44.05,False,False,37.7,False,18.725,16.045,0.87,3.99,16.53,-6.08,22.8,0.18,2.51,4.54,120,36577637.37,18.725,-13.43,18.44,-12.09,23.05,92.0,False,NOT_NEAR_UNBROKEN_PIVOT,751
VNT,2026-09-29,31.57,65.91,COMPRESSED,INSIDE_COIL,NONE,36.51,28.17,19.44,31.35,False,False,17.06,False,32.52,30.425,1.225,2.55,9.39,-1.91,8.68,-2.44,1.71,7.85,541,42148543.61,33.39,-5.45,37.8975,-16.7,6.43,79.0,False,NOT_NEAR_UNBROKEN_PIVOT,751
PVLA,2026-09-30,137.93,65.91,COMPRESSED,NEAR_LOWER_EDGE,NONE,7.14,4.37,21.43,68.25,False,False,48.41,False,160.84,136.18,0.873,4.9,17.88,-8.38,-5.33,-7.5,3.3,4.22,151,32478019.32,160.84,-14.24,161.38,-14.53,-2.75,60.0,False,BELOW_SMA50|NOT_NEAR_UNBROKEN_PIVOT|WEAK_RS,752
TIC,2026-09-29,8.46,65.87,COMPRESSED,NEAR_LOWER_EDGE,NONE,21.83,22.62,16.67,43.25,False,False,36.11,False,9.875,8.44,1.459,4.75,17.38,-10.85,3.42,-5.19,2.28,3.66,250,13054833.98,9.875,-14.33,10.9,-22.39,2.06,72.0,False,BELOW_SMA50|NOT_NEAR_UNBROKEN_PIVOT,406
AIN,2026-09-29,59.59,65.83,COMPRESSED,NEAR_LOWER_EDGE,NONE,70.24,49.21,24.6,1.98,True,False,0.4,False,61.54,58.52,0.922,3.33,16.28,8.05,-19.04,-5.78,3.96,6.48,999,15901740.17,63.85,-6.67,76.611,-22.22,-22.12,16.0,False,BELOW_SMA50|NOT_NEAR_UNBROKEN_PIVOT|WEAK_RS,751
IVZ,2026-09-29,30.42,65.81,COMPRESSED,INSIDE_COIL,NONE,14.68,33.73,42.06,42.46,False,False,11.51,True,31.63,29.56,0.849,3.0,12.43,-7.2,10.04,-2.83,2.17,2.52,999,135705799.7,33.34,-8.76,33.66,-9.63,13.53,86.0,False,NOT_NEAR_UNBROKEN_PIVOT,751
CB,2026-09-29,332.08,65.79,COMPRESSED,NEAR_LOWER_EDGE,NONE,11.9,13.49,23.02,49.6,False,False,47.22,False,344.52,329.68,0.937,1.48,5.97,-1.63,-6.58,-3.27,1.32,2.62,999,562143712.21,347.9788,-4.57,364.808,-8.97,-4.76,55.0,False,BELOW_SMA50|WEAK_RS,751
KLAR,2026-09-29,12.36,65.79,COMPRESSED,NEAR_LOWER_EDGE,NONE,1.64,6.37,36.73,74.21,False,False,40.87,True,14.34,12.305,0.372,4.58,22.05,-15.86,-37.83,-23.05,1.97,19.73,29,83705039.12,15.0,-17.6,22.09,-44.05,-41.45,2.0,False,POST_GAP_COIL|BELOW_SMA50|NOT_NEAR_UNBROKEN_PIVOT|WEAK_RS,264
NBN,2026-09-30,123.66,65.77,COMPRESSED,NEAR_LOWER_EDGE,NONE,13.49,18.25,14.29,51.59,False,False,61.9,True,137.02,122.19,0.556,3.01,11.99,-0.79,-6.78,-5.15,2.02,2.9,999,15184173.81,137.02,-9.75,142.2993,-13.1,-12.58,34.0,False,BELOW_SMA50|NOT_NEAR_UNBROKEN_PIVOT|WEAK_RS,752
LXP-PC,2026-09-30,49.8,65.75,COMPRESSED,NEAR_UPPER_EDGE,NONE,12.3,15.87,9.13,32.54,False,False,79.37,False,50.47,49.0701,1.88,0.54,2.81,1.28,9.67,1.54,2.85,2.85,999,206098.46,50.47,-1.33,49.2,1.22,7.99,81.0,False,LOW_LIQUIDITY,752
TIGO,2026-09-29,91.74,65.75,COMPRESSED,INSIDE_COIL,NONE,10.71,25.4,19.05,61.51,False,False,26.59,False,97.03,89.26,0.76,3.11,8.65,-2.15,-2.45,-2.87,1.51,8.4,999,75663283.29,97.2,-5.62,107.13,-14.37,-0.61,66.0,False,NOT_NEAR_UNBROKEN_PIVOT|WEAK_RS,751
SKE,2026-09-29,30.18,65.73,COMPRESSED,INSIDE_COIL,NONE,51.98,40.48,7.94,13.49,False,False,27.78,True,33.56,29.09,0.494,4.99,15.19,-7.51,7.17,-3.37,5.68,6.8,999,13462897.35,33.675,-10.38,35.82,-15.75,10.69,83.0,False,BELOW_SMA50|NOT_NEAR_UNBROKEN_PIVOT,751
CORZ,2026-09-29,16.31,65.73,COMPRESSED,NEAR_LOWER_EDGE,NONE,36.9,48.02,11.11,6.35,False,False,27.38,False,19.115,16.01,0.963,6.69,21.49,0.06,-28.46,-14.37,6.56,9.24,310,198430400.57,19.115,-14.67,30.46,-46.45,-38.78,3.0,False,BELOW_SMA50|NOT_NEAR_UNBROKEN_PIVOT|WEAK_RS,673
UL,2026-09-29,61.24,65.71,COMPRESSED,RANGE_EXIT_CONFIRMED,DOWN_EXPANSION_CONFIRMED,29.37,34.92,23.81,27.78,False,False,16.67,False,63.25,61.54,2.037,1.52,7.59,-5.57,0.28,-2.78,2.16,8.6,999,195650416.68,65.55,-6.58,66.8874,-8.44,0.2,68.0,False,ALREADY_EXPANDING|NOT_NEAR_UNBROKEN_PIVOT|WEAK_RS,751
COGT,2026-09-29,31.66,65.69,COMPRESSED,INSIDE_COIL,NONE,8.73,26.19,41.27,56.75,False,False,17.06,True,33.93,30.35,0.5,4.35,17.28,-9.54,-19.73,-13.31,1.99,4.6,202,66692122.6,35.82,-11.61,43.39,-27.03,-20.71,18.0,False,BELOW_SMA50|NOT_NEAR_UNBROKEN_PIVOT|WEAK_RS,751
OSCR,2026-09-29,29.77,65.65,COMPRESSED,INSIDE_COIL,NONE,4.37,39.29,15.48,50.4,False,False,46.43,True,34.12,28.3,0.712,5.73,20.76,-0.63,-5.31,-3.07,3.52,8.57,120,173915817.65,34.48,-13.66,33.548,-11.26,1.87,72.0,False,BELOW_SMA50|NOT_NEAR_UNBROKEN_PIVOT,751
HLT,2026-09-29,323.44,65.65,COMPRESSED,NEAR_UPPER_EDGE,NONE,7.14,23.81,17.86,40.48,False,False,56.75,False,321.72,302.11,1.101,2.02,8.02,2.26,-4.66,1.76,1.48,3.09,999,521521904.52,321.72,0.53,357.8371,-9.61,-4.6,55.0,False,WEAK_RS,751
SNDR,2026-09-29,31.98,65.65,COMPRESSED,INSIDE_COIL,NONE,10.71,17.46,38.1,63.1,False,False,24.21,True,34.75,30.9,0.694,2.99,13.65,-7.06,-10.21,-7.7,2.04,3.57,166,22731076.64,35.266,-9.32,39.1266,-18.27,-14.71,28.0,False,BELOW_SMA50|NOT_NEAR_UNBROKEN_PIVOT|WEAK_RS,751
SJM,2026-09-29,120.7,65.63,COMPRESSED,NEAR_LOWER_EDGE,NONE,8.33,28.17,56.75,29.37,False,False,8.73,False,124.66,119.37,1.065,2.31,12.53,-7.97,9.11,-1.12,1.75,7.45,148,164732536.57,134.37,-10.17,135.89,-11.18,5.78,78.0,False,NOT_NEAR_UNBROKEN_PIVOT,751
FCFS,2026-09-29,212.82,65.62,COMPRESSED,NEAR_LOWER_EDGE,NONE,21.83,52.78,23.02,49.6,False,True,2.78,False,223.13,210.73,1.072,3.09,9.91,-0.77,-4.92,-0.98,1.4,4.17,999,85030588.38,231.83,-8.2,238.93,-10.93,-3.94,57.0,False,NOT_NEAR_UNBROKEN_PIVOT|WEAK_RS,751
HMY,2026-09-29,17.98,65.56,COMPRESSED,INSIDE_COIL,NONE,30.16,36.11,14.29,60.32,False,True,28.57,True,20.22,17.6,0.305,4.64,19.47,-8.5,10.37,-5.79,5.85,10.86,36,79226257.87,21.1,-14.79,23.69,-24.1,15.7,88.0,False,POST_GAP_COIL|BELOW_SMA50|NOT_NEAR_UNBROKEN_PIVOT,751
NTB,2026-09-29,58.43,65.56,COMPRESSED,NEAR_LOWER_EDGE,NONE,25.79,11.51,42.06,50.0,False,False,7.14,False,60.522,57.809,0.843,1.74,6.69,-0.76,-2.83,-2.99,1.2,1.25,999,9385471.38,61.72,-5.33,64.17,-8.94,-3.53,58.0,False,NOT_NEAR_UNBROKEN_PIVOT|WEAK_RS,751
BLFS,2026-09-29,39.22,65.5,COMPRESSED,NEAR_UPPER_EDGE,NONE,6.75,2.38,48.81,69.44,False,False,16.67,False,39.76,35.51,0.646,2.55,13.72,5.8,41.13,11.78,1.55,2.51,646,33048678.75,39.76,-1.36,38.1,2.94,36.36,95.0,False,EXTENDED_60D_RUN,751
SVC,2026-09-30,6.44,65.5,COMPRESSED,INSIDE_COIL,NONE,7.54,1.19,65.87,53.17,False,False,10.71,False,6.87,6.31,0.81,3.7,24.22,-16.04,-25.63,-15.07,1.35,1.52,125,10081651.42,7.84,-17.86,9.0968,-29.21,-25.4,13.0,False,BELOW_SMA50|NOT_NEAR_UNBROKEN_PIVOT|WEAK_RS,752
ACIW,2026-09-29,48.59,65.48,COMPRESSED,NEAR_LOWER_EDGE,NONE,7.94,20.24,44.44,75.4,True,False,24.6,False,52.43,48.28,0.824,2.68,11.22,-8.8,-13.12,-8.65,2.09,8.46,541,37082787.88,53.85,-9.77,61.08,-20.45,-5.9,52.0,False,BELOW_SMA50|NOT_NEAR_UNBROKEN_PIVOT|WEAK_RS,751
HSY,2026-09-29,161.41,65.46,COMPRESSED,RANGE_EXIT_CONFIRMED,DOWN_EXPANSION_CONFIRMED,1.19,3.97,40.48,61.11,False,False,41.67,False,173.66,164.31,1.704,2.09,11.55,-8.4,-8.35,-8.54,1.79,1.84,999,247774688.79,179.26,-9.96,211.8823,-23.82,-9.79,41.0,False,ALREADY_EXPANDING|BELOW_SMA50|NOT_NEAR_UNBROKEN_PIVOT|WEAK_RS,751
CHRN,2026-09-29,19.75,65.46,COMPRESSED,INSIDE_COIL,NONE,44.05,38.89,12.7,13.49,False,False,22.62,False,22.583,17.78,0.781,9.32,26.75,8.64,8.22,-5.5,4.53,12.15,52,2512628.81,22.583,-12.54,30.0,-34.17,-13.63,31.0,False,POST_GAP_COIL|BELOW_SMA50|NOT_NEAR_UNBROKEN_PIVOT|LOW_LIQUIDITY|WEAK_RS,751
CEF,2026-09-30,41.54,65.44,COMPRESSED,NEAR_LOWER_EDGE,NONE,23.41,28.57,13.1,44.84,False,False,32.14,False,44.94,41.39,0.883,2.51,11.48,-5.46,0.87,-4.83,4.11,4.11,999,23243692.96,46.16,-10.01,52.46,-20.82,0.46,69.0,False,BELOW_SMA50|NOT_NEAR_UNBROKEN_PIVOT|WEAK_RS,752
MTRN,2026-09-29,268.56,65.44,COMPRESSED,RANGE_EXIT_CONFIRMED,UP_EXPANSION_CONFIRMED,22.22,37.7,24.21,34.52,False,False,17.06,False,267.22,234.87,1.209,3.86,16.27,13.76,2.64,7.71,4.6,10.34,38,61277339.23,267.22,0.5,304.3999,-11.77,-12.16,35.0,False,ALREADY_EXPANDING|POST_GAP_COIL|WEAK_RS,751
KSS,2026-09-29,18.32,65.43,COMPRESSED,NEAR_UPPER_EDGE,NONE,61.9,9.13,46.03,7.14,False,False,13.89,True,18.55,16.21,0.659,5.03,18.0,3.5,9.14,0.64,2.72,5.83,85,68054232.03,19.5081,-6.09,20.412,-10.25,1.57,71.0,False,NOT_NEAR_UNBROKEN_PIVOT,751
CAE,2026-09-29,24.25,65.42,COMPRESSED,INSIDE_COIL,NONE,54.76,44.84,3.97,13.89,False,False,11.9,False,25.04,23.53,1.346,2.72,7.34,0.37,-9.07,-3.62,1.01,3.82,589,24624325.51,25.04,-3.15,28.89,-16.06,-5.75,52.0,False,BELOW_SMA50|WEAK_RS,751
BJRI,2026-09-30,57.29,65.4,COMPRESSED,RANGE_EXIT_CONFIRMED,DOWN_EXPANSION_CONFIRMED,10.32,75.0,1.98,4.76,False,False,42.86,False,63.4,58.2,1.278,4.02,11.42,-7.22,-4.93,-11.05,1.3,4.26,228,24315383.84,64.99,-11.85,74.6,-23.2,-8.12,46.0,False,ALREADY_EXPANDING|BELOW_SMA50|NOT_NEAR_UNBROKEN_PIVOT|WEAK_RS,752
DAL,2026-09-29,84.87,65.33,COMPRESSED,NEAR_UPPER_EDGE,NONE,14.29,9.52,36.9,59.92,False,False,36.9,True,85.47,76.89,0.611,2.82,11.17,8.81,-7.2,0.97,2.94,2.95,120,572605466.93,85.47,-0.7,95.4443,-11.08,-11.68,36.0,False,WEAK_RS,751
OGC,2026-09-29,27.69,65.26,COMPRESSED,INSIDE_COIL,NONE,30.56,36.9,11.9,40.08,False,False,19.05,False,29.56,26.02,0.687,4.51,20.55,-5.82,7.68,-1.28,4.91,6.12,129,20332767.61,31.71,-12.68,34.9687,-20.81,8.25,81.0,False,NOT_NEAR_UNBROKEN_PIVOT,751
RUSHA,2026-09-29,46.29,65.26,COMPRESSED,RANGE_EXIT_CONFIRMED,DOWN_EXPANSION_CONFIRMED,24.21,32.94,5.56,35.71,False,False,45.63,False,50.29,47.0,1.608,2.79,13.01,-9.37,-6.56,-9.28,1.84,1.84,999,32052305.33,52.0533,-11.07,55.5833,-16.72,-7.12,48.0,False,ALREADY_EXPANDING|BELOW_SMA50|NOT_NEAR_UNBROKEN_PIVOT|WEAK_RS,751
ICUI,2026-09-29,163.44,65.2,COMPRESSED,INSIDE_COIL,NONE,9.52,3.17,45.24,45.24,False,False,42.86,False,167.67,151.33,0.634,2.85,15.36,-5.5,2.52,-3.17,1.95,9.61,222,42434359.7,176.43,-7.36,192.85,-15.25,8.97,82.0,False,BELOW_SMA50|NOT_NEAR_UNBROKEN_PIVOT,751
XPEV,2026-09-29,9.47,65.18,COMPRESSED,RANGE_EXIT_CONFIRMED,DOWN_EXPANSION_CONFIRMED,3.97,7.54,27.78,60.71,False,False,52.38,False,10.84,9.935,2.341,3.64,22.02,-16.64,-30.16,-17.5,3.02,5.41,371,73483308.75,11.55,-18.01,18.49,-48.78,-30.99,8.0,False,ALREADY_EXPANDING|BELOW_SMA50|NOT_NEAR_UNBROKEN_PIVOT|WEAK_RS,751
NVMI,2026-09-29,385.12,65.16,COMPRESSED,RANGE_EXIT_CONFIRMED,UP_EXPANSION_CONFIRMED,39.29,17.06,36.11,34.13,False,True,28.17,False,373.21,329.57,1.233,3.96,15.1,10.52,-17.47,0.76,6.64,7.84,223,213045255.74,387.71,-0.67,615.99,-37.48,-31.58,7.0,False,ALREADY_EXPANDING|WEAK_RS,751
BLCO,2026-09-29,17.14,65.12,COMPRESSED,INSIDE_COIL,NONE,26.98,11.9,55.56,53.57,False,True,6.35,False,17.65,16.6,1.237,2.58,10.88,-1.95,0.18,0.68,1.37,2.71,355,6223584.91,18.465,-7.18,17.77,-3.55,0.99,70.0,False,NOT_NEAR_UNBROKEN_PIVOT,751
IBRX,2026-09-29,8.83,65.08,COMPRESSED,INSIDE_COIL,NONE,31.75,26.19,23.41,27.38,False,False,43.65,True,9.48,7.76,0.522,5.85,20.84,11.07,-0.9,12.08,2.91,5.71,151,87185087.52,9.48,-6.86,9.6,-8.02,-1.66,63.0,False,EXTENDED_FROM_SMA50|NOT_NEAR_UNBROKEN_PIVOT|WEAK_RS,751
YUMC,2026-09-29,40.8,65.06,COMPRESSED,NEAR_LOWER_EDGE,NONE,4.76,5.56,64.68,64.29,False,False,1.98,False,42.41,40.32,0.94,1.97,13.33,-8.54,-3.38,-8.77,1.36,3.56,475,55264792.61,45.76,-10.84,49.7618,-18.01,-2.07,62.0,False,BELOW_SMA50|NOT_NEAR_UNBROKEN_PIVOT|WEAK_RS,751
MKL,2026-09-29,1740.09,65.04,COMPRESSED,NEAR_LOWER_EDGE,NONE,15.08,5.16,42.86,64.29,False,False,31.35,True,1801.0699,1716.0,0.535,1.54,7.65,-3.48,-12.03,-5.17,1.3,2.79,999,122259312.35,1849.11,-5.9,2054.3701,-15.3,-13.42,32.0,False,BELOW_SMA50|NOT_NEAR_UNBROKEN_PIVOT|WEAK_RS,751
REXR,2026-09-29,36.965,65.02,COMPRESSED,NEAR_LOWER_EDGE,NONE,8.73,15.48,33.73,28.17,False,False,61.11,False,39.2086,36.629,0.931,1.95,8.32,0.97,9.17,-0.07,1.3,1.56,999,106688123.49,39.2086,-5.72,39.2086,-5.72,9.13,82.0,False,NOT_NEAR_UNBROKEN_PIVOT,751
WRB,2026-09-29,68.22,65.02,COMPRESSED,INSIDE_COIL,NONE,7.54,16.27,30.95,54.37,False,True,59.13,False,71.2281,66.26,0.96,1.9,7.47,1.12,-3.67,-2.9,1.33,2.03,999,263189634.02,71.3579,-4.4,77.3393,-11.79,-5.65,52.0,False,WEAK_RS,751
GSK,2026-09-29,49.35,65.02,COMPRESSED,NEAR_LOWER_EDGE,NONE,32.14,33.73,31.35,23.81,False,False,13.1,False,51.32,48.98,1.049,1.97,7.44,-1.79,-6.2,-2.57,4.49,4.49,999,149816958.83,51.52,-4.21,58.5022,-15.64,-7.52,48.0,False,WEAK_RS,751
GFS,2026-09-29,47.86,64.94,COMPRESSED,INSIDE_COIL,NONE,32.54,33.33,21.83,34.13,False,False,29.37,True,49.425,42.0445,0.757,4.37,15.42,7.36,-30.37,-1.48,5.5,7.46,89,184794234.27,49.425,-3.17,92.1855,-48.08,-44.29,2.0,False,WEAK_RS,751
NXPI,2026-09-29,236.47,64.92,COMPRESSED,NEAR_UPPER_EDGE,NONE,40.48,19.44,21.03,36.9,False,False,35.71,True,239.39,216.66,0.767,3.14,9.94,5.74,-15.32,1.07,4.17,4.17,105,827252451.18,239.39,-1.22,337.283,-29.89,-17.99,22.0,False,WEAK_RS,751
HRMY,2026-09-29,39.29,64.9,COMPRESSED,NEAR_LOWER_EDGE,NONE,28.57,38.1,10.71,38.49,False,True,45.63,False,43.27,39.535,0.764,3.41,11.05,-0.23,6.16,-0.08,0.99,5.62,99,46951514.54,43.49,-9.66,40.5,-2.99,5.39,77.0,False,NOT_NEAR_UNBROKEN_PIVOT,751
FBIN,2026-09-29,38.41,64.9,COMPRESSED,NEAR_LOWER_EDGE,NONE,19.44,39.68,29.37,44.84,False,False,17.86,True,41.35,37.68,0.794,3.82,16.3,-13.35,-25.1,-14.75,2.83,3.39,156,91094424.38,44.97,-14.59,54.8312,-29.95,-32.15,7.0,False,BELOW_SMA50|NOT_NEAR_UNBROKEN_PIVOT|WEAK_RS,751
CVE,2026-09-29,30.96,64.88,COMPRESSED,NEAR_LOWER_EDGE,NONE,3.97,36.51,29.37,56.35,False,False,31.35,True,34.1,30.37,0.824,3.04,12.05,-3.24,27.7,-0.14,2.41,5.57,999,214479719.75,34.1,-9.21,33.2414,-6.86,22.87,92.0,False,NOT_NEAR_UNBROKEN_PIVOT,751
BAX,2026-09-29,23.48,64.88,COMPRESSED,INSIDE_COIL,NONE,3.97,26.98,51.19,46.43,False,False,11.51,False,24.3,22.56,0.803,3.15,17.04,-9.69,4.03,-6.59,1.94,17.36,42,158648795.81,26.56,-11.6,29.9884,-21.7,7.66,80.0,False,POST_GAP_COIL|BELOW_SMA50|NOT_NEAR_UNBROKEN_PIVOT,751
AGX,2026-09-29,378.39,64.88,COMPRESSED,INSIDE_COIL,NONE,17.06,42.06,25.79,52.38,False,True,21.83,False,413.13,354.78,2.245,5.92,23.72,-10.96,-47.78,-21.68,5.96,6.02,127,180811194.25,444.53,-14.88,805.0899,-53.0,-55.09,1.0,False,BELOW_SMA50|NOT_NEAR_UNBROKEN_PIVOT|WEAK_RS,751
NUVB,2026-09-29,5.62,64.82,COMPRESSED,INSIDE_COIL,NONE,6.35,5.16,61.9,67.46,False,False,15.87,True,6.26,5.48,0.577,5.36,29.36,-15.62,0.36,-12.32,3.13,4.87,66,28914949.35,7.13,-21.18,7.58,-25.86,-3.57,58.0,False,BELOW_SMA50|NOT_NEAR_UNBROKEN_PIVOT|WEAK_RS,751
LBTYB,2026-09-29,12.54,64.8,COMPRESSED,INSIDE_COIL,NONE,21.43,42.46,17.46,33.33,False,False,26.19,False,13.01,11.88,2.682,3.59,10.61,-0.08,11.67,-0.19,5.32,11.24,55,258949.0,13.15,-4.64,18.0,-30.33,-6.05,51.0,False,POST_GAP_COIL|LOW_LIQUIDITY|WEAK_RS,751
BSAC,2026-09-29,33.61,64.78,COMPRESSED,NEAR_LOWER_EDGE,NONE,17.86,35.71,34.92,51.19,False,False,12.3,True,35.24,33.54,0.727,2.33,9.07,-3.28,1.05,-3.27,1.79,2.63,999,9951380.75,36.37,-7.59,36.4,-7.66,-0.45,67.0,False,BELOW_SMA50|NOT_NEAR_UNBROKEN_PIVOT|WEAK_RS,751
SBCF,2026-09-29,32.37,64.78,COMPRESSED,NEAR_LOWER_EDGE,NONE,36.51,3.97,38.89,70.63,True,False,25.0,False,34.61,32.36,1.061,1.99,7.53,-4.15,-1.9,-4.87,1.51,2.44,999,27292835.37,34.6672,-6.63,36.0694,-10.26,-4.62,55.0,False,BELOW_SMA50|NOT_NEAR_UNBROKEN_PIVOT|WEAK_RS,751
RXT,2026-09-30,3.725,64.75,COMPRESSED,INSIDE_COIL,NONE,33.73,30.56,34.13,40.48,False,True,16.67,False,4.29,3.35,0.871,8.44,37.85,24.17,-44.9,-2.35,8.64,9.94,73,25549586.71,4.29,-13.17,8.6,-56.69,-45.12,2.0,False,RECENT_SURGE|NOT_NEAR_UNBROKEN_PIVOT|LOW_LIQUIDITY|WEAK_RS,752
QTWO,2026-09-29,55.12,64.74,COMPRESSED,NEAR_LOWER_EDGE,NONE,7.94,22.22,54.37,70.24,True,False,32.14,True,61.99,54.51,0.451,3.47,21.41,-15.25,3.2,-9.49,2.48,3.53,999,35935965.0,66.31,-16.88,67.51,-18.35,12.08,85.0,False,BELOW_SMA50|NOT_NEAR_UNBROKEN_PIVOT,751
MGNI,2026-09-29,25.67,64.72,COMPRESSED,INSIDE_COIL,NONE,53.17,25.0,13.1,9.92,False,False,36.9,False,26.84,23.09,3.409,4.39,17.14,9.28,23.18,11.74,11.98,11.98,8,60842628.75,26.84,-4.36,25.45,0.86,32.73,94.0,False,POST_GAP_COIL,751
STM,2026-09-29,53.24,64.7,COMPRESSED,NEAR_UPPER_EDGE,NONE,18.65,26.19,23.02,31.75,False,False,46.43,False,53.54,47.4471,0.919,3.3,12.93,6.37,-25.29,2.1,7.05,17.29,47,425074377.14,53.54,-0.56,81.1865,-34.42,-31.3,7.0,False,POST_GAP_COIL|WEAK_RS,751
NSIT,2026-09-29,155.64,64.64,COMPRESSED,INSIDE_COIL,NONE,63.49,38.89,5.56,1.19,False,False,37.3,True,168.5,151.82,0.539,3.76,11.88,-0.88,39.33,5.25,1.5,2.47,656,57967909.43,168.5,-7.63,158.57,-1.85,25.27,93.0,False,EXTENDED_60D_RUN|NOT_NEAR_UNBROKEN_PIVOT,751
VRTX,2026-09-29,526.73,64.64,COMPRESSED,NEAR_UPPER_EDGE,NONE,10.32,15.87,65.48,30.95,False,False,15.87,False,529.89,501.01,0.746,2.29,11.25,-3.27,-0.54,2.07,3.02,8.75,289,529756140.36,560.25,-5.98,555.69,-5.21,3.52,75.0,False,NOT_NEAR_UNBROKEN_PIVOT,751
GRFS,2026-09-29,7.3,64.62,COMPRESSED,INSIDE_COIL,NONE,10.32,2.38,63.89,66.27,False,False,0.79,False,7.47,7.15,1.385,2.1,11.51,-5.44,1.81,-5.74,2.22,3.38,457,4498785.88,7.99,-8.64,8.7128,-16.21,1.98,72.0,False,BELOW_SMA50|NOT_NEAR_UNBROKEN_PIVOT|LOW_LIQUIDITY,751
PRVA,2026-09-29,19.62,64.6,COMPRESSED,INSIDE_COIL,NONE,6.75,40.87,24.6,38.89,False,False,34.13,False,20.89,18.915,1.071,3.18,12.82,-4.25,-27.84,-9.51,1.18,12.77,37,26457281.34,21.43,-8.45,28.82,-31.92,-26.26,12.0,False,POST_GAP_COIL|BELOW_SMA50|NOT_NEAR_UNBROKEN_PIVOT|WEAK_RS,751
AKR,2026-09-29,19.0,64.59,COMPRESSED,NEAR_LOWER_EDGE,NONE,1.19,11.9,68.25,73.41,False,True,7.54,False,19.6927,18.812,0.963,1.86,8.23,-6.2,-9.9,-7.36,2.02,2.71,999,26602235.64,20.5734,-7.65,22.7901,-16.63,-10.69,39.0,False,BELOW_SMA50|NOT_NEAR_UNBROKEN_PIVOT|WEAK_RS,751
ESTC,2026-09-29,88.8,64.48,COMPRESSED,INSIDE_COIL,NONE,48.02,38.1,26.59,5.95,False,False,13.89,False,92.64,83.3,0.664,4.55,16.71,-8.97,51.69,10.15,2.79,24.06,21,190196792.37,102.42,-13.3,108.0,-17.78,53.22,98.0,False,POST_GAP_COIL|EXTENDED_60D_RUN|NOT_NEAR_UNBROKEN_PIVOT,751
GPN,2026-09-29,83.33,64.44,COMPRESSED,NEAR_LOWER_EDGE,NONE,22.22,25.0,31.75,40.48,False,False,24.6,False,90.09,83.14,0.84,2.97,14.52,-8.22,7.95,-5.07,2.05,3.96,154,208705828.67,94.9113,-12.2,95.6093,-12.84,12.65,85.0,False,BELOW_SMA50|NOT_NEAR_UNBROKEN_PIVOT,751
ENR,2026-09-30,21.39,64.44,COMPRESSED,INSIDE_COIL,NONE,25.0,25.79,34.13,38.49,False,False,18.65,False,22.7,20.32,0.869,3.77,13.77,2.99,4.79,-0.09,2.03,5.3,216,19862754.12,22.7,-5.77,22.9376,-6.75,-3.7,57.0,False,NOT_NEAR_UNBROKEN_PIVOT|WEAK_RS,752
GOOGL,2026-09-29,340.92,64.44,COMPRESSED,NEAR_LOWER_EDGE,NONE,40.08,25.0,17.46,13.89,False,False,46.43,False,364.17,336.02,0.682,2.41,10.69,0.53,-6.91,-0.85,2.87,6.13,607,8898539707.25,364.17,-6.38,408.1038,-16.46,-7.06,49.0,False,NOT_NEAR_UNBROKEN_PIVOT|WEAK_RS,751
SBS,2026-09-29,5.18,64.42,COMPRESSED,INSIDE_COIL,NONE,32.54,53.17,10.32,13.89,False,False,28.57,False,5.48,5.07,1.182,2.82,11.97,6.58,-10.84,0.5,4.16,4.71,999,41682022.72,5.48,-5.47,7.158,-27.63,-12.9,33.0,False,NOT_NEAR_UNBROKEN_PIVOT|WEAK_RS,751
AZN,2026-09-29,164.21,64.42,COMPRESSED,INSIDE_COIL,NONE,41.67,34.13,23.81,23.02,False,False,14.68,False,169.35,160.71,1.238,2.04,7.68,1.28,-13.65,0.15,2.48,8.36,999,492049790.58,169.35,-3.04,207.3,-20.79,-15.92,25.0,False,WEAK_RS,751
RBA,2026-09-29,81.39,64.4,COMPRESSED,NEAR_LOWER_EDGE,NONE,43.25,52.78,9.92,17.06,False,True,45.63,True,86.63,80.75,0.643,2.56,8.45,-3.77,-28.38,-10.47,1.48,2.22,597,140123281.8,86.63,-6.05,117.0388,-30.46,-32.35,6.0,False,BELOW_SMA50|NOT_NEAR_UNBROKEN_PIVOT|WEAK_RS,751
HEI-A,2026-09-29,230.84,64.38,COMPRESSED,NEAR_UPPER_EDGE,NONE,20.63,40.08,44.05,22.62,False,False,21.83,True,235.02,218.92,0.67,2.6,11.39,-5.46,-12.1,-7.09,1.5,3.29,999,76088399.21,249.34,-7.42,275.03,-16.07,-12.97,33.0,False,BELOW_SMA50|NOT_NEAR_UNBROKEN_PIVOT|WEAK_RS,751
SII,2026-09-29,120.25,64.35,COMPRESSED,NEAR_LOWER_EDGE,NONE,28.17,40.48,3.97,38.1,False,False,36.11,False,133.12,118.24,0.503,4.16,13.59,-8.8,1.78,-0.81,3.24,3.45,999,15470914.37,134.47,-10.57,154.736,-22.29,4.88,77.0,False,NOT_NEAR_UNBROKEN_PIVOT,751
GWW,2026-09-29,1248.67,64.29,COMPRESSED,NEAR_LOWER_EDGE,NONE,29.37,26.59,27.38,37.3,False,False,23.02,False,1296.34,1236.29,0.534,2.02,7.55,-4.64,-8.69,-4.48,1.52,6.61,999,341820745.85,1330.62,-6.16,1417.1425,-11.89,-10.55,39.0,False,BELOW_SMA50|NOT_NEAR_UNBROKEN_PIVOT|WEAK_RS,751
APTV,2026-09-29,43.37,64.29,COMPRESSED,NEAR_LOWER_EDGE,NONE,44.44,36.11,30.16,19.05,False,False,4.76,False,45.38,42.99,0.713,3.41,12.27,-3.11,-27.39,-10.59,2.05,11.85,39,176574003.51,48.24,-10.1,78.49,-44.74,-31.86,7.0,False,POST_GAP_COIL|BELOW_SMA50|NOT_NEAR_UNBROKEN_PIVOT|WEAK_RS,751
PAHC,2026-09-30,35.74,64.27,COMPRESSED,NEAR_UPPER_EDGE,NONE,17.06,14.29,64.29,38.49,False,False,5.56,False,36.13,33.05,0.803,3.79,21.26,-6.56,8.25,0.33,1.21,9.14,100,8610497.8,40.65,-12.08,59.6401,-40.07,9.17,82.0,False,NOT_NEAR_UNBROKEN_PIVOT,752
KN,2026-09-29,37.32,64.25,COMPRESSED,NEAR_UPPER_EDGE,NONE,26.59,35.32,17.46,43.25,False,False,22.62,False,37.83,34.31,1.047,3.15,12.17,9.19,1.5,2.71,4.2,4.2,726,23983378.7,37.83,-1.35,42.93,-13.07,-12.54,34.0,False,WEAK_RS,751
MCY,2026-09-29,99.87,64.21,COMPRESSED,INSIDE_COIL,NONE,25.0,12.3,38.1,53.57,False,False,17.86,False,104.45,96.68,1.267,2.35,10.2,-1.74,-9.84,-3.85,1.09,4.08,408,31441917.06,106.8627,-6.54,112.7042,-11.39,-8.55,44.0,False,BELOW_SMA50|NOT_NEAR_UNBROKEN_PIVOT|WEAK_RS,751
MOH,2026-09-29,189.38,64.2,COMPRESSED,NEAR_LOWER_EDGE,NONE,22.22,21.43,20.63,47.22,False,False,52.38,True,212.95,185.8,0.589,3.54,15.08,-4.72,-16.83,-5.32,1.28,3.25,161,115690722.81,214.36,-11.65,244.89,-22.67,-19.71,19.0,False,BELOW_SMA50|NOT_NEAR_UNBROKEN_PIVOT|WEAK_RS,751
UMBF,2026-09-29,131.84,64.19,COMPRESSED,RANGE_EXIT_CONFIRMED,DOWN_EXPANSION_CONFIRMED,15.87,11.9,53.97,50.4,False,False,12.7,False,140.49,132.6,1.515,2.14,9.85,-6.58,-8.38,-7.14,1.22,1.61,999,93796764.43,144.088,-8.5,152.7772,-13.7,-9.84,41.0,False,ALREADY_EXPANDING|BELOW_SMA50|NOT_NEAR_UNBROKEN_PIVOT|WEAK_RS,751
UBER,2026-09-29,69.36,64.17,COMPRESSED,INSIDE_COIL,NONE,0.4,7.14,67.46,69.84,False,False,2.38,False,72.42,67.73,1.161,2.8,15.32,-8.31,-4.23,-5.19,1.16,4.15,999,1335500313.87,78.354,-11.48,82.365,-15.79,-6.4,51.0,False,BELOW_SMA50|NOT_NEAR_UNBROKEN_PIVOT|WEAK_RS,751
MTX,2026-09-29,66.11,64.09,COMPRESSED,NEAR_LOWER_EDGE,NONE,5.16,13.49,53.57,66.27,True,True,63.49,False,71.65,65.53,0.992,2.53,10.63,-6.78,-10.94,-7.36,1.45,2.37,999,12928999.48,72.56,-8.89,84.0686,-21.36,-12.99,33.0,False,BELOW_SMA50|NOT_NEAR_UNBROKEN_PIVOT|WEAK_RS,751
STNG,2026-09-29,83.57,64.07,COMPRESSED,INSIDE_COIL,NONE,20.24,23.81,22.22,22.22,False,False,62.3,False,90.06,80.0,0.755,3.21,14.3,5.97,14.08,4.66,3.72,3.72,999,85782972.23,90.06,-7.21,86.3706,-3.24,18.83,90.0,False,NOT_NEAR_UNBROKEN_PIVOT,751
FCF,2026-09-29,20.33,64.07,COMPRESSED,NEAR_LOWER_EDGE,NONE,19.84,16.67,20.24,41.67,False,False,55.56,False,21.64,20.56,1.05,1.81,7.18,-1.79,-0.13,-3.76,0.99,2.15,999,21658030.48,21.64,-6.05,22.1942,-8.4,-1.86,63.0,False,BELOW_SMA50|NOT_NEAR_UNBROKEN_PIVOT|WEAK_RS,751
VTR,2026-09-29,86.91,64.03,COMPRESSED,NEAR_LOWER_EDGE,NONE,3.97,38.1,46.83,52.78,False,True,21.83,False,89.78,85.62,0.816,1.89,8.92,-4.67,-5.75,-5.02,1.02,1.46,999,334953651.73,93.37,-6.92,101.6,-14.46,-4.64,55.0,False,BELOW_SMA50|NOT_NEAR_UNBROKEN_PIVOT|WEAK_RS,751
SXI,2026-09-29,273.35,64.01,COMPRESSED,INSIDE_COIL,NONE,15.08,20.63,41.27,40.48,False,False,30.16,False,282.53,253.62,0.838,3.33,12.38,-5.63,-14.43,-7.41,2.81,6.5,999,37733985.45,298.44,-8.41,363.5236,-24.81,-26.01,12.0,False,BELOW_SMA50|NOT_NEAR_UNBROKEN_PIVOT|WEAK_RS,751
AAP,2026-09-29,39.73,63.91,COMPRESSED,NEAR_LOWER_EDGE,NONE,13.1,46.03,16.27,47.62,False,False,25.79,False,45.23,39.61,0.674,4.9,15.4,-5.81,-29.15,-18.47,2.58,16.61,27,74139965.55,45.52,-12.72,62.9127,-36.85,-38.37,3.0,False,POST_GAP_COIL|BELOW_SMA50|NOT_NEAR_UNBROKEN_PIVOT|WEAK_RS,751
AGI,2026-09-29,33.04,63.9,COMPRESSED,INSIDE_COIL,NONE,30.95,31.75,15.87,50.0,False,False,32.54,True,36.42,32.11,0.546,4.1,17.22,-9.65,4.77,-2.33,5.51,7.33,69,131032640.52,37.799,-12.59,50.2844,-34.29,6.5,79.0,False,NOT_NEAR_UNBROKEN_PIVOT,751
AMTM,2026-09-29,18.15,63.89,COMPRESSED,RANGE_EXIT_CONFIRMED,DOWN_EXPANSION_CONFIRMED,7.54,16.27,24.6,41.67,False,False,67.86,False,20.4,18.48,1.612,3.53,13.83,-9.2,-18.43,-13.54,1.23,5.07,210,34303159.48,20.49,-11.42,28.54,-36.41,-14.71,28.0,False,ALREADY_EXPANDING|BELOW_SMA50|NOT_NEAR_UNBROKEN_PIVOT|WEAK_RS,505
TFIN,2026-09-30,59.99,63.88,COMPRESSED,NEAR_LOWER_EDGE,NONE,0.4,0.4,66.27,77.78,False,False,20.24,True,65.27,59.563,0.576,2.88,18.61,-13.68,-22.5,-15.62,2.04,2.04,999,14885230.57,71.45,-16.04,83.52,-28.17,-26.88,11.0,False,BELOW_SMA50|NOT_NEAR_UNBROKEN_PIVOT|WEAK_RS,752
ZBRA,2026-09-29,375.97,63.87,COMPRESSED,RANGE_EXIT_CONFIRMED,UP_EXPANSION_CONFIRMED,21.03,12.7,23.41,54.76,False,False,43.25,False,374.94,338.67,1.331,2.98,11.82,6.34,39.1,9.29,1.79,13.19,39,205488622.16,374.94,0.27,386.23,-2.66,40.3,96.0,False,ALREADY_EXPANDING|POST_GAP_COIL|EXTENDED_60D_RUN,751
CPK,2026-09-29,128.15,63.87,COMPRESSED,NEAR_LOWER_EDGE,NONE,2.78,61.51,11.9,32.54,False,False,40.08,False,133.1,125.9,0.772,2.29,6.46,-3.49,5.62,-3.12,1.44,2.0,999,24358927.44,134.176,-4.49,140.0327,-8.49,2.71,73.0,False,BELOW_SMA50,751
PLBL,2026-09-29,5.83,63.87,COMPRESSED,INSIDE_COIL,NONE,39.68,40.08,21.43,8.33,False,False,30.95,False,6.37,5.2,0.99,8.42,20.07,3.0,-45.72,-3.27,5.51,7.1,76,1058006.6,6.37,-8.48,11.09,-47.43,-33.11,6.0,False,BELOW_SMA50|NOT_NEAR_UNBROKEN_PIVOT|LOW_LIQUIDITY|WEAK_RS,287
MH,2026-09-29,12.58,63.79,COMPRESSED,INSIDE_COIL,NONE,38.49,24.21,30.16,12.7,False,False,51.59,True,14.179,12.17,0.74,4.79,17.36,-4.19,19.13,2.16,4.22,7.33,157,7526105.73,14.179,-11.28,14.97,-15.97,30.32,94.0,False,NOT_NEAR_UNBROKEN_PIVOT,298
WT,2026-09-29,24.27,63.77,COMPRESSED,INSIDE_COIL,NONE,43.65,46.83,25.0,14.68,True,True,59.52,False,24.86,21.6,0.841,3.74,17.76,0.87,31.72,7.27,2.19,3.12,999,69817494.91,25.91,-6.33,25.89,-6.26,40.95,97.0,False,EXTENDED_60D_RUN|NOT_NEAR_UNBROKEN_PIVOT,751
CRON,2026-09-30,3.3,63.71,COMPRESSED,INSIDE_COIL,NONE,27.38,14.29,48.41,49.6,False,False,5.56,False,3.46,3.22,1.3,3.21,11.21,-2.37,20.0,4.02,1.27,11.03,38,2764334.06,3.46,-4.62,3.608,-8.54,12.87,85.0,False,POST_GAP_COIL|LOW_LIQUIDITY,752
CDE,2026-09-29,17.84,63.71,COMPRESSED,NEAR_LOWER_EDGE,NONE,13.1,22.62,18.65,57.94,False,False,44.84,False,20.63,17.87,0.681,5.65,28.25,-14.15,5.0,-5.05,5.46,8.2,166,693195395.7,22.16,-19.49,22.45,-20.53,6.8,79.0,False,BELOW_SMA50|NOT_NEAR_UNBROKEN_PIVOT,751
MATX,2026-09-29,226.43,63.69,COMPRESSED,INSIDE_COIL,NONE,11.51,47.62,21.83,20.63,False,False,46.83,False,240.87,218.1,1.355,3.0,10.25,0.72,10.91,3.31,1.86,9.91,347,71391495.62,240.87,-5.99,230.3134,-1.69,15.49,88.0,False,NOT_NEAR_UNBROKEN_PIVOT,751
TSHA,2026-09-30,4.87,63.67,COMPRESSED,INSIDE_COIL,NONE,11.11,13.89,32.54,42.46,False,False,56.35,False,5.46,4.56,0.824,5.69,28.75,-14.56,-25.08,-13.95,3.55,8.23,227,20399686.62,5.96,-18.29,7.3,-33.29,-29.28,9.0,False,BELOW_SMA50|NOT_NEAR_UNBROKEN_PIVOT|LOW_LIQUIDITY|WEAK_RS,752
SNEX,2026-09-29,65.25,63.65,COMPRESSED,NEAR_LOWER_EDGE,NONE,13.49,67.06,9.52,16.67,False,False,38.89,False,71.07,64.54,0.496,4.19,10.76,-4.72,-19.96,-6.11,2.16,11.55,37,59210802.46,71.46,-8.69,94.66,-31.07,-19.92,19.0,False,POST_GAP_COIL|BELOW_SMA50|NOT_NEAR_UNBROKEN_PIVOT|WEAK_RS,751
BLK,2026-09-29,1067.9399,63.63,COMPRESSED,INSIDE_COIL,NONE,36.51,30.56,31.35,14.68,False,False,43.25,True,1098.11,1017.46,0.665,2.18,11.78,-7.11,6.15,-3.33,1.92,7.27,999,578516422.47,1152.9134,-7.37,1181.1088,-9.58,9.12,82.0,False,BELOW_SMA50|NOT_NEAR_UNBROKEN_PIVOT,751
EFXT,2026-09-29,22.68,63.63,COMPRESSED,INSIDE_COIL,NONE,10.32,44.84,30.56,41.67,False,False,19.84,False,24.12,21.72,1.361,3.77,18.25,11.18,0.32,3.82,2.44,5.87,999,12651476.61,24.12,-5.97,29.0763,-22.0,-9.85,41.0,False,NOT_NEAR_UNBROKEN_PIVOT|WEAK_RS,751
JAZZ,2026-09-29,232.35,63.61,COMPRESSED,NEAR_LOWER_EDGE,NONE,10.71,26.19,13.49,59.52,False,False,49.21,False,247.31,231.59,2.171,2.66,10.05,-7.31,-4.84,-6.46,2.76,2.76,216,180456180.86,252.72,-8.06,266.38,-12.77,-6.09,51.0,False,BELOW_SMA50|NOT_NEAR_UNBROKEN_PIVOT|WEAK_RS,751
CARR,2026-09-29,55.38,63.61,COMPRESSED,INSIDE_COIL,NONE,23.81,33.73,36.9,36.9,False,False,13.1,False,58.19,52.96,0.97,2.93,13.36,-4.88,-20.71,-8.11,3.17,3.17,999,393384156.71,60.356,-8.24,76.485,-27.59,-26.74,11.0,False,BELOW_SMA50|NOT_NEAR_UNBROKEN_PIVOT|WEAK_RS,751
BEKE,2026-09-29,16.6,63.55,COMPRESSED,INSIDE_COIL,NONE,23.02,30.16,47.22,30.56,False,False,11.9,False,17.005,15.86,1.974,2.94,14.19,-3.43,10.52,-2.21,2.9,5.56,451,86644335.16,18.215,-8.87,19.765,-16.01,11.73,84.0,False,NOT_NEAR_UNBROKEN_PIVOT,751
SNDX,2026-09-30,18.8,63.53,COMPRESSED,RANGE_EXIT_CONFIRMED,UP_EXPANSION_CONFIRMED,23.81,5.95,62.7,42.46,False,False,10.71,False,18.56,17.09,1.658,4.33,20.8,-6.47,-19.1,-3.2,1.8,9.28,290,34272645.31,21.0,-10.48,25.531,-26.36,-12.52,34.0,False,ALREADY_EXPANDING|BELOW_SMA50|NOT_NEAR_UNBROKEN_PIVOT|WEAK_RS,752
HSIC,2026-09-29,84.97,63.51,COMPRESSED,NEAR_LOWER_EDGE,NONE,40.87,14.29,36.51,40.87,False,False,13.49,False,88.93,84.15,1.039,2.1,8.87,-5.38,-1.9,-3.16,1.42,5.18,999,97128224.86,91.69,-7.33,92.18,-7.82,-0.78,66.0,False,BELOW_SMA50|NOT_NEAR_UNBROKEN_PIVOT|WEAK_RS,751
MDLN,2026-09-29,34.98,63.51,COMPRESSED,NEAR_UPPER_EDGE,NONE,51.14,13.66,53.67,38.02,True,False,27.27,True,35.3,31.49,0.557,3.72,15.71,-0.14,-18.18,-1.48,1.85,11.27,38,290691104.06,36.985,-5.42,49.135,-28.81,-13.82,31.0,False,POST_GAP_COIL|NOT_NEAR_UNBROKEN_PIVOT|WEAK_RS,196
CE,2026-09-29,44.84,63.45,COMPRESSED,NEAR_LOWER_EDGE,NONE,45.24,21.03,20.63,26.98,False,False,34.13,False,49.67,44.37,0.682,4.28,12.67,-1.41,-5.81,-1.24,1.33,2.91,284,93312269.97,49.67,-9.72,70.6522,-36.53,-4.97,54.0,False,NOT_NEAR_UNBROKEN_PIVOT|WEAK_RS,751
CECO,2026-09-29,70.6,63.4,COMPRESSED,INSIDE_COIL,NONE,55.16,49.21,25.79,8.73,False,True,15.08,False,75.08,67.27,0.915,5.43,19.42,-0.84,-12.49,-3.01,5.11,7.56,230,52843989.93,80.98,-12.82,101.24,-30.26,-24.71,14.0,False,BELOW_SMA50|NOT_NEAR_UNBROKEN_PIVOT|WEAK_RS,751
CCJ,2026-09-29,86.88,63.39,COMPRESSED,NEAR_LOWER_EDGE,NONE,2.78,6.35,49.21,78.97,False,False,20.63,False,96.09,85.68,0.935,3.8,21.22,-12.03,-10.89,-8.39,3.7,3.7,230,259354099.68,104.12,-16.56,131.21,-33.79,-17.22,23.0,False,BELOW_SMA50|NOT_NEAR_UNBROKEN_PIVOT|WEAK_RS,751
WSO,2026-09-29,300.8,63.33,COMPRESSED,RANGE_EXIT_CONFIRMED,DOWN_EXPANSION_CONFIRMED,29.76,36.11,16.27,9.92,False,False,58.33,False,329.58,301.95,2.08,3.13,10.37,-2.91,-23.97,-6.23,1.9,6.62,999,151246755.15,329.58,-8.73,455.0885,-33.9,-29.71,8.0,False,ALREADY_EXPANDING|BELOW_SMA50|NOT_NEAR_UNBROKEN_PIVOT|WEAK_RS,751
IE,2026-09-30,9.92,63.23,COMPRESSED,INSIDE_COIL,NONE,50.0,55.95,11.51,3.17,False,False,18.65,False,10.88,8.71,1.585,7.19,26.51,-1.1,8.53,-3.35,5.87,5.87,366,23968582.12,11.34,-12.52,15.665,-36.67,2.79,73.0,False,BELOW_SMA50|NOT_NEAR_UNBROKEN_PIVOT,752
TSM,2026-09-29,456.94,63.21,COMPRESSED,NEAR_UPPER_EDGE,NONE,3.17,1.19,51.59,64.29,False,False,39.68,False,455.27,411.4462,1.058,2.36,11.53,10.32,1.41,8.42,3.98,4.76,420,4294479264.14,455.27,0.37,477.7184,-4.35,-6.58,50.0,False,WEAK_RS,751
SGML,2026-09-30,9.4,63.21,COMPRESSED,INSIDE_COIL,NONE,32.14,13.89,64.68,21.43,False,False,9.52,False,10.64,8.802,2.0,7.19,44.34,-23.33,-20.34,-12.59,13.03,13.03,16,22763291.59,12.97,-27.53,24.48,-61.6,-26.77,11.0,False,POST_GAP_COIL|BELOW_SMA50|NOT_NEAR_UNBROKEN_PIVOT|WEAK_RS,752
AUGO,2026-09-29,79.36,63.19,COMPRESSED,INSIDE_COIL,NONE,28.57,46.03,4.37,21.43,False,False,51.98,False,93.49,77.0,0.464,5.76,20.78,-5.05,18.26,3.58,6.17,7.48,133,91756289.22,93.49,-15.11,108.1825,-26.64,24.72,92.0,False,NOT_NEAR_UNBROKEN_PIVOT,304
RDNT,2026-09-29,70.65,63.18,COMPRESSED,NEAR_LOWER_EDGE,NONE,27.38,21.03,23.02,57.14,False,True,46.43,False,79.77,69.585,1.447,3.8,14.55,-6.82,2.51,-1.81,1.43,2.29,397,59152809.2,79.77,-11.43,78.861,-10.41,12.05,85.0,False,NOT_NEAR_UNBROKEN_PIVOT,751
PYPL,2026-09-29,53.89,63.17,COMPRESSED,INSIDE_COIL,NONE,50.4,43.65,16.27,8.73,False,False,23.02,False,55.545,51.811,0.452,3.1,11.17,2.58,19.81,-4.77,2.15,15.78,21,673384444.88,56.8197,-5.16,62.5754,-13.88,22.6,92.0,False,POST_GAP_COIL|BELOW_SMA50|NOT_NEAR_UNBROKEN_PIVOT,751
AS,2026-09-29,27.24,63.14,COMPRESSED,INSIDE_COIL,NONE,56.75,23.81,39.29,30.56,False,True,8.73,False,28.285,26.1,1.063,3.65,15.53,-10.83,-21.81,-13.31,1.97,4.05,341,213082442.0,30.89,-11.82,38.045,-28.4,-22.02,16.0,False,BELOW_SMA50|NOT_NEAR_UNBROKEN_PIVOT|WEAK_RS,667
NOK,2026-09-29,10.36,63.14,COMPRESSED,INSIDE_COIL,NONE,61.11,58.33,28.97,11.51,True,True,23.02,False,11.05,9.8,0.907,4.58,15.73,2.17,-17.19,2.96,9.79,10.17,33,902945041.42,11.17,-7.25,17.45,-40.63,-24.5,14.0,False,POST_GAP_COIL|NOT_NEAR_UNBROKEN_PIVOT|WEAK_RS,751
DBRG,2026-09-29,16.0,63.13,COMPRESSED,NEAR_UPPER_EDGE,NONE,30.56,0.4,45.63,53.17,True,False,57.14,False,16.0,15.84,1.0,0.21,1.0,0.57,1.39,0.53,0.44,0.44,476,93005593.67,16.0,0.0,15.98,0.13,-1.12,65.0,False,EVENT_PRICE_PEG|WEAK_RS,751
SOLS,2026-09-29,56.01,63.13,COMPRESSED,NEAR_LOWER_EDGE,NONE,14.29,11.61,51.38,70.82,False,False,5.26,False,59.98,55.355,0.66,4.01,18.43,-11.64,-17.58,-6.12,2.31,15.37,21,129965882.75,65.68,-14.72,90.5988,-38.18,-39.22,3.0,False,POST_GAP_COIL|BELOW_SMA50|NOT_NEAR_UNBROKEN_PIVOT|WEAK_RS,237
MSGS,2026-09-29,413.84,63.12,COMPRESSED,NEAR_UPPER_EDGE,NONE,2.78,21.43,37.3,59.92,False,False,37.3,False,420.06,389.45,0.697,2.43,10.56,7.57,7.15,4.16,0.95,3.0,154,116658158.66,420.06,-1.48,438.93,-5.72,0.47,69.0,False,WEAK_RS,751
MANE,2026-09-29,117.82,63.08,COMPRESSED,INSIDE_COIL,NONE,4.17,1.99,55.17,70.62,False,False,27.1,False,122.0,100.01,1.08,5.17,22.56,19.72,-3.48,10.12,3.07,7.79,107,79819191.07,122.0,-3.43,131.24,-10.23,-6.68,50.0,False,RECENT_SURGE|WEAK_RS,164
ELAN,2026-09-29,22.61,63.08,COMPRESSED,INSIDE_COIL,NONE,2.38,33.33,43.25,53.57,False,False,20.63,False,23.63,21.75,0.707,3.32,14.68,-5.48,-10.03,-5.56,2.1,5.78,287,129053265.99,25.07,-9.81,27.98,-19.19,-10.64,39.0,False,BELOW_SMA50|NOT_NEAR_UNBROKEN_PIVOT|WEAK_RS,751
AEIS,2026-09-29,283.3,63.05,COMPRESSED,NEAR_UPPER_EDGE,NONE,42.06,41.27,21.83,25.0,False,False,27.78,True,287.97,244.83,0.723,4.85,17.59,2.33,-8.83,-2.4,7.0,13.8,39,139526882.26,294.65,-3.85,397.1782,-28.67,-26.51,11.0,False,POST_GAP_COIL|WEAK_RS,751
AIT,2026-09-29,336.15,63.04,COMPRESSED,NEAR_UPPER_EDGE,NONE,9.92,16.27,32.54,64.29,False,True,57.14,False,339.21,312.25,1.259,2.26,8.45,3.76,2.47,-0.45,1.78,3.88,999,93781363.43,339.21,-0.9,374.2655,-10.18,-2.97,60.0,False,WEAK_RS,751
GLOP-PB,2026-09-30,25.6501,63.02,COMPRESSED,NEAR_UPPER_EDGE,NONE,18.25,44.84,57.54,49.21,True,False,3.17,False,25.8364,25.52,0.882,0.72,3.66,1.66,1.84,0.89,1.66,1.66,999,110492.12,26.17,-1.99,25.5441,0.42,-0.46,67.0,False,LOW_LIQUIDITY|WEAK_RS,584
CVSA,2026-09-29,119.45,63.0,COMPRESSED,NEAR_LOWER_EDGE,NONE,17.46,28.97,28.17,50.79,False,False,29.76,False,128.09,117.29,1.182,3.47,17.27,-9.73,-7.8,-6.23,3.1,3.1,668,45161464.25,137.22,-12.95,142.13,-15.96,-6.7,50.0,False,BELOW_SMA50|NOT_NEAR_UNBROKEN_PIVOT|WEAK_RS,751
TOST,2026-09-29,30.46,62.98,COMPRESSED,INSIDE_COIL,NONE,0.79,10.32,62.7,54.76,False,False,26.98,False,33.36,28.775,0.843,3.47,20.34,-10.65,3.32,-7.54,2.38,3.76,98,252948095.05,35.376,-13.9,37.2,-18.12,6.97,79.0,False,BELOW_SMA50|NOT_NEAR_UNBROKEN_PIVOT,751
OPCH,2026-09-29,22.81,62.98,COMPRESSED,NEAR_LOWER_EDGE,NONE,17.46,26.98,24.6,62.3,False,True,59.13,True,24.88,22.72,0.554,2.87,10.26,-2.73,6.79,-2.73,1.4,6.45,104,50592651.6,24.88,-8.32,29.8,-23.46,6.26,78.0,False,NOT_NEAR_UNBROKEN_PIVOT,751
EXP,2026-09-29,173.58,62.98,COMPRESSED,NEAR_LOWER_EDGE,NONE,1.98,25.4,47.62,57.54,False,False,22.62,False,184.52,174.73,1.097,2.92,14.91,-10.52,-20.1,-12.21,1.86,2.31,590,83715806.22,199.5002,-12.99,245.1984,-29.21,-25.27,13.0,False,BELOW_SMA50|NOT_NEAR_UNBROKEN_PIVOT|WEAK_RS,751
UE,2026-09-29,19.78,62.94,COMPRESSED,NEAR_LOWER_EDGE,NONE,1.59,7.94,67.46,71.03,False,False,6.75,False,20.63,19.607,1.267,1.67,8.66,-5.56,-11.61,-6.99,1.5,1.95,999,17558402.43,21.3202,-7.22,23.6759,-16.46,-15.17,27.0,False,BELOW_SMA50|NOT_NEAR_UNBROKEN_PIVOT|WEAK_RS,751
TRVI,2026-09-29,14.42,62.92,COMPRESSED,INSIDE_COIL,NONE,7.14,2.38,61.9,75.79,False,False,9.52,False,15.88,14.0,1.429,4.59,22.99,-13.13,-19.67,-15.5,2.47,4.11,391,23768884.53,17.315,-16.72,20.22,-28.68,-25.2,13.0,False,BELOW_SMA50|NOT_NEAR_UNBROKEN_PIVOT|WEAK_RS,751
TNK,2026-09-29,96.81,62.88,COMPRESSED,INSIDE_COIL,NONE,20.63,50.0,35.32,17.86,False,True,41.67,False,103.16,92.54,1.151,3.57,16.91,8.0,41.25,10.48,3.32,3.32,999,49198396.66,103.16,-6.16,94.44,2.51,47.21,97.0,False,EXTENDED_60D_RUN|NOT_NEAR_UNBROKEN_PIVOT,751
CSIQ,2026-09-30,11.52,62.82,COMPRESSED,INSIDE_COIL,NONE,19.05,7.94,57.14,67.06,False,False,1.98,False,12.44,10.34,1.083,6.53,33.77,-9.0,-19.72,-15.66,2.6,4.88,95,23635834.65,14.23,-19.04,21.46,-46.32,-28.91,9.0,False,BELOW_SMA50|NOT_NEAR_UNBROKEN_PIVOT|WEAK_RS,752
PAC,2026-09-29,210.41,62.8,COMPRESSED,INSIDE_COIL,NONE,16.27,22.22,18.65,44.44,False,False,60.71,False,217.96,196.99,1.87,2.65,9.97,2.12,-17.3,-0.23,1.35,1.95,747,25612860.52,217.96,-3.46,269.07,-21.8,-19.4,20.0,False,WEAK_RS,751
NOW,2026-09-29,129.94,62.78,COMPRESSED,INSIDE_COIL,NONE,45.24,39.29,17.06,13.49,False,False,32.54,False,147.57,126.75,0.801,4.58,16.02,-12.2,20.39,2.43,5.64,6.76,109,1774888967.29,149.6,-13.14,145.72,-10.83,28.37,94.0,False,NOT_NEAR_UNBROKEN_PIVOT,751
NEO,2026-09-29,18.74,62.78,COMPRESSED,INSIDE_COIL,NONE,24.21,29.76,45.24,40.48,False,False,8.73,False,20.05,18.27,1.444,4.55,16.97,4.63,23.61,10.45,1.6,15.37,43,37855816.01,20.05,-6.53,19.76,-5.16,25.93,93.0,False,POST_GAP_COIL|NOT_NEAR_UNBROKEN_PIVOT,751
SPHR,2026-09-29,134.3,62.78,COMPRESSED,NEAR_LOWER_EDGE,NONE,13.89,54.37,10.71,34.13,False,False,42.06,False,151.36,133.21,1.359,4.64,13.82,-1.47,-11.36,-9.59,3.05,3.05,157,73096232.21,151.36,-11.27,181.63,-26.06,-24.9,13.0,False,BELOW_SMA50|NOT_NEAR_UNBROKEN_PIVOT|WEAK_RS,751
EXLS,2026-09-29,34.58,62.76,COMPRESSED,NEAR_LOWER_EDGE,NONE,23.41,30.56,37.3,44.84,False,False,15.08,False,36.83,34.17,0.963,2.69,13.19,-9.19,27.46,-0.6,2.21,4.42,999,67702684.59,38.63,-10.48,38.86,-11.01,31.2,94.0,False,NOT_NEAR_UNBROKEN_PIVOT,751
HLMN,2026-09-30,6.99,62.76,COMPRESSED,INSIDE_COIL,NONE,27.38,33.33,30.95,34.52,False,True,44.84,False,7.6,6.845,1.243,3.53,13.23,-4.51,-10.15,-11.69,3.72,8.3,290,14548590.42,7.77,-10.04,9.58,-27.04,-16.64,24.0,False,BELOW_SMA50|NOT_NEAR_UNBROKEN_PIVOT|WEAK_RS,752
SAN,2026-09-29,14.19,62.75,COMPRESSED,NEAR_LOWER_EDGE,NONE,39.68,32.14,17.86,51.59,False,False,23.81,True,14.85,14.14,0.607,2.01,6.91,-2.54,-1.25,-1.67,2.7,4.11,999,107857363.67,15.05,-5.71,15.0,-5.4,0.31,69.0,False,NOT_NEAR_UNBROKEN_PIVOT|WEAK_RS,751
FBK,2026-09-29,51.89,62.68,COMPRESSED,NEAR_LOWER_EDGE,NONE,7.14,11.11,65.08,77.38,True,False,26.98,False,55.78,52.08,0.931,2.0,10.98,-8.9,-8.13,-9.8,1.24,1.89,999,34680487.79,57.58,-9.88,62.655,-17.18,-8.44,45.0,False,BELOW_SMA50|NOT_NEAR_UNBROKEN_PIVOT|WEAK_RS,751
PBI,2026-09-29,16.29,62.56,COMPRESSED,NEAR_LOWER_EDGE,NONE,1.19,26.59,38.1,70.24,False,True,44.84,False,17.47,16.15,2.677,2.88,10.37,-4.9,-2.48,-4.75,1.93,4.42,154,28933299.83,17.72,-8.07,18.9605,-14.08,-9.0,43.0,False,BELOW_SMA50|NOT_NEAR_UNBROKEN_PIVOT|WEAK_RS,751
PAAS,2026-09-29,46.14,62.48,COMPRESSED,INSIDE_COIL,NONE,26.98,35.71,20.63,51.98,False,False,33.73,True,51.24,45.04,0.343,4.44,17.92,-11.13,2.84,-5.37,5.14,8.36,166,174322898.59,53.31,-13.45,64.5038,-28.47,0.86,70.0,False,BELOW_SMA50|NOT_NEAR_UNBROKEN_PIVOT,751
IRTC,2026-09-29,114.22,62.48,COMPRESSED,INSIDE_COIL,NONE,16.67,16.67,65.87,46.83,False,False,4.37,False,117.03,107.915,2.05,3.96,15.71,-3.97,-9.37,-3.34,1.72,2.69,227,63303730.0,125.86,-9.25,136.695,-16.44,-6.49,50.0,False,BELOW_SMA50|NOT_NEAR_UNBROKEN_PIVOT|WEAK_RS,751
CLBT,2026-09-29,10.93,62.4,COMPRESSED,INSIDE_COIL,NONE,25.79,49.21,10.32,28.57,False,False,41.67,False,11.88,10.48,0.659,4.59,13.82,-8.92,-34.2,-13.64,2.23,32.33,32,32121730.04,12.13,-9.89,17.05,-35.89,-27.65,10.0,False,POST_GAP_COIL|BELOW_SMA50|NOT_NEAR_UNBROKEN_PIVOT|WEAK_RS,751
APG,2026-09-29,38.75,62.38,COMPRESSED,NEAR_UPPER_EDGE,NONE,36.11,44.84,50.0,28.97,False,True,13.89,True,38.765,36.5,0.654,2.87,12.88,-1.27,-9.53,-2.9,2.35,6.19,999,145314064.32,41.161,-5.86,49.99,-22.48,-11.02,38.0,False,NOT_NEAR_UNBROKEN_PIVOT|WEAK_RS,751
RS,2026-09-29,387.19,62.34,COMPRESSED,NEAR_LOWER_EDGE,NONE,43.25,62.3,5.95,16.27,False,False,19.44,False,404.32,381.79,1.486,2.63,7.11,0.82,2.85,-3.08,1.25,3.25,999,112335122.48,407.64,-5.02,432.62,-10.5,1.43,71.0,False,BELOW_SMA50|NOT_NEAR_UNBROKEN_PIVOT,751
OTF,2026-09-29,9.92,62.34,COMPRESSED,NEAR_LOWER_EDGE,NONE,4.76,3.17,72.62,78.57,True,False,31.75,False,10.573,9.7606,1.086,2.45,15.77,-11.65,-0.49,-4.54,1.97,1.97,999,21236827.94,11.3248,-12.4,11.5698,-14.26,-2.82,60.0,False,BELOW_SMA50|NOT_NEAR_UNBROKEN_PIVOT|WEAK_RS,326
LYFT,2026-09-29,15.07,62.3,COMPRESSED,INSIDE_COIL,NONE,35.71,0.79,65.08,60.71,True,False,21.83,False,15.965,14.445,0.978,3.76,23.46,-10.83,-2.08,-6.73,2.89,3.19,158,153164782.55,17.98,-16.18,17.97,-16.14,0.63,70.0,False,BELOW_SMA50|NOT_NEAR_UNBROKEN_PIVOT,751
IMTX,2026-09-30,8.78,62.3,COMPRESSED,INSIDE_COIL,NONE,4.76,9.13,59.13,60.32,False,False,26.98,False,9.04,8.06,2.317,4.62,18.94,-6.89,-14.42,-3.31,3.82,10.36,25,6433264.28,9.723,-9.7,11.94,-26.47,-13.38,32.0,False,POST_GAP_COIL|BELOW_SMA50|NOT_NEAR_UNBROKEN_PIVOT|WEAK_RS,752
SBRA,2026-09-29,19.78,62.26,COMPRESSED,NEAR_LOWER_EDGE,NONE,11.11,17.06,58.73,61.51,False,False,7.54,False,20.51,19.59,1.259,1.93,8.09,-2.99,1.77,-3.91,0.83,1.99,999,49924402.83,21.19,-6.65,22.431,-11.82,0.4,69.0,False,BELOW_SMA50|NOT_NEAR_UNBROKEN_PIVOT|WEAK_RS,751
COKE,2026-09-29,190.85,62.26,COMPRESSED,INSIDE_COIL,NONE,39.68,40.48,15.08,17.86,False,False,40.08,False,202.0,184.44,0.838,3.12,9.2,-2.41,1.72,0.34,0.95,2.0,999,106274087.37,202.0,-5.52,218.4236,-12.62,-2.41,61.0,False,NOT_NEAR_UNBROKEN_PIVOT|WEAK_RS,751
AU,2026-09-29,94.63,62.22,COMPRESSED,INSIDE_COIL,NONE,19.05,27.78,20.63,62.3,False,False,32.94,False,104.97,91.85,0.516,4.23,21.39,-15.75,13.3,-4.02,6.47,9.93,120,254600494.89,113.8,-16.85,123.39,-23.31,15.21,87.0,False,BELOW_SMA50|NOT_NEAR_UNBROKEN_PIVOT,751
LEN-B,2026-09-29,81.77,62.06,COMPRESSED,NEAR_UPPER_EDGE,NONE,60.32,39.68,23.02,18.65,True,False,36.9,False,82.26,74.44,1.027,3.02,11.75,-0.6,-4.25,-0.54,2.59,2.59,999,10710744.37,84.94,-3.73,94.0321,-13.04,-9.78,41.0,False,WEAK_RS,751
AMCR,2026-09-29,42.46,62.04,COMPRESSED,INSIDE_COIL,NONE,25.0,26.19,55.56,38.89,False,False,5.16,False,43.33,41.52,0.559,2.19,11.22,-6.15,-3.47,-4.85,1.63,2.33,999,142286992.44,46.285,-8.26,48.2468,-11.99,-3.16,59.0,False,BELOW_SMA50|NOT_NEAR_UNBROKEN_PIVOT|WEAK_RS,751
TK,2026-09-30,14.25,62.02,COMPRESSED,INSIDE_COIL,NONE,22.62,48.41,21.83,3.17,False,False,59.52,False,14.93,13.25,1.041,3.47,14.53,9.62,33.05,11.06,2.86,4.28,999,8121028.03,14.93,-4.55,13.7,4.01,40.41,96.0,False,EXTENDED_60D_RUN,752
KMT,2026-09-29,31.01,62.02,COMPRESSED,INSIDE_COIL,NONE,18.25,34.92,20.63,42.46,False,False,45.63,False,32.29,29.19,1.311,3.24,11.45,5.69,-8.8,-0.82,2.13,12.31,38,42495856.78,32.29,-3.96,43.2978,-28.38,-13.48,31.0,False,POST_GAP_COIL|WEAK_RS,751
PBR,2026-09-29,20.65,62.0,COMPRESSED,INSIDE_COIL,NONE,71.83,57.14,3.57,1.19,False,False,8.73,False,21.99,20.2,0.712,2.8,11.33,6.72,30.72,7.79,2.68,3.51,641,456596039.98,21.99,-6.09,21.4412,-3.69,29.02,94.0,False,EXTENDED_60D_RUN|NOT_NEAR_UNBROKEN_PIVOT,751
SKM,2026-09-29,35.91,61.99,COMPRESSED,NEAR_UPPER_EDGE,NONE,33.33,36.11,40.08,42.46,False,True,18.25,False,36.6,35.01,0.74,2.98,10.3,-6.46,13.39,-0.73,3.62,10.7,39,47273555.8,38.71,-7.23,47.18,-23.89,9.14,82.0,False,POST_GAP_COIL|NOT_NEAR_UNBROKEN_PIVOT,751
ADPT,2026-09-29,28.77,61.96,COMPRESSED,INSIDE_COIL,NONE,8.73,3.57,67.46,70.24,False,False,10.32,False,29.96,24.71,0.89,4.39,22.35,15.45,33.81,14.01,2.7,4.62,179,62019921.87,29.96,-3.97,26.87,7.07,31.61,94.0,False,RECENT_SURGE|EXTENDED_60D_RUN|EXTENDED_FROM_SMA50,751
BNTX,2026-09-29,98.57,61.96,COMPRESSED,INSIDE_COIL,NONE,38.49,63.49,25.0,9.52,False,False,21.43,True,102.23,95.315,0.73,3.53,10.29,-2.99,4.94,0.37,5.46,17.83,28,85940569.21,105.457,-6.53,120.33,-18.08,3.42,75.0,False,POST_GAP_COIL|NOT_NEAR_UNBROKEN_PIVOT,751
NSC,2026-09-29,313.0,61.94,COMPRESSED,NEAR_LOWER_EDGE,NONE,29.76,30.95,58.73,55.56,True,True,38.89,True,323.83,308.44,0.652,1.64,11.21,-8.69,-2.38,-5.83,0.84,3.64,999,349350189.0,350.0,-10.57,357.1864,-12.37,-2.63,61.0,False,BELOW_SMA50|NOT_NEAR_UNBROKEN_PIVOT|WEAK_RS,751
PGEN,2026-09-30,8.56,61.92,COMPRESSED,RANGE_EXIT_CONFIRMED,UP_EXPANSION_CONFIRMED,9.52,5.95,47.22,53.17,False,False,50.4,False,8.27,6.94,2.163,5.1,28.5,24.78,55.35,23.87,4.94,7.5,95,36326999.92,8.27,3.51,7.72,10.88,60.53,99.0,False,ALREADY_EXPANDING|RECENT_SURGE|EXTENDED_60D_RUN|EXTENDED_FROM_SMA50|NOT_NEAR_UNBROKEN_PIVOT,752
EBAY,2026-09-29,105.21,61.83,COMPRESSED,NEAR_LOWER_EDGE,NONE,22.62,60.32,28.57,27.38,False,True,31.75,False,113.63,105.72,0.929,3.17,13.1,1.59,-7.16,-2.07,1.61,2.42,228,559488550.25,113.63,-7.41,118.6195,-11.3,-8.08,46.0,False,NOT_NEAR_UNBROKEN_PIVOT|WEAK_RS,751
SSL,2026-09-29,13.85,61.82,COMPRESSED,INSIDE_COIL,NONE,55.95,30.95,60.71,18.25,True,False,19.44,True,15.18,13.3,0.632,3.38,24.04,15.22,40.18,10.92,6.6,6.6,73,29221819.65,15.18,-8.76,14.37,-3.62,38.52,96.0,False,RECENT_SURGE|EXTENDED_60D_RUN|NOT_NEAR_UNBROKEN_PIVOT,751
CPA,2026-09-29,133.05,61.78,COMPRESSED,INSIDE_COIL,NONE,36.9,39.68,20.63,19.44,False,False,52.38,True,141.35,124.87,0.525,2.95,12.62,5.22,-12.89,0.08,2.07,5.49,94,41009784.38,141.35,-5.87,158.3511,-15.98,-15.85,25.0,False,NOT_NEAR_UNBROKEN_PIVOT|WEAK_RS,751
XPRO,2026-09-30,15.77,61.72,COMPRESSED,NEAR_LOWER_EDGE,NONE,1.98,32.14,64.29,67.46,False,False,3.17,True,17.39,15.87,0.61,4.25,18.83,-10.5,9.9,-7.9,1.71,3.5,295,14152491.63,18.72,-15.76,19.23,-17.99,8.62,82.0,False,BELOW_SMA50|NOT_NEAR_UNBROKEN_PIVOT,752
TTE,2026-09-29,87.71,61.71,COMPRESSED,RANGE_EXIT_CONFIRMED,DOWN_EXPANSION_CONFIRMED,50.4,50.4,11.51,0.79,False,False,38.1,False,93.46,88.9,2.192,1.87,6.78,-0.68,14.94,-0.96,2.48,2.83,999,142596543.08,93.46,-6.15,94.17,-6.86,10.28,83.0,False,ALREADY_EXPANDING|NOT_NEAR_UNBROKEN_PIVOT,751
PLGO,2026-09-29,23.87,61.67,COMPRESSED,NEAR_LOWER_EDGE,NONE,19.05,16.27,55.16,47.22,False,False,21.03,False,24.94,23.44,0.886,2.1,9.58,-1.63,-2.51,-2.44,1.36,13.32,32,11272599.83,25.726,-7.21,26.1832,-8.83,-3.9,57.0,False,POST_GAP_COIL|NOT_NEAR_UNBROKEN_PIVOT|WEAK_RS,751
PEB-PE,2026-09-30,19.7,61.65,COMPRESSED,NEAR_UPPER_EDGE,NONE,37.7,14.68,26.59,51.98,False,False,31.75,False,19.7283,19.0917,3.298,1.17,3.63,1.16,1.32,0.81,1.62,1.97,999,158148.46,19.8066,-0.54,19.934,-1.17,0.62,69.0,False,LOW_LIQUIDITY|WEAK_RS,752
KBH,2026-09-29,47.42,61.65,COMPRESSED,NEAR_LOWER_EDGE,NONE,15.08,44.05,36.51,45.63,False,False,15.87,False,50.25,46.58,0.773,3.34,15.01,-11.03,-20.34,-11.11,3.2,3.2,193,86264446.04,54.46,-12.93,63.3602,-25.16,-26.43,11.0,False,BELOW_SMA50|NOT_NEAR_UNBROKEN_PIVOT|WEAK_RS,751
LEN,2026-09-29,83.01,61.64,COMPRESSED,NEAR_UPPER_EDGE,NONE,63.49,26.59,20.63,17.46,False,False,37.3,True,84.08,75.7,0.947,3.13,12.83,-1.31,-4.73,-0.91,3.74,3.74,999,399399633.54,86.35,-3.87,96.846,-14.29,-10.24,40.0,False,WEAK_RS,751
FFIN,2026-09-29,31.73,61.63,COMPRESSED,NEAR_LOWER_EDGE,NONE,19.44,13.89,26.98,55.56,False,False,53.17,False,33.72,31.67,1.25,1.89,6.87,-3.88,-8.08,-5.79,1.62,1.62,999,26056364.33,33.72,-5.9,36.2777,-12.54,-10.2,40.0,False,BELOW_SMA50|NOT_NEAR_UNBROKEN_PIVOT|WEAK_RS,751
TGB,2026-09-29,8.88,61.59,COMPRESSED,INSIDE_COIL,NONE,41.67,36.11,16.67,28.17,False,False,35.32,False,9.38,7.78,0.667,5.37,20.61,-1.77,27.4,6.49,6.27,6.27,999,44913739.22,9.38,-5.33,9.82,-9.57,26.55,93.0,False,NOT_NEAR_UNBROKEN_PIVOT,751
NN,2026-09-29,13.89,61.59,COMPRESSED,INSIDE_COIL,NONE,31.35,51.19,10.71,34.92,False,False,30.16,False,15.885,13.563,1.416,6.81,16.77,-12.48,-19.24,-9.35,2.39,3.17,81,35298019.89,15.97,-13.02,24.42,-43.12,-24.61,14.0,False,BELOW_SMA50|NOT_NEAR_UNBROKEN_PIVOT|WEAK_RS,751
CNC,2026-09-29,62.21,61.57,COMPRESSED,NEAR_LOWER_EDGE,NONE,18.25,28.17,31.75,63.1,True,False,55.56,False,69.41,61.25,0.639,3.47,13.47,-3.31,-5.81,-4.19,2.25,7.13,229,309244055.04,69.63,-10.66,69.36,-10.31,-5.6,53.0,False,BELOW_SMA50|NOT_NEAR_UNBROKEN_PIVOT|WEAK_RS,751
FTRE,2026-09-30,19.95,61.55,COMPRESSED,INSIDE_COIL,NONE,32.54,7.14,63.89,50.79,False,False,0.79,False,21.11,19.25,0.521,5.07,25.25,12.58,14.13,6.21,2.56,5.47,102,27886133.12,21.11,-5.5,21.39,-6.73,10.97,84.0,False,NOT_NEAR_UNBROKEN_PIVOT,752
HL,2026-09-29,17.15,61.54,COMPRESSED,NEAR_LOWER_EDGE,NONE,20.63,26.19,39.68,67.06,False,False,20.63,True,19.29,16.95,0.524,5.65,28.69,-13.69,4.21,-5.52,5.72,7.02,166,688510153.17,21.62,-20.68,21.69,-20.93,8.65,82.0,False,BELOW_SMA50|NOT_NEAR_UNBROKEN_PIVOT,751
URI,2026-09-29,1014.54,61.53,COMPRESSED,INSIDE_COIL,NONE,31.75,53.97,12.3,28.97,False,False,30.16,False,1056.99,981.29,2.811,3.12,8.81,-2.26,-7.58,-4.8,2.56,5.89,109,470024983.64,1056.99,-4.02,1177.1487,-13.81,-12.81,33.0,False,BELOW_SMA50|WEAK_RS,751
GTES,2026-09-29,26.64,61.49,COMPRESSED,NEAR_UPPER_EDGE,NONE,16.27,29.37,28.17,52.78,False,False,38.89,False,26.98,24.815,0.969,3.12,10.9,4.14,-1.88,0.01,3.92,4.77,229,47995394.93,26.98,-1.26,30.34,-12.2,-7.27,48.0,False,WEAK_RS,751
ABCB,2026-09-29,80.26,61.49,COMPRESSED,RANGE_EXIT_CONFIRMED,DOWN_EXPANSION_CONFIRMED,7.94,7.94,42.46,74.21,False,False,38.1,False,85.2775,81.058,1.628,1.76,7.95,-4.5,-11.42,-6.46,1.0,2.38,999,40588332.34,86.4047,-7.11,92.9883,-13.69,-13.37,32.0,False,ALREADY_EXPANDING|BELOW_SMA50|NOT_NEAR_UNBROKEN_PIVOT|WEAK_RS,751
RAL,2026-09-29,69.98,61.47,COMPRESSED,NEAR_UPPER_EDGE,NONE,25.0,12.7,65.08,67.86,False,True,18.65,True,71.16,64.59,0.887,3.09,15.67,13.45,1.12,4.45,3.05,4.39,96,98888003.77,71.16,-1.66,75.3506,-7.13,-7.4,48.0,False,WEAK_RS,318
BBAR,2026-09-29,12.54,61.44,COMPRESSED,NEAR_LOWER_EDGE,NONE,0.4,9.52,40.48,82.14,False,False,54.37,True,14.86,12.43,0.556,4.86,27.59,-17.17,-39.35,-20.88,2.11,2.93,231,7899678.77,15.89,-21.08,22.2908,-43.74,-38.05,3.0,False,BELOW_SMA50|NOT_NEAR_UNBROKEN_PIVOT|WEAK_RS,751
STX,2026-09-29,913.45,61.43,COMPRESSED,INSIDE_COIL,NONE,10.32,31.75,32.94,56.75,False,False,33.73,False,936.1896,757.7426,1.056,5.46,20.44,10.36,5.29,6.96,6.27,14.98,42,3207344559.58,936.1896,-2.43,1143.2677,-20.1,-7.78,47.0,False,POST_GAP_COIL|WEAK_RS,751
APPS,2026-09-30,11.1,61.41,COMPRESSED,INSIDE_COIL,NONE,57.94,50.0,19.84,2.78,False,False,17.46,False,12.3,10.38,1.346,7.67,22.97,11.0,6.83,1.07,2.25,25.66,39,32672463.62,12.3,-9.76,15.34,-27.64,-19.12,20.0,False,POST_GAP_COIL|NOT_NEAR_UNBROKEN_PIVOT|WEAK_RS,752
ARGX,2026-09-29,970.66,61.37,COMPRESSED,INSIDE_COIL,NONE,18.25,22.62,47.22,53.17,False,False,20.24,False,1003.83,934.185,0.809,2.48,14.28,-5.91,5.87,1.8,2.66,8.93,292,243403589.0,1072.75,-9.52,1061.5699,-8.56,2.11,72.0,False,NOT_NEAR_UNBROKEN_PIVOT,751
GXO,2026-09-29,44.76,61.27,COMPRESSED,INSIDE_COIL,NONE,19.44,38.89,21.03,47.62,False,False,38.1,False,47.37,43.61,1.13,3.29,10.92,-6.22,-12.51,-6.49,2.54,2.55,407,63518872.56,48.5,-7.71,60.21,-25.66,-14.23,29.0,False,BELOW_SMA50|NOT_NEAR_UNBROKEN_PIVOT|WEAK_RS,751
ICE,2026-09-29,152.19,61.25,COMPRESSED,NEAR_LOWER_EDGE,NONE,64.68,49.21,14.68,11.9,False,False,8.33,False,158.08,151.42,0.956,2.3,8.34,-4.98,13.18,-1.38,1.55,1.67,999,479450148.1,164.1143,-7.27,167.0222,-8.88,21.52,91.0,False,NOT_NEAR_UNBROKEN_PIVOT,751
M,2026-09-29,23.27,61.23,COMPRESSED,NEAR_UPPER_EDGE,NONE,64.29,29.37,23.41,26.59,False,False,9.13,False,23.22,21.54,0.841,3.52,16.45,6.87,-0.89,0.69,5.86,5.86,269,153513352.68,23.22,0.22,26.3639,-11.74,-2.86,60.0,False,WEAK_RS,751
FLEX,2026-09-29,113.83,61.19,COMPRESSED,INSIDE_COIL,NONE,28.57,44.05,17.86,32.94,False,False,38.49,False,120.76,105.85,0.839,4.76,16.26,4.19,-17.9,-0.98,6.11,11.71,43,365932165.17,120.76,-5.74,166.86,-31.78,-32.28,6.0,False,POST_GAP_COIL|NOT_NEAR_UNBROKEN_PIVOT|WEAK_RS,751
BVS,2026-09-30,13.63,61.17,COMPRESSED,INSIDE_COIL,NONE,32.94,0.79,50.0,32.54,False,False,48.02,False,14.15,12.34,1.0,3.66,15.85,-0.29,18.62,0.29,1.74,5.44,391,6652073.35,14.5,-6.0,15.893,-14.24,35.86,95.0,False,NOT_NEAR_UNBROKEN_PIVOT,752
UHS,2026-09-29,175.73,61.17,COMPRESSED,INSIDE_COIL,NONE,38.1,61.11,23.41,24.6,False,False,17.46,True,186.06,169.04,0.472,3.19,11.17,3.29,11.32,2.77,1.19,6.13,999,139158244.5,186.06,-5.55,188.9668,-7.0,15.81,88.0,False,NOT_NEAR_UNBROKEN_PIVOT,751
RTX,2026-09-29,186.94,61.17,COMPRESSED,NEAR_LOWER_EDGE,NONE,2.78,28.57,42.86,65.87,False,False,27.38,False,197.67,186.81,0.654,2.09,13.26,-10.01,-6.86,-9.74,0.84,5.19,999,766307892.53,211.31,-11.53,226.41,-17.43,-3.66,57.0,False,BELOW_SMA50|NOT_NEAR_UNBROKEN_PIVOT|WEAK_RS,751
PBR-A,2026-09-29,18.79,61.13,COMPRESSED,INSIDE_COIL,NONE,69.84,60.32,3.17,0.4,False,False,14.29,False,19.7,18.39,0.836,2.58,10.7,7.99,32.08,9.31,2.9,3.25,641,139157900.87,19.7,-4.62,19.2507,-2.39,30.02,94.0,False,EXTENDED_60D_RUN,751
STUB,2026-09-29,5.31,61.13,COMPRESSED,NEAR_LOWER_EDGE,NONE,8.33,14.98,32.78,63.1,False,False,54.58,False,6.435,5.23,0.818,5.98,30.79,-16.77,-61.21,-25.35,7.74,17.45,32,40534795.61,6.85,-22.48,14.02,-62.13,-61.26,0.0,False,POST_GAP_COIL|BELOW_SMA50|NOT_NEAR_UNBROKEN_PIVOT|WEAK_RS,260
APH,2026-09-29,84.34,61.11,COMPRESSED,NEAR_UPPER_EDGE,NONE,39.29,29.37,19.84,36.51,False,False,38.1,False,85.71,76.6212,0.787,3.33,11.38,6.55,1.28,4.6,3.24,6.25,168,997491109.09,85.71,-1.6,89.1218,-5.37,-6.7,50.0,False,WEAK_RS,751
TRMK,2026-09-29,45.24,61.07,COMPRESSED,RANGE_EXIT_CONFIRMED,DOWN_EXPANSION_CONFIRMED,61.51,12.7,34.13,35.71,True,False,46.03,False,47.93,45.57,1.589,1.89,6.83,-0.94,-2.28,-2.98,0.92,1.06,999,19635009.25,47.98,-5.71,48.7332,-7.17,-3.65,57.0,False,ALREADY_EXPANDING|NOT_NEAR_UNBROKEN_PIVOT|WEAK_RS,751
DEC,2026-09-30,13.37,61.05,COMPRESSED,NEAR_LOWER_EDGE,NONE,7.14,10.32,77.78,72.62,False,False,6.75,True,14.85,13.27,0.743,2.97,19.6,-12.96,-2.07,-4.76,1.92,3.21,674,13024993.17,15.89,-15.86,16.8815,-20.8,-2.06,62.0,False,BELOW_SMA50|NOT_NEAR_UNBROKEN_PIVOT|WEAK_RS,710
HCI,2026-09-29,176.49,61.01,COMPRESSED,NEAR_LOWER_EDGE,NONE,6.75,1.98,42.46,75.4,False,False,49.6,False,189.31,173.38,0.787,2.35,11.28,-4.97,-2.66,-3.39,2.37,4.48,641,30810034.32,193.28,-8.69,198.5427,-11.11,-1.59,63.0,False,BELOW_SMA50|NOT_NEAR_UNBROKEN_PIVOT|WEAK_RS,751
NVAX,2026-09-30,10.81,60.99,COMPRESSED,INSIDE_COIL,NONE,19.84,37.3,38.49,45.63,False,False,20.24,False,11.11,9.16,1.167,5.36,18.5,6.82,14.27,20.26,2.89,6.31,343,55051351.83,11.11,-2.7,11.61,-6.89,11.75,84.0,False,EXTENDED_FROM_SMA50,752
IOT,2026-09-29,37.97,60.94,COMPRESSED,INSIDE_COIL,NONE,57.14,49.21,26.59,18.25,True,True,51.59,False,43.18,36.4,0.657,5.43,22.97,-7.05,1.23,-1.95,15.87,15.87,16,309563153.86,45.12,-15.85,42.68,-11.04,14.57,87.0,False,POST_GAP_COIL|NOT_NEAR_UNBROKEN_PIVOT,751
SBGI,2026-09-30,12.69,60.93,COMPRESSED,NEAR_LOWER_EDGE,NONE,9.92,11.9,52.38,76.98,True,False,51.19,False,14.21,12.58,0.848,3.36,15.29,-8.44,-12.62,-7.37,1.53,4.31,285,6285874.08,14.52,-12.6,16.6438,-23.76,-16.93,23.0,False,BELOW_SMA50|NOT_NEAR_UNBROKEN_PIVOT|WEAK_RS,752
BIRK,2026-09-29,33.04,60.93,COMPRESSED,INSIDE_COIL,NONE,27.38,25.4,47.62,20.24,False,False,39.68,False,33.855,29.93,1.296,3.81,15.92,-5.36,-28.42,-7.68,3.29,17.23,32,70982924.03,35.995,-8.21,50.73,-34.87,-25.73,12.0,False,POST_GAP_COIL|BELOW_SMA50|NOT_NEAR_UNBROKEN_PIVOT|WEAK_RS,744
MRTN,2026-09-30,12.92,60.93,COMPRESSED,INSIDE_COIL,NONE,0.4,13.49,47.22,69.05,False,False,43.25,False,13.83,12.66,1.115,2.63,13.53,-6.38,-24.73,-10.22,1.29,2.92,999,10510643.53,14.4077,-10.33,18.3383,-29.55,-28.16,10.0,False,BELOW_SMA50|NOT_NEAR_UNBROKEN_PIVOT|WEAK_RS,752
OBDC,2026-09-29,10.5,60.91,COMPRESSED,NEAR_LOWER_EDGE,NONE,5.16,7.54,33.33,71.43,False,False,61.11,False,11.1411,10.3446,1.412,1.86,8.29,-6.24,-0.83,-3.26,0.99,1.82,999,31383186.52,11.2965,-7.05,11.611,-9.57,-2.89,60.0,False,BELOW_SMA50|NOT_NEAR_UNBROKEN_PIVOT|WEAK_RS,751
AXTA,2026-09-29,32.64,60.91,COMPRESSED,INSIDE_COIL,NONE,32.14,15.08,63.89,53.57,False,False,5.56,True,33.65,31.84,0.493,2.56,14.06,-10.38,-6.77,-6.85,3.33,4.65,120,66667093.26,37.31,-12.52,38.61,-15.46,-7.13,48.0,False,BELOW_SMA50|NOT_NEAR_UNBROKEN_PIVOT|WEAK_RS,751
CLF,2026-09-29,11.01,60.87,COMPRESSED,NEAR_LOWER_EDGE,NONE,45.24,48.41,13.49,7.54,False,False,57.14,True,13.11,11.0,0.5,5.43,19.26,-4.68,12.69,-6.88,3.61,12.91,47,168091476.79,13.11,-16.02,15.06,-26.89,14.74,87.0,False,POST_GAP_COIL|BELOW_SMA50|NOT_NEAR_UNBROKEN_PIVOT,751
OPEN,2026-09-29,2.37,60.87,COMPRESSED,NEAR_LOWER_EDGE,NONE,5.56,6.35,64.29,83.33,False,False,22.62,True,2.81,2.425,0.762,6.71,37.97,-25.94,-53.44,-28.23,4.5,6.88,152,84507108.39,3.27,-27.52,6.0,-60.5,-51.22,1.0,False,BELOW_SMA50|NOT_NEAR_UNBROKEN_PIVOT|LOW_LIQUIDITY|WEAK_RS,751
IEP,2026-09-29,6.86,60.75,COMPRESSED,NEAR_LOWER_EDGE,NONE,39.29,37.3,32.94,10.71,False,False,51.59,True,7.26,6.86,0.667,2.0,7.58,0.88,1.32,-1.64,0.87,2.2,471,5153589.81,7.26,-5.51,7.4433,-7.84,-0.5,66.0,False,NOT_NEAR_UNBROKEN_PIVOT|WEAK_RS,751
CPNG,2026-09-29,13.85,60.75,COMPRESSED,INSIDE_COIL,NONE,9.13,23.81,48.02,64.29,False,False,36.11,True,15.2,13.405,0.557,3.38,20.18,-13.76,-27.68,-10.94,1.87,2.68,100,232968289.11,16.475,-15.93,22.24,-37.72,-22.78,15.0,False,BELOW_SMA50|NOT_NEAR_UNBROKEN_PIVOT|WEAK_RS,751
PH,2026-09-29,970.37,60.73,COMPRESSED,NEAR_UPPER_EDGE,NONE,25.4,31.35,25.0,36.9,False,False,49.21,False,983.92,911.41,0.898,2.19,7.47,-0.93,0.1,-1.73,2.15,7.93,999,563653917.06,990.16,-2.0,1097.7291,-11.6,-3.11,59.0,False,WEAK_RS,751
GBX,2026-09-30,40.07,60.71,COMPRESSED,RANGE_EXIT_CONFIRMED,DOWN_EXPANSION_CONFIRMED,16.67,43.25,15.08,35.71,False,False,59.52,False,44.2,40.8,1.34,2.78,10.41,-4.6,-11.85,-11.94,2.5,4.64,313,17719902.94,44.2,-9.34,53.2165,-24.7,-18.23,21.0,False,ALREADY_EXPANDING|BELOW_SMA50|NOT_NEAR_UNBROKEN_PIVOT|WEAK_RS,752
VNO,2026-09-29,33.89,60.67,COMPRESSED,NEAR_LOWER_EDGE,NONE,16.27,49.6,31.35,40.08,False,False,25.79,False,36.42,33.83,0.798,3.06,10.45,-9.34,-16.73,-9.71,2.22,2.22,999,48853524.24,37.96,-10.72,41.6,-18.53,-16.28,24.0,False,BELOW_SMA50|NOT_NEAR_UNBROKEN_PIVOT|WEAK_RS,751
FER,2026-09-29,54.57,60.67,COMPRESSED,NEAR_LOWER_EDGE,NONE,32.54,47.22,44.84,19.05,False,False,10.32,False,56.465,54.07,2.59,1.89,8.75,-6.8,-20.01,-9.91,2.85,3.89,362,84456734.26,58.86,-7.29,71.7669,-23.96,-22.98,15.0,False,BELOW_SMA50|NOT_NEAR_UNBROKEN_PIVOT|WEAK_RS,751
SKYW,2026-09-29,98.9,60.63,COMPRESSED,INSIDE_COIL,NONE,23.02,26.59,31.75,53.97,False,False,33.33,False,103.91,94.99,1.102,2.98,10.92,4.48,0.15,-3.22,2.67,3.95,999,34521423.05,103.91,-4.82,117.72,-15.99,-2.95,60.0,False,BELOW_SMA50|WEAK_RS,751
EPR,2026-09-29,56.88,60.61,COMPRESSED,NEAR_LOWER_EDGE,NONE,15.87,23.41,50.4,57.54,False,False,32.14,True,58.8791,55.7959,0.857,1.85,8.31,-2.59,-2.43,-4.53,0.8,1.17,999,52921853.11,60.5202,-6.01,63.9701,-11.08,-2.93,60.0,False,BELOW_SMA50|NOT_NEAR_UNBROKEN_PIVOT|WEAK_RS,751
BSTZ,2026-09-30,29.42,60.6,COMPRESSED,INSIDE_COIL,NONE,44.84,44.05,24.21,18.65,False,False,26.59,False,30.1,27.86,1.468,2.25,8.19,0.07,10.19,2.75,2.0,2.49,999,4859484.12,30.1,-2.26,30.196,-2.57,0.86,70.0,False,LOW_LIQUIDITY,752
MGA,2026-09-29,64.56,60.58,COMPRESSED,NEAR_UPPER_EDGE,NONE,58.73,43.25,25.79,19.84,False,False,5.95,False,65.63,61.72,0.617,2.8,11.63,-1.54,-1.0,-3.6,2.4,2.4,999,72080609.67,69.23,-6.75,73.22,-11.83,-3.49,58.0,False,BELOW_SMA50|NOT_NEAR_UNBROKEN_PIVOT|WEAK_RS,751
LFUS,2026-09-29,428.76,60.58,COMPRESSED,NEAR_UPPER_EDGE,NONE,41.67,29.76,23.02,34.52,False,False,35.71,False,432.14,390.91,0.946,3.32,10.38,4.02,1.79,1.12,4.29,6.89,999,79071588.04,433.77,-1.15,499.6047,-14.18,-8.17,46.0,False,WEAK_RS,751
XYZ,2026-09-29,74.05,60.55,COMPRESSED,NEAR_LOWER_EDGE,NONE,33.73,11.51,51.59,68.65,False,False,11.9,True,80.27,73.23,0.589,3.3,15.79,-9.72,-6.17,-7.34,2.15,2.85,147,311127039.45,84.56,-12.43,86.92,-14.81,-5.08,54.0,False,BELOW_SMA50|NOT_NEAR_UNBROKEN_PIVOT|WEAK_RS,751
LCID,2026-09-29,4.07,60.5,COMPRESSED,INSIDE_COIL,NONE,23.02,56.75,28.17,32.54,False,False,20.24,False,4.545,3.87,1.0,7.68,27.15,-16.08,-38.89,-26.86,4.08,10.67,38,48191984.76,5.025,-19.0,10.09,-59.66,-41.68,2.0,False,POST_GAP_COIL|BELOW_SMA50|NOT_NEAR_UNBROKEN_PIVOT|LOW_LIQUIDITY|WEAK_RS,751
COHR,2026-09-29,292.21,60.48,COMPRESSED,INSIDE_COIL,NONE,47.22,42.06,25.0,21.83,False,False,22.62,False,332.86,269.34,1.472,6.98,26.56,5.18,-12.96,-1.61,7.08,13.09,39,1864324284.19,332.86,-12.21,440.0,-33.59,-28.44,9.0,False,POST_GAP_COIL|NOT_NEAR_UNBROKEN_PIVOT|WEAK_RS,751
IMAX,2026-09-29,56.33,60.47,COMPRESSED,INSIDE_COIL,NONE,12.3,18.65,35.32,65.08,False,False,56.75,True,57.73,51.12,0.671,3.25,12.8,10.02,50.9,10.45,1.84,6.23,88,51011625.74,57.73,-2.43,55.57,1.37,38.8,96.0,False,EXTENDED_60D_RUN,751
UCB,2026-09-29,33.6,60.46,COMPRESSED,NEAR_LOWER_EDGE,NONE,25.0,16.27,35.32,57.14,False,False,37.7,False,35.69,33.41,1.117,1.93,6.79,-2.85,-5.05,-4.16,1.22,2.04,999,29231902.97,35.69,-5.86,36.9068,-8.96,-6.05,51.0,False,BELOW_SMA50|NOT_NEAR_UNBROKEN_PIVOT|WEAK_RS,751
BEAM,2026-09-29,24.52,60.46,COMPRESSED,INSIDE_COIL,NONE,13.89,20.63,68.25,34.92,False,False,25.0,False,26.5,22.67,0.615,5.96,30.62,-16.68,-30.58,-8.18,9.78,9.78,474,50084615.5,30.178,-18.75,38.26,-35.91,-31.07,8.0,False,BELOW_SMA50|NOT_NEAR_UNBROKEN_PIVOT|WEAK_RS,751
RLX,2026-09-29,1.7,60.4,COMPRESSED,INSIDE_COIL,NONE,23.02,25.79,46.03,60.71,False,True,30.16,False,1.77,1.645,0.75,2.98,12.06,-7.1,-13.27,-8.43,2.98,7.5,500,8677539.62,1.85,-8.11,2.3,-26.09,-13.04,32.0,False,BELOW_SMA50|NOT_NEAR_UNBROKEN_PIVOT|LOW_LIQUIDITY|WEAK_RS,751
NPO,2026-09-29,307.72,60.4,COMPRESSED,INSIDE_COIL,NONE,8.73,30.16,29.37,57.54,False,False,48.81,False,316.38,280.32,0.782,3.38,11.72,4.0,-9.74,-1.61,2.09,3.58,999,47392030.71,316.38,-2.74,389.9861,-21.09,-20.79,18.0,False,WEAK_RS,751
QXO,2026-09-29,11.62,60.4,COMPRESSED,INSIDE_COIL,NONE,29.37,46.03,39.29,17.86,False,False,26.59,False,12.84,11.14,1.255,5.17,21.94,-12.5,-26.5,-13.73,4.44,4.44,543,229668788.32,13.69,-15.12,25.44,-54.32,-35.27,5.0,False,BELOW_SMA50|NOT_NEAR_UNBROKEN_PIVOT|WEAK_RS,751
APLE,2026-09-29,16.19,60.38,COMPRESSED,NEAR_UPPER_EDGE,NONE,11.11,7.14,33.73,67.86,False,False,60.32,False,16.3492,15.1253,0.933,1.92,7.87,2.01,-0.92,1.27,1.82,2.9,999,40815422.13,16.3691,-1.09,17.1119,-5.39,-4.79,55.0,False,WEAK_RS,751
CNOB,2026-09-30,30.05,60.36,COMPRESSED,NEAR_LOWER_EDGE,NONE,15.08,9.52,40.87,71.83,False,False,38.49,False,31.96,30.05,0.965,1.94,8.49,-2.56,-6.13,-6.17,1.27,7.03,733,12058103.79,32.39,-7.22,33.9404,-11.46,-12.18,35.0,False,BELOW_SMA50|NOT_NEAR_UNBROKEN_PIVOT|WEAK_RS,752
CNR,2026-09-29,86.5,60.34,COMPRESSED,NEAR_LOWER_EDGE,NONE,4.76,11.9,53.97,75.0,False,False,28.57,False,97.51,87.62,0.936,3.54,21.58,-15.44,7.12,-5.95,1.58,5.71,999,47400435.01,104.87,-17.52,111.2011,-22.21,5.69,78.0,False,BELOW_SMA50|NOT_NEAR_UNBROKEN_PIVOT,751
SVM,2026-09-29,10.83,60.33,COMPRESSED,NEAR_LOWER_EDGE,NONE,41.67,36.51,23.02,47.22,False,False,28.97,True,12.41,10.63,0.472,5.53,25.44,-12.94,8.73,-5.89,5.1,7.41,166,22320402.75,13.3,-18.57,15.7534,-31.25,4.71,76.0,False,BELOW_SMA50|NOT_NEAR_UNBROKEN_PIVOT,751
KEP,2026-09-29,11.1,60.3,COMPRESSED,INSIDE_COIL,NONE,23.02,12.3,58.73,65.48,False,False,7.14,False,11.53,10.78,1.0,2.66,17.12,-4.31,-12.87,-5.26,5.61,5.61,145,11091968.22,12.68,-12.46,16.19,-31.44,-10.78,38.0,False,BELOW_SMA50|NOT_NEAR_UNBROKEN_PIVOT|WEAK_RS,751
GLW,2026-09-29,158.71,60.26,COMPRESSED,NEAR_UPPER_EDGE,NONE,57.14,43.65,39.68,5.56,False,True,25.4,False,160.71,142.35,1.45,5.16,20.19,6.71,-18.37,3.96,9.47,15.07,44,1324523525.74,171.3,-7.35,271.2692,-41.49,-40.26,3.0,False,POST_GAP_COIL|NOT_NEAR_UNBROKEN_PIVOT|WEAK_RS,751
ASR,2026-09-29,240.96,60.16,COMPRESSED,INSIDE_COIL,NONE,26.98,26.59,37.3,54.37,False,False,23.41,False,255.0,235.79,1.21,2.44,10.6,-6.06,-21.99,-7.43,1.52,2.19,747,14488323.85,261.34,-7.8,356.956,-32.5,-23.95,14.0,False,BELOW_SMA50|NOT_NEAR_UNBROKEN_PIVOT|WEAK_RS,751
PURR,2026-09-30,12.27,60.15,COMPRESSED,INSIDE_COIL,NONE,42.78,31.44,30.85,39.41,False,False,32.83,True,14.76,10.83,0.679,8.7,34.35,8.06,50.0,24.43,7.72,8.68,73,309364251.83,14.76,-16.87,14.14,-13.22,46.94,97.0,False,EXTENDED_60D_RUN|EXTENDED_FROM_SMA50|NOT_NEAR_UNBROKEN_PIVOT,207
LUV,2026-09-29,42.08,60.12,COMPRESSED,INSIDE_COIL,NONE,10.32,24.6,40.08,56.35,False,False,42.86,False,43.2,38.16,1.083,3.18,13.77,9.73,-16.79,-0.74,2.67,4.53,120,245121643.11,43.2,-2.59,52.8823,-20.43,-20.3,18.0,False,WEAK_RS,751
CW,2026-09-29,533.85,60.1,COMPRESSED,NEAR_LOWER_EDGE,NONE,0.4,21.43,32.14,69.84,False,False,57.54,False,584.6905,529.26,1.161,3.07,10.38,-8.31,-32.63,-16.18,1.57,2.76,999,240710869.23,593.1065,-9.99,807.7739,-33.91,-32.03,7.0,False,BELOW_SMA50|NOT_NEAR_UNBROKEN_PIVOT|WEAK_RS,751
CMPS,2026-09-30,12.44,60.08,COMPRESSED,NEAR_LOWER_EDGE,NONE,33.33,32.14,24.6,51.98,True,False,60.71,False,15.55,12.82,1.09,6.27,27.73,-6.04,-4.23,-6.87,2.04,8.9,93,40933809.94,15.87,-21.61,15.4,-19.22,-8.91,44.0,False,BELOW_SMA50|NOT_NEAR_UNBROKEN_PIVOT|WEAK_RS,752
LIVN,2026-09-29,76.99,60.08,COMPRESSED,INSIDE_COIL,NONE,13.49,26.98,37.3,62.3,False,False,46.83,True,80.63,74.11,0.466,2.85,12.22,-3.53,-8.38,-3.07,1.33,6.38,350,51100682.35,83.52,-7.82,85.76,-10.23,-8.89,44.0,False,BELOW_SMA50|NOT_NEAR_UNBROKEN_PIVOT|WEAK_RS,751
