symbol,as_of,close,score,state,edge_context,expansion_signal,hv20_pctile,atr14_pctile,bb_width_pctile,sma_spread_pctile,tr_contraction,volume_contraction,coil_width_pctile,nr7,prior_10d_high,prior_10d_low,latest_tr_vs_prev5_median,atr14_current_pct,range_20d_pct,return_20d_pct,return_60d_pct,sma50_distance_pct,max_abs_gap_20d_pct,max_abs_gap_60d_pct,days_since_10pct_gap,avg_dollar_volume_20d,prebreakout_pivot,distance_to_pivot_pct,prior_structure_high,distance_above_prior_structure_pct,rs_63d_vs_spy_pct,rs_percentile,prebreakout_eligible,rejection_reasons,bars,tradingview_symbol,tradingview_url
ARX,2026-10-07,19.75,99.5,COILED,NEAR_UPPER_EDGE,NONE,0.79,0.4,0.4,0.79,True,True,0.4,True,19.8,19.69,0.667,0.69,1.97,-0.45,55.88,9.25,0.45,44.09,38,40540565.43,19.9,-0.75,19.9,-0.75,51.62,99.0,False,POST_GAP_COIL|EXTENDED_60D_RUN,304,NYSE:ARX,https://www.tradingview.com/chart/?symbol=NYSE%3AARX
TWO-PB,2026-09-29,25.32,98.85,COILED,NEAR_UPPER_EDGE,NONE,0.4,0.4,0.79,5.16,True,True,0.4,True,25.32,25.26,0.0,0.09,0.47,0.52,1.77,0.67,0.12,0.56,999,777748.68,25.32,0.0,25.22,0.4,3.69,78.0,False,EVENT_PRICE_PEG|LOW_LIQUIDITY,746,NYSE:TWO.PB,https://www.tradingview.com/chart/?symbol=NYSE%3ATWO.PB
TWO-PC,2026-09-29,25.39,98.47,COILED,NEAR_UPPER_EDGE,NONE,0.4,0.4,1.19,7.14,True,True,0.4,True,25.39,25.33,0.0,0.08,0.51,0.55,1.86,0.73,0.06,0.51,999,1402983.32,25.39,0.0,25.27,0.47,0.42,72.0,False,EVENT_PRICE_PEG|LOW_LIQUIDITY,746,NYSE:TWO.PC,https://www.tradingview.com/chart/?symbol=NYSE%3ATWO.PC
TWO-PA,2026-09-29,25.3309,98.33,COILED,NEAR_UPPER_EDGE,NONE,0.4,0.4,0.4,8.73,True,True,0.79,True,25.337,25.29,0.0,0.08,0.46,0.44,1.72,0.64,0.04,0.82,999,277655.29,25.337,-0.02,25.23,0.4,2.32,76.0,False,EVENT_PRICE_PEG|LOW_LIQUIDITY,746,NYSE:TWO.PA,https://www.tradingview.com/chart/?symbol=NYSE%3ATWO.PA
ITGR,2026-10-07,126.59,96.61,COILED,NEAR_UPPER_EDGE,NONE,0.4,0.4,0.79,4.37,True,True,2.78,False,126.65,126.16,1.333,0.29,0.62,0.58,35.67,1.57,0.24,3.21,159,89217993.7,126.65,-0.05,126.8,-0.17,34.02,96.0,False,EXTENDED_60D_RUN|EVENT_PRICE_PEG,752,NYSE:ITGR,https://www.tradingview.com/chart/?symbol=NYSE%3AITGR
ALOY,2026-10-07,7.93,95.7,COILED,NEAR_LOWER_EDGE,NONE,0.79,1.59,0.79,9.92,True,True,1.19,False,8.9,7.83,1.161,7.49,21.31,-16.88,-26.37,-21.19,6.54,6.54,148,16730441.08,10.34,-23.31,20.59,-61.49,-42.56,2.0,False,BELOW_SMA50|NOT_NEAR_UNBROKEN_PIVOT|WEAK_RS,752,NASDAQ:ALOY,https://www.tradingview.com/chart/?symbol=NASDAQ%3AALOY
DV,2026-10-07,13.5,94.03,COILED,NEAR_UPPER_EDGE,NONE,8.73,0.4,2.38,4.37,True,True,6.75,False,13.5,13.36,0.6,0.53,2.37,1.28,16.38,2.85,1.79,12.98,42,48733189.94,13.65,-1.1,13.41,0.67,11.44,87.0,False,POST_GAP_COIL,752,NYSE:DV,https://www.tradingview.com/chart/?symbol=NYSE%3ADV
PAYO,2026-10-07,7.16,93.9,COILED,NEAR_UPPER_EDGE,NONE,1.59,0.4,2.78,12.3,True,False,1.98,True,7.19,7.13,0.5,0.39,1.4,0.7,0.85,0.45,0.28,0.56,294,21787120.31,7.19,-0.42,7.18,-0.28,-2.66,65.0,False,EVENT_PRICE_PEG|WEAK_RS,752,NASDAQ:PAYO,https://www.tradingview.com/chart/?symbol=NASDAQ%3APAYO
LXP,2026-10-07,60.96,93.61,COILED,NEAR_UPPER_EDGE,NONE,0.79,0.4,0.4,6.75,True,False,0.4,False,61.04,60.84,1.167,0.22,0.52,0.3,10.76,0.27,0.28,3.86,999,53120010.28,61.04,-0.13,61.61,-1.06,7.07,82.0,False,EVENT_PRICE_PEG,752,NYSE:LXP,https://www.tradingview.com/chart/?symbol=NYSE%3ALXP
UTZ,2026-10-07,14.29,92.42,COILED,NEAR_UPPER_EDGE,NONE,1.59,0.4,3.17,9.52,True,False,0.79,False,14.29,14.22,1.5,0.33,1.07,0.94,91.89,0.98,0.51,88.99,55,22789276.51,14.29,0.0,14.2069,0.59,82.52,100.0,False,POST_GAP_COIL|EXTENDED_60D_RUN|EVENT_PRICE_PEG,752,NYSE:UTZ,https://www.tradingview.com/chart/?symbol=NYSE%3AUTZ
BE,2026-10-07,291.29,91.79,COILED,INSIDE_COIL,NONE,9.92,0.79,1.59,21.43,True,True,3.57,False,302.354,251.3,0.811,6.6,18.3,8.17,19.68,19.96,7.02,13.74,39,4530756619.28,302.354,-3.66,351.28,-17.08,9.68,85.0,False,POST_GAP_COIL|EXTENDED_FROM_SMA50,752,NYSE:BE,https://www.tradingview.com/chart/?symbol=NYSE%3ABE
MAA-PI,2026-09-30,50.0,91.73,COILED,NEAR_UPPER_EDGE,NONE,1.19,1.19,0.4,2.78,False,True,1.98,False,50.595,49.91,4.196,0.72,1.59,0.18,-6.76,-2.09,1.09,4.72,999,177770.72,50.595,-1.18,54.4428,-8.16,-9.44,46.0,False,LOW_LIQUIDITY|WEAK_RS,747,NYSE:MAA.PI,https://www.tradingview.com/chart/?symbol=NYSE%3AMAA.PI
GPRE,2026-10-07,15.34,91.67,COILED,NEAR_UPPER_EDGE,NONE,0.79,0.4,0.4,5.16,False,True,1.59,False,15.49,14.54,0.766,3.58,10.17,-1.92,-10.4,-0.11,2.71,3.29,230,20971261.63,15.99,-4.07,19.65,-21.93,-11.41,40.0,False,WEAK_RS,752,NASDAQ:GPRE,https://www.tradingview.com/chart/?symbol=NASDAQ%3AGPRE
LAR,2026-10-07,5.37,91.23,COILED,NEAR_LOWER_EDGE,NONE,5.56,0.79,3.57,11.51,True,False,0.4,False,5.94,5.3,1.143,5.11,23.65,-20.56,-25.73,-13.69,3.7,6.34,252,8610580.44,7.0,-23.29,12.05,-55.44,-30.09,7.0,False,BELOW_SMA50|NOT_NEAR_UNBROKEN_PIVOT|WEAK_RS,752,NYSE:LAR,https://www.tradingview.com/chart/?symbol=NYSE%3ALAR
BF-A,2026-10-07,26.46,91.15,COILED,NEAR_LOWER_EDGE,NONE,1.19,3.57,1.19,0.4,False,True,3.97,False,27.35,26.07,1.155,2.44,5.33,-0.38,3.78,-4.01,1.01,2.92,336,4304288.72,27.43,-3.54,30.6193,-13.58,0.21,71.0,False,BELOW_SMA50|LOW_LIQUIDITY,752,NYSE:BF.A,https://www.tradingview.com/chart/?symbol=NYSE%3ABF.A
RVLV,2026-10-07,21.3,91.1,COILED,NEAR_UPPER_EDGE,NONE,5.95,1.98,0.4,1.19,False,True,0.4,False,21.63,20.35,1.102,3.6,13.43,9.29,-12.81,-5.36,2.17,3.28,155,16097927.96,22.11,-3.66,28.42,-25.05,-11.56,40.0,False,BELOW_SMA50|WEAK_RS,752,NYSE:RVLV,https://www.tradingview.com/chart/?symbol=NYSE%3ARVLV
MUSA,2026-10-07,511.52,90.83,COILED,INSIDE_COIL,NONE,7.94,6.75,1.98,1.98,False,True,3.57,True,524.14,500.01,0.777,2.76,7.21,-1.15,-16.3,-4.93,1.42,7.05,999,121746425.67,536.9,-4.73,635.3243,-19.49,-16.07,27.0,False,BELOW_SMA50|WEAK_RS,752,NYSE:MUSA,https://www.tradingview.com/chart/?symbol=NYSE%3AMUSA
RCAT,2026-10-07,6.15,89.87,COILED,RANGE_EXIT_CONFIRMED,DOWN_EXPANSION_CONFIRMED,0.4,0.79,15.08,30.95,True,True,1.59,False,6.94,6.27,1.44,6.45,42.11,-24.35,-30.03,-24.75,4.23,11.14,37,60835382.55,8.665,-29.02,15.79,-61.05,-36.73,4.0,False,ALREADY_EXPANDING|POST_GAP_COIL|BELOW_SMA50|NOT_NEAR_UNBROKEN_PIVOT|WEAK_RS,752,NASDAQ:RCAT,https://www.tradingview.com/chart/?symbol=NASDAQ%3ARCAT
SIFY,2026-10-07,12.88,89.76,COILED,NEAR_LOWER_EDGE,NONE,2.38,0.79,0.4,26.59,True,False,3.57,False,13.95,12.81,1.486,3.74,14.29,-9.93,-13.9,-10.27,2.83,4.13,523,502218.2,14.65,-12.08,17.85,-27.84,-20.28,18.0,False,BELOW_SMA50|NOT_NEAR_UNBROKEN_PIVOT|LOW_LIQUIDITY|WEAK_RS,752,NASDAQ:SIFY,https://www.tradingview.com/chart/?symbol=NASDAQ%3ASIFY
CHD,2026-10-07,96.75,89.7,COILED,NEAR_UPPER_EDGE,NONE,0.4,0.4,1.19,3.97,False,False,8.73,True,97.42,93.33,0.636,1.63,4.66,1.64,1.71,-1.5,1.18,2.06,999,176885871.0,97.42,-0.69,103.9929,-6.96,-2.21,66.0,False,WEAK_RS,752,NYSE:CHD,https://www.tradingview.com/chart/?symbol=NYSE%3ACHD
LNTH,2026-10-07,100.18,89.65,COILED,NEAR_UPPER_EDGE,NONE,0.4,0.4,7.94,8.73,False,True,1.98,False,100.34,99.31,0.905,0.54,1.74,-0.52,-2.14,-0.3,0.41,4.69,294,97675406.62,101.05,-0.86,111.86,-10.44,-9.13,47.0,False,EVENT_PRICE_PEG|WEAK_RS,752,NASDAQ:LNTH,https://www.tradingview.com/chart/?symbol=NASDAQ%3ALNTH
MKTX,2026-10-07,164.17,88.99,COILED,NEAR_UPPER_EDGE,NONE,5.95,0.4,7.14,5.16,False,True,3.57,False,164.37,163.4,0.943,0.32,0.85,0.56,43.61,1.3,0.27,29.76,48,139431395.0,164.37,-0.12,174.5786,-5.96,41.08,97.0,False,POST_GAP_COIL|EXTENDED_60D_RUN|EVENT_PRICE_PEG,752,NASDAQ:MKTX,https://www.tradingview.com/chart/?symbol=NASDAQ%3AMKTX
ORCL,2026-10-07,143.56,88.89,COILED,INSIDE_COIL,NONE,10.32,9.92,15.08,22.62,True,True,4.37,True,148.66,131.58,0.762,4.39,23.98,-11.18,12.21,-1.07,7.51,7.51,81,4953168117.4,166.0,-13.52,249.3824,-42.43,-3.76,62.0,False,NOT_NEAR_UNBROKEN_PIVOT|WEAK_RS,752,NYSE:ORCL,https://www.tradingview.com/chart/?symbol=NYSE%3AORCL
PATH,2026-10-07,13.07,88.77,COILED,INSIDE_COIL,NONE,5.16,5.95,15.87,19.84,True,True,19.05,True,13.445,11.57,0.625,5.08,25.78,-3.68,9.46,-11.0,3.77,10.87,22,593924002.39,14.94,-12.52,18.83,-30.59,7.11,82.0,False,POST_GAP_COIL|BELOW_SMA50|NOT_NEAR_UNBROKEN_PIVOT,752,NYSE:PATH,https://www.tradingview.com/chart/?symbol=NYSE%3APATH
BF-B,2026-10-07,25.94,88.67,COILED,NEAR_LOWER_EDGE,NONE,1.19,2.78,1.19,1.19,False,False,0.79,False,26.63,25.55,1.07,2.57,5.78,-0.8,4.23,-4.16,1.83,3.28,336,62965450.77,27.05,-4.1,30.7087,-15.53,0.08,71.0,False,BELOW_SMA50,752,NYSE:BF.B,https://www.tradingview.com/chart/?symbol=NYSE%3ABF.B
POET,2026-10-07,7.42,88.67,COILED,NEAR_LOWER_EDGE,NONE,0.79,3.57,0.79,0.79,False,False,1.19,False,8.2,7.32,1.146,6.3,19.81,-7.25,-15.78,-6.36,7.04,13.45,45,60324749.49,8.65,-14.22,20.81,-64.34,-18.36,22.0,False,POST_GAP_COIL|BELOW_SMA50|NOT_NEAR_UNBROKEN_PIVOT|WEAK_RS,752,NASDAQ:POET,https://www.tradingview.com/chart/?symbol=NASDAQ%3APOET
SNDK,2026-10-07,1692.42,88.65,COILED,INSIDE_COIL,NONE,1.98,1.59,1.98,1.19,False,False,0.4,False,1902.22,1650.0,1.737,5.72,23.95,-4.07,-3.72,8.17,6.85,13.12,43,14844076944.25,1909.48,-11.37,2354.3899,-28.12,-12.58,36.0,False,POST_GAP_COIL|NOT_NEAR_UNBROKEN_PIVOT|WEAK_RS,414,NASDAQ:SNDK,https://www.tradingview.com/chart/?symbol=NASDAQ%3ASNDK
BKSY,2026-10-07,21.85,88.63,COILED,INSIDE_COIL,NONE,0.79,3.17,0.79,0.79,False,False,1.98,False,23.72,20.81,1.065,6.68,17.03,1.11,-14.88,-9.46,3.86,4.97,229,20977104.96,23.72,-7.88,52.88,-58.68,-18.13,23.0,False,BELOW_SMA50|NOT_NEAR_UNBROKEN_PIVOT|WEAK_RS,752,NYSE:BKSY,https://www.tradingview.com/chart/?symbol=NYSE%3ABKSY
BILI,2026-10-07,14.92,88.51,COILED,INSIDE_COIL,NONE,3.17,3.17,1.59,8.73,False,False,3.97,True,15.36,14.315,0.676,2.85,10.66,-6.22,-14.65,-8.81,2.89,6.32,409,41719972.14,16.06,-7.1,25.625,-41.78,-20.02,19.0,False,BELOW_SMA50|NOT_NEAR_UNBROKEN_PIVOT|WEAK_RS,752,NASDAQ:BILI,https://www.tradingview.com/chart/?symbol=NASDAQ%3ABILI
ATAT,2026-10-07,31.92,88.41,COILED,NEAR_LOWER_EDGE,NONE,0.79,0.79,0.4,7.14,False,False,0.79,False,33.125,31.82,1.313,2.78,7.77,-3.65,2.87,-5.54,1.2,7.97,508,29009828.58,33.56,-4.89,40.5954,-21.37,-2.83,65.0,False,BELOW_SMA50|WEAK_RS,752,NASDAQ:ATAT,https://www.tradingview.com/chart/?symbol=NASDAQ%3AATAT
CBZ,2026-10-07,54.75,88.29,COILED,NEAR_UPPER_EDGE,NONE,0.4,0.4,1.19,7.54,False,False,1.19,False,54.78,54.63,0.6,0.36,0.51,0.26,33.8,0.1,0.29,16.81,49,49601728.07,54.78,-0.05,55.56,-1.46,45.01,98.0,False,POST_GAP_COIL|EXTENDED_60D_RUN|EVENT_PRICE_PEG,752,NYSE:CBZ,https://www.tradingview.com/chart/?symbol=NYSE%3ACBZ
WWW,2026-10-07,18.85,88.23,COILED,NEAR_LOWER_EDGE,NONE,4.37,1.59,0.79,2.38,False,False,0.4,False,19.6665,18.6121,1.545,3.59,8.87,-3.27,7.24,-3.38,2.67,8.64,154,14340599.64,20.2833,-7.07,21.3577,-11.74,5.5,80.0,False,BELOW_SMA50|NOT_NEAR_UNBROKEN_PIVOT,752,NYSE:WWW,https://www.tradingview.com/chart/?symbol=NYSE%3AWWW
SYM,2026-10-07,43.31,88.23,COILED,INSIDE_COIL,NONE,4.76,0.79,1.19,2.38,False,False,0.4,False,45.39,41.3,1.123,3.99,12.32,1.62,-0.8,2.55,3.87,6.26,210,69782200.58,45.636,-5.1,67.078,-35.43,-3.28,63.0,False,NOT_NEAR_UNBROKEN_PIVOT|WEAK_RS,752,NASDAQ:SYM,https://www.tradingview.com/chart/?symbol=NASDAQ%3ASYM
DRD,2026-10-07,23.7,88.21,COILED,RANGE_EXIT_CONFIRMED,DOWN_EXPANSION_CONFIRMED,1.19,1.19,5.95,30.56,True,False,3.57,False,25.87,23.93,2.711,3.56,17.34,-13.33,17.53,-6.09,4.81,11.73,34,6639802.24,28.1035,-15.67,31.839,-25.56,10.57,86.0,False,ALREADY_EXPANDING|POST_GAP_COIL|BELOW_SMA50|NOT_NEAR_UNBROKEN_PIVOT,752,NYSE:DRD,https://www.tradingview.com/chart/?symbol=NYSE%3ADRD
DECK,2026-10-07,80.38,88.21,COILED,INSIDE_COIL,NONE,1.19,3.97,0.79,3.17,False,False,0.79,False,82.14,77.2,1.569,2.77,7.22,0.19,-24.6,-7.27,3.37,3.37,172,274086947.51,83.0,-3.16,116.5,-31.0,-26.55,11.0,False,BELOW_SMA50|WEAK_RS,752,NYSE:DECK,https://www.tradingview.com/chart/?symbol=NYSE%3ADECK
PTON,2026-10-07,4.85,88.02,COILED,INSIDE_COIL,NONE,0.4,5.56,0.4,0.4,False,False,4.37,False,5.095,4.69,0.789,3.93,12.16,-4.15,-21.27,-9.08,2.83,9.51,105,43461321.21,5.28,-8.14,6.73,-27.93,-22.0,16.0,False,BELOW_SMA50|NOT_NEAR_UNBROKEN_PIVOT|LOW_LIQUIDITY|WEAK_RS,752,NASDAQ:PTON,https://www.tradingview.com/chart/?symbol=NASDAQ%3APTON
GRFS,2026-10-07,7.5,87.76,COILED,NEAR_UPPER_EDGE,NONE,11.9,1.19,3.57,5.95,False,True,6.75,False,7.57,7.15,0.923,2.01,7.87,-4.09,6.84,-2.62,2.22,3.38,463,4687618.82,7.89,-4.94,8.7128,-13.92,-0.77,70.0,False,LOW_LIQUIDITY,752,NASDAQ:GRFS,https://www.tradingview.com/chart/?symbol=NASDAQ%3AGRFS
ONDS,2026-10-07,7.19,87.68,COILED,NEAR_LOWER_EDGE,NONE,0.79,1.98,0.79,7.14,False,False,3.57,False,7.98,7.12,1.25,5.67,13.91,-1.37,-2.31,-9.72,5.32,8.09,100,448071794.38,7.98,-9.9,14.16,-49.22,-9.66,46.0,False,BELOW_SMA50|NOT_NEAR_UNBROKEN_PIVOT|WEAK_RS,752,NASDAQ:ONDS,https://www.tradingview.com/chart/?symbol=NASDAQ%3AONDS
SAFT,2026-10-07,103.88,87.67,COILED,NEAR_UPPER_EDGE,NONE,1.19,0.4,6.35,10.71,False,False,7.54,True,104.01,103.43,0.5,0.28,0.7,0.44,40.08,0.8,0.15,41.23,52,13268000.72,104.01,-0.12,103.41,0.45,34.38,96.0,False,POST_GAP_COIL|EXTENDED_60D_RUN|EVENT_PRICE_PEG,752,NASDAQ:SAFT,https://www.tradingview.com/chart/?symbol=NASDAQ%3ASAFT
DSGR,2026-10-07,35.07,87.62,COILED,NEAR_UPPER_EDGE,NONE,0.4,0.4,9.52,12.7,False,False,2.78,True,35.1,34.87,0.667,0.28,1.14,0.92,27.11,0.71,0.2,26.31,58,7259531.83,35.1,-0.09,35.06,0.03,26.96,94.0,False,POST_GAP_COIL|EVENT_PRICE_PEG,752,NASDAQ:DSGR,https://www.tradingview.com/chart/?symbol=NASDAQ%3ADSGR
WINA,2026-10-07,294.92,87.62,COILED,INSIDE_COIL,NONE,3.57,1.59,4.76,1.19,False,True,21.43,False,311.29,280.83,0.585,3.39,12.71,-5.34,-21.48,-8.99,1.62,2.21,999,30253874.69,317.54,-7.12,459.6309,-35.84,-27.28,10.0,False,BELOW_SMA50|NOT_NEAR_UNBROKEN_PIVOT|WEAK_RS,752,NASDAQ:WINA,https://www.tradingview.com/chart/?symbol=NASDAQ%3AWINA
ATKR,2026-10-07,94.85,87.6,COILED,NEAR_UPPER_EDGE,NONE,4.37,0.4,3.97,3.97,False,False,0.4,False,94.88,94.49,0.929,0.35,1.06,0.68,29.36,2.41,0.27,28.02,46,75239376.26,94.88,-0.03,93.99,0.91,31.17,95.0,False,POST_GAP_COIL|EVENT_PRICE_PEG,752,NYSE:ATKR,https://www.tradingview.com/chart/?symbol=NYSE%3AATKR
FORTY,2026-10-07,118.15,87.52,COILED,NEAR_UPPER_EDGE,NONE,6.35,6.75,18.25,15.87,True,False,5.56,True,118.15,113.0,,1.31,15.86,-7.14,7.89,2.44,4.95,7.57,130,135503.01,127.236,-7.14,137.1486,-13.85,4.24,78.0,False,NOT_NEAR_UNBROKEN_PIVOT|LOW_LIQUIDITY,752,NASDAQ:FORTY,https://www.tradingview.com/chart/?symbol=NASDAQ%3AFORTY
YMM,2026-10-07,8.35,87.4,COILED,NEAR_UPPER_EDGE,NONE,1.19,0.79,2.38,7.94,False,False,3.57,False,8.5,8.065,1.0,2.41,6.17,0.48,-3.36,-3.81,1.54,6.02,222,47992572.95,8.5,-1.76,9.76,-14.45,-6.33,55.0,False,BELOW_SMA50|WEAK_RS,752,NYSE:YMM,https://www.tradingview.com/chart/?symbol=NYSE%3AYMM
DD,2026-10-07,131.08,87.29,COILED,INSIDE_COIL,NONE,5.56,4.37,4.37,12.3,False,True,6.75,False,134.0,127.62,1.246,1.99,8.54,2.47,-1.87,-2.71,1.57,7.85,378,128152209.06,134.0,-2.18,153.6318,-14.68,-5.97,56.0,False,WEAK_RS,752,NYSE:DD,https://www.tradingview.com/chart/?symbol=NYSE%3ADD
FIG,2026-10-07,21.62,87.29,COILED,INSIDE_COIL,NONE,0.4,5.56,9.52,13.1,False,True,4.37,False,22.48,19.58,1.197,5.41,24.07,-1.77,-9.39,-11.01,3.76,17.48,43,262469299.48,24.785,-12.77,31.22,-30.75,-6.53,54.0,False,POST_GAP_COIL|BELOW_SMA50|NOT_NEAR_UNBROKEN_PIVOT|WEAK_RS,299,NYSE:FIG,https://www.tradingview.com/chart/?symbol=NYSE%3AFIG
AEVA,2026-10-07,14.34,87.26,COILED,INSIDE_COIL,NONE,0.4,0.79,1.19,7.94,False,False,7.14,False,15.97,13.74,1.328,7.1,15.97,-8.19,-27.65,-16.89,5.54,31.57,43,20494270.2,16.61,-13.67,31.3,-54.19,-38.56,3.0,False,POST_GAP_COIL|BELOW_SMA50|NOT_NEAR_UNBROKEN_PIVOT|WEAK_RS,752,NASDAQ:AEVA,https://www.tradingview.com/chart/?symbol=NASDAQ%3AAEVA
ASTS,2026-10-07,60.65,87.16,COILED,INSIDE_COIL,NONE,1.59,3.57,0.4,3.57,False,False,7.94,False,65.47,55.42,1.029,6.81,16.57,-2.84,-11.87,-3.61,6.72,10.72,58,637183790.88,66.72,-9.1,133.86,-54.69,-21.56,17.0,False,POST_GAP_COIL|BELOW_SMA50|NOT_NEAR_UNBROKEN_PIVOT|WEAK_RS,752,NASDAQ:ASTS,https://www.tradingview.com/chart/?symbol=NASDAQ%3AASTS
THC,2026-10-07,259.83,87.01,COILED,INSIDE_COIL,NONE,7.54,13.1,0.4,5.56,False,True,6.35,False,265.64,248.86,0.802,2.89,8.37,-3.44,41.45,-1.02,1.44,18.08,52,188053817.38,270.61,-3.98,283.05,-8.2,22.01,93.0,False,POST_GAP_COIL|EXTENDED_60D_RUN,752,NYSE:THC,https://www.tradingview.com/chart/?symbol=NYSE%3ATHC
BBUC,2026-10-07,26.05,87.0,COILED,NEAR_UPPER_EDGE,NONE,0.4,0.79,1.59,15.48,False,False,0.79,False,26.2,24.8,1.4,2.7,8.41,-2.07,-14.26,-5.39,1.82,3.97,259,9097919.51,27.17,-4.12,35.0046,-25.58,-17.91,23.0,False,BELOW_SMA50|WEAK_RS,752,NYSE:BBUC,https://www.tradingview.com/chart/?symbol=NYSE%3ABBUC
TECH,2026-10-07,72.53,86.98,COILED,NEAR_UPPER_EDGE,NONE,4.76,0.4,7.54,2.78,False,False,0.4,False,72.65,72.33,0.6,0.27,0.84,0.39,1.94,0.34,0.21,0.29,72,233637656.21,72.69,-0.22,72.58,-0.07,-1.6,68.0,False,EVENT_PRICE_PEG|WEAK_RS,752,NASDAQ:TECH,https://www.tradingview.com/chart/?symbol=NASDAQ%3ATECH
LASR,2026-10-07,39.88,86.96,COILED,INSIDE_COIL,NONE,1.19,10.32,0.4,2.38,False,False,1.98,False,41.65,38.245,2.527,5.07,10.83,-2.71,-44.21,-15.11,4.73,22.76,42,33022987.0,41.68,-4.32,86.95,-54.13,-50.27,1.0,False,POST_GAP_COIL|BELOW_SMA50|WEAK_RS,752,NASDAQ:LASR,https://www.tradingview.com/chart/?symbol=NASDAQ%3ALASR
ASST,2026-10-07,28.185,86.85,COILED,RANGE_EXIT_CONFIRMED,DOWN_EXPANSION_CONFIRMED,1.59,6.35,0.4,5.95,False,False,3.97,False,32.08,28.31,1.297,6.4,22.21,5.6,127.12,27.9,5.15,9.49,126,252336213.34,32.08,-12.14,27.655,1.92,120.04,100.0,False,ALREADY_EXPANDING|EXTENDED_60D_RUN|EXTENDED_FROM_SMA50|NOT_NEAR_UNBROKEN_PIVOT,752,NASDAQ:ASST,https://www.tradingview.com/chart/?symbol=NASDAQ%3AASST
CRWV,2026-10-07,88.45,86.83,COILED,INSIDE_COIL,NONE,0.4,0.79,0.4,17.86,False,False,1.19,False,93.21,83.53,0.991,5.71,16.89,-6.84,10.65,0.68,7.12,20.35,39,2524794918.06,100.581,-12.06,138.25,-36.02,-5.04,59.0,False,POST_GAP_COIL|NOT_NEAR_UNBROKEN_PIVOT|WEAK_RS,384,NASDAQ:CRWV,https://www.tradingview.com/chart/?symbol=NASDAQ%3ACRWV
RNW,2026-10-07,6.89,86.81,COILED,NEAR_UPPER_EDGE,NONE,1.98,0.79,2.78,6.35,False,False,7.54,False,6.89,6.83,2.0,0.49,1.16,0.58,11.13,2.61,0.29,10.28,40,9062764.93,6.89,0.0,6.88,0.15,8.56,84.0,False,POST_GAP_COIL|EVENT_PRICE_PEG,752,NASDAQ:RNW,https://www.tradingview.com/chart/?symbol=NASDAQ%3ARNW
COLM,2026-10-07,56.53,86.77,COILED,NEAR_LOWER_EDGE,NONE,3.97,0.79,1.59,11.11,False,False,1.98,False,59.03,56.32,0.916,2.57,7.11,0.84,-9.39,-2.09,2.12,2.12,169,39662645.05,59.03,-4.24,68.7165,-17.73,-14.34,31.0,False,WEAK_RS,752,NASDAQ:COLM,https://www.tradingview.com/chart/?symbol=NASDAQ%3ACOLM
URGN,2026-10-07,40.7,86.73,COILED,INSIDE_COIL,NONE,4.76,2.78,0.79,9.92,False,False,0.79,False,43.54,39.72,0.729,4.54,13.77,-9.56,3.85,-7.2,3.06,5.64,346,31337277.85,47.06,-13.51,50.81,-19.9,-2.48,65.0,False,BELOW_SMA50|NOT_NEAR_UNBROKEN_PIVOT|WEAK_RS,752,NASDAQ:URGN,https://www.tradingview.com/chart/?symbol=NASDAQ%3AURGN
UPWK,2026-10-07,8.4,86.73,COILED,NEAR_UPPER_EDGE,NONE,0.4,0.4,5.16,12.7,False,False,1.19,False,8.48,7.81,0.962,3.49,13.45,1.94,-6.98,-3.39,2.03,18.21,40,22450558.49,8.94,-6.04,11.7,-28.21,-6.88,53.0,False,POST_GAP_COIL|BELOW_SMA50|NOT_NEAR_UNBROKEN_PIVOT|WEAK_RS,752,NASDAQ:UPWK,https://www.tradingview.com/chart/?symbol=NASDAQ%3AUPWK
HZO,2026-10-07,52.47,86.69,COILED,NEAR_UPPER_EDGE,NONE,8.33,0.4,3.97,1.98,False,False,3.17,False,52.46,52.24,1.0,0.49,0.76,0.58,53.56,5.94,0.27,45.43,41,39274001.72,52.56,-0.17,52.46,0.02,47.17,98.0,False,POST_GAP_COIL|EXTENDED_60D_RUN|EVENT_PRICE_PEG,752,NYSE:HZO,https://www.tradingview.com/chart/?symbol=NYSE%3AHZO
TMC,2026-10-07,3.52,86.55,COILED,NEAR_LOWER_EDGE,NONE,11.9,6.75,5.16,18.25,True,False,6.35,False,4.33,3.67,1.161,6.68,27.27,-17.76,-15.79,-14.74,4.23,8.01,126,17117295.27,4.48,-21.43,6.64,-46.99,-18.83,21.0,False,BELOW_SMA50|NOT_NEAR_UNBROKEN_PIVOT|LOW_LIQUIDITY|WEAK_RS,752,NASDAQ:TMC,https://www.tradingview.com/chart/?symbol=NASDAQ%3ATMC
AS,2026-10-07,27.13,86.55,COILED,INSIDE_COIL,NONE,13.49,13.89,2.78,0.79,False,True,1.98,False,28.005,26.49,1.45,3.33,8.59,-2.3,-20.93,-11.21,1.97,4.05,347,181476974.96,28.96,-6.32,38.045,-28.69,-23.55,14.0,False,BELOW_SMA50|NOT_NEAR_UNBROKEN_PIVOT|WEAK_RS,673,NYSE:AS,https://www.tradingview.com/chart/?symbol=NYSE%3AAS
CBC,2026-10-07,31.86,86.48,COILED,NEAR_UPPER_EDGE,NONE,10.05,2.91,0.5,6.98,False,True,18.57,False,32.43,30.53,0.782,2.25,7.97,-0.59,3.43,-1.29,0.84,2.32,999,52922152.03,33.07,-3.66,33.6915,-5.44,-1.02,69.0,False,WEAK_RS,219,NASDAQ:CBC,https://www.tradingview.com/chart/?symbol=NASDAQ%3ACBC
SEZL,2026-10-07,113.85,86.47,COILED,NEAR_UPPER_EDGE,NONE,1.98,0.4,6.35,10.32,False,False,1.59,False,114.27,104.87,0.941,4.92,15.32,-2.81,-37.58,-8.31,2.7,25.86,42,55914693.35,122.31,-6.92,195.71,-41.83,-39.36,3.0,False,POST_GAP_COIL|BELOW_SMA50|NOT_NEAR_UNBROKEN_PIVOT|WEAK_RS,752,NASDAQ:SEZL,https://www.tradingview.com/chart/?symbol=NASDAQ%3ASEZL
KOPN,2026-10-07,4.57,86.43,COILED,INSIDE_COIL,NONE,0.4,3.97,5.16,4.37,False,False,6.75,False,5.1,4.47,1.478,6.0,22.32,7.28,21.54,0.11,7.14,13.3,40,16212935.03,5.1,-10.39,6.61,-30.86,8.09,83.0,False,POST_GAP_COIL|NOT_NEAR_UNBROKEN_PIVOT|LOW_LIQUIDITY,752,NASDAQ:KOPN,https://www.tradingview.com/chart/?symbol=NASDAQ%3AKOPN
KC,2026-10-07,9.23,86.41,COILED,INSIDE_COIL,NONE,3.97,0.4,7.14,25.0,False,True,3.57,False,9.85,8.913,1.021,3.74,15.3,-9.6,-5.14,-12.06,3.97,13.19,34,11055365.97,10.39,-11.16,18.52,-50.16,-15.49,28.0,False,POST_GAP_COIL|BELOW_SMA50|NOT_NEAR_UNBROKEN_PIVOT|WEAK_RS,752,NASDAQ:KC,https://www.tradingview.com/chart/?symbol=NASDAQ%3AKC
NNE,2026-10-07,16.01,86.31,COILED,INSIDE_COIL,NONE,9.52,1.19,1.19,5.95,False,False,2.78,False,17.44,15.26,1.461,6.32,17.84,-11.89,-11.74,-8.47,5.21,6.48,84,33039368.69,19.35,-17.26,31.59,-49.32,-20.65,18.0,False,BELOW_SMA50|NOT_NEAR_UNBROKEN_PIVOT|WEAK_RS,606,NASDAQ:NNE,https://www.tradingview.com/chart/?symbol=NASDAQ%3ANNE
TRS,2026-10-07,38.25,86.19,COILED,NEAR_LOWER_EDGE,NONE,4.76,0.79,2.78,4.37,False,False,9.92,False,40.17,38.03,1.211,2.38,6.04,0.03,-5.79,-2.24,1.54,5.16,300,11706654.67,40.17,-4.78,45.3856,-15.72,-11.35,41.0,False,WEAK_RS,752,NASDAQ:TRS,https://www.tradingview.com/chart/?symbol=NASDAQ%3ATRS
KRC,2026-10-07,34.01,86.17,COILED,NEAR_UPPER_EDGE,NONE,1.59,2.38,1.19,10.71,False,False,7.94,False,34.28,32.73,1.625,2.16,6.1,-2.04,-12.37,-4.0,1.18,3.35,999,49312793.82,36.1832,-6.01,40.1981,-15.39,-13.29,34.0,False,BELOW_SMA50|NOT_NEAR_UNBROKEN_PIVOT|WEAK_RS,752,NYSE:KRC,https://www.tradingview.com/chart/?symbol=NYSE%3AKRC
SVV,2026-10-07,9.24,86.13,COILED,INSIDE_COIL,NONE,0.79,11.11,1.19,3.57,False,False,4.76,False,9.59,8.83,0.667,3.87,12.55,-6.1,-4.64,-8.89,2.49,6.86,233,12619691.26,10.19,-9.32,12.69,-27.19,-7.4,52.0,False,BELOW_SMA50|NOT_NEAR_UNBROKEN_PIVOT|WEAK_RS,752,NYSE:SVV,https://www.tradingview.com/chart/?symbol=NYSE%3ASVV
HLF,2026-10-07,12.65,86.03,COILED,INSIDE_COIL,NONE,1.19,0.4,5.95,28.57,False,False,1.19,True,12.97,11.92,0.938,3.46,11.54,0.16,3.35,3.41,4.73,8.85,159,16184307.87,12.97,-2.47,17.46,-27.55,-5.59,57.0,False,WEAK_RS,752,NYSE:HLF,https://www.tradingview.com/chart/?symbol=NYSE%3AHLF
ODFL,2026-10-07,175.61,85.99,COILED,NEAR_LOWER_EDGE,NONE,1.98,9.92,0.4,5.95,False,False,4.37,False,182.91,172.65,0.814,2.88,7.8,-3.49,-23.06,-9.18,4.39,4.39,999,326838377.56,188.27,-6.72,251.6392,-30.21,-25.77,12.0,False,BELOW_SMA50|NOT_NEAR_UNBROKEN_PIVOT|WEAK_RS,752,NASDAQ:ODFL,https://www.tradingview.com/chart/?symbol=NASDAQ%3AODFL
VIPS,2026-10-07,12.77,85.97,COILED,NEAR_UPPER_EDGE,NONE,2.38,4.76,0.79,13.89,False,False,2.38,False,12.81,12.21,0.857,2.5,6.66,2.08,-7.86,-5.78,1.14,2.51,508,34526935.4,13.06,-2.22,15.87,-19.53,-11.45,40.0,False,BELOW_SMA50|WEAK_RS,752,NYSE:VIPS,https://www.tradingview.com/chart/?symbol=NYSE%3AVIPS
PEN,2026-10-07,316.35,85.91,COILED,RANGE_EXIT_CONFIRMED,DOWN_EXPANSION_CONFIRMED,1.59,0.4,1.19,18.25,False,False,4.76,False,320.27,316.78,1.251,0.51,1.26,-1.01,0.03,-1.59,0.49,1.01,182,125643150.14,320.9,-1.42,335.2,-5.62,-4.15,61.0,False,ALREADY_EXPANDING|EVENT_PRICE_PEG|WEAK_RS,752,NYSE:PEN,https://www.tradingview.com/chart/?symbol=NYSE%3APEN
TILE,2026-10-07,34.88,85.87,COILED,INSIDE_COIL,NONE,0.4,14.68,0.79,2.78,False,False,3.57,False,35.74,34.01,1.321,2.69,5.99,1.07,5.98,-3.4,1.97,7.55,297,17824549.58,35.74,-2.41,40.4666,-13.81,1.37,74.0,False,BELOW_SMA50,752,NASDAQ:TILE,https://www.tradingview.com/chart/?symbol=NASDAQ%3ATILE
LYV,2026-10-07,170.84,85.87,COILED,NEAR_UPPER_EDGE,NONE,0.79,6.75,1.19,1.98,False,False,13.89,False,174.0,164.82,0.864,2.32,5.78,0.5,-5.9,-3.35,2.52,2.52,999,337030193.41,174.7,-2.21,189.25,-9.73,-10.08,45.0,False,BELOW_SMA50|WEAK_RS,752,NYSE:LYV,https://www.tradingview.com/chart/?symbol=NYSE%3ALYV
HIMS,2026-10-07,29.54,85.85,COILED,INSIDE_COIL,NONE,6.35,2.78,2.38,8.33,False,False,3.97,False,31.03,27.31,0.939,5.47,17.2,5.88,-15.96,0.77,3.48,6.48,102,274407435.23,31.81,-7.14,39.05,-24.35,-20.32,18.0,False,NOT_NEAR_UNBROKEN_PIVOT|WEAK_RS,752,NYSE:HIMS,https://www.tradingview.com/chart/?symbol=NYSE%3AHIMS
OKLO,2026-10-07,36.82,85.83,COILED,INSIDE_COIL,NONE,15.87,1.19,0.79,3.57,False,False,0.4,False,40.368,35.64,1.449,6.14,20.07,-13.51,-20.37,-8.86,3.89,4.98,186,393075372.64,44.26,-16.81,81.5,-54.82,-28.92,8.0,False,BELOW_SMA50|NOT_NEAR_UNBROKEN_PIVOT|WEAK_RS,752,NYSE:OKLO,https://www.tradingview.com/chart/?symbol=NYSE%3AOKLO
STUB,2026-10-07,6.0,85.81,COILED,RANGE_EXIT_CONFIRMED,UP_EXPANSION_CONFIRMED,6.5,3.57,10.12,10.71,False,True,10.32,False,5.815,5.215,1.474,5.29,20.33,-0.17,-43.77,-11.23,7.74,17.45,38,39010140.58,6.435,-6.76,14.02,-57.2,-51.57,1.0,False,ALREADY_EXPANDING|POST_GAP_COIL|BELOW_SMA50|NOT_NEAR_UNBROKEN_PIVOT|WEAK_RS,266,NYSE:STUB,https://www.tradingview.com/chart/?symbol=NYSE%3ASTUB
UHS,2026-10-07,174.62,85.72,COILED,NEAR_LOWER_EDGE,NONE,17.46,27.38,3.17,2.78,True,True,15.08,False,186.06,173.5,1.22,2.76,9.75,-0.66,21.21,0.68,1.17,6.13,999,135165077.27,186.06,-6.15,188.9668,-7.59,8.99,84.0,False,NOT_NEAR_UNBROKEN_PIVOT,752,NYSE:UHS,https://www.tradingview.com/chart/?symbol=NYSE%3AUHS
RLX,2026-10-07,1.73,85.72,COILED,NEAR_UPPER_EDGE,NONE,6.35,10.32,6.35,15.87,False,True,1.98,False,1.75,1.645,1.25,2.77,9.25,-1.7,-12.63,-4.86,2.98,7.5,506,7141848.17,1.805,-4.16,2.3,-24.78,-16.72,26.0,False,BELOW_SMA50|LOW_LIQUIDITY|WEAK_RS,752,NYSE:RLX,https://www.tradingview.com/chart/?symbol=NYSE%3ARLX
BFC,2026-10-07,147.53,85.71,COILED,NEAR_LOWER_EDGE,NONE,9.52,1.19,4.76,4.37,False,False,3.57,False,153.23,146.71,0.989,1.94,6.98,-3.49,1.19,-3.26,1.04,1.32,999,9815132.43,157.0129,-6.04,158.4671,-6.9,-2.66,65.0,False,BELOW_SMA50|NOT_NEAR_UNBROKEN_PIVOT|WEAK_RS,752,NASDAQ:BFC,https://www.tradingview.com/chart/?symbol=NASDAQ%3ABFC
ARCB,2026-10-07,126.87,85.71,COILED,INSIDE_COIL,NONE,0.4,14.29,2.78,7.14,False,False,11.51,True,136.63,124.06,0.545,3.7,11.26,-6.85,-16.23,-6.34,2.17,2.17,353,30814439.19,139.45,-9.02,176.5332,-28.13,-19.47,20.0,False,BELOW_SMA50|NOT_NEAR_UNBROKEN_PIVOT|WEAK_RS,752,NASDAQ:ARCB,https://www.tradingview.com/chart/?symbol=NASDAQ%3AARCB
PSMT,2026-10-07,169.72,85.69,COILED,NEAR_LOWER_EDGE,NONE,2.78,7.14,3.57,4.37,False,False,6.35,False,176.3,167.33,1.307,2.37,5.86,-0.52,-12.43,-2.91,1.45,2.03,312,39752718.18,178.7,-5.03,199.0638,-14.74,-13.15,35.0,False,NOT_NEAR_UNBROKEN_PIVOT|WEAK_RS,752,NASDAQ:PSMT,https://www.tradingview.com/chart/?symbol=NASDAQ%3APSMT
TR,2026-10-07,36.91,85.65,COILED,NEAR_LOWER_EDGE,NONE,3.97,0.79,3.57,9.92,False,False,7.94,False,38.4172,37.1403,1.116,2.05,8.35,-3.04,-3.02,-5.63,1.26,1.57,999,6853007.01,39.774,-7.2,44.8426,-17.69,-6.36,55.0,False,BELOW_SMA50|NOT_NEAR_UNBROKEN_PIVOT|WEAK_RS,752,NYSE:TR,https://www.tradingview.com/chart/?symbol=NYSE%3ATR
DRTS,2026-10-07,14.25,85.62,COILED,NEAR_LOWER_EDGE,NONE,3.17,0.79,5.16,15.08,False,False,1.98,False,15.335,14.31,0.835,4.13,13.96,-0.14,15.48,-0.11,2.22,4.68,103,7000927.99,15.79,-9.75,15.17,-6.06,6.13,81.0,False,NOT_NEAR_UNBROKEN_PIVOT,752,NASDAQ:DRTS,https://www.tradingview.com/chart/?symbol=NASDAQ%3ADRTS
CENT,2026-10-07,40.15,85.62,COILED,INSIDE_COIL,NONE,0.4,1.98,0.79,10.71,False,False,14.29,False,41.21,38.38,1.53,2.15,7.05,1.08,-5.22,-4.54,1.35,4.88,666,3232092.85,41.21,-2.57,46.97,-14.52,-10.32,44.0,False,BELOW_SMA50|LOW_LIQUIDITY|WEAK_RS,752,NASDAQ:CENT,https://www.tradingview.com/chart/?symbol=NASDAQ%3ACENT
SOUN,2026-10-07,5.63,85.61,COILED,NEAR_LOWER_EDGE,NONE,5.56,2.38,3.17,21.83,False,False,5.95,True,6.21,5.71,0.453,4.64,18.65,-13.12,-15.84,-14.11,2.87,25.12,43,104561725.11,6.65,-15.34,10.045,-43.95,-19.37,20.0,False,POST_GAP_COIL|BELOW_SMA50|NOT_NEAR_UNBROKEN_PIVOT|WEAK_RS,752,NASDAQ:SOUN,https://www.tradingview.com/chart/?symbol=NASDAQ%3ASOUN
NVTS,2026-10-07,11.3,85.56,COILED,NEAR_LOWER_EDGE,NONE,1.98,9.13,3.97,4.76,False,False,4.76,False,13.195,11.43,1.006,7.27,25.88,-2.59,-13.67,-6.55,9.16,10.56,50,174384716.49,13.195,-14.36,34.17,-66.93,-23.96,14.0,False,POST_GAP_COIL|BELOW_SMA50|NOT_NEAR_UNBROKEN_PIVOT|WEAK_RS,752,NASDAQ:NVTS,https://www.tradingview.com/chart/?symbol=NASDAQ%3ANVTS
DLTR,2026-10-07,116.3,85.5,COILED,NEAR_UPPER_EDGE,NONE,6.35,21.83,5.16,0.4,False,True,5.16,False,117.97,111.12,0.44,3.27,8.32,-1.77,-6.63,-5.84,1.25,9.21,91,322134809.5,123.09,-5.52,137.07,-15.15,-7.47,51.0,False,BELOW_SMA50|NOT_NEAR_UNBROKEN_PIVOT|WEAK_RS,752,NASDAQ:DLTR,https://www.tradingview.com/chart/?symbol=NASDAQ%3ADLTR
ACHC,2026-10-07,29.23,85.48,COILED,NEAR_UPPER_EDGE,NONE,3.57,2.78,4.37,7.94,False,False,7.94,False,29.78,26.72,0.98,4.18,10.54,3.69,-7.5,1.06,2.74,2.74,155,43011838.19,29.8,-1.91,35.83,-18.42,-10.56,43.0,False,WEAK_RS,752,NASDAQ:ACHC,https://www.tradingview.com/chart/?symbol=NASDAQ%3AACHC
BN,2026-10-07,36.98,85.48,COILED,NEAR_UPPER_EDGE,NONE,0.79,2.38,2.78,20.24,False,False,1.98,False,37.7,35.69,1.241,2.0,7.95,-3.82,-15.14,-7.92,1.97,1.97,999,198322132.3,39.1382,-5.51,48.4359,-23.65,-17.67,24.0,False,BELOW_SMA50|NOT_NEAR_UNBROKEN_PIVOT|WEAK_RS,752,NYSE:BN,https://www.tradingview.com/chart/?symbol=NYSE%3ABN
HSAI,2026-10-07,16.0,85.36,COILED,INSIDE_COIL,NONE,5.16,0.4,3.97,17.86,False,False,0.4,False,16.875,15.33,0.783,4.01,15.94,-12.57,2.5,-7.69,3.09,12.76,35,16034550.89,18.821,-14.99,24.96,-35.9,-6.09,56.0,False,POST_GAP_COIL|BELOW_SMA50|NOT_NEAR_UNBROKEN_PIVOT|WEAK_RS,752,NASDAQ:HSAI,https://www.tradingview.com/chart/?symbol=NASDAQ%3AHSAI
BOW,2026-10-07,34.03,85.32,COILED,RANGE_EXIT_CONFIRMED,UP_EXPANSION_CONFIRMED,4.76,1.19,7.94,5.95,False,False,6.75,False,33.99,33.66,3.5,0.55,1.26,1.16,10.34,1.57,0.65,10.64,46,10478391.99,33.99,0.12,35.07,-2.97,1.71,74.0,False,ALREADY_EXPANDING|POST_GAP_COIL|EVENT_PRICE_PEG,595,NYSE:BOW,https://www.tradingview.com/chart/?symbol=NYSE%3ABOW
IRDM,2026-10-07,48.36,85.32,COILED,NEAR_LOWER_EDGE,NONE,8.33,1.59,6.35,7.94,False,False,1.59,False,49.64,47.66,1.172,2.13,7.92,3.1,-0.7,0.89,2.05,2.06,70,56082309.3,49.64,-2.58,56.9943,-15.15,-7.78,50.0,False,WEAK_RS,752,NASDAQ:IRDM,https://www.tradingview.com/chart/?symbol=NASDAQ%3AIRDM
CENTA,2026-10-07,34.74,85.2,COILED,NEAR_UPPER_EDGE,NONE,0.4,8.33,1.59,9.13,False,False,9.13,False,34.86,33.04,0.817,2.39,11.92,1.16,-6.41,-4.71,1.56,2.44,666,10694445.22,37.18,-6.56,40.8,-14.85,-11.35,41.0,False,BELOW_SMA50|NOT_NEAR_UNBROKEN_PIVOT|WEAK_RS,752,NASDAQ:CENTA,https://www.tradingview.com/chart/?symbol=NASDAQ%3ACENTA
USAR,2026-10-07,13.23,85.04,COILED,RANGE_EXIT_CONFIRMED,DOWN_EXPANSION_CONFIRMED,1.98,0.79,13.1,41.27,True,False,3.97,False,16.795,13.28,1.291,6.4,30.76,-22.45,-27.27,-20.62,8.65,8.65,176,196457405.15,17.63,-24.96,32.8,-59.66,-33.54,5.0,False,ALREADY_EXPANDING|BELOW_SMA50|NOT_NEAR_UNBROKEN_PIVOT|WEAK_RS,752,NASDAQ:USAR,https://www.tradingview.com/chart/?symbol=NASDAQ%3AUSAR
SSD,2026-10-07,171.22,84.98,COILED,NEAR_LOWER_EDGE,NONE,11.11,9.13,0.4,0.79,False,False,5.16,False,177.1485,168.68,1.387,2.33,4.95,-2.89,-9.33,-5.96,2.1,2.46,999,57713397.31,178.8055,-4.24,212.8009,-19.54,-12.71,36.0,False,BELOW_SMA50|WEAK_RS,752,NYSE:SSD,https://www.tradingview.com/chart/?symbol=NYSE%3ASSD
AYA,2026-10-07,26.14,84.94,COILED,RANGE_EXIT_CONFIRMED,DOWN_EXPANSION_CONFIRMED,6.35,8.33,4.76,24.6,False,True,3.17,False,29.66,26.26,1.789,5.64,19.89,-12.55,30.44,-2.6,5.87,6.17,150,36302204.83,30.67,-14.77,30.24,-13.56,27.9,95.0,False,ALREADY_EXPANDING|EXTENDED_60D_RUN|NOT_NEAR_UNBROKEN_PIVOT,752,NASDAQ:AYA,https://www.tradingview.com/chart/?symbol=NASDAQ%3AAYA
TROW,2026-10-07,104.07,84.94,COILED,NEAR_LOWER_EDGE,NONE,8.33,8.33,1.19,1.19,False,False,8.73,False,107.01,102.32,0.748,1.97,5.75,-2.2,-9.22,-3.88,1.32,3.48,999,170630783.89,108.2731,-3.88,120.501,-13.64,-13.63,33.0,False,BELOW_SMA50|WEAK_RS,752,NASDAQ:TROW,https://www.tradingview.com/chart/?symbol=NASDAQ%3ATROW
SVC,2026-10-07,6.38,84.92,COILED,INSIDE_COIL,NONE,1.59,3.17,5.16,16.27,False,False,4.37,False,6.7,6.18,1.158,3.81,14.42,-10.27,-24.86,-13.52,2.04,2.04,130,9636079.29,7.44,-14.25,9.0968,-29.87,-30.31,7.0,False,BELOW_SMA50|NOT_NEAR_UNBROKEN_PIVOT|WEAK_RS,752,NASDAQ:SVC,https://www.tradingview.com/chart/?symbol=NASDAQ%3ASVC
ATLC,2026-10-07,94.64,84.9,COILED,NEAR_UPPER_EDGE,NONE,1.19,0.4,6.35,16.27,False,False,7.14,False,94.68,85.9,1.086,3.69,10.66,2.2,-3.26,-1.1,2.39,2.52,999,10335660.95,95.99,-1.41,114.34,-17.23,-7.31,52.0,False,WEAK_RS,752,NASDAQ:ATLC,https://www.tradingview.com/chart/?symbol=NASDAQ%3AATLC
HRTG,2026-10-07,34.54,84.72,COILED,NEAR_UPPER_EDGE,NONE,0.4,1.59,14.29,10.71,False,False,2.78,False,34.66,32.71,3.419,2.77,8.25,1.44,25.6,3.24,1.51,14.26,43,9827873.68,35.56,-2.87,36.5,-5.37,23.71,93.0,False,POST_GAP_COIL,752,NYSE:HRTG,https://www.tradingview.com/chart/?symbol=NYSE%3AHRTG
KEY-PI,2026-10-07,25.01,84.72,COILED,NEAR_UPPER_EDGE,NONE,4.37,9.92,1.59,4.37,False,False,23.02,True,25.09,24.85,0.625,0.36,1.16,0.08,1.35,0.28,0.32,0.32,999,1453833.23,25.14,-0.52,25.04,-0.12,-2.16,66.0,False,EVENT_PRICE_PEG|LOW_LIQUIDITY|WEAK_RS,752,NYSE:KEY.PI,https://www.tradingview.com/chart/?symbol=NYSE%3AKEY.PI
REPL,2026-10-07,13.2,84.7,COILED,INSIDE_COIL,NONE,10.71,6.75,0.4,3.97,False,False,7.54,False,13.83,12.07,0.756,6.18,18.18,-8.65,33.74,-2.01,1.78,110.33,47,30220092.46,14.76,-10.57,16.33,-19.17,15.16,90.0,False,POST_GAP_COIL|EXTENDED_60D_RUN|NOT_NEAR_UNBROKEN_PIVOT,752,NASDAQ:REPL,https://www.tradingview.com/chart/?symbol=NASDAQ%3AREPL
UBER,2026-10-07,68.45,84.6,COILED,NEAR_LOWER_EDGE,NONE,0.4,0.4,9.13,35.32,False,False,0.79,True,70.08,67.22,0.663,2.54,9.15,-3.7,-5.04,-6.33,1.14,4.15,999,1280699571.96,73.48,-6.85,82.365,-16.89,-11.59,40.0,False,BELOW_SMA50|NOT_NEAR_UNBROKEN_PIVOT|WEAK_RS,752,NYSE:UBER,https://www.tradingview.com/chart/?symbol=NYSE%3AUBER
NBIS,2026-10-07,237.15,84.52,COILED,INSIDE_COIL,NONE,5.16,11.51,1.19,11.9,False,False,0.79,False,255.1,226.39,1.027,6.9,21.6,-1.33,22.19,6.66,9.86,16.96,39,3611444135.11,255.1,-7.04,299.86,-20.91,6.04,81.0,False,POST_GAP_COIL|NOT_NEAR_UNBROKEN_PIVOT,492,NASDAQ:NBIS,https://www.tradingview.com/chart/?symbol=NASDAQ%3ANBIS
PDD,2026-10-07,78.5,84.5,COILED,NEAR_UPPER_EDGE,NONE,8.73,3.17,0.4,12.3,False,False,7.94,False,79.52,74.72,0.792,2.33,7.69,-0.14,-6.45,-5.88,1.19,2.91,343,470162795.63,80.76,-2.8,108.23,-27.47,-12.24,38.0,False,BELOW_SMA50|WEAK_RS,752,NASDAQ:PDD,https://www.tradingview.com/chart/?symbol=NASDAQ%3APDD
AMPX,2026-10-07,9.33,84.44,COILED,NEAR_LOWER_EDGE,NONE,0.4,3.17,0.4,2.38,False,False,29.37,False,11.23,9.31,1.359,6.17,26.53,-5.47,-16.1,-8.01,11.59,14.71,7,52555884.95,11.23,-16.92,24.225,-61.49,-25.11,12.0,False,POST_GAP_COIL|BELOW_SMA50|NOT_NEAR_UNBROKEN_PIVOT|WEAK_RS,752,NYSE:AMPX,https://www.tradingview.com/chart/?symbol=NYSE%3AAMPX
PI,2026-10-07,191.04,84.4,COILED,NEAR_UPPER_EDGE,NONE,0.4,0.79,3.57,27.38,False,False,3.57,False,192.645,172.4,1.602,3.94,16.48,15.99,32.12,10.78,3.54,7.67,110,73432452.72,192.645,-0.83,185.0,3.26,28.65,95.0,False,RECENT_SURGE|EXTENDED_60D_RUN,752,NASDAQ:PI,https://www.tradingview.com/chart/?symbol=NASDAQ%3API
LMND,2026-10-07,46.83,84.4,COILED,INSIDE_COIL,NONE,1.19,0.4,10.32,17.46,False,False,3.97,False,48.47,43.28,0.849,4.17,16.46,-4.86,-33.23,-6.34,2.65,20.77,49,49644556.63,50.99,-8.16,81.23,-42.35,-37.06,4.0,False,POST_GAP_COIL|BELOW_SMA50|NOT_NEAR_UNBROKEN_PIVOT|WEAK_RS,752,NYSE:LMND,https://www.tradingview.com/chart/?symbol=NYSE%3ALMND
RGTI,2026-10-07,14.59,84.38,COILED,NEAR_LOWER_EDGE,NONE,0.79,2.38,4.37,11.51,False,False,15.87,False,17.66,14.815,0.929,5.96,22.28,-4.27,-9.44,-9.68,6.69,7.8,95,242609571.38,17.66,-17.38,28.06,-48.0,-17.78,24.0,False,BELOW_SMA50|NOT_NEAR_UNBROKEN_PIVOT|WEAK_RS,752,NASDAQ:RGTI,https://www.tradingview.com/chart/?symbol=NASDAQ%3ARGTI
GIII,2026-10-07,26.95,84.37,COILED,NEAR_LOWER_EDGE,NONE,3.97,11.9,3.97,10.71,False,False,0.4,False,28.15,26.63,0.767,2.93,8.76,-1.79,-20.87,-12.77,4.14,4.14,85,21479588.93,28.97,-6.97,37.4051,-27.95,-24.5,13.0,False,BELOW_SMA50|NOT_NEAR_UNBROKEN_PIVOT|WEAK_RS,752,NASDAQ:GIII,https://www.tradingview.com/chart/?symbol=NASDAQ%3AGIII
WMK,2026-10-07,73.26,84.33,COILED,NEAR_UPPER_EDGE,NONE,2.78,8.33,2.38,18.65,False,False,1.19,False,74.54,71.41,1.269,2.3,8.0,5.02,-5.57,0.96,1.4,1.83,999,16901388.39,75.32,-2.73,83.3519,-12.11,-10.68,43.0,False,WEAK_RS,752,NYSE:WMK,https://www.tradingview.com/chart/?symbol=NYSE%3AWMK
DRS,2026-10-07,35.78,84.33,COILED,RANGE_EXIT_CONFIRMED,DOWN_EXPANSION_CONFIRMED,3.17,6.35,3.97,8.73,False,False,11.11,False,38.17,35.99,1.377,2.74,8.75,-0.78,-19.2,-10.15,2.03,2.03,999,36701884.19,38.25,-6.46,50.4892,-29.13,-23.39,15.0,False,ALREADY_EXPANDING|BELOW_SMA50|NOT_NEAR_UNBROKEN_PIVOT|WEAK_RS,752,NASDAQ:DRS,https://www.tradingview.com/chart/?symbol=NASDAQ%3ADRS
DXCM,2026-10-07,84.3,84.31,COILED,NEAR_LOWER_EDGE,NONE,10.71,6.75,8.73,14.29,False,True,8.73,False,90.05,82.86,1.222,2.72,9.61,0.5,13.73,-3.18,1.07,7.16,233,343495797.12,90.39,-6.74,92.59,-8.95,11.8,87.0,False,BELOW_SMA50|NOT_NEAR_UNBROKEN_PIVOT,752,NASDAQ:DXCM,https://www.tradingview.com/chart/?symbol=NASDAQ%3ADXCM
IVZ,2026-10-07,30.5,84.29,COILED,INSIDE_COIL,NONE,1.98,11.51,6.75,9.92,False,False,1.19,False,31.29,29.61,0.957,2.72,10.79,-4.95,6.87,-2.82,2.17,2.17,999,142542282.65,32.85,-7.15,33.66,-9.39,3.67,78.0,False,NOT_NEAR_UNBROKEN_PIVOT,752,NYSE:IVZ,https://www.tradingview.com/chart/?symbol=NYSE%3AIVZ
BNT,2026-10-07,36.91,84.21,COILED,NEAR_UPPER_EDGE,NONE,2.78,2.78,4.37,21.83,False,False,3.57,False,37.38,35.73,1.036,1.86,7.94,-4.3,-15.61,-8.4,3.37,3.37,999,698414.19,38.9385,-5.21,48.3758,-23.7,-17.97,23.0,False,BELOW_SMA50|NOT_NEAR_UNBROKEN_PIVOT|LOW_LIQUIDITY|WEAK_RS,752,NYSE:BNT,https://www.tradingview.com/chart/?symbol=NYSE%3ABNT
CARR,2026-10-07,55.0,84.17,COILED,NEAR_LOWER_EDGE,NONE,15.48,18.25,7.14,0.4,False,True,3.97,False,56.79,54.0,1.254,2.75,9.7,-5.09,-20.87,-6.46,3.17,3.17,999,399034415.95,59.73,-7.92,76.485,-28.09,-22.25,16.0,False,BELOW_SMA50|NOT_NEAR_UNBROKEN_PIVOT|WEAK_RS,752,NYSE:CARR,https://www.tradingview.com/chart/?symbol=NYSE%3ACARR
LWLG,2026-10-07,5.43,84.13,COILED,INSIDE_COIL,NONE,5.95,1.98,4.76,17.06,False,False,5.16,False,5.92,4.94,0.838,6.79,23.94,3.04,-20.96,-8.48,6.5,16.28,45,15586166.95,5.92,-8.28,18.71,-70.98,-27.06,10.0,False,POST_GAP_COIL|BELOW_SMA50|NOT_NEAR_UNBROKEN_PIVOT|WEAK_RS,752,NASDAQ:LWLG,https://www.tradingview.com/chart/?symbol=NASDAQ%3ALWLG
ANF,2026-10-07,139.44,84.12,COILED,INSIDE_COIL,NONE,11.51,10.32,2.38,11.11,False,False,9.13,True,144.49,130.81,0.671,3.88,13.76,-8.31,50.15,9.31,2.35,20.63,29,172714354.59,155.22,-10.17,154.58,-9.79,52.62,99.0,False,POST_GAP_COIL|EXTENDED_60D_RUN|NOT_NEAR_UNBROKEN_PIVOT,752,NYSE:ANF,https://www.tradingview.com/chart/?symbol=NYSE%3AANF
OPRA,2026-10-07,17.09,84.11,COILED,NEAR_LOWER_EDGE,NONE,0.4,2.38,5.56,25.0,False,False,3.17,False,18.24,17.15,1.098,2.97,10.94,-3.34,-15.1,-8.53,1.19,6.2,154,5635375.96,18.7,-8.61,20.78,-17.76,-15.1,29.0,False,BELOW_SMA50|NOT_NEAR_UNBROKEN_PIVOT|WEAK_RS,752,NASDAQ:OPRA,https://www.tradingview.com/chart/?symbol=NASDAQ%3AOPRA
KTB,2026-10-07,65.0,84.11,COILED,INSIDE_COIL,NONE,0.4,12.3,5.16,14.68,False,False,0.79,False,67.76,62.47,0.69,3.4,10.85,-3.22,-21.92,-11.4,1.99,4.92,151,50234740.07,70.67,-8.02,88.3193,-26.4,-25.86,12.0,False,BELOW_SMA50|NOT_NEAR_UNBROKEN_PIVOT|WEAK_RS,752,NYSE:KTB,https://www.tradingview.com/chart/?symbol=NYSE%3AKTB
MP,2026-10-07,46.31,84.05,COILED,INSIDE_COIL,NONE,9.13,1.98,3.17,16.67,False,False,3.97,False,50.78,44.49,1.63,5.33,19.94,-14.71,-8.82,-9.79,3.15,6.72,247,254478356.88,56.325,-17.78,76.8,-39.7,-14.09,32.0,False,BELOW_SMA50|NOT_NEAR_UNBROKEN_PIVOT|WEAK_RS,752,NYSE:MP,https://www.tradingview.com/chart/?symbol=NYSE%3AMP
KFRC,2026-10-07,51.74,83.99,COILED,INSIDE_COIL,NONE,0.79,16.27,1.19,5.16,False,True,30.56,False,54.94,49.66,1.169,3.49,10.2,1.55,-6.33,-5.49,2.26,3.01,112,11587917.4,54.94,-5.82,61.2008,-15.46,-5.1,58.0,False,BELOW_SMA50|NOT_NEAR_UNBROKEN_PIVOT|WEAK_RS,752,NYSE:KFRC,https://www.tradingview.com/chart/?symbol=NYSE%3AKFRC
SSL,2026-10-07,14.2,83.95,COILED,INSIDE_COIL,NONE,5.56,9.13,6.35,7.14,False,False,5.16,False,14.55,13.68,1.586,3.04,13.24,-2.61,31.85,11.03,3.64,6.6,79,26310664.05,15.18,-6.46,14.37,-1.18,33.55,96.0,False,EXTENDED_60D_RUN|NOT_NEAR_UNBROKEN_PIVOT,752,NYSE:SSL,https://www.tradingview.com/chart/?symbol=NYSE%3ASSL
AAT,2026-10-07,21.46,83.95,COILED,INSIDE_COIL,NONE,8.73,5.56,5.56,12.3,False,False,1.59,False,21.91,21.03,0.8,1.72,5.59,-0.56,-13.46,-2.92,1.12,4.27,999,10765361.02,22.23,-3.46,25.5758,-16.09,-16.73,26.0,False,WEAK_RS,752,NYSE:AAT,https://www.tradingview.com/chart/?symbol=NYSE%3AAAT
UMAC,2026-10-07,21.88,83.93,COILED,NEAR_LOWER_EDGE,NONE,0.4,3.17,2.38,19.05,False,False,13.49,False,25.78,21.55,1.314,8.13,23.49,-10.03,17.13,-10.62,4.7,16.85,37,59984679.08,26.2,-16.49,34.926,-37.35,1.9,75.0,False,POST_GAP_COIL|BELOW_SMA50|NOT_NEAR_UNBROKEN_PIVOT,664,AMEX:UMAC,https://www.tradingview.com/chart/?symbol=AMEX%3AUMAC
ALH,2026-10-07,21.1,83.92,COILED,INSIDE_COIL,NONE,4.78,10.55,0.87,8.54,False,False,10.37,False,22.12,20.64,1.145,3.33,7.54,-2.99,-18.34,-9.79,2.18,7.91,999,23994021.95,22.23,-5.08,28.23,-25.26,-21.68,17.0,False,BELOW_SMA50|NOT_NEAR_UNBROKEN_PIVOT|WEAK_RS,250,NYSE:ALH,https://www.tradingview.com/chart/?symbol=NYSE%3AALH
RBCAA,2026-10-07,91.89,83.85,COILED,INSIDE_COIL,NONE,2.38,0.79,10.32,11.11,False,False,11.9,False,94.98,89.99,1.184,1.9,9.38,-4.03,4.4,-3.59,1.12,1.54,999,9794020.35,98.6069,-6.81,101.6806,-9.63,0.73,72.0,False,BELOW_SMA50|NOT_NEAR_UNBROKEN_PIVOT,752,NASDAQ:RBCAA,https://www.tradingview.com/chart/?symbol=NASDAQ%3ARBCAA
PRCH,2026-10-07,17.31,83.83,COILED,INSIDE_COIL,NONE,1.19,8.33,1.59,26.98,False,False,12.7,True,17.98,15.915,0.404,4.81,14.38,5.68,25.89,4.62,2.77,23.79,48,26039612.16,17.98,-3.73,18.37,-5.77,10.61,86.0,False,POST_GAP_COIL,752,NASDAQ:PRCH,https://www.tradingview.com/chart/?symbol=NASDAQ%3APRCH
RHP,2026-10-07,119.29,83.81,COILED,NEAR_LOWER_EDGE,NONE,0.4,23.81,0.79,1.98,False,False,5.95,False,123.34,117.96,1.146,2.31,4.93,-1.65,-2.82,-3.36,1.13,2.9,999,69861758.55,123.34,-3.28,136.1088,-12.36,-8.52,49.0,False,BELOW_SMA50|WEAK_RS,752,NYSE:RHP,https://www.tradingview.com/chart/?symbol=NYSE%3ARHP
ESS,2026-10-07,268.05,83.79,COILED,NEAR_LOWER_EDGE,NONE,4.37,11.9,0.79,0.79,False,False,17.86,False,276.85,265.92,0.996,1.69,4.24,-1.37,-9.23,-3.29,1.1,2.29,999,149598229.59,276.85,-3.18,300.4818,-10.79,-10.7,42.0,False,BELOW_SMA50|WEAK_RS,752,NYSE:ESS,https://www.tradingview.com/chart/?symbol=NYSE%3AESS
VRT,2026-10-07,246.49,83.79,COILED,INSIDE_COIL,NONE,12.7,12.3,0.4,4.76,False,False,2.78,False,258.1,238.3,1.555,4.66,14.2,-6.22,-18.79,-4.77,11.28,11.28,17,1263487198.03,290.1589,-15.05,379.7628,-35.09,-27.54,10.0,False,POST_GAP_COIL|BELOW_SMA50|NOT_NEAR_UNBROKEN_PIVOT|WEAK_RS,752,NYSE:VRT,https://www.tradingview.com/chart/?symbol=NYSE%3AVRT
VCEL,2026-10-07,40.74,83.75,COILED,NEAR_UPPER_EDGE,NONE,13.49,3.97,2.78,11.11,False,False,3.57,False,41.45,38.21,1.508,3.32,10.06,4.49,-11.61,-2.61,1.45,4.89,105,22082951.68,41.45,-1.71,49.32,-17.4,-19.32,20.0,False,WEAK_RS,752,NASDAQ:VCEL,https://www.tradingview.com/chart/?symbol=NASDAQ%3AVCEL
CRSR,2026-10-07,13.59,83.71,COILED,INSIDE_COIL,NONE,13.1,11.11,0.4,2.38,False,False,6.75,False,14.42,13.06,0.792,4.32,17.44,10.22,40.83,8.4,4.21,19.53,42,14293619.49,14.42,-5.76,14.978,-9.27,38.65,97.0,False,POST_GAP_COIL|EXTENDED_60D_RUN|NOT_NEAR_UNBROKEN_PIVOT,752,NASDAQ:CRSR,https://www.tradingview.com/chart/?symbol=NASDAQ%3ACRSR
PACS,2026-10-07,43.19,83.69,COILED,NEAR_UPPER_EDGE,NONE,15.48,0.4,11.51,1.59,False,False,3.97,False,43.87,40.55,0.973,3.59,12.27,-3.16,-3.92,-1.35,1.69,3.97,102,35321235.11,45.85,-5.8,49.49,-12.73,-5.09,58.0,False,NOT_NEAR_UNBROKEN_PIVOT|WEAK_RS,625,NYSE:PACS,https://www.tradingview.com/chart/?symbol=NYSE%3APACS
LIF,2026-10-07,41.24,83.67,COILED,INSIDE_COIL,NONE,14.68,9.92,1.59,7.94,False,False,12.7,True,43.94,39.31,0.654,4.55,14.04,-2.02,-22.19,-10.76,6.6,22.61,40,25421843.4,45.1,-8.56,65.57,-37.11,-27.76,9.0,False,POST_GAP_COIL|BELOW_SMA50|NOT_NEAR_UNBROKEN_PIVOT|WEAK_RS,586,NASDAQ:LIF,https://www.tradingview.com/chart/?symbol=NASDAQ%3ALIF
ITRN,2026-10-07,52.2,83.65,COILED,NEAR_UPPER_EDGE,NONE,9.92,0.79,3.17,14.29,False,False,9.52,False,52.9,50.05,0.678,2.27,5.46,2.71,-4.51,0.51,1.5,5.22,999,5059196.92,52.9,-1.32,67.1077,-22.21,-9.99,45.0,False,WEAK_RS,752,NASDAQ:ITRN,https://www.tradingview.com/chart/?symbol=NASDAQ%3AITRN
STE,2026-10-07,209.68,83.61,COILED,NEAR_UPPER_EDGE,NONE,3.97,25.79,0.4,0.4,False,False,1.98,False,213.17,206.53,0.957,2.05,6.37,-2.52,0.76,-5.94,1.5,7.81,999,146745596.48,218.25,-3.93,240.6557,-12.87,-6.28,55.0,False,BELOW_SMA50|WEAK_RS,752,NYSE:STE,https://www.tradingview.com/chart/?symbol=NYSE%3ASTE
VSAT,2026-10-07,70.87,83.57,COILED,INSIDE_COIL,NONE,0.79,21.43,3.97,7.14,False,False,0.79,False,77.57,68.01,1.51,5.76,14.75,-2.06,1.47,-5.49,3.94,10.18,44,125343003.68,78.34,-9.54,93.03,-23.82,-2.97,64.0,False,POST_GAP_COIL|BELOW_SMA50|NOT_NEAR_UNBROKEN_PIVOT|WEAK_RS,752,NASDAQ:VSAT,https://www.tradingview.com/chart/?symbol=NASDAQ%3AVSAT
MDU,2026-10-07,18.89,83.57,COILED,NEAR_UPPER_EDGE,NONE,7.54,25.0,2.78,2.78,False,False,6.35,True,18.95,18.24,0.629,1.88,6.99,-2.85,-10.4,-3.0,2.1,6.07,999,39097514.42,19.9612,-5.37,22.6588,-16.63,-12.07,38.0,False,NOT_NEAR_UNBROKEN_PIVOT|WEAK_RS,752,NYSE:MDU,https://www.tradingview.com/chart/?symbol=NYSE%3AMDU
EBC,2026-10-07,20.86,83.55,COILED,INSIDE_COIL,NONE,1.98,5.56,7.14,10.71,False,False,12.7,False,21.565,20.42,1.458,2.02,8.05,-3.92,-6.41,-5.64,0.93,1.71,999,54533992.63,22.1,-5.61,23.6146,-11.66,-8.96,48.0,False,BELOW_SMA50|NOT_NEAR_UNBROKEN_PIVOT|WEAK_RS,752,NASDAQ:EBC,https://www.tradingview.com/chart/?symbol=NASDAQ%3AEBC
BIDU,2026-10-07,85.3,83.55,COILED,NEAR_LOWER_EDGE,NONE,1.59,1.19,4.76,32.54,False,False,0.4,False,90.42,83.95,1.409,2.73,11.58,-7.31,-22.26,-10.97,2.17,9.38,191,202236859.18,94.12,-9.37,152.37,-44.02,-31.06,7.0,False,BELOW_SMA50|NOT_NEAR_UNBROKEN_PIVOT|WEAK_RS,752,NASDAQ:BIDU,https://www.tradingview.com/chart/?symbol=NASDAQ%3ABIDU
NUTX,2026-10-07,213.02,83.39,COILED,INSIDE_COIL,NONE,12.3,1.59,1.59,12.7,False,False,10.71,False,226.158,198.25,1.301,4.9,16.97,7.76,19.43,10.98,2.39,8.44,148,34225253.39,226.158,-5.81,204.0,4.42,12.53,88.0,False,NOT_NEAR_UNBROKEN_PIVOT,752,NASDAQ:NUTX,https://www.tradingview.com/chart/?symbol=NASDAQ%3ANUTX
CZR,2026-10-07,29.49,83.37,COILED,RANGE_EXIT_CONFIRMED,DOWN_EXPANSION_CONFIRMED,5.16,5.95,8.33,5.95,False,False,12.3,False,29.77,29.5,3.056,0.4,1.22,-0.61,-1.21,-0.72,0.17,0.56,999,158726777.13,29.77,-0.94,30.83,-4.35,-4.59,60.0,False,ALREADY_EXPANDING|EVENT_PRICE_PEG|WEAK_RS,752,NASDAQ:CZR,https://www.tradingview.com/chart/?symbol=NASDAQ%3ACZR
H,2026-10-07,157.14,83.33,COILED,NEAR_LOWER_EDGE,NONE,1.59,21.43,4.37,1.59,False,False,6.35,False,164.22,155.33,0.805,2.83,7.1,-0.7,-17.09,-6.53,1.94,7.0,999,126759329.85,165.31,-4.94,206.6853,-23.97,-20.85,18.0,False,BELOW_SMA50|WEAK_RS,752,NYSE:H,https://www.tradingview.com/chart/?symbol=NYSE%3AH
CC,2026-10-07,13.98,83.29,COILED,INSIDE_COIL,NONE,1.19,0.4,6.35,20.63,False,False,13.49,False,14.94,13.14,0.963,3.77,16.52,-7.05,-24.52,-7.58,2.39,10.71,44,27524929.52,15.62,-10.5,28.4038,-50.78,-22.79,15.0,False,POST_GAP_COIL|BELOW_SMA50|NOT_NEAR_UNBROKEN_PIVOT|WEAK_RS,752,NYSE:CC,https://www.tradingview.com/chart/?symbol=NYSE%3ACC
MAC,2026-10-07,22.19,83.23,COILED,NEAR_LOWER_EDGE,NONE,16.67,4.76,0.79,6.75,False,False,8.73,False,23.18,22.04,1.436,2.26,5.32,-2.92,-10.17,-5.86,1.51,4.17,999,79430598.57,23.3432,-4.94,26.4794,-16.2,-13.97,32.0,False,BELOW_SMA50|WEAK_RS,752,NYSE:MAC,https://www.tradingview.com/chart/?symbol=NYSE%3AMAC
UNH,2026-10-07,375.98,83.23,COILED,NEAR_UPPER_EDGE,NONE,4.76,13.1,1.98,5.56,False,False,13.1,False,380.98,362.6,1.244,2.36,9.1,-3.76,-11.03,-3.46,1.24,7.38,175,1838052532.86,404.0421,-6.95,458.7949,-18.05,-16.02,27.0,False,BELOW_SMA50|NOT_NEAR_UNBROKEN_PIVOT|WEAK_RS,752,NYSE:UNH,https://www.tradingview.com/chart/?symbol=NYSE%3AUNH
GMED,2026-10-07,73.75,83.19,COILED,NEAR_LOWER_EDGE,NONE,5.16,14.29,1.19,4.76,False,False,13.1,False,77.66,73.67,1.868,2.65,6.54,-1.03,-2.73,-7.09,1.17,8.68,187,124623172.51,77.66,-5.03,97.39,-24.27,-7.42,51.0,False,BELOW_SMA50|NOT_NEAR_UNBROKEN_PIVOT|WEAK_RS,752,NYSE:GMED,https://www.tradingview.com/chart/?symbol=NYSE%3AGMED
CSTM,2026-10-07,25.42,83.15,COILED,NEAR_UPPER_EDGE,NONE,6.75,11.51,4.37,13.1,False,False,2.38,False,25.73,23.73,0.702,3.41,12.39,-6.54,-12.83,-5.4,2.56,4.34,409,41256633.85,28.08,-9.47,36.99,-31.28,-17.89,23.0,False,BELOW_SMA50|NOT_NEAR_UNBROKEN_PIVOT|WEAK_RS,752,NYSE:CSTM,https://www.tradingview.com/chart/?symbol=NYSE%3ACSTM
WPP,2026-10-07,25.43,83.08,COILED,INSIDE_COIL,NONE,10.71,9.92,1.19,11.11,False,False,5.95,False,26.09,24.45,1.032,2.9,7.43,2.17,39.65,1.18,4.73,25.86,43,8538036.99,26.34,-3.45,27.78,-8.46,43.0,97.0,False,POST_GAP_COIL|EXTENDED_60D_RUN,752,NYSE:WPP,https://www.tradingview.com/chart/?symbol=NYSE%3AWPP
GDRX,2026-10-07,3.25,83.07,COILED,NEAR_LOWER_EDGE,NONE,10.32,0.79,13.89,21.83,False,False,4.37,True,3.44,3.2,0.609,3.48,11.69,-2.69,7.97,-5.53,1.2,4.59,154,2647504.65,3.58,-9.22,3.89,-16.45,6.89,82.0,False,BELOW_SMA50|NOT_NEAR_UNBROKEN_PIVOT|LOW_LIQUIDITY,752,NASDAQ:GDRX,https://www.tradingview.com/chart/?symbol=NASDAQ%3AGDRX
ALK,2026-10-07,39.59,83.06,COILED,INSIDE_COIL,NONE,11.11,11.51,3.17,6.35,False,False,5.56,False,42.06,38.26,0.771,3.77,13.44,-1.91,-15.53,-7.67,4.01,5.05,126,122166677.34,43.58,-9.16,54.32,-27.12,-24.69,13.0,False,BELOW_SMA50|NOT_NEAR_UNBROKEN_PIVOT|WEAK_RS,752,NYSE:ALK,https://www.tradingview.com/chart/?symbol=NYSE%3AALK
XYZ,2026-10-07,76.07,83.04,COILED,NEAR_UPPER_EDGE,NONE,3.97,0.79,10.71,22.22,False,False,3.57,False,77.19,72.28,0.79,2.91,10.9,-4.19,-4.9,-4.21,2.58,2.85,153,297124642.4,80.57,-5.59,86.92,-12.48,-5.39,58.0,False,BELOW_SMA50|NOT_NEAR_UNBROKEN_PIVOT|WEAK_RS,752,NYSE:XYZ,https://www.tradingview.com/chart/?symbol=NYSE%3AXYZ
OPLN,2026-10-07,34.79,82.98,COILED,INSIDE_COIL,NONE,7.94,7.14,2.78,12.7,False,False,10.32,False,35.82,33.9,0.742,2.39,5.92,-1.28,-13.69,-2.3,1.73,6.59,999,40606544.35,35.91,-3.12,42.9,-18.9,-18.23,23.0,False,WEAK_RS,752,NYSE:OPLN,https://www.tradingview.com/chart/?symbol=NYSE%3AOPLN
ELF,2026-10-07,105.03,82.78,COILED,NEAR_UPPER_EDGE,NONE,0.4,0.4,7.94,30.16,False,False,6.35,False,106.97,97.0,1.274,3.79,14.82,4.95,45.37,6.91,2.52,3.77,229,132972976.43,106.97,-1.81,110.04,-4.55,34.98,96.0,False,EXTENDED_60D_RUN,752,NYSE:ELF,https://www.tradingview.com/chart/?symbol=NYSE%3AELF
GHC,2026-10-07,1169.6,82.76,COILED,RANGE_EXIT_CONFIRMED,UP_EXPANSION_CONFIRMED,7.14,5.56,2.38,23.41,False,False,4.76,False,1165.6,1120.0,2.439,2.36,5.81,4.67,-0.56,0.78,2.77,2.77,999,39784511.24,1172.35,-0.23,1262.35,-7.35,-2.48,65.0,False,ALREADY_EXPANDING|WEAK_RS,752,NYSE:GHC,https://www.tradingview.com/chart/?symbol=NYSE%3AGHC
LUNR,2026-10-07,14.41,82.72,COILED,INSIDE_COIL,NONE,15.87,8.73,5.56,5.95,False,False,2.38,False,16.21,13.92,1.108,7.14,19.29,-3.55,-3.35,-6.3,3.97,15.69,38,121429058.89,16.26,-11.38,46.75,-69.18,-18.38,22.0,False,POST_GAP_COIL|BELOW_SMA50|NOT_NEAR_UNBROKEN_PIVOT|WEAK_RS,752,NASDAQ:LUNR,https://www.tradingview.com/chart/?symbol=NASDAQ%3ALUNR
MSA,2026-10-07,179.28,82.66,COILED,NEAR_LOWER_EDGE,NONE,16.27,12.3,2.78,1.59,False,False,5.56,False,184.67,177.3,1.382,2.11,5.48,-2.99,7.13,-3.36,1.35,5.14,999,45620308.45,189.56,-5.42,196.0007,-8.53,3.46,77.0,False,BELOW_SMA50|NOT_NEAR_UNBROKEN_PIVOT,752,NYSE:MSA,https://www.tradingview.com/chart/?symbol=NYSE%3AMSA
JJSF,2026-10-07,79.33,82.65,COILED,NEAR_UPPER_EDGE,NONE,2.38,4.76,27.38,14.68,False,False,1.59,True,79.74,76.23,0.685,2.38,10.63,-2.62,5.85,-4.38,1.76,3.26,357,16737330.33,84.66,-6.3,91.3354,-13.14,2.44,76.0,False,BELOW_SMA50|NOT_NEAR_UNBROKEN_PIVOT,752,NASDAQ:JJSF,https://www.tradingview.com/chart/?symbol=NASDAQ%3AJJSF
ASA,2026-10-07,54.78,82.64,COILED,INSIDE_COIL,NONE,11.9,28.57,1.19,12.7,False,True,0.79,False,59.7,53.35,2.306,3.92,16.25,-12.99,5.77,-6.31,4.13,5.52,999,3046740.25,64.02,-14.43,71.8851,-23.8,1.51,74.0,False,BELOW_SMA50|NOT_NEAR_UNBROKEN_PIVOT|LOW_LIQUIDITY,752,NYSE:ASA,https://www.tradingview.com/chart/?symbol=NYSE%3AASA
BCPC,2026-10-07,166.41,82.64,COILED,NEAR_UPPER_EDGE,NONE,9.13,3.97,0.79,7.54,False,False,23.02,False,169.51,161.05,1.027,1.99,5.75,-1.15,3.45,-3.26,1.34,1.9,999,41919028.55,170.62,-2.47,182.99,-9.06,-1.89,67.0,False,BELOW_SMA50|WEAK_RS,752,NASDAQ:BCPC,https://www.tradingview.com/chart/?symbol=NASDAQ%3ABCPC
CCNE,2026-10-07,33.35,82.6,COILED,NEAR_LOWER_EDGE,NONE,1.98,11.11,2.78,7.54,False,False,20.63,False,34.59,32.7,0.791,2.05,7.47,-2.34,0.32,-2.51,1.04,1.57,999,4794923.72,35.19,-5.23,35.9668,-7.28,-3.42,63.0,False,NOT_NEAR_UNBROKEN_PIVOT|LOW_LIQUIDITY|WEAK_RS,752,NASDAQ:CCNE,https://www.tradingview.com/chart/?symbol=NASDAQ%3ACCNE
RH,2026-10-07,115.19,82.56,COILED,NEAR_LOWER_EDGE,NONE,2.38,9.13,12.3,44.44,True,False,6.75,False,131.43,114.89,1.02,5.15,26.09,-17.35,-34.01,-22.38,3.99,3.99,130,118125171.87,143.63,-19.8,200.99,-42.69,-35.22,4.0,False,BELOW_SMA50|NOT_NEAR_UNBROKEN_PIVOT|WEAK_RS,752,NYSE:RH,https://www.tradingview.com/chart/?symbol=NYSE%3ARH
UPST,2026-10-07,24.02,82.54,COILED,INSIDE_COIL,NONE,7.14,0.4,17.46,28.17,False,False,1.59,True,26.19,22.555,0.739,4.67,16.88,-7.22,-24.27,-11.92,4.32,14.1,44,109171474.98,26.93,-10.81,36.9,-34.91,-31.37,6.0,False,POST_GAP_COIL|BELOW_SMA50|NOT_NEAR_UNBROKEN_PIVOT|WEAK_RS,752,NASDAQ:UPST,https://www.tradingview.com/chart/?symbol=NASDAQ%3AUPST
SIG,2026-10-07,103.38,82.48,COILED,INSIDE_COIL,NONE,8.73,21.83,0.79,6.75,False,False,1.59,False,106.62,98.94,0.76,3.8,10.92,0.88,21.67,10.19,2.56,14.93,20,96061142.88,106.62,-3.04,100.41,2.96,20.6,92.0,False,POST_GAP_COIL,752,NYSE:SIG,https://www.tradingview.com/chart/?symbol=NYSE%3ASIG
SLS,2026-10-07,11.31,82.48,COILED,NEAR_LOWER_EDGE,NONE,27.38,15.08,3.57,5.56,False,True,3.17,False,12.53,11.1,0.582,7.31,26.97,-18.92,-15.53,-8.43,5.54,7.87,101,71238705.72,14.33,-21.07,15.88,-28.78,-19.93,19.0,False,BELOW_SMA50|NOT_NEAR_UNBROKEN_PIVOT|WEAK_RS,752,NASDAQ:SLS,https://www.tradingview.com/chart/?symbol=NASDAQ%3ASLS
TDY,2026-10-07,604.15,82.46,COILED,NEAR_LOWER_EDGE,NONE,6.75,8.73,5.56,19.44,False,False,2.78,False,625.35,601.93,2.285,1.87,5.83,1.5,-3.04,-4.35,1.27,2.64,999,169324275.45,625.35,-3.39,697.67,-13.4,-7.98,50.0,False,BELOW_SMA50|WEAK_RS,752,NYSE:TDY,https://www.tradingview.com/chart/?symbol=NYSE%3ATDY
ELAN,2026-10-07,22.36,82.46,COILED,INSIDE_COIL,NONE,1.19,30.16,1.19,16.67,False,False,3.57,True,23.39,21.62,0.568,3.29,8.99,-5.05,-12.49,-5.2,2.1,5.78,293,130899081.11,23.96,-6.68,27.98,-20.09,-12.83,36.0,False,BELOW_SMA50|NOT_NEAR_UNBROKEN_PIVOT|WEAK_RS,752,NYSE:ELAN,https://www.tradingview.com/chart/?symbol=NYSE%3AELAN
PVH,2026-10-07,78.33,82.42,COILED,NEAR_UPPER_EDGE,NONE,2.38,1.98,13.89,21.43,False,False,4.76,False,78.75,73.03,0.779,3.24,14.4,14.33,1.53,0.84,2.83,3.69,86,67250037.75,78.75,-0.53,100.6975,-22.21,-2.25,66.0,False,WEAK_RS,752,NYSE:PVH,https://www.tradingview.com/chart/?symbol=NYSE%3APVH
UAL,2026-10-07,110.17,82.38,COILED,NEAR_LOWER_EDGE,NONE,10.71,18.25,3.17,3.57,False,False,4.37,False,115.71,108.05,0.865,3.54,12.41,2.85,-8.46,-4.4,3.38,4.32,126,472554703.47,118.26,-6.84,138.77,-20.61,-18.28,22.0,False,BELOW_SMA50|NOT_NEAR_UNBROKEN_PIVOT|WEAK_RS,752,NASDAQ:UAL,https://www.tradingview.com/chart/?symbol=NASDAQ%3AUAL
LAMR,2026-10-07,143.24,82.36,COILED,NEAR_LOWER_EDGE,NONE,4.76,15.87,1.19,16.67,False,False,5.16,False,146.79,141.68,0.956,1.81,4.64,-2.66,-7.86,-4.16,0.97,0.97,999,82473209.88,148.324,-3.43,164.4606,-12.9,-14.36,31.0,False,BELOW_SMA50|WEAK_RS,752,NASDAQ:LAMR,https://www.tradingview.com/chart/?symbol=NASDAQ%3ALAMR
LGN,2026-10-07,53.35,82.35,COILED,INSIDE_COIL,NONE,4.02,22.22,0.4,5.56,False,False,9.92,False,56.74,50.59,1.458,5.69,12.04,-3.39,-23.57,-7.35,5.6,8.12,133,54659914.6,57.953,-7.94,107.238,-50.25,-31.53,6.0,False,BELOW_SMA50|NOT_NEAR_UNBROKEN_PIVOT|WEAK_RS,269,NASDAQ:LGN,https://www.tradingview.com/chart/?symbol=NASDAQ%3ALGN
ULCC,2026-10-07,6.07,82.32,COILED,INSIDE_COIL,NONE,5.95,2.78,7.94,13.49,False,False,15.48,False,6.45,5.55,0.949,4.98,17.13,7.43,-5.08,-2.42,4.8,4.8,126,15301382.45,6.45,-5.89,8.405,-27.78,-24.82,13.0,False,NOT_NEAR_UNBROKEN_PIVOT|WEAK_RS,752,NASDAQ:ULCC,https://www.tradingview.com/chart/?symbol=NASDAQ%3AULCC
HTHT,2026-10-07,41.93,82.2,COILED,NEAR_LOWER_EDGE,NONE,10.71,2.38,2.38,28.97,False,False,2.38,False,43.38,41.29,0.841,2.22,6.42,-4.66,3.72,-3.95,1.48,8.62,999,56488079.75,44.33,-5.41,53.9728,-22.31,0.73,72.0,False,BELOW_SMA50|NOT_NEAR_UNBROKEN_PIVOT,752,NASDAQ:HTHT,https://www.tradingview.com/chart/?symbol=NASDAQ%3AHTHT
XNCR,2026-10-07,24.26,82.16,COILED,INSIDE_COIL,NONE,4.37,18.25,0.79,4.76,False,False,16.27,False,26.35,23.305,0.681,5.34,12.55,-2.73,62.27,-0.9,2.99,10.69,43,36177364.85,26.35,-7.93,30.61,-20.74,46.89,98.0,False,POST_GAP_COIL|EXTENDED_60D_RUN|NOT_NEAR_UNBROKEN_PIVOT,752,NASDAQ:XNCR,https://www.tradingview.com/chart/?symbol=NASDAQ%3AXNCR
APLD,2026-10-07,23.81,82.16,COILED,NEAR_LOWER_EDGE,NONE,5.95,6.35,11.11,17.86,False,False,3.17,False,28.9,23.59,1.208,6.97,23.98,-12.27,-16.37,-12.11,7.44,9.73,83,477511403.45,29.099,-18.18,50.725,-53.06,-29.91,7.0,False,BELOW_SMA50|NOT_NEAR_UNBROKEN_PIVOT|WEAK_RS,752,NASDAQ:APLD,https://www.tradingview.com/chart/?symbol=NASDAQ%3AAPLD
LII,2026-10-07,358.43,82.16,COILED,INSIDE_COIL,NONE,3.57,23.81,1.98,3.97,False,False,9.13,False,376.4133,350.64,1.201,3.1,7.85,-4.26,-36.07,-8.05,4.32,9.76,999,177286278.62,385.6383,-7.06,585.0525,-38.74,-36.71,4.0,False,BELOW_SMA50|NOT_NEAR_UNBROKEN_PIVOT|WEAK_RS,752,NYSE:LII,https://www.tradingview.com/chart/?symbol=NYSE%3ALII
RZLV,2026-10-07,2.08,82.1,COILED,NEAR_LOWER_EDGE,NONE,2.38,9.92,2.78,25.0,False,False,7.54,False,2.39,2.05,0.615,5.64,16.35,-9.57,-17.13,-14.41,8.25,13.58,25,22061309.01,2.39,-12.97,3.35,-37.91,-24.26,14.0,False,POST_GAP_COIL|BELOW_SMA50|NOT_NEAR_UNBROKEN_PIVOT|LOW_LIQUIDITY|WEAK_RS,752,NASDAQ:RZLV,https://www.tradingview.com/chart/?symbol=NASDAQ%3ARZLV
ALX,2026-10-07,241.14,82.08,COILED,NEAR_LOWER_EDGE,NONE,4.76,1.19,3.57,27.38,False,False,12.7,False,253.02,240.17,1.579,2.08,8.02,-6.47,-11.27,-6.95,0.91,5.94,367,10718830.9,263.35,-8.43,284.7262,-15.31,-13.42,34.0,False,BELOW_SMA50|NOT_NEAR_UNBROKEN_PIVOT|WEAK_RS,752,NYSE:ALX,https://www.tradingview.com/chart/?symbol=NYSE%3AALX
DOV,2026-10-07,188.29,82.03,COILED,NEAR_LOWER_EDGE,NONE,9.52,30.95,0.4,3.17,False,True,15.48,False,194.77,185.21,1.223,2.12,5.72,-1.64,-11.84,-4.21,1.96,6.09,999,238591775.16,194.92,-3.4,233.0326,-19.2,-14.42,31.0,False,BELOW_SMA50|WEAK_RS,752,NYSE:DOV,https://www.tradingview.com/chart/?symbol=NYSE%3ADOV
MCBS,2026-10-07,34.56,82.0,COILED,INSIDE_COIL,NONE,9.52,0.79,11.51,11.11,False,False,13.1,False,35.45,33.82,0.889,1.88,5.87,-1.48,-1.49,-2.11,0.92,2.38,999,3085712.79,35.85,-3.6,37.1566,-6.99,-5.61,57.0,False,LOW_LIQUIDITY|WEAK_RS,752,NASDAQ:MCBS,https://www.tradingview.com/chart/?symbol=NASDAQ%3AMCBS
AMAL,2026-10-07,46.63,81.98,COILED,NEAR_LOWER_EDGE,NONE,13.89,17.86,1.19,0.79,False,False,8.73,False,48.95,46.23,0.868,2.27,8.08,-2.51,0.84,-3.92,1.28,3.28,999,14291498.58,49.51,-5.82,51.59,-9.61,-2.64,65.0,False,BELOW_SMA50|NOT_NEAR_UNBROKEN_PIVOT|WEAK_RS,752,NASDAQ:AMAL,https://www.tradingview.com/chart/?symbol=NASDAQ%3AAMAL
TOL,2026-10-07,133.86,81.94,COILED,NEAR_LOWER_EDGE,NONE,5.56,22.22,1.19,6.75,False,False,8.33,False,140.37,132.38,1.722,2.84,7.55,-0.88,-12.24,-5.88,2.53,2.53,999,162556524.74,140.37,-4.64,165.9385,-19.33,-13.2,35.0,False,BELOW_SMA50|WEAK_RS,752,NYSE:TOL,https://www.tradingview.com/chart/?symbol=NYSE%3ATOL
BAX,2026-10-07,23.97,81.92,COILED,NEAR_UPPER_EDGE,NONE,5.16,17.86,0.4,14.29,False,False,8.33,False,24.42,23.11,1.393,3.0,9.22,-1.72,10.0,-5.24,1.94,17.36,48,173163482.94,25.21,-4.92,29.9884,-20.07,3.11,77.0,False,POST_GAP_COIL|BELOW_SMA50,752,NYSE:BAX,https://www.tradingview.com/chart/?symbol=NYSE%3ABAX
BEN,2026-10-07,32.48,81.92,COILED,INSIDE_COIL,NONE,1.59,28.57,0.4,7.14,False,False,5.95,False,33.28,31.56,0.857,2.33,7.31,-3.84,-0.99,-2.56,1.63,1.95,999,134732644.96,34.5673,-6.04,35.9135,-9.56,-6.23,55.0,False,NOT_NEAR_UNBROKEN_PIVOT|WEAK_RS,752,NYSE:BEN,https://www.tradingview.com/chart/?symbol=NYSE%3ABEN
MMSI,2026-10-07,85.09,81.9,COILED,NEAR_LOWER_EDGE,NONE,9.52,17.86,1.98,14.29,False,False,13.89,True,88.9,84.22,0.64,2.4,5.62,-2.41,19.81,-3.16,1.35,5.15,999,48898888.42,88.9,-4.29,92.26,-7.77,15.42,90.0,False,BELOW_SMA50,752,NASDAQ:MMSI,https://www.tradingview.com/chart/?symbol=NASDAQ%3AMMSI
HST,2026-10-07,22.24,81.9,COILED,INSIDE_COIL,NONE,2.38,1.98,7.54,26.59,False,False,11.51,False,22.84,21.7643,1.371,1.89,6.75,1.81,-4.02,-1.58,1.13,5.53,999,192373312.58,22.84,-2.63,25.4809,-12.72,-6.76,54.0,False,WEAK_RS,752,NASDAQ:HST,https://www.tradingview.com/chart/?symbol=NASDAQ%3AHST
FLY,2026-10-07,21.51,81.87,COILED,NEAR_LOWER_EDGE,NONE,9.92,10.32,5.56,6.75,False,False,13.1,False,25.58,21.35,1.034,7.76,27.99,-1.38,-0.19,-5.91,4.55,4.63,107,78013915.49,25.58,-15.91,62.17,-65.4,-18.56,22.0,False,BELOW_SMA50|NOT_NEAR_UNBROKEN_PIVOT|WEAK_RS,294,NASDAQ:FLY,https://www.tradingview.com/chart/?symbol=NASDAQ%3AFLY
CII,2026-10-07,24.14,81.86,COILED,NEAR_UPPER_EDGE,NONE,24.21,20.24,1.19,5.16,False,False,1.59,True,24.4,23.84,0.75,1.38,3.36,0.13,-5.12,-0.21,1.05,2.19,999,1538562.13,24.5059,-1.49,25.7182,-6.14,-8.18,50.0,False,LOW_LIQUIDITY|WEAK_RS,752,NYSE:CII,https://www.tradingview.com/chart/?symbol=NYSE%3ACII
ALGT,2026-10-07,76.28,81.85,COILED,INSIDE_COIL,NONE,7.54,19.44,1.59,15.48,False,False,0.79,False,80.92,74.33,0.836,4.66,13.99,-0.38,-26.86,-7.52,4.09,8.36,126,39039322.19,85.0,-10.26,123.63,-38.3,-37.12,4.0,False,BELOW_SMA50|NOT_NEAR_UNBROKEN_PIVOT|WEAK_RS,752,NASDAQ:ALGT,https://www.tradingview.com/chart/?symbol=NASDAQ%3AALGT
CELH,2026-10-07,26.92,81.82,COILED,NEAR_LOWER_EDGE,NONE,10.71,21.43,2.38,13.89,False,False,7.94,True,29.46,26.43,0.679,4.39,13.89,-2.6,-10.68,-8.17,3.94,10.87,43,192852069.33,30.17,-10.77,36.9,-27.05,-15.45,28.0,False,POST_GAP_COIL|BELOW_SMA50|NOT_NEAR_UNBROKEN_PIVOT|WEAK_RS,752,NASDAQ:CELH,https://www.tradingview.com/chart/?symbol=NASDAQ%3ACELH
W,2026-10-07,104.47,81.8,COILED,INSIDE_COIL,NONE,15.48,3.97,4.76,16.27,False,False,19.44,True,108.46,94.25,0.629,4.59,13.81,4.34,17.73,3.16,3.64,23.08,45,243475075.06,108.68,-3.87,118.305,-11.69,12.05,87.0,False,POST_GAP_COIL,752,NYSE:W,https://www.tradingview.com/chart/?symbol=NYSE%3AW
HAE,2026-10-07,101.71,81.77,COILED,NEAR_LOWER_EDGE,NONE,5.16,7.54,6.75,18.25,False,False,10.71,False,110.28,102.8,1.034,2.59,9.75,-1.41,36.69,1.45,4.18,13.55,35,59433302.67,110.45,-7.91,109.57,-7.17,31.96,96.0,False,POST_GAP_COIL|EXTENDED_60D_RUN|NOT_NEAR_UNBROKEN_PIVOT,752,NYSE:HAE,https://www.tradingview.com/chart/?symbol=NYSE%3AHAE
LSTR,2026-10-07,166.98,81.77,COILED,INSIDE_COIL,NONE,1.59,7.94,5.16,11.51,False,False,23.81,False,175.53,162.15,0.985,2.6,8.01,-3.8,-20.84,-5.06,1.92,4.36,999,60064262.16,178.37,-6.39,227.9402,-26.74,-23.07,15.0,False,BELOW_SMA50|NOT_NEAR_UNBROKEN_PIVOT|WEAK_RS,752,NASDAQ:LSTR,https://www.tradingview.com/chart/?symbol=NASDAQ%3ALSTR
KEP,2026-10-07,11.13,81.69,COILED,INSIDE_COIL,NONE,5.95,5.56,17.86,14.68,False,False,1.59,False,11.37,10.78,1.174,2.45,13.93,-8.85,-3.55,-4.2,4.83,5.61,151,9160408.73,12.41,-10.31,16.19,-31.25,-10.51,43.0,False,BELOW_SMA50|NOT_NEAR_UNBROKEN_PIVOT|WEAK_RS,752,NYSE:KEP,https://www.tradingview.com/chart/?symbol=NYSE%3AKEP
BCC,2026-10-07,72.92,81.65,COILED,NEAR_LOWER_EDGE,NONE,3.17,13.49,2.78,17.46,False,False,12.3,False,79.305,72.8,1.298,3.19,9.47,-3.96,-1.29,-7.31,2.48,2.89,999,27621575.4,79.305,-8.05,88.1693,-17.3,-2.41,66.0,False,BELOW_SMA50|NOT_NEAR_UNBROKEN_PIVOT|WEAK_RS,752,NYSE:BCC,https://www.tradingview.com/chart/?symbol=NYSE%3ABCC
JD,2026-10-07,27.03,81.65,COILED,NEAR_UPPER_EDGE,NONE,9.92,5.95,3.57,17.46,False,False,12.3,False,27.24,25.71,1.042,1.95,7.42,0.11,-6.28,-5.97,1.32,3.6,508,160778717.31,27.715,-2.47,34.3,-21.2,-6.21,56.0,False,BELOW_SMA50|WEAK_RS,752,NASDAQ:JD,https://www.tradingview.com/chart/?symbol=NASDAQ%3AJD
SWK,2026-10-07,88.31,81.63,COILED,INSIDE_COIL,NONE,7.54,25.0,0.4,0.4,False,False,11.51,False,92.35,85.88,1.48,3.08,7.33,-3.68,1.96,-6.69,2.37,2.37,353,155516233.28,93.84,-5.89,103.7768,-14.9,-1.05,69.0,False,BELOW_SMA50|NOT_NEAR_UNBROKEN_PIVOT|WEAK_RS,752,NYSE:SWK,https://www.tradingview.com/chart/?symbol=NYSE%3ASWK
GEHC,2026-10-07,64.67,81.61,COILED,INSIDE_COIL,NONE,1.98,11.51,4.37,22.62,False,False,9.52,False,67.1,63.37,0.837,2.4,6.35,-0.77,4.94,-6.15,2.27,8.13,353,247362643.76,67.1,-3.62,75.9071,-14.8,-3.64,62.0,False,BELOW_SMA50|WEAK_RS,752,NASDAQ:GEHC,https://www.tradingview.com/chart/?symbol=NASDAQ%3AGEHC
RDW,2026-10-07,10.24,81.59,COILED,NEAR_LOWER_EDGE,NONE,4.76,11.51,5.56,9.92,False,False,17.06,False,12.07,10.24,0.973,7.24,21.19,-4.3,5.13,-8.55,3.48,14.18,43,154931972.45,12.07,-15.16,26.64,-61.56,-5.85,56.0,False,POST_GAP_COIL|BELOW_SMA50|NOT_NEAR_UNBROKEN_PIVOT|WEAK_RS,752,NYSE:RDW,https://www.tradingview.com/chart/?symbol=NYSE%3ARDW
APTV,2026-10-07,44.22,81.53,COILED,INSIDE_COIL,NONE,16.67,27.38,5.56,3.57,False,True,6.75,False,45.38,42.56,0.969,3.17,9.02,-0.65,-23.84,-5.64,2.05,11.85,45,164005116.82,46.55,-5.01,78.49,-43.66,-29.78,8.0,False,POST_GAP_COIL|BELOW_SMA50|NOT_NEAR_UNBROKEN_PIVOT|WEAK_RS,752,NYSE:APTV,https://www.tradingview.com/chart/?symbol=NYSE%3AAPTV
NATL,2026-10-07,45.47,81.52,COILED,NEAR_UPPER_EDGE,NONE,0.79,0.4,15.48,27.78,False,False,19.84,True,46.31,44.71,0.593,1.22,4.64,-1.11,-0.5,-1.57,0.84,2.13,999,39662671.01,46.82,-2.88,48.2,-5.66,-2.09,67.0,False,WEAK_RS,750,NYSE:NATL,https://www.tradingview.com/chart/?symbol=NYSE%3ANATL
DEO,2026-10-07,84.73,81.5,COILED,NEAR_LOWER_EDGE,NONE,3.17,9.13,2.38,37.7,False,False,12.7,True,87.56,83.2,0.826,1.81,7.39,-1.59,4.68,-5.4,2.79,6.28,155,87179242.26,89.46,-5.29,97.13,-12.77,1.46,74.0,False,BELOW_SMA50|NOT_NEAR_UNBROKEN_PIVOT,752,NYSE:DEO,https://www.tradingview.com/chart/?symbol=NYSE%3ADEO
OGN,2026-10-07,13.79,81.47,COILED,RANGE_EXIT_CONFIRMED,UP_EXPANSION_CONFIRMED,3.17,11.11,12.3,16.27,False,False,5.16,False,13.76,13.7,1.4,0.31,1.16,0.88,2.3,0.76,0.29,0.37,113,29283061.3,13.78,0.07,13.785,0.04,-1.28,69.0,False,ALREADY_EXPANDING|EVENT_PRICE_PEG|WEAK_RS,752,NYSE:OGN,https://www.tradingview.com/chart/?symbol=NYSE%3AOGN
RDDT,2026-10-07,152.71,81.47,COILED,NEAR_UPPER_EDGE,NONE,7.54,2.78,11.51,27.38,False,False,0.4,False,154.94,141.322,1.234,4.74,16.28,4.28,-24.87,-1.37,2.76,17.04,37,721043274.7,166.18,-8.11,208.05,-26.6,-27.41,10.0,False,POST_GAP_COIL|NOT_NEAR_UNBROKEN_PIVOT|WEAK_RS,639,NYSE:RDDT,https://www.tradingview.com/chart/?symbol=NYSE%3ARDDT
BABA,2026-10-07,107.0,81.43,COILED,NEAR_LOWER_EDGE,NONE,21.43,4.37,6.35,10.71,False,False,3.57,False,112.28,105.0,1.091,2.8,14.39,-2.19,-4.74,-8.21,3.8,4.52,999,906005300.78,120.4,-11.13,145.5334,-26.48,-7.38,52.0,False,BELOW_SMA50|NOT_NEAR_UNBROKEN_PIVOT|WEAK_RS,752,NYSE:BABA,https://www.tradingview.com/chart/?symbol=NYSE%3ABABA
LYFT,2026-10-07,15.6,81.42,COILED,INSIDE_COIL,NONE,0.4,0.4,13.1,30.16,False,False,21.83,True,15.93,14.445,0.9,3.23,9.74,4.7,-0.06,-3.95,1.9,3.19,164,136879598.74,15.965,-2.29,17.98,-13.24,-4.54,60.0,False,BELOW_SMA50|WEAK_RS,752,NASDAQ:LYFT,https://www.tradingview.com/chart/?symbol=NASDAQ%3ALYFT
BEAM,2026-10-07,24.77,81.41,COILED,INSIDE_COIL,NONE,2.38,17.86,1.59,5.56,False,False,22.62,False,26.94,23.16,0.724,5.82,17.24,-1.61,-19.81,-6.74,5.11,9.78,480,45866818.88,26.94,-8.05,38.26,-35.26,-34.5,5.0,False,BELOW_SMA50|NOT_NEAR_UNBROKEN_PIVOT|WEAK_RS,752,NASDAQ:BEAM,https://www.tradingview.com/chart/?symbol=NASDAQ%3ABEAM
DOW,2026-10-07,27.77,81.37,COILED,INSIDE_COIL,NONE,1.19,6.35,12.7,19.05,False,False,11.51,False,29.125,26.605,1.124,3.19,13.97,-5.54,-7.32,-6.18,1.78,3.05,126,255707809.6,30.485,-8.91,40.5865,-31.58,-5.08,59.0,False,BELOW_SMA50|NOT_NEAR_UNBROKEN_PIVOT|WEAK_RS,752,NYSE:DOW,https://www.tradingview.com/chart/?symbol=NYSE%3ADOW
BFST,2026-10-07,30.44,81.35,COILED,INSIDE_COIL,NONE,2.78,6.35,7.94,6.35,False,False,28.57,False,31.12,29.51,0.883,1.64,7.85,-2.15,1.33,-2.56,1.08,1.51,999,6612936.18,31.9,-4.58,32.3739,-5.97,-1.98,67.0,False,WEAK_RS,752,NASDAQ:BFST,https://www.tradingview.com/chart/?symbol=NASDAQ%3ABFST
HYMC,2026-10-07,17.96,81.35,COILED,NEAR_LOWER_EDGE,NONE,3.97,20.24,4.76,34.52,True,False,17.86,False,21.78,17.87,1.404,7.59,27.87,-21.26,-17.84,-20.97,6.51,11.05,42,43639426.67,23.65,-24.06,46.3,-61.21,-21.27,17.0,False,POST_GAP_COIL|BELOW_SMA50|NOT_NEAR_UNBROKEN_PIVOT|WEAK_RS,752,NASDAQ:HYMC,https://www.tradingview.com/chart/?symbol=NASDAQ%3AHYMC
JOBY,2026-10-07,5.75,81.31,COILED,NEAR_LOWER_EDGE,NONE,0.4,0.79,7.14,40.08,False,False,6.75,False,6.44,5.72,0.833,4.7,17.57,-10.44,-27.12,-16.99,3.13,4.49,173,144397986.17,6.81,-15.57,12.475,-53.91,-31.69,6.0,False,BELOW_SMA50|NOT_NEAR_UNBROKEN_PIVOT|WEAK_RS,752,NYSE:JOBY,https://www.tradingview.com/chart/?symbol=NYSE%3AJOBY
TE,2026-10-07,3.73,81.31,COILED,INSIDE_COIL,NONE,0.4,3.57,13.89,33.73,False,False,0.4,False,4.33,3.52,0.88,8.33,34.85,-24.03,-45.47,-16.79,5.42,11.86,28,74082294.98,5.1,-26.86,12.49,-70.14,-52.27,1.0,False,POST_GAP_COIL|BELOW_SMA50|NOT_NEAR_UNBROKEN_PIVOT|LOW_LIQUIDITY|WEAK_RS,752,NYSE:TE,https://www.tradingview.com/chart/?symbol=NYSE%3ATE
LLYVK,2026-10-07,98.11,81.29,COILED,INSIDE_COIL,NONE,2.38,23.41,0.79,5.56,False,False,17.06,False,101.33,94.6,0.678,2.75,6.97,1.22,-5.78,-3.39,1.25,1.35,999,31622097.58,101.435,-3.28,109.75,-10.61,-10.59,43.0,False,BELOW_SMA50|WEAK_RS,752,NASDAQ:LLYVK,https://www.tradingview.com/chart/?symbol=NASDAQ%3ALLYVK
WTM,2026-10-07,2031.5,81.29,COILED,NEAR_UPPER_EDGE,NONE,0.79,0.79,15.48,33.33,False,False,1.98,False,2069.8899,1997.13,1.163,1.72,4.98,-0.94,-6.29,-2.61,1.31,1.31,999,39242215.96,2098.3999,-3.19,2333.0,-12.92,-10.69,42.0,False,WEAK_RS,752,NYSE:WTM,https://www.tradingview.com/chart/?symbol=NYSE%3AWTM
XPO,2026-10-07,180.36,81.21,COILED,INSIDE_COIL,NONE,0.4,5.95,0.4,24.6,False,False,25.0,False,189.32,171.39,0.623,3.36,10.46,-2.11,-14.1,-4.92,2.3,4.19,168,204933209.62,190.6,-5.37,232.05,-22.28,-16.95,25.0,False,BELOW_SMA50|NOT_NEAR_UNBROKEN_PIVOT|WEAK_RS,752,NYSE:XPO,https://www.tradingview.com/chart/?symbol=NYSE%3AXPO
FCX,2026-10-07,71.86,81.15,COILED,INSIDE_COIL,NONE,14.68,20.63,1.19,2.78,False,False,7.54,False,74.45,68.2,0.808,3.72,10.98,-5.73,16.28,1.02,7.84,7.84,115,819625793.77,78.13,-8.03,80.24,-10.44,15.36,90.0,False,NOT_NEAR_UNBROKEN_PIVOT,752,NYSE:FCX,https://www.tradingview.com/chart/?symbol=NYSE%3AFCX
PAYC,2026-10-07,223.58,81.08,COILED,INSIDE_COIL,NONE,6.75,25.79,7.14,9.13,False,True,17.46,False,229.035,212.4,0.757,3.23,9.15,3.71,55.88,2.85,3.65,21.79,43,158999074.21,232.86,-3.99,244.98,-8.74,56.82,99.0,False,POST_GAP_COIL|EXTENDED_60D_RUN,752,NYSE:PAYC,https://www.tradingview.com/chart/?symbol=NYSE%3APAYC
FSUN,2026-10-07,38.48,81.03,COILED,INSIDE_COIL,NONE,9.52,11.9,7.94,9.92,False,False,10.71,False,39.875,37.71,0.829,2.29,8.1,-3.58,9.01,-3.27,1.2,2.38,112,15958529.43,40.825,-5.74,41.335,-6.91,-2.2,66.0,False,BELOW_SMA50|NOT_NEAR_UNBROKEN_PIVOT|WEAK_RS,752,NASDAQ:FSUN,https://www.tradingview.com/chart/?symbol=NASDAQ%3AFSUN
WB,2026-10-07,6.48,81.03,COILED,INSIDE_COIL,NONE,15.48,2.78,3.97,22.62,False,False,7.54,False,6.68,6.27,0.923,1.89,8.02,-2.26,-15.4,-8.21,1.22,2.67,999,6292183.39,6.79,-4.57,8.93,-27.44,-19.71,19.0,False,BELOW_SMA50|WEAK_RS,752,NASDAQ:WB,https://www.tradingview.com/chart/?symbol=NASDAQ%3AWB
SOLV,2026-10-07,85.88,80.99,COILED,NEAR_LOWER_EDGE,NONE,7.54,15.48,1.19,18.25,False,False,9.52,False,89.89,86.26,1.178,2.21,7.65,-4.61,12.59,-2.91,1.63,3.24,999,79028470.74,91.87,-6.52,94.16,-8.79,9.41,85.0,False,NOT_NEAR_UNBROKEN_PIVOT,636,NYSE:SOLV,https://www.tradingview.com/chart/?symbol=NYSE%3ASOLV
OTTR,2026-10-07,88.07,80.99,COILED,NEAR_LOWER_EDGE,NONE,19.05,17.86,0.4,1.19,False,False,9.13,False,90.55,87.05,0.707,1.97,5.81,-1.67,-1.63,-2.25,1.15,2.15,999,24056214.45,91.76,-4.02,94.4982,-6.8,-2.77,65.0,False,WEAK_RS,752,NASDAQ:OTTR,https://www.tradingview.com/chart/?symbol=NASDAQ%3AOTTR
TECK,2026-10-07,65.39,80.97,COILED,INSIDE_COIL,NONE,19.84,17.86,2.38,5.95,False,False,0.79,False,68.66,64.0,1.197,3.38,9.59,-6.91,8.97,-1.38,6.72,6.91,271,184301654.96,71.5627,-8.63,72.4614,-9.76,6.9,82.0,False,NOT_NEAR_UNBROKEN_PIVOT,752,NYSE:TECK,https://www.tradingview.com/chart/?symbol=NYSE%3ATECK
NBTB,2026-10-07,50.18,80.93,COILED,NEAR_LOWER_EDGE,NONE,5.16,13.49,7.94,11.51,False,False,13.49,False,51.83,49.46,0.804,1.78,6.22,-1.9,-0.13,-2.88,1.05,1.05,999,19576845.53,52.58,-4.56,54.076,-7.2,-2.4,66.0,False,WEAK_RS,752,NASDAQ:NBTB,https://www.tradingview.com/chart/?symbol=NASDAQ%3ANBTB
MD,2026-10-07,25.83,80.89,COILED,NEAR_LOWER_EDGE,NONE,6.75,23.02,7.14,10.32,False,False,1.19,False,26.82,25.4,0.84,3.11,9.21,-4.65,7.13,-1.96,1.51,10.25,45,20350754.12,27.56,-6.28,27.94,-7.55,-7.7,51.0,False,POST_GAP_COIL|NOT_NEAR_UNBROKEN_PIVOT|WEAK_RS,752,NYSE:MD,https://www.tradingview.com/chart/?symbol=NYSE%3AMD
ICFI,2026-10-07,82.85,80.87,COILED,INSIDE_COIL,NONE,7.94,5.95,10.32,16.27,False,False,12.3,False,86.79,81.01,0.977,2.88,10.86,-3.88,8.68,-4.19,1.53,2.33,403,15752546.05,90.01,-7.95,95.5312,-13.27,5.05,79.0,False,BELOW_SMA50|NOT_NEAR_UNBROKEN_PIVOT,752,NASDAQ:ICFI,https://www.tradingview.com/chart/?symbol=NASDAQ%3AICFI
MCB,2026-10-07,87.05,80.87,COILED,INSIDE_COIL,NONE,5.16,8.33,9.52,16.67,False,False,13.49,False,90.21,85.0,0.865,2.25,8.45,-3.5,-9.83,-4.27,1.11,11.88,54,11896289.35,92.36,-5.75,101.6582,-14.37,-14.38,31.0,False,POST_GAP_COIL|BELOW_SMA50|NOT_NEAR_UNBROKEN_PIVOT|WEAK_RS,752,NYSE:MCB,https://www.tradingview.com/chart/?symbol=NYSE%3AMCB
MEOH,2026-10-07,60.41,80.86,COILED,NEAR_UPPER_EDGE,NONE,11.11,15.08,16.67,9.92,False,True,13.89,False,61.31,57.01,1.26,3.21,12.42,-2.71,12.11,3.87,2.2,3.62,126,54664093.88,64.5143,-6.36,65.7929,-8.18,22.17,93.0,False,NOT_NEAR_UNBROKEN_PIVOT,752,NASDAQ:MEOH,https://www.tradingview.com/chart/?symbol=NASDAQ%3AMEOH
CNMD,2026-10-07,44.23,80.83,COILED,NEAR_LOWER_EDGE,NONE,17.46,19.05,3.57,1.59,False,False,19.44,True,48.25,44.31,0.593,3.6,9.68,-5.75,5.94,-7.9,2.83,9.91,360,16406994.31,48.25,-8.33,53.66,-17.57,16.9,91.0,False,BELOW_SMA50|NOT_NEAR_UNBROKEN_PIVOT,752,NYSE:CNMD,https://www.tradingview.com/chart/?symbol=NYSE%3ACNMD
AMZN,2026-10-07,259.92,80.83,COILED,RANGE_EXIT_CONFIRMED,UP_EXPANSION_CONFIRMED,12.3,6.75,5.95,13.89,False,False,13.89,False,256.68,244.73,1.245,2.17,6.09,2.98,5.02,0.74,2.08,12.53,47,9061757661.5,259.49,0.17,287.2,-9.5,1.56,74.0,False,ALREADY_EXPANDING|POST_GAP_COIL,752,NASDAQ:AMZN,https://www.tradingview.com/chart/?symbol=NASDAQ%3AAMZN
APA,2026-10-07,43.81,80.8,COILED,INSIDE_COIL,NONE,21.83,15.48,9.13,9.52,False,True,9.92,False,44.71,41.23,1.326,3.51,14.17,-2.3,27.77,4.07,2.79,5.48,126,267287417.3,47.44,-7.65,45.13,-2.92,28.88,95.0,False,NOT_NEAR_UNBROKEN_PIVOT,752,NASDAQ:APA,https://www.tradingview.com/chart/?symbol=NASDAQ%3AAPA
REAL,2026-10-07,9.4,80.79,COILED,INSIDE_COIL,NONE,12.3,0.79,13.89,16.67,False,False,8.73,False,9.92,8.53,1.109,4.63,17.02,-1.62,-13.6,-10.16,3.48,6.66,104,23674406.18,10.13,-7.21,13.82,-31.98,-14.55,30.0,False,BELOW_SMA50|NOT_NEAR_UNBROKEN_PIVOT|WEAK_RS,752,NASDAQ:REAL,https://www.tradingview.com/chart/?symbol=NASDAQ%3AREAL
KYIV,2026-10-07,12.51,80.77,COILED,INSIDE_COIL,NONE,0.4,2.78,20.63,45.24,True,False,17.86,False,13.46,12.24,0.595,3.03,15.43,-8.82,-17.21,-5.7,1.75,2.24,285,4522600.75,14.17,-11.71,16.55,-24.41,-22.21,16.0,False,BELOW_SMA50|NOT_NEAR_UNBROKEN_PIVOT|LOW_LIQUIDITY|WEAK_RS,462,NASDAQ:KYIV,https://www.tradingview.com/chart/?symbol=NASDAQ%3AKYIV
PTGX,2026-10-07,140.92,80.73,COILED,INSIDE_COIL,NONE,2.78,13.89,7.94,23.81,False,False,5.16,False,145.28,134.1,1.546,3.63,12.16,-2.87,7.35,-2.96,3.25,5.6,397,112330446.24,151.24,-6.82,160.81,-12.37,-1.27,69.0,False,NOT_NEAR_UNBROKEN_PIVOT|WEAK_RS,752,NASDAQ:PTGX,https://www.tradingview.com/chart/?symbol=NASDAQ%3APTGX
NSSC,2026-10-07,35.19,80.67,COILED,NEAR_LOWER_EDGE,NONE,7.94,18.25,1.98,9.13,False,False,15.48,False,36.76,34.52,3.083,3.03,6.91,-1.53,-1.51,-4.48,1.71,21.19,31,12113985.49,36.95,-4.76,51.5222,-31.7,-5.68,57.0,False,POST_GAP_COIL|BELOW_SMA50|WEAK_RS,752,NASDAQ:NSSC,https://www.tradingview.com/chart/?symbol=NASDAQ%3ANSSC
CL,2026-10-07,87.21,80.58,COILED,NEAR_UPPER_EDGE,NONE,7.54,7.54,5.56,15.08,False,False,20.24,False,88.05,83.99,0.457,1.7,7.51,-0.93,-3.65,-2.38,0.97,2.32,999,477541373.5,90.54,-3.68,95.4627,-8.64,-7.28,52.0,False,WEAK_RS,752,NYSE:CL,https://www.tradingview.com/chart/?symbol=NYSE%3ACL
EG,2026-10-07,362.3,80.56,COILED,NEAR_LOWER_EDGE,NONE,1.19,3.97,12.3,32.14,False,False,7.54,False,376.99,363.01,1.112,1.85,6.01,-1.51,-2.04,-2.42,1.68,3.87,999,159398238.53,383.04,-5.41,398.9011,-9.18,-5.46,57.0,False,NOT_NEAR_UNBROKEN_PIVOT|WEAK_RS,752,NYSE:EG,https://www.tradingview.com/chart/?symbol=NYSE%3AEG
DORM,2026-10-07,122.87,80.56,COILED,INSIDE_COIL,NONE,12.7,18.65,11.11,0.4,False,False,5.95,False,127.0,118.3,1.298,2.97,8.48,-2.95,-11.36,-4.9,1.95,11.3,45,29010024.29,130.21,-5.64,155.37,-20.92,-13.62,33.0,False,POST_GAP_COIL|BELOW_SMA50|NOT_NEAR_UNBROKEN_PIVOT|WEAK_RS,752,NASDAQ:DORM,https://www.tradingview.com/chart/?symbol=NASDAQ%3ADORM
FND,2026-10-07,45.82,80.52,COILED,INSIDE_COIL,NONE,11.51,21.83,1.59,12.7,False,False,3.97,False,49.67,44.19,0.889,4.21,11.96,-3.7,-18.43,-11.7,3.44,5.8,408,117999378.89,49.67,-7.75,63.25,-27.56,-21.21,17.0,False,BELOW_SMA50|NOT_NEAR_UNBROKEN_PIVOT|WEAK_RS,752,NYSE:FND,https://www.tradingview.com/chart/?symbol=NYSE%3AFND
KNSA,2026-10-07,77.96,80.48,COILED,NEAR_UPPER_EDGE,NONE,8.33,16.67,3.57,7.54,False,False,17.86,False,78.23,73.14,1.62,3.4,8.49,-0.71,25.78,0.58,2.12,10.27,50,42547080.95,80.22,-2.82,82.94,-6.0,15.59,90.0,False,POST_GAP_COIL,752,NASDAQ:KNSA,https://www.tradingview.com/chart/?symbol=NASDAQ%3AKNSA
AGM-A,2026-10-07,146.58,80.46,COILED,NEAR_LOWER_EDGE,NONE,10.71,0.4,42.86,48.41,True,True,9.92,True,150.0,146.58,,0.44,6.44,-4.45,3.2,-5.21,2.22,9.54,545,30083.25,156.02,-6.05,174.1951,-15.85,-1.51,68.0,False,BELOW_SMA50|NOT_NEAR_UNBROKEN_PIVOT|LOW_LIQUIDITY|WEAK_RS,752,NYSE:AGM.A,https://www.tradingview.com/chart/?symbol=NYSE%3AAGM.A
ABBV,2026-10-07,271.36,80.44,COILED,RANGE_EXIT_CONFIRMED,UP_EXPANSION_CONFIRMED,0.79,15.48,4.76,8.73,False,False,26.98,False,269.39,257.87,1.333,2.1,9.29,8.15,11.65,5.04,1.77,2.3,476,1179621212.32,269.39,0.73,267.47,1.45,5.71,81.0,False,ALREADY_EXPANDING,752,NYSE:ABBV,https://www.tradingview.com/chart/?symbol=NYSE%3AABBV
USLM,2026-10-07,110.27,80.39,COILED,INSIDE_COIL,NONE,13.89,6.35,13.1,21.83,False,False,11.11,True,114.49,106.69,0.5,2.91,10.61,-4.63,6.07,-4.55,1.64,1.84,545,17146187.87,118.39,-6.86,140.4002,-21.46,7.56,83.0,False,BELOW_SMA50|NOT_NEAR_UNBROKEN_PIVOT,752,NASDAQ:USLM,https://www.tradingview.com/chart/?symbol=NASDAQ%3AUSLM
TGT,2026-10-07,150.92,80.36,COILED,NEAR_LOWER_EDGE,NONE,6.75,11.51,3.17,17.46,False,False,18.25,False,160.8,150.67,1.449,2.48,6.71,-4.19,13.49,-3.38,1.8,3.07,284,578764432.36,162.38,-7.06,170.75,-11.61,11.33,87.0,False,BELOW_SMA50|NOT_NEAR_UNBROKEN_PIVOT,752,NYSE:TGT,https://www.tradingview.com/chart/?symbol=NYSE%3ATGT
MUR,2026-10-07,37.25,80.36,COILED,INSIDE_COIL,NONE,16.67,14.68,10.32,4.76,False,False,3.97,False,38.95,35.31,1.342,3.72,14.58,-3.15,7.61,1.38,2.75,5.38,999,64264443.69,40.69,-8.45,41.6191,-10.5,8.31,83.0,False,NOT_NEAR_UNBROKEN_PIVOT,752,NYSE:MUR,https://www.tradingview.com/chart/?symbol=NYSE%3AMUR
EBAY,2026-10-07,107.6,80.36,COILED,INSIDE_COIL,NONE,8.33,29.76,15.48,16.67,False,True,9.52,True,110.86,104.61,0.598,2.83,9.93,3.95,-4.1,0.74,1.25,2.42,234,503117231.28,113.63,-5.31,118.6195,-9.29,-11.66,39.0,False,NOT_NEAR_UNBROKEN_PIVOT|WEAK_RS,752,NASDAQ:EBAY,https://www.tradingview.com/chart/?symbol=NASDAQ%3AEBAY
TALO,2026-10-07,16.66,80.28,COILED,INSIDE_COIL,NONE,6.75,10.32,22.62,7.54,False,False,4.37,False,17.3,16.05,1.527,3.73,16.09,-4.85,17.66,1.44,2.51,4.54,126,36292615.34,18.725,-11.03,18.44,-9.65,17.69,91.0,False,NOT_NEAR_UNBROKEN_PIVOT,752,NYSE:TALO,https://www.tradingview.com/chart/?symbol=NYSE%3ATALO
BHRB,2026-10-07,68.55,80.28,COILED,NEAR_LOWER_EDGE,NONE,0.79,5.95,19.84,18.65,False,False,10.71,False,70.74,67.54,0.637,1.98,7.67,-3.27,-1.85,-3.84,1.19,1.19,999,9252491.25,72.8,-5.84,74.5258,-8.02,-5.15,58.0,False,BELOW_SMA50|NOT_NEAR_UNBROKEN_PIVOT|WEAK_RS,752,NASDAQ:BHRB,https://www.tradingview.com/chart/?symbol=NASDAQ%3ABHRB
FLYW,2026-10-07,18.15,80.26,COILED,NEAR_UPPER_EDGE,NONE,1.19,3.57,12.7,20.63,False,False,21.03,False,18.31,16.67,1.477,3.09,9.64,2.2,3.18,1.27,2.72,3.24,106,25038832.3,18.42,-1.47,19.73,-8.01,-2.93,64.0,False,WEAK_RS,752,NASDAQ:FLYW,https://www.tradingview.com/chart/?symbol=NASDAQ%3AFLYW
PLPC,2026-10-07,404.67,80.22,COILED,NEAR_LOWER_EDGE,NONE,8.73,26.98,2.78,1.59,False,False,12.3,False,441.1624,400.68,1.703,4.6,12.53,-1.41,17.04,-2.91,4.93,22.42,48,30364657.37,441.1624,-8.27,504.4297,-19.78,13.86,89.0,False,POST_GAP_COIL|NOT_NEAR_UNBROKEN_PIVOT,752,NASDAQ:PLPC,https://www.tradingview.com/chart/?symbol=NASDAQ%3APLPC
HCSG,2026-10-07,20.79,80.22,COILED,INSIDE_COIL,NONE,5.95,5.95,11.11,23.41,False,False,11.11,False,21.72,20.17,1.065,2.72,10.73,-5.63,-13.3,-5.01,1.12,3.15,116,15790150.99,22.4,-7.19,25.75,-19.26,-17.49,24.0,False,BELOW_SMA50|NOT_NEAR_UNBROKEN_PIVOT|WEAK_RS,752,NASDAQ:HCSG,https://www.tradingview.com/chart/?symbol=NASDAQ%3AHCSG
INDV,2026-10-07,36.13,80.18,COILED,INSIDE_COIL,NONE,14.29,2.78,15.08,16.27,False,False,6.35,False,37.05,35.03,0.803,2.66,9.16,3.91,-10.19,-1.15,1.19,1.88,234,73433288.14,37.05,-2.48,42.81,-15.6,-16.17,27.0,False,WEAK_RS,752,NASDAQ:INDV,https://www.tradingview.com/chart/?symbol=NASDAQ%3AINDV
MUX,2026-10-07,17.08,80.16,COILED,RANGE_EXIT_CONFIRMED,DOWN_EXPANSION_CONFIRMED,12.7,8.73,10.32,36.9,False,True,6.35,False,19.51,17.26,1.881,5.0,19.64,-15.7,-4.31,-10.56,5.52,6.9,241,26041563.93,20.93,-18.39,26.435,-35.39,-9.02,48.0,False,ALREADY_EXPANDING|BELOW_SMA50|NOT_NEAR_UNBROKEN_PIVOT|WEAK_RS,752,NYSE:MUX,https://www.tradingview.com/chart/?symbol=NYSE%3AMUX
MAS,2026-10-07,68.87,80.16,COILED,INSIDE_COIL,NONE,17.06,22.22,0.4,5.16,False,False,7.54,False,70.33,66.26,1.405,2.58,5.91,-0.74,-11.15,-3.51,2.04,7.09,116,167454013.49,70.65,-2.52,83.2748,-17.3,-13.39,34.0,False,BELOW_SMA50|WEAK_RS,752,NYSE:MAS,https://www.tradingview.com/chart/?symbol=NYSE%3AMAS
NSIT,2026-10-07,160.13,80.14,COILED,INSIDE_COIL,NONE,47.22,16.27,2.78,6.35,True,False,4.37,False,164.73,153.62,0.831,3.29,10.42,2.61,33.7,4.85,1.65,2.47,662,61479370.5,168.5,-4.97,161.76,-1.01,31.97,96.0,False,EXTENDED_60D_RUN,752,NASDAQ:NSIT,https://www.tradingview.com/chart/?symbol=NASDAQ%3ANSIT
NEXA,2026-10-07,12.6,80.14,COILED,INSIDE_COIL,NONE,20.63,14.68,4.76,10.32,False,False,1.98,False,12.913,11.69,0.885,4.62,16.43,-11.58,-12.33,-6.36,6.54,6.54,67,8259632.81,14.78,-14.75,16.717,-24.63,-9.07,47.0,False,BELOW_SMA50|NOT_NEAR_UNBROKEN_PIVOT|WEAK_RS,752,NYSE:NEXA,https://www.tradingview.com/chart/?symbol=NYSE%3ANEXA
IDCC,2026-10-07,330.8,80.12,COILED,INSIDE_COIL,NONE,11.9,11.51,8.73,11.9,False,False,11.11,False,346.8,322.39,0.784,3.29,10.36,-2.52,24.6,-0.54,1.94,17.93,48,71472196.04,355.69,-7.0,386.3178,-14.37,20.58,92.0,False,POST_GAP_COIL|NOT_NEAR_UNBROKEN_PIVOT,752,NASDAQ:IDCC,https://www.tradingview.com/chart/?symbol=NASDAQ%3AIDCC
PL,2026-10-07,17.75,80.12,COILED,INSIDE_COIL,NONE,22.22,7.14,3.97,12.7,False,False,8.73,False,18.81,16.1,1.637,5.98,18.08,3.08,-30.56,-9.64,4.38,7.03,85,178682066.47,18.81,-5.64,51.76,-65.71,-38.39,3.0,False,BELOW_SMA50|NOT_NEAR_UNBROKEN_PIVOT|WEAK_RS,752,NYSE:PL,https://www.tradingview.com/chart/?symbol=NYSE%3APL
CCC,2026-10-07,6.55,80.1,COILED,NEAR_LOWER_EDGE,NONE,22.22,30.56,5.95,3.97,False,True,17.06,True,7.04,6.435,0.667,4.15,12.82,-3.53,7.91,-4.39,2.46,9.26,62,80465916.41,7.09,-7.62,7.68,-14.71,18.1,91.0,False,BELOW_SMA50|NOT_NEAR_UNBROKEN_PIVOT,752,NASDAQ:CCC,https://www.tradingview.com/chart/?symbol=NASDAQ%3ACCC
MU,2026-10-07,1088.0,80.1,COILED,NEAR_UPPER_EDGE,NONE,1.19,4.37,25.79,22.62,False,False,1.59,False,1108.72,1022.9,2.678,4.22,18.94,5.86,10.67,12.49,7.1,7.33,72,26562437598.45,1108.72,-1.87,1254.807,-13.29,6.07,81.0,False,EXTENDED_FROM_SMA50,752,NASDAQ:MU,https://www.tradingview.com/chart/?symbol=NASDAQ%3AMU
OSIS,2026-10-07,194.05,80.1,COILED,INSIDE_COIL,NONE,0.4,4.76,10.71,21.83,False,False,23.02,False,205.15,190.24,1.423,3.1,8.32,-1.74,-8.06,-7.78,2.14,10.13,32,41300894.87,206.38,-5.97,311.72,-37.75,-14.08,32.0,False,POST_GAP_COIL|BELOW_SMA50|NOT_NEAR_UNBROKEN_PIVOT|WEAK_RS,752,NASDAQ:OSIS,https://www.tradingview.com/chart/?symbol=NASDAQ%3AOSIS
CAVA,2026-10-07,52.07,80.06,COILED,INSIDE_COIL,NONE,24.6,20.24,7.14,6.35,False,False,3.97,True,55.46,51.01,0.551,4.45,12.63,-7.86,-25.58,-14.3,3.11,14.22,39,205343283.09,59.85,-13.0,98.79,-47.29,-27.3,10.0,False,POST_GAP_COIL|BELOW_SMA50|NOT_NEAR_UNBROKEN_PIVOT|WEAK_RS,752,NYSE:CAVA,https://www.tradingview.com/chart/?symbol=NYSE%3ACAVA
TUYA,2026-10-07,1.75,80.0,COILED,INSIDE_COIL,NONE,40.48,1.59,14.29,11.11,False,True,0.4,False,1.81,1.67,0.8,3.13,13.71,-3.31,-2.78,-1.34,4.27,4.27,353,1188256.9,1.86,-5.91,2.54,-31.1,-7.5,51.0,False,NOT_NEAR_UNBROKEN_PIVOT|LOW_LIQUIDITY|WEAK_RS,752,NYSE:TUYA,https://www.tradingview.com/chart/?symbol=NYSE%3ATUYA
EVLV,2026-10-07,4.69,79.94,COILED,INSIDE_COIL,NONE,5.95,0.4,17.06,44.05,False,False,5.16,True,4.92,4.46,0.543,3.65,15.88,-4.87,-21.96,-10.23,1.6,5.51,349,10891907.27,5.205,-9.89,7.4,-36.62,-25.87,12.0,False,BELOW_SMA50|NOT_NEAR_UNBROKEN_PIVOT|LOW_LIQUIDITY|WEAK_RS,752,NASDAQ:EVLV,https://www.tradingview.com/chart/?symbol=NASDAQ%3AEVLV
BLK,2026-10-07,1069.63,79.92,COILED,NEAR_UPPER_EDGE,NONE,11.9,31.35,1.19,0.79,False,False,7.14,False,1089.37,1040.42,1.074,2.19,7.54,-0.22,4.84,-3.32,1.92,7.27,999,566254479.0,1098.11,-2.59,1181.1088,-9.44,1.79,74.0,False,BELOW_SMA50,752,NYSE:BLK,https://www.tradingview.com/chart/?symbol=NYSE%3ABLK
OAK-PB,2026-10-07,20.0,79.9,COILED,NEAR_UPPER_EDGE,NONE,28.17,15.48,16.67,14.68,True,False,5.56,False,20.32,19.86,0.765,1.05,2.89,0.0,-2.58,-0.74,0.99,1.05,999,287800.17,20.4,-1.96,21.7799,-8.17,-6.37,55.0,False,LOW_LIQUIDITY|WEAK_RS,752,NYSE:OAK.PB,https://www.tradingview.com/chart/?symbol=NYSE%3AOAK.PB
TSN,2026-10-07,51.7,79.9,COILED,NEAR_UPPER_EDGE,NONE,1.19,20.63,13.1,21.03,False,False,13.1,True,52.41,49.96,0.877,2.02,8.28,-0.08,-9.22,-5.22,1.19,6.54,999,181884784.65,54.24,-4.68,68.262,-24.26,-13.23,35.0,False,BELOW_SMA50|WEAK_RS,752,NYSE:TSN,https://www.tradingview.com/chart/?symbol=NYSE%3ATSN
SBUX,2026-10-07,93.58,79.9,COILED,NEAR_LOWER_EDGE,NONE,6.75,4.76,22.62,19.44,False,False,2.38,False,96.73,92.76,2.131,2.28,9.52,-6.46,-11.35,-7.93,1.07,2.96,539,710363460.91,101.67,-7.96,109.8788,-14.83,-15.2,29.0,False,BELOW_SMA50|NOT_NEAR_UNBROKEN_PIVOT|WEAK_RS,752,NASDAQ:SBUX,https://www.tradingview.com/chart/?symbol=NASDAQ%3ASBUX
SNA,2026-10-07,359.89,79.88,COILED,RANGE_EXIT_CONFIRMED,DOWN_EXPANSION_CONFIRMED,11.9,15.08,5.16,17.46,False,False,7.14,False,372.86,361.22,1.884,1.74,8.04,-4.64,-10.5,-6.94,1.14,1.14,999,108285458.05,387.52,-7.13,420.4116,-14.4,-13.13,35.0,False,ALREADY_EXPANDING|BELOW_SMA50|NOT_NEAR_UNBROKEN_PIVOT|WEAK_RS,752,NYSE:SNA,https://www.tradingview.com/chart/?symbol=NYSE%3ASNA
HTFL,2026-10-07,49.36,79.84,COILED,INSIDE_COIL,NONE,15.48,16.27,2.38,6.35,False,False,15.87,False,54.32,46.78,1.146,5.35,18.05,5.76,93.64,13.17,3.43,25.96,37,100369252.26,54.32,-9.13,51.778,-4.67,74.42,99.0,False,POST_GAP_COIL|EXTENDED_60D_RUN|EXTENDED_FROM_SMA50|NOT_NEAR_UNBROKEN_PIVOT,292,NASDAQ:HTFL,https://www.tradingview.com/chart/?symbol=NASDAQ%3AHTFL
BRC,2026-10-07,84.85,79.82,COILED,INSIDE_COIL,NONE,6.75,41.27,0.4,2.78,False,False,13.89,True,86.76,81.36,0.835,2.56,7.77,-2.95,-6.07,-5.64,1.05,2.77,999,25275964.42,88.42,-4.04,99.25,-14.51,-8.28,49.0,False,BELOW_SMA50|WEAK_RS,752,NYSE:BRC,https://www.tradingview.com/chart/?symbol=NYSE%3ABRC
TNL,2026-10-07,62.9,79.8,COILED,INSIDE_COIL,NONE,7.14,26.19,5.95,17.46,False,False,11.51,True,64.98,60.98,0.72,2.71,8.61,-1.88,-13.31,-8.26,3.74,3.74,999,48222390.81,66.3952,-5.26,78.7607,-20.14,-17.81,23.0,False,BELOW_SMA50|NOT_NEAR_UNBROKEN_PIVOT|WEAK_RS,752,NYSE:TNL,https://www.tradingview.com/chart/?symbol=NYSE%3ATNL
NNI,2026-10-07,124.52,79.72,COILED,NEAR_UPPER_EDGE,NONE,0.4,1.98,18.65,32.94,False,False,7.54,False,126.65,121.76,1.005,1.78,5.61,-0.7,-5.32,-2.28,1.31,4.04,999,18200827.31,128.74,-3.28,143.6357,-13.31,-9.43,46.0,False,WEAK_RS,752,NYSE:NNI,https://www.tradingview.com/chart/?symbol=NYSE%3ANNI
KVUE,2026-10-07,17.53,79.72,COILED,INSIDE_COIL,NONE,2.78,2.38,11.11,43.65,False,True,36.51,True,18.08,17.161,0.667,1.72,5.24,-0.06,-4.39,-4.28,1.58,1.58,232,439729507.82,18.08,-3.04,19.6734,-10.89,-10.13,45.0,False,BELOW_SMA50|WEAK_RS,752,NYSE:KVUE,https://www.tradingview.com/chart/?symbol=NYSE%3AKVUE
CSIQ,2026-10-07,11.25,79.71,COILED,INSIDE_COIL,NONE,11.51,1.19,30.56,29.37,False,True,1.59,False,11.75,10.34,1.019,5.98,27.29,-16.42,-25.94,-15.86,3.29,4.88,100,20605438.19,14.19,-20.72,21.46,-47.58,-28.6,9.0,False,BELOW_SMA50|NOT_NEAR_UNBROKEN_PIVOT|WEAK_RS,752,NASDAQ:CSIQ,https://www.tradingview.com/chart/?symbol=NASDAQ%3ACSIQ
NEWP,2026-10-07,6.18,79.62,COILED,NEAR_LOWER_EDGE,NONE,8.73,18.25,13.89,8.33,False,False,6.35,False,6.77,6.13,2.042,6.03,24.43,1.31,53.73,-1.26,5.29,5.5,129,5717590.88,6.94,-10.95,7.55,-18.15,48.57,98.0,False,EXTENDED_60D_RUN|NOT_NEAR_UNBROKEN_PIVOT,752,AMEX:NEWP,https://www.tradingview.com/chart/?symbol=AMEX%3ANEWP
LLY,2026-10-07,1188.72,79.62,COILED,INSIDE_COIL,NONE,5.16,22.62,7.14,11.11,False,False,11.51,False,1215.0,1136.66,1.739,2.79,8.56,5.74,3.29,1.26,2.38,5.23,369,2593849445.81,1215.0,-2.16,1292.65,-8.04,-5.83,57.0,False,WEAK_RS,752,NYSE:LLY,https://www.tradingview.com/chart/?symbol=NYSE%3ALLY
RERE,2026-10-07,3.73,79.61,COILED,INSIDE_COIL,NONE,3.97,0.4,8.73,56.35,False,True,15.48,False,4.03,3.63,0.55,2.93,11.93,-7.67,-5.33,-9.12,1.52,8.5,315,1893011.37,4.08,-8.58,5.2,-28.27,-10.63,43.0,False,BELOW_SMA50|NOT_NEAR_UNBROKEN_PIVOT|LOW_LIQUIDITY|WEAK_RS,752,NYSE:RERE,https://www.tradingview.com/chart/?symbol=NYSE%3ARERE
SNOW,2026-10-07,332.85,79.6,COILED,INSIDE_COIL,NONE,0.4,28.17,0.79,11.11,False,False,19.05,False,349.0,316.63,0.693,4.07,9.73,0.41,20.62,1.59,4.74,23.35,23,1331156095.66,349.0,-4.63,384.56,-13.45,20.78,92.0,False,POST_GAP_COIL,752,NYSE:SNOW,https://www.tradingview.com/chart/?symbol=NYSE%3ASNOW
MZTI,2026-10-07,100.43,79.52,COILED,INSIDE_COIL,NONE,19.84,37.3,4.37,19.44,True,False,15.08,True,104.47,97.0,0.382,2.78,10.06,-0.76,-5.21,-6.16,1.37,3.1,361,46333336.18,107.1,-6.23,144.1002,-30.31,-13.19,35.0,False,BELOW_SMA50|NOT_NEAR_UNBROKEN_PIVOT|WEAK_RS,752,NASDAQ:MZTI,https://www.tradingview.com/chart/?symbol=NASDAQ%3AMZTI
LLYVA,2026-10-07,94.69,79.5,COILED,INSIDE_COIL,NONE,5.16,25.4,4.37,7.94,False,False,15.48,False,98.35,92.24,0.874,2.72,6.45,1.1,-5.55,-3.47,4.11,4.11,999,14969551.57,98.35,-3.72,106.055,-10.72,-10.83,42.0,False,BELOW_SMA50|WEAK_RS,752,NASDAQ:LLYVA,https://www.tradingview.com/chart/?symbol=NASDAQ%3ALLYVA
LXP-PC,2026-10-07,49.3301,79.48,COILED,NEAR_UPPER_EDGE,NONE,14.29,14.29,9.13,9.52,False,False,10.32,False,49.8,49.205,0.964,0.53,2.84,0.18,8.09,0.39,2.85,2.85,999,232079.96,50.47,-2.26,49.45,-0.24,4.59,79.0,False,LOW_LIQUIDITY,752,NYSE:LXP.PC,https://www.tradingview.com/chart/?symbol=NYSE%3ALXP.PC
PPG,2026-10-07,105.08,79.48,COILED,INSIDE_COIL,NONE,9.13,31.75,0.4,0.79,False,False,14.29,False,107.96,101.7,1.445,2.28,5.99,-1.94,-7.79,-4.71,1.88,3.55,999,186396656.65,109.72,-4.23,124.923,-15.88,-12.47,37.0,False,BELOW_SMA50|WEAK_RS,752,NYSE:PPG,https://www.tradingview.com/chart/?symbol=NYSE%3APPG
EYE,2026-10-07,16.82,79.48,COILED,NEAR_UPPER_EDGE,NONE,37.3,8.33,2.78,2.78,False,False,2.78,False,16.93,15.91,1.306,4.14,11.65,-1.75,-16.36,-8.19,2.13,2.25,356,39336439.1,17.77,-5.35,26.92,-37.52,-17.53,24.0,False,BELOW_SMA50|NOT_NEAR_UNBROKEN_PIVOT|WEAK_RS,752,NASDAQ:EYE,https://www.tradingview.com/chart/?symbol=NASDAQ%3AEYE
RCUS,2026-10-07,24.52,79.47,COILED,INSIDE_COIL,NONE,34.13,12.7,2.38,18.25,False,True,6.35,False,27.9,23.96,0.95,4.97,20.98,-13.93,-13.45,-11.15,2.68,6.14,204,44519149.17,29.3,-16.31,31.735,-22.74,-21.81,17.0,False,BELOW_SMA50|NOT_NEAR_UNBROKEN_PIVOT|WEAK_RS,752,NYSE:RCUS,https://www.tradingview.com/chart/?symbol=NYSE%3ARCUS
TREX,2026-10-07,43.82,79.4,COILED,INSIDE_COIL,NONE,25.0,13.1,2.38,1.98,False,False,14.68,False,45.5,42.1,1.047,3.6,7.76,-3.69,-0.79,-3.75,2.76,2.76,230,70132666.38,45.77,-4.26,50.96,-14.01,-9.94,45.0,False,BELOW_SMA50|WEAK_RS,752,NYSE:TREX,https://www.tradingview.com/chart/?symbol=NYSE%3ATREX
IAG,2026-10-07,18.03,79.35,COILED,RANGE_EXIT_CONFIRMED,DOWN_EXPANSION_CONFIRMED,1.59,11.9,10.71,47.62,False,True,11.11,False,20.33,18.11,1.717,4.29,18.86,-12.22,20.28,-4.98,5.53,7.61,172,108100584.7,21.04,-14.31,22.32,-19.22,12.9,88.0,False,ALREADY_EXPANDING|BELOW_SMA50|NOT_NEAR_UNBROKEN_PIVOT,752,NYSE:IAG,https://www.tradingview.com/chart/?symbol=NYSE%3AIAG
RKLB,2026-10-07,71.92,79.35,COILED,INSIDE_COIL,NONE,9.52,4.76,17.86,23.02,False,False,5.16,False,78.28,68.922,0.895,5.66,24.71,14.03,-8.74,2.35,3.81,4.72,377,1480468148.91,78.28,-8.12,151.0,-52.37,-16.53,26.0,False,NOT_NEAR_UNBROKEN_PIVOT|WEAK_RS,752,NASDAQ:RKLB,https://www.tradingview.com/chart/?symbol=NASDAQ%3ARKLB
LUV,2026-10-07,41.72,79.35,COILED,INSIDE_COIL,NONE,4.37,9.92,17.86,22.22,False,False,5.95,False,43.17,40.45,1.022,2.89,12.22,7.86,-11.87,-0.43,2.67,4.53,126,258768172.44,43.2,-3.43,52.8823,-21.11,-18.49,22.0,False,WEAK_RS,752,NYSE:LUV,https://www.tradingview.com/chart/?symbol=NYSE%3ALUV
ARDX,2026-10-07,3.26,79.33,COILED,NEAR_LOWER_EDGE,NONE,7.94,11.11,8.73,25.79,False,False,8.33,False,3.62,3.23,1.182,4.09,17.18,-14.21,-36.82,-15.32,1.51,16.84,42,15352892.06,3.915,-16.73,7.43,-56.12,-43.06,2.0,False,POST_GAP_COIL|BELOW_SMA50|NOT_NEAR_UNBROKEN_PIVOT|LOW_LIQUIDITY|WEAK_RS,752,NASDAQ:ARDX,https://www.tradingview.com/chart/?symbol=NASDAQ%3AARDX
FMBH,2026-10-07,48.86,79.17,COILED,INSIDE_COIL,NONE,7.94,4.37,18.65,15.08,False,False,15.87,False,50.51,47.88,1.053,1.79,7.57,-3.21,2.22,-3.32,1.07,1.69,999,7274931.08,51.58,-5.27,53.0929,-7.97,-0.81,70.0,False,BELOW_SMA50|NOT_NEAR_UNBROKEN_PIVOT,752,NASDAQ:FMBH,https://www.tradingview.com/chart/?symbol=NASDAQ%3AFMBH
OUT,2026-10-07,28.93,79.17,COILED,NEAR_UPPER_EDGE,NONE,3.97,7.54,6.35,22.22,False,False,26.19,False,29.17,27.48,0.578,2.22,6.05,1.01,-11.74,-1.36,1.0,2.63,999,49230578.92,29.17,-0.82,34.2368,-15.5,-17.11,25.0,False,WEAK_RS,752,NYSE:OUT,https://www.tradingview.com/chart/?symbol=NYSE%3AOUT
AMTB,2026-10-07,28.67,79.13,COILED,NEAR_LOWER_EDGE,NONE,11.9,21.83,3.97,1.98,False,False,20.24,False,30.04,28.24,0.767,2.62,6.98,-0.73,12.21,-1.61,1.69,2.9,365,10385294.34,30.24,-5.19,30.5057,-6.02,8.95,84.0,False,NOT_NEAR_UNBROKEN_PIVOT,752,NYSE:AMTB,https://www.tradingview.com/chart/?symbol=NYSE%3AAMTB
TFIN,2026-10-07,61.91,79.13,COILED,INSIDE_COIL,NONE,0.4,2.38,32.54,21.83,False,False,3.57,False,63.46,59.01,1.469,2.93,14.52,-6.49,-20.87,-10.87,2.4,2.4,999,14962088.94,68.28,-9.33,83.52,-25.87,-23.83,14.0,False,BELOW_SMA50|NOT_NEAR_UNBROKEN_PIVOT|WEAK_RS,752,NYSE:TFIN,https://www.tradingview.com/chart/?symbol=NYSE%3ATFIN
BAM,2026-10-07,44.5,79.11,COILED,INSIDE_COIL,NONE,0.4,12.3,18.25,29.76,False,False,1.59,False,45.96,43.62,1.291,2.49,9.98,-6.75,-5.44,-8.96,1.86,2.16,999,143579942.86,48.75,-8.72,55.4359,-19.73,-6.33,55.0,False,BELOW_SMA50|NOT_NEAR_UNBROKEN_PIVOT|WEAK_RS,752,NYSE:BAM,https://www.tradingview.com/chart/?symbol=NYSE%3ABAM
IONQ,2026-10-07,41.34,79.07,COILED,NEAR_LOWER_EDGE,NONE,1.59,5.56,23.41,25.4,False,False,6.75,False,47.91,41.28,1.158,6.34,31.23,8.39,5.22,0.58,12.52,12.52,10,983462902.14,47.91,-13.71,73.65,-43.87,-11.31,41.0,False,POST_GAP_COIL|NOT_NEAR_UNBROKEN_PIVOT|WEAK_RS,752,NYSE:IONQ,https://www.tradingview.com/chart/?symbol=NYSE%3AIONQ
WYFI,2026-10-07,16.83,79.07,COILED,NEAR_LOWER_EDGE,NONE,2.38,11.9,4.37,25.79,False,False,22.22,False,20.52,16.83,0.769,8.58,24.6,-12.84,-45.94,-19.94,6.95,18.25,34,22461875.27,20.756,-18.92,46.87,-64.09,-60.32,1.0,False,POST_GAP_COIL|BELOW_SMA50|NOT_NEAR_UNBROKEN_PIVOT|WEAK_RS,294,NASDAQ:WYFI,https://www.tradingview.com/chart/?symbol=NASDAQ%3AWYFI
IMKTA,2026-10-07,85.17,79.05,COILED,INSIDE_COIL,NONE,0.79,3.97,8.33,48.81,False,False,6.75,False,87.17,82.76,1.238,2.21,7.62,5.2,-5.31,0.2,1.05,1.71,999,9574608.14,87.17,-2.29,95.4467,-10.77,-10.27,44.0,False,WEAK_RS,752,NASDAQ:IMKTA,https://www.tradingview.com/chart/?symbol=NASDAQ%3AIMKTA
XHR,2026-10-07,17.87,78.96,COILED,INSIDE_COIL,NONE,0.79,27.78,7.14,23.81,False,False,15.48,True,18.56,17.4259,0.791,2.4,8.73,2.08,-11.21,-3.95,1.33,4.45,999,17217886.71,18.56,-3.72,21.8915,-18.37,-14.37,31.0,False,BELOW_SMA50|WEAK_RS,752,NYSE:XHR,https://www.tradingview.com/chart/?symbol=NYSE%3AXHR
DLO,2026-10-07,14.77,78.93,COILED,INSIDE_COIL,NONE,7.14,2.78,16.27,8.73,False,False,30.16,False,15.09,13.52,1.217,3.13,11.1,0.72,-0.47,1.15,8.04,8.04,288,22531729.37,15.16,-2.57,16.15,-8.54,-2.28,66.0,False,WEAK_RS,752,NASDAQ:DLO,https://www.tradingview.com/chart/?symbol=NASDAQ%3ADLO
TBBB,2026-10-07,53.01,78.85,COILED,INSIDE_COIL,NONE,8.33,5.56,15.08,30.95,False,False,4.76,False,54.74,50.63,1.19,3.13,9.05,2.61,31.02,8.65,1.01,8.16,999,33952539.29,54.74,-3.16,51.62,2.69,23.62,93.0,False,EXTENDED_60D_RUN,667,NYSE:TBBB,https://www.tradingview.com/chart/?symbol=NYSE%3ATBBB
GLOP-PB,2026-10-07,25.75,78.79,COILED,NEAR_UPPER_EDGE,NONE,12.3,34.52,3.57,2.78,False,False,4.76,False,25.82,25.6,0.607,0.65,1.31,0.59,1.9,1.11,0.68,1.66,999,108106.42,26.17,-1.6,26.1004,-1.34,-2.15,66.0,False,LOW_LIQUIDITY|WEAK_RS,589,NYSE:GLOP.PB,https://www.tradingview.com/chart/?symbol=NYSE%3AGLOP.PB
AVY,2026-10-07,166.97,78.77,COILED,NEAR_LOWER_EDGE,NONE,5.95,40.87,1.19,9.13,False,False,15.08,True,174.0,166.95,0.487,2.33,4.94,-1.66,6.86,-3.8,2.79,11.04,48,141723509.69,174.63,-4.39,186.8243,-10.63,1.93,75.0,False,POST_GAP_COIL|BELOW_SMA50,752,NYSE:AVY,https://www.tradingview.com/chart/?symbol=NYSE%3AAVY
AWI,2026-10-07,162.32,78.77,COILED,NEAR_LOWER_EDGE,NONE,18.25,27.38,2.78,9.13,False,False,1.19,False,166.75,159.7,1.164,2.31,6.11,-2.92,4.56,-5.33,2.31,3.06,999,58553621.65,171.48,-5.34,188.32,-13.81,1.89,75.0,False,BELOW_SMA50|NOT_NEAR_UNBROKEN_PIVOT,752,NYSE:AWI,https://www.tradingview.com/chart/?symbol=NYSE%3AAWI
AIP,2026-10-07,23.4,78.77,COILED,INSIDE_COIL,NONE,17.46,6.75,15.87,17.86,False,False,3.57,False,25.15,22.54,1.14,5.09,21.92,3.22,-29.96,-5.18,5.61,6.6,230,15784465.95,25.15,-6.96,50.26,-53.44,-38.85,3.0,False,BELOW_SMA50|NOT_NEAR_UNBROKEN_PIVOT|WEAK_RS,752,NASDAQ:AIP,https://www.tradingview.com/chart/?symbol=NASDAQ%3AAIP
VSTS,2026-10-07,13.94,78.75,COILED,INSIDE_COIL,NONE,5.56,17.46,10.32,17.46,False,False,13.1,False,14.524,13.01,0.914,3.99,13.59,6.25,-6.44,3.26,2.42,4.63,102,22543740.94,14.66,-4.91,16.9,-17.51,-6.51,54.0,False,WEAK_RS,752,NYSE:VSTS,https://www.tradingview.com/chart/?symbol=NYSE%3AVSTS
LSPD,2026-10-07,10.23,78.71,COILED,NEAR_UPPER_EDGE,NONE,1.59,0.79,12.7,34.52,False,False,20.63,False,10.315,9.465,1.125,2.84,9.48,4.18,-0.58,0.57,1.67,5.0,667,8106295.03,10.315,-0.82,11.085,-7.71,-3.55,62.0,False,WEAK_RS,752,NYSE:LSPD,https://www.tradingview.com/chart/?symbol=NYSE%3ALSPD
TARS,2026-10-07,73.61,78.67,COILED,NEAR_LOWER_EDGE,NONE,11.51,7.94,11.51,39.68,False,False,7.94,True,79.1,72.76,0.577,3.81,14.37,-11.07,31.19,0.4,2.27,5.97,541,56330640.43,87.31,-15.69,91.53,-19.58,11.11,86.0,False,EXTENDED_60D_RUN|NOT_NEAR_UNBROKEN_PIVOT,752,NASDAQ:TARS,https://www.tradingview.com/chart/?symbol=NASDAQ%3ATARS
BH-A,2026-10-06,1841.3101,78.63,COILED,NEAR_UPPER_EDGE,NONE,1.98,13.1,13.49,20.24,False,False,17.46,False,1856.53,1674.5,0.844,3.87,11.51,3.61,-8.04,-1.57,2.6,2.65,999,61786636.79,1969.99,-6.53,2198.0,-16.23,-13.17,35.0,False,NOT_NEAR_UNBROKEN_PIVOT|WEAK_RS,751,NYSE:BH.A,https://www.tradingview.com/chart/?symbol=NYSE%3ABH.A
INTA,2026-10-07,37.6,78.61,COILED,INSIDE_COIL,NONE,8.73,29.37,0.4,7.54,False,False,17.06,False,38.55,34.41,0.993,4.05,12.36,-2.69,35.54,-1.47,2.13,11.35,44,20426895.74,40.72,-7.66,44.33,-15.18,32.04,96.0,False,POST_GAP_COIL|EXTENDED_60D_RUN|NOT_NEAR_UNBROKEN_PIVOT,752,NASDAQ:INTA,https://www.tradingview.com/chart/?symbol=NASDAQ%3AINTA
SCCO,2026-10-07,200.57,78.61,COILED,INSIDE_COIL,NONE,14.68,28.57,2.38,13.1,False,False,1.98,False,211.08,196.0,0.794,3.67,13.75,-4.15,11.91,1.09,5.94,5.94,999,195656809.6,213.83,-6.2,220.78,-9.15,13.36,88.0,False,NOT_NEAR_UNBROKEN_PIVOT,752,NYSE:SCCO,https://www.tradingview.com/chart/?symbol=NYSE%3ASCCO
EOS,2026-10-07,21.54,78.51,COILED,NEAR_UPPER_EDGE,NONE,22.22,11.9,17.86,17.06,False,False,3.57,True,21.63,21.11,0.809,1.15,4.22,1.52,-1.15,0.84,1.04,1.09,999,3465709.25,21.63,-0.42,22.4661,-4.12,-4.03,61.0,False,LOW_LIQUIDITY|WEAK_RS,752,NYSE:EOS,https://www.tradingview.com/chart/?symbol=NYSE%3AEOS
PBI,2026-10-07,16.48,78.51,COILED,INSIDE_COIL,NONE,0.4,21.43,21.83,20.24,False,False,11.51,True,16.99,15.89,0.683,2.77,9.77,-4.02,-6.72,-2.73,1.51,4.42,160,30376121.65,17.5,-5.83,18.9605,-13.08,-10.01,45.0,False,NOT_NEAR_UNBROKEN_PIVOT|WEAK_RS,752,NYSE:PBI,https://www.tradingview.com/chart/?symbol=NYSE%3APBI
MCY,2026-10-07,102.29,78.51,COILED,NEAR_UPPER_EDGE,NONE,5.95,0.79,19.44,29.37,False,False,12.3,False,103.81,96.68,1.104,2.11,7.64,1.54,-4.79,-0.98,1.09,4.08,414,34437392.91,104.5,-2.11,112.7042,-9.24,-10.19,44.0,False,WEAK_RS,752,NYSE:MCY,https://www.tradingview.com/chart/?symbol=NYSE%3AMCY
TTI,2026-10-07,6.12,78.51,COILED,INSIDE_COIL,NONE,4.37,1.19,35.71,24.6,False,False,10.32,True,6.31,5.64,0.609,4.13,23.53,-13.44,-35.44,-12.94,4.64,6.46,87,12789876.86,7.26,-15.7,11.58,-47.15,-38.68,3.0,False,BELOW_SMA50|NOT_NEAR_UNBROKEN_PIVOT|WEAK_RS,752,NYSE:TTI,https://www.tradingview.com/chart/?symbol=NYSE%3ATTI
QCRH,2026-10-07,97.56,78.47,COILED,NEAR_LOWER_EDGE,NONE,6.75,7.14,13.89,12.3,False,False,40.87,True,103.38,96.54,0.775,2.13,7.34,-3.62,1.7,-4.02,1.25,2.44,999,11013235.29,103.7056,-5.93,107.9492,-9.62,-1.91,67.0,False,BELOW_SMA50|NOT_NEAR_UNBROKEN_PIVOT|WEAK_RS,752,NASDAQ:QCRH,https://www.tradingview.com/chart/?symbol=NASDAQ%3AQCRH
CLBT,2026-10-07,11.225,78.46,COILED,INSIDE_COIL,NONE,19.84,24.6,3.57,15.48,False,True,17.46,False,11.88,10.48,0.863,3.93,12.47,-1.79,-30.62,-8.5,2.23,32.33,38,30954846.26,11.88,-5.51,17.05,-34.16,-34.06,5.0,False,POST_GAP_COIL|BELOW_SMA50|NOT_NEAR_UNBROKEN_PIVOT|WEAK_RS,752,NASDAQ:CLBT,https://www.tradingview.com/chart/?symbol=NASDAQ%3ACLBT
ARDT,2026-10-07,10.88,78.41,COILED,NEAR_UPPER_EDGE,NONE,9.13,13.49,15.08,12.7,False,False,14.29,False,11.03,10.08,1.25,3.49,11.03,-2.42,11.02,0.4,2.19,7.07,149,4525071.32,11.28,-3.55,11.89,-8.49,4.18,78.0,False,LOW_LIQUIDITY,558,NYSE:ARDT,https://www.tradingview.com/chart/?symbol=NYSE%3AARDT
WWD,2026-10-07,324.25,78.41,COILED,NEAR_LOWER_EDGE,NONE,7.94,28.17,3.97,11.51,False,False,12.3,False,341.94,320.22,1.172,2.95,9.25,-3.97,-18.44,-5.51,3.43,7.11,170,269307260.91,342.41,-5.3,450.5191,-28.03,-23.22,15.0,False,BELOW_SMA50|NOT_NEAR_UNBROKEN_PIVOT|WEAK_RS,752,NASDAQ:WWD,https://www.tradingview.com/chart/?symbol=NASDAQ%3AWWD
RMD,2026-10-07,225.98,78.39,COILED,RANGE_EXIT_CONFIRMED,UP_EXPANSION_CONFIRMED,21.03,28.97,1.19,3.57,False,False,5.56,False,225.23,218.03,1.529,2.47,8.2,2.74,17.42,0.75,1.51,7.19,613,263803560.85,234.33,-3.56,242.4,-6.77,5.07,79.0,False,ALREADY_EXPANDING,752,NYSE:RMD,https://www.tradingview.com/chart/?symbol=NYSE%3ARMD
EVR,2026-10-07,267.26,78.39,COILED,NEAR_UPPER_EDGE,NONE,6.35,8.73,21.83,13.89,False,False,14.29,False,272.23,251.13,1.26,3.09,14.6,-7.18,-21.66,-6.51,2.35,4.55,615,140472485.35,296.56,-9.88,380.3078,-29.73,-24.75,13.0,False,BELOW_SMA50|NOT_NEAR_UNBROKEN_PIVOT|WEAK_RS,752,NYSE:EVR,https://www.tradingview.com/chart/?symbol=NYSE%3AEVR
SYF,2026-10-07,71.93,78.37,COILED,INSIDE_COIL,NONE,6.35,11.51,36.11,31.35,True,False,7.54,False,73.535,69.4,0.921,2.43,10.87,-7.01,-1.95,-5.96,1.7,1.93,479,208186247.87,78.3,-8.14,81.92,-12.19,-2.71,65.0,False,BELOW_SMA50|NOT_NEAR_UNBROKEN_PIVOT|WEAK_RS,752,NYSE:SYF,https://www.tradingview.com/chart/?symbol=NYSE%3ASYF
OGC,2026-10-07,26.38,78.34,COILED,NEAR_LOWER_EDGE,NONE,2.38,19.44,10.71,48.02,False,True,6.35,False,28.49,26.02,1.616,4.18,20.47,-15.15,11.72,-7.15,4.91,6.12,135,18548100.4,31.71,-16.81,34.9687,-24.56,2.51,76.0,False,BELOW_SMA50|NOT_NEAR_UNBROKEN_PIVOT,752,NYSE:OGC,https://www.tradingview.com/chart/?symbol=NYSE%3AOGC
RHLD,2026-10-07,115.0,78.29,COILED,NEAR_LOWER_EDGE,NONE,1.59,0.4,8.33,48.02,False,False,16.27,False,129.89,113.99,0.801,5.12,18.9,-14.84,-15.37,-9.95,3.16,4.93,232,14656921.55,137.67,-16.47,165.005,-30.31,-26.82,10.0,False,BELOW_SMA50|NOT_NEAR_UNBROKEN_PIVOT|WEAK_RS,408,NYSE:RHLD,https://www.tradingview.com/chart/?symbol=NYSE%3ARHLD
AGL,2026-10-07,85.7,78.25,COILED,NEAR_UPPER_EDGE,NONE,6.35,0.4,22.22,21.83,False,False,17.86,False,86.66,72.16,1.759,6.42,29.29,-8.43,-30.1,-4.64,4.19,6.73,105,20834843.68,97.26,-11.89,133.04,-35.58,-29.56,8.0,False,BELOW_SMA50|NOT_NEAR_UNBROKEN_PIVOT|WEAK_RS,752,NYSE:AGL,https://www.tradingview.com/chart/?symbol=NYSE%3AAGL
PFGC,2026-10-07,93.48,78.21,COILED,NEAR_UPPER_EDGE,NONE,35.71,11.51,7.14,17.86,False,False,1.59,True,94.395,89.93,0.881,2.27,7.62,-2.25,-17.27,-7.05,1.34,7.17,999,137936931.91,97.55,-4.17,117.475,-20.43,-20.22,18.0,False,BELOW_SMA50|WEAK_RS,752,NYSE:PFGC,https://www.tradingview.com/chart/?symbol=NYSE%3APFGC
LMRI,2026-10-07,10.59,78.17,COILED,INSIDE_COIL,NONE,4.84,0.52,33.16,30.69,False,False,10.15,True,11.08,9.83,0.396,4.77,20.68,-6.12,-2.93,-5.91,3.74,3.74,134,4667961.54,12.02,-11.9,13.0,-18.54,-16.7,26.0,False,BELOW_SMA50|NOT_NEAR_UNBROKEN_PIVOT|LOW_LIQUIDITY|WEAK_RS,206,NASDAQ:LMRI,https://www.tradingview.com/chart/?symbol=NASDAQ%3ALMRI
DOCU,2026-10-07,68.9,78.13,COILED,INSIDE_COIL,NONE,14.68,20.24,11.51,15.08,False,False,15.48,True,70.81,63.92,0.619,3.75,14.87,6.9,39.53,7.46,2.46,3.87,335,212192474.61,74.065,-6.97,70.4,-2.13,37.65,97.0,False,EXTENDED_60D_RUN|NOT_NEAR_UNBROKEN_PIVOT,752,NASDAQ:DOCU,https://www.tradingview.com/chart/?symbol=NASDAQ%3ADOCU
ACIW,2026-10-07,50.65,78.03,COILED,NEAR_UPPER_EDGE,NONE,1.98,14.68,21.03,19.84,False,False,23.02,True,51.65,47.81,0.511,2.56,11.43,-2.52,-8.09,-3.37,2.09,8.46,547,37747277.43,53.6,-5.5,61.08,-17.08,-13.85,32.0,False,BELOW_SMA50|NOT_NEAR_UNBROKEN_PIVOT|WEAK_RS,752,NASDAQ:ACIW,https://www.tradingview.com/chart/?symbol=NASDAQ%3AACIW
ECL,2026-10-07,278.1,78.01,COILED,NEAR_UPPER_EDGE,NONE,9.92,32.14,1.98,4.76,False,False,29.76,True,282.44,267.46,0.529,1.92,5.39,2.44,3.37,-0.2,1.06,2.44,549,330617070.85,282.44,-1.54,294.5475,-5.58,-1.52,68.0,False,WEAK_RS,752,NYSE:ECL,https://www.tradingview.com/chart/?symbol=NYSE%3AECL
OBK,2026-10-07,52.32,78.0,COILED,INSIDE_COIL,NONE,4.37,11.51,13.49,13.89,False,False,26.98,False,54.0,51.08,1.143,1.92,7.4,-2.44,3.4,-2.35,1.53,1.53,999,9386764.28,54.95,-4.79,55.316,-5.42,-1.21,69.0,False,WEAK_RS,752,NYSE:OBK,https://www.tradingview.com/chart/?symbol=NYSE%3AOBK
ED,2026-10-07,104.64,77.99,COILED,NEAR_UPPER_EDGE,NONE,14.29,7.94,24.6,23.41,False,False,7.54,True,105.23,102.0,0.595,1.54,6.21,-2.65,-5.77,-1.59,0.86,1.25,999,236456857.85,108.76,-3.79,114.3224,-8.47,-7.98,50.0,False,WEAK_RS,752,NYSE:ED,https://www.tradingview.com/chart/?symbol=NYSE%3AED
FELE,2026-10-07,97.59,77.96,COILED,INSIDE_COIL,NONE,5.95,17.46,1.98,32.94,False,False,13.49,False,100.06,94.76,1.102,2.13,5.43,-0.68,-6.35,-3.37,1.57,6.12,999,33099777.25,100.06,-2.47,115.5253,-15.53,-7.44,51.0,False,BELOW_SMA50|WEAK_RS,752,NASDAQ:FELE,https://www.tradingview.com/chart/?symbol=NASDAQ%3AFELE
GBCI,2026-10-07,42.77,77.9,COILED,INSIDE_COIL,NONE,1.59,7.54,11.51,26.19,False,False,26.98,False,44.769,41.8525,1.132,2.14,10.16,-5.78,-16.75,-7.5,1.28,1.99,999,47958924.23,46.1974,-7.42,54.1434,-21.01,-19.65,19.0,False,BELOW_SMA50|NOT_NEAR_UNBROKEN_PIVOT|WEAK_RS,752,NYSE:GBCI,https://www.tradingview.com/chart/?symbol=NYSE%3AGBCI
NWL,2026-10-07,5.72,77.88,COILED,INSIDE_COIL,NONE,6.35,13.89,16.27,15.87,False,False,16.27,False,5.85,5.14,1.389,4.15,16.26,-4.67,15.25,-1.34,2.11,28.4,47,29880106.06,6.37,-10.2,7.0491,-18.85,9.13,85.0,False,POST_GAP_COIL|NOT_NEAR_UNBROKEN_PIVOT,752,NASDAQ:NWL,https://www.tradingview.com/chart/?symbol=NASDAQ%3ANWL
IREN,2026-10-07,38.69,77.88,COILED,RANGE_EXIT_CONFIRMED,DOWN_EXPANSION_CONFIRMED,1.19,5.95,11.51,40.48,False,False,15.48,False,49.37,39.33,1.633,6.84,28.51,-14.72,0.26,-7.13,6.76,10.9,48,1556773656.66,49.37,-21.63,70.707,-45.28,-10.91,42.0,False,ALREADY_EXPANDING|POST_GAP_COIL|BELOW_SMA50|NOT_NEAR_UNBROKEN_PIVOT|WEAK_RS,752,NASDAQ:IREN,https://www.tradingview.com/chart/?symbol=NASDAQ%3AIREN
LEVI,2026-10-07,19.51,77.86,COILED,NEAR_LOWER_EDGE,NONE,10.32,23.81,0.4,5.95,False,False,28.97,False,20.69,19.16,2.126,2.93,7.84,-4.13,-17.45,-8.7,1.66,2.35,126,69081718.16,20.805,-6.22,25.7,-24.09,-21.28,17.0,False,BELOW_SMA50|NOT_NEAR_UNBROKEN_PIVOT|WEAK_RS,752,NYSE:LEVI,https://www.tradingview.com/chart/?symbol=NYSE%3ALEVI
HBM,2026-10-07,25.87,77.84,COILED,INSIDE_COIL,NONE,12.3,40.08,0.4,3.17,False,False,7.54,False,28.26,25.25,0.954,4.87,13.99,-10.24,15.01,-4.07,7.74,7.74,289,117502260.33,29.72,-12.95,32.1332,-19.49,16.26,90.0,False,BELOW_SMA50|NOT_NEAR_UNBROKEN_PIVOT,752,NYSE:HBM,https://www.tradingview.com/chart/?symbol=NYSE%3AHBM
YUMC,2026-10-07,40.65,77.84,COILED,INSIDE_COIL,NONE,7.54,3.57,19.05,37.7,False,False,3.17,False,41.484,39.715,1.078,1.87,8.03,-4.53,-5.54,-8.37,1.36,3.56,481,55725301.9,43.405,-6.35,49.7618,-18.31,-6.98,53.0,False,BELOW_SMA50|NOT_NEAR_UNBROKEN_PIVOT|WEAK_RS,752,NYSE:YUMC,https://www.tradingview.com/chart/?symbol=NYSE%3AYUMC
AUB,2026-10-07,37.6,77.84,COILED,NEAR_LOWER_EDGE,NONE,0.4,13.1,21.43,26.59,False,False,7.94,False,39.18,37.22,1.239,1.98,8.32,-4.91,-9.3,-6.89,1.34,1.34,479,50660105.54,40.35,-6.82,43.2397,-13.04,-12.38,37.0,False,BELOW_SMA50|NOT_NEAR_UNBROKEN_PIVOT|WEAK_RS,752,NYSE:AUB,https://www.tradingview.com/chart/?symbol=NYSE%3AAUB
TRIP,2026-10-07,8.63,77.84,COILED,INSIDE_COIL,NONE,19.84,27.38,15.48,11.9,False,True,5.56,False,8.86,8.02,1.233,4.46,15.64,-2.15,-38.36,-13.7,2.61,21.8,43,37314241.67,9.37,-7.9,15.15,-43.04,-38.91,3.0,False,POST_GAP_COIL|BELOW_SMA50|NOT_NEAR_UNBROKEN_PIVOT|WEAK_RS,752,NASDAQ:TRIP,https://www.tradingview.com/chart/?symbol=NASDAQ%3ATRIP
UHAL-B,2026-10-06,53.22,77.82,COILED,NEAR_LOWER_EDGE,NONE,0.79,5.16,26.98,32.94,False,False,4.37,False,56.39,52.51,1.019,2.28,8.18,-6.48,-10.85,-10.52,1.59,4.51,999,16066472.44,58.9178,-9.67,66.8407,-20.38,-10.25,44.0,False,BELOW_SMA50|NOT_NEAR_UNBROKEN_PIVOT|WEAK_RS,751,NYSE:UHAL.B,https://www.tradingview.com/chart/?symbol=NYSE%3AUHAL.B
CALY,2026-10-07,13.91,77.82,COILED,RANGE_EXIT_CONFIRMED,DOWN_EXPANSION_CONFIRMED,2.78,1.98,23.41,40.48,False,False,3.17,False,14.74,13.97,1.294,2.94,12.94,-9.62,-26.71,-12.15,1.77,2.51,162,33083478.57,15.81,-12.02,20.28,-31.41,-28.34,9.0,False,ALREADY_EXPANDING|BELOW_SMA50|NOT_NEAR_UNBROKEN_PIVOT|WEAK_RS,752,NYSE:CALY,https://www.tradingview.com/chart/?symbol=NYSE%3ACALY
MGA,2026-10-07,65.03,77.78,COILED,NEAR_UPPER_EDGE,NONE,15.48,33.33,0.4,8.33,False,False,7.54,False,65.69,61.72,1.152,2.48,7.43,-0.67,1.4,-2.55,2.4,2.4,999,68740151.74,67.22,-3.26,73.22,-11.19,-1.7,67.0,False,WEAK_RS,752,NYSE:MGA,https://www.tradingview.com/chart/?symbol=NYSE%3AMGA
CHRN,2026-10-07,19.77,77.78,COILED,INSIDE_COIL,NONE,9.92,23.41,8.73,7.14,False,False,18.25,False,22.583,18.32,1.196,8.58,24.4,8.75,-14.08,-3.6,4.53,12.15,58,2179239.51,22.583,-12.46,30.0,-34.1,-6.45,55.0,False,POST_GAP_COIL|BELOW_SMA50|NOT_NEAR_UNBROKEN_PIVOT|LOW_LIQUIDITY|WEAK_RS,752,NASDAQ:CHRN,https://www.tradingview.com/chart/?symbol=NASDAQ%3ACHRN
TPR,2026-10-07,113.42,77.78,COILED,INSIDE_COIL,NONE,5.56,22.62,9.13,11.51,False,False,20.24,False,119.61,110.15,1.366,2.98,10.02,-0.26,-15.89,-11.65,2.38,13.69,38,346904461.1,121.16,-6.39,164.1776,-30.92,-22.29,16.0,False,POST_GAP_COIL|BELOW_SMA50|NOT_NEAR_UNBROKEN_PIVOT|WEAK_RS,752,NYSE:TPR,https://www.tradingview.com/chart/?symbol=NYSE%3ATPR
SAM,2026-10-07,168.16,77.76,COILED,INSIDE_COIL,NONE,2.38,26.98,12.3,26.98,False,True,19.05,False,172.46,160.65,1.598,3.19,9.6,3.59,-0.35,-4.58,1.49,4.49,109,44273772.53,176.8,-4.89,264.46,-36.41,-7.48,51.0,False,BELOW_SMA50|WEAK_RS,752,NYSE:SAM,https://www.tradingview.com/chart/?symbol=NYSE%3ASAM
HLMN,2026-10-07,6.94,77.74,COILED,INSIDE_COIL,NONE,11.51,29.37,0.79,19.05,False,False,7.14,False,7.26,6.655,0.891,3.43,13.62,-4.67,-12.59,-11.17,3.72,8.3,295,14258736.77,7.6,-8.68,9.58,-27.56,-13.4,34.0,False,BELOW_SMA50|NOT_NEAR_UNBROKEN_PIVOT|WEAK_RS,752,NASDAQ:HLMN,https://www.tradingview.com/chart/?symbol=NASDAQ%3AHLMN
BBAI,2026-10-07,2.51,77.68,COILED,NEAR_LOWER_EDGE,NONE,1.19,8.73,10.32,38.1,False,False,17.06,False,2.9,2.56,0.8,5.36,18.73,-11.31,-19.03,-14.58,2.92,3.62,226,43532323.61,2.95,-14.92,5.46,-54.03,-28.05,9.0,False,BELOW_SMA50|NOT_NEAR_UNBROKEN_PIVOT|LOW_LIQUIDITY|WEAK_RS,752,NYSE:BBAI,https://www.tradingview.com/chart/?symbol=NYSE%3ABBAI
AFRM,2026-10-07,75.31,77.66,COILED,NEAR_UPPER_EDGE,NONE,9.52,3.97,10.71,30.56,False,False,19.44,False,76.5,66.625,0.948,4.37,13.9,10.51,-10.82,2.48,3.41,10.98,27,278025538.86,76.5,-1.56,90.44,-16.73,-13.76,33.0,False,POST_GAP_COIL|WEAK_RS,752,NASDAQ:AFRM,https://www.tradingview.com/chart/?symbol=NASDAQ%3AAFRM
TSLA,2026-10-07,377.81,77.64,COILED,INSIDE_COIL,NONE,3.17,0.4,23.41,11.9,False,False,34.52,False,386.83,345.88,0.848,3.14,10.84,2.72,-4.64,7.41,2.63,8.83,479,13017094953.61,386.83,-2.33,453.4,-16.67,-10.72,42.0,False,WEAK_RS,752,NASDAQ:TSLA,https://www.tradingview.com/chart/?symbol=NASDAQ%3ATSLA
AMSC,2026-10-07,31.74,77.62,COILED,NEAR_UPPER_EDGE,NONE,10.32,1.19,23.02,28.57,False,False,7.94,False,32.13,28.2,1.678,4.52,15.53,8.29,-10.49,5.37,6.47,10.02,43,21646242.97,32.13,-1.21,60.18,-47.26,-18.26,22.0,False,POST_GAP_COIL|WEAK_RS,752,NASDAQ:AMSC,https://www.tradingview.com/chart/?symbol=NASDAQ%3AAMSC
FHB,2026-10-07,24.64,77.62,COILED,NEAR_LOWER_EDGE,NONE,11.9,6.35,19.84,22.22,False,False,9.52,False,25.42,24.28,1.205,1.83,7.18,-3.79,-12.82,-5.7,0.85,1.74,999,58655950.67,26.05,-5.41,30.2926,-18.66,-20.77,18.0,False,BELOW_SMA50|NOT_NEAR_UNBROKEN_PIVOT|WEAK_RS,752,NASDAQ:FHB,https://www.tradingview.com/chart/?symbol=NASDAQ%3AFHB
GOLF,2026-10-07,80.57,77.62,COILED,RANGE_EXIT_CONFIRMED,DOWN_EXPANSION_CONFIRMED,5.95,38.89,6.35,1.19,False,False,13.1,False,85.24,81.31,1.811,2.76,8.07,-5.82,-28.12,-8.19,1.65,5.0,415,28887678.16,86.68,-7.05,119.2976,-32.46,-32.59,6.0,False,ALREADY_EXPANDING|BELOW_SMA50|NOT_NEAR_UNBROKEN_PIVOT|WEAK_RS,752,NYSE:GOLF,https://www.tradingview.com/chart/?symbol=NYSE%3AGOLF
AAL,2026-10-07,12.85,77.6,COILED,NEAR_LOWER_EDGE,NONE,10.32,13.49,9.92,17.86,False,False,19.84,False,13.97,12.79,0.854,3.5,11.75,-0.7,-18.0,-7.56,3.61,5.41,126,923919873.76,14.06,-8.61,18.79,-31.61,-28.33,9.0,False,BELOW_SMA50|NOT_NEAR_UNBROKEN_PIVOT|WEAK_RS,752,NASDAQ:AAL,https://www.tradingview.com/chart/?symbol=NASDAQ%3AAAL
NIO,2026-10-07,3.54,77.6,COILED,INSIDE_COIL,NONE,4.37,1.98,19.05,38.1,False,False,10.71,False,3.72,3.37,1.333,3.28,11.86,-4.32,-29.34,-13.41,3.9,3.94,506,109159947.28,3.79,-6.6,7.0,-49.43,-29.59,8.0,False,BELOW_SMA50|NOT_NEAR_UNBROKEN_PIVOT|LOW_LIQUIDITY|WEAK_RS,752,NYSE:NIO,https://www.tradingview.com/chart/?symbol=NYSE%3ANIO
AVAV,2026-10-07,138.86,77.58,COILED,NEAR_LOWER_EDGE,NONE,3.17,21.03,17.46,42.46,True,True,38.1,False,163.35,138.0,1.935,5.6,24.31,-1.38,-3.21,-11.74,4.24,6.38,69,316157951.52,168.0,-17.35,222.4,-37.56,-10.08,45.0,False,BELOW_SMA50|NOT_NEAR_UNBROKEN_PIVOT|WEAK_RS,752,NASDAQ:AVAV,https://www.tradingview.com/chart/?symbol=NASDAQ%3AAVAV
PYPL,2026-10-07,54.95,77.56,COILED,NEAR_UPPER_EDGE,NONE,19.84,17.46,4.37,9.13,False,False,18.25,False,55.545,51.811,1.054,2.77,8.63,5.33,16.29,-2.39,2.15,15.78,27,624962828.94,55.545,-1.07,62.5754,-12.19,17.9,91.0,False,POST_GAP_COIL,752,NASDAQ:PYPL,https://www.tradingview.com/chart/?symbol=NASDAQ%3APYPL
AFG,2026-10-07,139.02,77.56,COILED,INSIDE_COIL,NONE,0.79,0.4,37.7,40.08,False,False,4.37,True,142.23,136.02,0.585,1.5,6.34,-1.04,-0.89,-2.34,0.76,2.77,999,63466429.14,144.84,-4.02,148.71,-6.52,-5.34,58.0,False,WEAK_RS,752,NYSE:AFG,https://www.tradingview.com/chart/?symbol=NYSE%3AAFG
LOMA,2026-10-07,9.52,77.56,COILED,INSIDE_COIL,NONE,11.11,2.78,12.3,9.92,False,False,38.1,False,9.92,8.77,1.0,3.54,15.44,-5.93,-16.27,-3.79,1.47,2.22,237,4461997.08,10.24,-7.03,12.76,-25.39,-16.71,26.0,False,BELOW_SMA50|NOT_NEAR_UNBROKEN_PIVOT|LOW_LIQUIDITY|WEAK_RS,752,NYSE:LOMA,https://www.tradingview.com/chart/?symbol=NYSE%3ALOMA
GCT,2026-10-07,55.96,77.5,COILED,RANGE_EXIT_CONFIRMED,UP_EXPANSION_CONFIRMED,1.98,13.49,4.76,36.11,False,False,20.24,False,55.8,49.43,1.946,4.46,13.14,7.86,58.08,9.53,1.99,3.81,154,35535144.97,55.8,0.29,56.27,-0.55,57.02,99.0,False,ALREADY_EXPANDING|EXTENDED_60D_RUN,752,NASDAQ:GCT,https://www.tradingview.com/chart/?symbol=NASDAQ%3AGCT
TPC,2026-10-07,85.91,77.48,COILED,INSIDE_COIL,NONE,22.22,10.32,3.57,7.14,False,False,28.17,False,89.62,81.25,1.668,3.58,9.74,-2.46,10.58,-2.51,3.51,12.15,43,39846921.93,90.79,-5.38,102.1996,-15.94,11.04,86.0,False,POST_GAP_COIL|NOT_NEAR_UNBROKEN_PIVOT,752,NYSE:TPC,https://www.tradingview.com/chart/?symbol=NYSE%3ATPC
BH,2026-10-07,368.9,77.44,COILED,NEAR_UPPER_EDGE,NONE,18.25,11.11,15.08,26.19,False,True,18.25,False,375.01,337.0,0.955,3.79,13.45,1.23,-4.13,-1.15,1.62,7.72,999,39964814.44,386.02,-4.44,443.0,-16.73,-10.19,44.0,False,WEAK_RS,752,NYSE:BH,https://www.tradingview.com/chart/?symbol=NYSE%3ABH
HUN,2026-10-07,8.63,77.4,COILED,INSIDE_COIL,NONE,7.14,2.78,17.06,28.57,False,False,19.44,False,9.28,8.1,0.92,3.91,18.05,-9.06,-26.85,-9.59,2.32,9.36,999,25172803.12,9.8955,-12.79,15.9378,-45.85,-23.05,15.0,False,BELOW_SMA50|NOT_NEAR_UNBROKEN_PIVOT|WEAK_RS,752,NYSE:HUN,https://www.tradingview.com/chart/?symbol=NYSE%3AHUN
NIC,2026-10-07,161.89,77.36,COILED,NEAR_LOWER_EDGE,NONE,4.76,14.68,13.1,23.81,False,False,17.06,False,169.75,160.16,1.067,2.21,8.49,-5.13,-1.48,-4.89,1.54,1.8,999,26878878.7,173.88,-6.9,179.6173,-9.87,-4.23,60.0,False,BELOW_SMA50|NOT_NEAR_UNBROKEN_PIVOT|WEAK_RS,752,NYSE:NIC,https://www.tradingview.com/chart/?symbol=NYSE%3ANIC
ACA,2026-10-07,146.4,77.34,COILED,NEAR_UPPER_EDGE,NONE,11.11,8.33,21.83,18.65,False,False,10.71,False,147.05,146.0,0.94,0.31,1.4,0.69,0.94,0.59,0.44,0.44,999,106752871.69,147.05,-0.44,146.8694,-0.32,-2.63,65.0,False,EVENT_PRICE_PEG|WEAK_RS,752,NYSE:ACA,https://www.tradingview.com/chart/?symbol=NYSE%3AACA
NTLA,2026-10-07,11.71,77.34,COILED,INSIDE_COIL,NONE,10.32,26.19,2.38,6.35,False,False,26.19,False,13.219,11.33,0.85,6.19,16.87,-4.1,-11.95,-3.28,4.35,5.69,175,59977852.2,13.219,-11.42,18.48,-36.63,-27.81,9.0,False,BELOW_SMA50|NOT_NEAR_UNBROKEN_PIVOT|WEAK_RS,752,NASDAQ:NTLA,https://www.tradingview.com/chart/?symbol=NASDAQ%3ANTLA
EXEL,2026-10-07,58.44,77.24,COILED,INSIDE_COIL,NONE,1.98,26.98,4.76,15.87,False,False,24.21,False,61.14,56.26,0.706,2.83,11.28,0.19,4.79,4.37,1.17,6.67,300,125990588.74,61.14,-4.42,59.72,-2.14,-1.3,68.0,False,WEAK_RS,752,NASDAQ:EXEL,https://www.tradingview.com/chart/?symbol=NASDAQ%3AEXEL
RAMP,2026-10-07,37.61,77.12,COILED,NEAR_UPPER_EDGE,NONE,16.27,8.73,19.44,16.27,False,False,10.32,False,37.87,37.44,0.75,0.44,1.52,-0.4,-0.87,-0.25,0.53,0.58,98,50871257.59,38.01,-1.05,38.23,-1.62,-4.1,61.0,False,EVENT_PRICE_PEG|WEAK_RS,752,NYSE:RAMP,https://www.tradingview.com/chart/?symbol=NYSE%3ARAMP
LEU,2026-10-07,147.14,77.08,COILED,INSIDE_COIL,NONE,21.03,4.37,19.84,14.68,False,False,11.11,False,159.42,135.75,1.968,6.39,27.44,-18.93,-7.68,-12.26,4.47,7.66,229,117120869.4,189.58,-22.39,235.0,-37.39,-18.87,21.0,False,BELOW_SMA50|NOT_NEAR_UNBROKEN_PIVOT|WEAK_RS,752,NYSE:LEU,https://www.tradingview.com/chart/?symbol=NYSE%3ALEU
LRN,2026-10-07,79.62,77.06,COILED,NEAR_UPPER_EDGE,NONE,17.06,0.79,24.21,16.27,False,False,13.89,False,80.36,74.59,0.93,2.84,12.38,-2.56,-8.36,-3.0,1.84,8.71,174,54568053.36,84.45,-5.72,103.67,-23.2,-16.24,26.0,False,NOT_NEAR_UNBROKEN_PIVOT|WEAK_RS,752,NYSE:LRN,https://www.tradingview.com/chart/?symbol=NYSE%3ALRN
SMPL,2026-10-07,9.89,77.06,COILED,INSIDE_COIL,NONE,17.06,16.27,8.73,18.65,False,False,11.51,False,10.16,9.375,0.742,3.69,11.07,-4.81,-19.92,-5.98,2.31,2.81,63,23183845.08,10.745,-7.96,15.088,-34.45,-27.63,10.0,False,BELOW_SMA50|NOT_NEAR_UNBROKEN_PIVOT|WEAK_RS,752,NASDAQ:SMPL,https://www.tradingview.com/chart/?symbol=NASDAQ%3ASMPL
KEEL,2026-10-07,3.33,77.06,COILED,NEAR_LOWER_EDGE,NONE,1.59,13.1,20.24,23.02,False,False,16.67,False,4.17,3.37,0.927,7.73,29.73,-10.24,-25.84,-6.57,7.56,11.64,48,105901971.29,4.23,-21.28,7.37,-54.82,-34.85,4.0,False,POST_GAP_COIL|BELOW_SMA50|NOT_NEAR_UNBROKEN_PIVOT|LOW_LIQUIDITY|WEAK_RS,752,NASDAQ:KEEL,https://www.tradingview.com/chart/?symbol=NASDAQ%3AKEEL
ETY,2026-10-07,14.22,77.04,COILED,NEAR_UPPER_EDGE,NONE,15.87,7.14,12.3,34.92,False,False,4.37,False,14.29,13.98,0.55,1.17,3.65,0.14,-0.31,-0.19,0.79,1.18,999,5229087.06,14.3588,-0.97,14.7262,-3.44,-4.23,60.0,False,WEAK_RS,752,NYSE:ETY,https://www.tradingview.com/chart/?symbol=NYSE%3AETY
AXTI,2026-10-07,79.79,77.02,COILED,INSIDE_COIL,NONE,11.11,5.16,19.44,36.9,False,False,1.98,False,88.36,69.6,0.886,8.31,39.43,15.79,38.6,13.2,7.86,42.12,39,599933251.62,88.36,-9.7,143.16,-44.27,23.91,94.0,False,POST_GAP_COIL|RECENT_SURGE|EXTENDED_60D_RUN|EXTENDED_FROM_SMA50|NOT_NEAR_UNBROKEN_PIVOT,752,NASDAQ:AXTI,https://www.tradingview.com/chart/?symbol=NASDAQ%3AAXTI
CVSA,2026-10-07,127.3,77.02,COILED,NEAR_UPPER_EDGE,NONE,2.78,15.08,4.76,23.81,False,False,32.54,False,127.64,116.59,0.754,2.93,9.78,1.1,-3.64,-0.77,1.5,3.1,674,44456392.99,129.04,-1.35,142.13,-10.43,-6.71,54.0,False,WEAK_RS,752,NYSE:CVSA,https://www.tradingview.com/chart/?symbol=NYSE%3ACVSA
CVNA,2026-10-07,62.76,77.02,COILED,INSIDE_COIL,NONE,9.52,18.25,19.44,31.75,False,False,5.16,True,66.02,58.92,0.719,4.89,22.24,-14.51,-10.83,-8.7,3.41,11.11,48,513026422.69,76.37,-17.82,83.914,-25.21,-10.15,44.0,False,POST_GAP_COIL|BELOW_SMA50|NOT_NEAR_UNBROKEN_PIVOT|WEAK_RS,752,NYSE:CVNA,https://www.tradingview.com/chart/?symbol=NYSE%3ACVNA
TDG,2026-10-07,1096.21,77.02,COILED,NEAR_LOWER_EDGE,NONE,25.0,27.78,6.75,4.37,False,False,2.78,False,1127.6801,1077.83,0.963,2.3,6.98,-2.62,-9.8,-6.18,1.43,5.45,999,450173786.36,1156.8,-5.24,1361.77,-19.5,-19.05,21.0,False,BELOW_SMA50|NOT_NEAR_UNBROKEN_PIVOT|WEAK_RS,752,NYSE:TDG,https://www.tradingview.com/chart/?symbol=NYSE%3ATDG
UVSP,2026-10-07,40.89,77.0,COILED,NEAR_LOWER_EDGE,NONE,5.56,11.11,15.87,26.98,False,False,16.27,False,42.25,40.13,0.738,1.76,7.7,-3.17,-5.47,-3.43,0.97,2.6,999,10520743.78,43.28,-5.52,45.2269,-9.59,-9.9,45.0,False,BELOW_SMA50|NOT_NEAR_UNBROKEN_PIVOT|WEAK_RS,752,NASDAQ:UVSP,https://www.tradingview.com/chart/?symbol=NASDAQ%3AUVSP
GHM,2026-10-07,84.34,76.98,COILED,RANGE_EXIT_CONFIRMED,DOWN_EXPANSION_CONFIRMED,3.57,18.25,6.35,21.03,False,False,28.17,False,93.99,84.49,1.625,4.66,14.25,-3.59,-21.21,-10.04,4.78,4.78,84,14803549.24,93.99,-10.27,125.82,-32.97,-25.98,12.0,False,ALREADY_EXPANDING|BELOW_SMA50|NOT_NEAR_UNBROKEN_PIVOT|WEAK_RS,752,NYSE:GHM,https://www.tradingview.com/chart/?symbol=NYSE%3AGHM
SFNC,2026-10-07,22.21,76.96,COILED,NEAR_LOWER_EDGE,NONE,4.37,27.38,3.97,13.89,False,False,25.4,False,23.35,22.09,1.432,2.05,5.9,-2.19,-2.19,-3.35,1.09,4.56,999,32860013.61,23.37,-4.96,24.0951,-7.82,-4.98,59.0,False,BELOW_SMA50|WEAK_RS,752,NASDAQ:SFNC,https://www.tradingview.com/chart/?symbol=NASDAQ%3ASFNC
NPK,2026-10-07,147.68,76.9,COILED,INSIDE_COIL,NONE,20.63,13.1,14.68,21.03,False,False,15.08,True,153.3,142.61,0.567,2.87,9.51,-0.49,20.31,1.49,1.68,1.89,999,16998702.23,156.66,-5.73,158.17,-6.63,14.51,89.0,False,NOT_NEAR_UNBROKEN_PIVOT,752,NYSE:NPK,https://www.tradingview.com/chart/?symbol=NYSE%3ANPK
IGIC,2026-10-07,24.54,76.89,COILED,INSIDE_COIL,NONE,8.33,11.9,32.94,29.37,False,True,7.14,False,25.11,24.03,0.932,2.25,9.82,-5.98,-11.19,-5.9,0.76,1.44,999,2486890.17,26.45,-7.22,29.5004,-16.81,-15.79,28.0,False,BELOW_SMA50|NOT_NEAR_UNBROKEN_PIVOT|LOW_LIQUIDITY|WEAK_RS,752,NASDAQ:IGIC,https://www.tradingview.com/chart/?symbol=NASDAQ%3AIGIC
PAAS,2026-10-07,44.35,76.88,COILED,RANGE_EXIT_CONFIRMED,DOWN_EXPANSION_CONFIRMED,15.48,9.13,22.22,51.98,True,False,6.35,False,49.39,44.56,1.793,4.06,18.51,-16.16,2.29,-9.31,5.14,8.36,172,144533005.34,53.31,-16.81,64.5038,-31.24,-2.78,65.0,False,ALREADY_EXPANDING|BELOW_SMA50|NOT_NEAR_UNBROKEN_PIVOT|WEAK_RS,752,NYSE:PAAS,https://www.tradingview.com/chart/?symbol=NYSE%3APAAS
LZB,2026-10-07,29.64,76.88,COILED,INSIDE_COIL,NONE,2.78,48.81,1.19,14.68,False,False,2.38,False,30.49,28.79,0.766,2.88,8.87,-5.51,-22.59,-12.59,1.65,17.46,34,23687849.93,31.69,-6.47,44.5597,-33.48,-27.67,9.0,False,POST_GAP_COIL|BELOW_SMA50|NOT_NEAR_UNBROKEN_PIVOT|WEAK_RS,752,NYSE:LZB,https://www.tradingview.com/chart/?symbol=NYSE%3ALZB
EWBC,2026-10-07,125.27,76.87,COILED,INSIDE_COIL,NONE,5.16,18.65,10.32,7.94,False,False,34.13,False,128.49,120.94,1.405,1.99,7.93,-2.35,-3.94,-3.16,1.39,1.39,366,115855648.37,130.88,-4.29,137.47,-8.87,-7.44,51.0,False,BELOW_SMA50|WEAK_RS,752,NASDAQ:EWBC,https://www.tradingview.com/chart/?symbol=NASDAQ%3AEWBC
IBKR,2026-10-07,87.74,76.81,COILED,INSIDE_COIL,NONE,6.75,23.41,9.92,13.1,False,False,21.43,False,93.53,83.6,1.646,3.26,11.78,-2.81,-8.15,-3.0,2.28,2.93,999,348911678.88,93.94,-6.6,98.6607,-11.07,-11.48,40.0,False,NOT_NEAR_UNBROKEN_PIVOT|WEAK_RS,752,NASDAQ:IBKR,https://www.tradingview.com/chart/?symbol=NASDAQ%3AIBKR
HASI,2026-10-07,36.35,76.79,COILED,NEAR_UPPER_EDGE,NONE,16.27,19.84,15.08,12.3,False,False,7.54,False,36.74,34.9528,0.984,2.49,7.83,-4.21,-4.36,-4.62,1.31,4.57,412,39487587.39,39.4491,-7.86,43.1297,-15.72,-5.09,58.0,False,BELOW_SMA50|NOT_NEAR_UNBROKEN_PIVOT|WEAK_RS,752,NYSE:HASI,https://www.tradingview.com/chart/?symbol=NYSE%3AHASI
LION,2026-10-07,11.31,76.79,COILED,NEAR_UPPER_EDGE,NONE,45.63,2.38,1.98,3.97,False,False,17.46,False,11.503,10.46,0.917,3.53,11.32,2.26,-14.9,-2.92,3.55,7.22,356,35966801.49,11.74,-3.66,16.7,-32.28,-19.81,19.0,False,WEAK_RS,752,NYSE:LION,https://www.tradingview.com/chart/?symbol=NYSE%3ALION
NWPX,2026-10-07,102.96,76.79,COILED,INSIDE_COIL,NONE,15.08,30.16,1.19,9.52,False,False,16.67,False,107.95,99.72,1.521,3.29,8.62,-3.78,-25.5,-6.51,3.54,3.54,999,13583273.47,107.95,-4.62,152.03,-32.28,-26.03,11.0,False,BELOW_SMA50|WEAK_RS,752,NASDAQ:NWPX,https://www.tradingview.com/chart/?symbol=NASDAQ%3ANWPX
GOOGL,2026-10-07,350.5,76.77,COILED,NEAR_UPPER_EDGE,NONE,33.73,20.24,8.33,1.98,False,False,3.17,False,353.22,335.51,1.027,2.4,10.39,6.0,-2.44,1.44,2.87,6.13,613,9193240462.07,364.17,-3.75,408.1038,-14.11,-5.93,56.0,False,WEAK_RS,752,NASDAQ:GOOGL,https://www.tradingview.com/chart/?symbol=NASDAQ%3AGOOGL
LCID,2026-10-07,3.89,76.77,COILED,NEAR_LOWER_EDGE,NONE,3.97,51.59,1.98,7.54,False,False,3.97,False,4.33,3.85,1.698,7.33,19.28,-8.9,-15.8,-25.64,4.08,10.67,44,43974247.66,4.66,-16.52,10.09,-61.45,-36.93,4.0,False,POST_GAP_COIL|BELOW_SMA50|NOT_NEAR_UNBROKEN_PIVOT|LOW_LIQUIDITY|WEAK_RS,752,NASDAQ:LCID,https://www.tradingview.com/chart/?symbol=NASDAQ%3ALCID
OR,2026-10-07,33.92,76.75,COILED,NEAR_LOWER_EDGE,NONE,23.02,6.35,10.71,30.95,False,False,3.97,False,36.4807,33.84,1.868,3.29,13.29,-8.52,17.59,-2.64,4.39,5.3,999,29277053.93,38.0577,-10.87,43.4388,-21.91,10.58,86.0,False,NOT_NEAR_UNBROKEN_PIVOT,752,NYSE:OR,https://www.tradingview.com/chart/?symbol=NYSE%3AOR
VIA,2026-10-07,30.49,76.74,COILED,INSIDE_COIL,NONE,10.44,1.59,31.2,44.05,False,True,6.75,False,31.7,27.905,0.732,4.42,20.92,17.45,63.31,14.75,2.41,3.79,999,27148624.34,31.7,-3.82,29.11,4.74,62.87,99.0,False,RECENT_SURGE|EXTENDED_60D_RUN|EXTENDED_FROM_SMA50,269,NYSE:VIA,https://www.tradingview.com/chart/?symbol=NYSE%3AVIA
CGAU,2026-10-07,21.15,76.73,COILED,NEAR_LOWER_EDGE,NONE,2.78,23.81,5.56,42.06,False,False,3.57,False,22.87,21.0,1.656,3.91,14.75,-9.23,32.33,-3.06,5.01,5.79,235,26216799.54,23.8,-11.13,24.52,-13.74,27.13,94.0,False,EXTENDED_60D_RUN|BELOW_SMA50|NOT_NEAR_UNBROKEN_PIVOT,752,NYSE:CGAU,https://www.tradingview.com/chart/?symbol=NYSE%3ACGAU
ZGN,2026-10-07,12.19,76.73,COILED,NEAR_LOWER_EDGE,NONE,1.19,26.98,15.87,17.86,False,False,11.9,False,12.99,12.2,0.948,3.47,13.04,4.19,-6.37,-7.77,2.29,4.87,384,13991551.41,12.99,-6.16,15.95,-23.57,-13.82,33.0,False,BELOW_SMA50|NOT_NEAR_UNBROKEN_PIVOT|WEAK_RS,752,NYSE:ZGN,https://www.tradingview.com/chart/?symbol=NYSE%3AZGN
AVTR,2026-10-07,15.35,76.71,COILED,INSIDE_COIL,NONE,9.13,15.08,1.19,5.16,False,False,49.6,False,16.375,14.57,0.76,3.25,11.76,3.16,35.96,5.25,1.28,16.67,49,135517941.62,16.375,-6.26,15.46,-0.71,42.4,97.0,False,POST_GAP_COIL|EXTENDED_60D_RUN|NOT_NEAR_UNBROKEN_PIVOT,752,NYSE:AVTR,https://www.tradingview.com/chart/?symbol=NYSE%3AAVTR
CPAC,2026-10-07,12.22,76.69,COMPRESSED,NEAR_UPPER_EDGE,NONE,28.57,1.98,27.38,36.11,False,True,8.73,True,12.42,11.93,0.375,1.76,6.46,-2.08,2.17,0.36,1.32,2.3,202,649200.36,12.72,-3.93,12.74,-4.08,3.35,77.0,False,LOW_LIQUIDITY,752,NYSE:CPAC,https://www.tradingview.com/chart/?symbol=NYSE%3ACPAC
HROW,2026-10-07,30.62,76.67,COILED,INSIDE_COIL,NONE,1.98,1.19,30.16,62.7,True,False,15.08,False,34.5,29.85,1.21,4.39,24.1,-18.46,-25.99,-16.45,3.12,4.18,102,20104941.62,38.0,-19.42,47.5,-35.54,-32.32,6.0,False,BELOW_SMA50|NOT_NEAR_UNBROKEN_PIVOT|WEAK_RS,752,NASDAQ:HROW,https://www.tradingview.com/chart/?symbol=NASDAQ%3AHROW
LILA,2026-10-07,8.91,76.65,COILED,NEAR_UPPER_EDGE,NONE,12.3,2.38,20.24,23.81,False,False,18.65,False,8.95,8.25,0.784,2.81,8.75,3.01,23.07,4.11,0.96,5.28,999,2993231.94,8.985,-0.83,8.9,0.11,18.24,91.0,False,LOW_LIQUIDITY,752,NASDAQ:LILA,https://www.tradingview.com/chart/?symbol=NASDAQ%3ALILA
SKE,2026-10-07,30.47,76.65,COILED,INSIDE_COIL,NONE,26.98,26.98,3.57,11.11,False,False,1.19,False,32.26,29.369,1.799,4.76,14.67,-7.53,13.06,-3.6,5.68,6.8,999,14899794.27,33.675,-9.52,35.82,-14.94,7.31,82.0,False,BELOW_SMA50|NOT_NEAR_UNBROKEN_PIVOT,752,NYSE:SKE,https://www.tradingview.com/chart/?symbol=NYSE%3ASKE
BANF,2026-10-07,106.01,76.65,COILED,INSIDE_COIL,NONE,4.76,15.87,20.24,27.78,False,False,6.75,False,109.3,103.9,1.042,2.06,7.61,-3.85,-7.39,-3.98,1.38,1.68,999,16116577.62,111.9698,-5.32,120.7646,-12.22,-10.23,44.0,False,BELOW_SMA50|NOT_NEAR_UNBROKEN_PIVOT|WEAK_RS,752,NASDAQ:BANF,https://www.tradingview.com/chart/?symbol=NASDAQ%3ABANF
SPSC,2026-10-07,81.0,76.63,COILED,INSIDE_COIL,NONE,26.59,26.59,2.38,2.38,False,False,12.7,False,85.31,78.88,0.697,3.64,15.56,3.5,27.96,1.96,2.83,8.92,233,44424408.22,89.44,-9.44,88.08,-8.04,29.7,95.0,False,NOT_NEAR_UNBROKEN_PIVOT,752,NASDAQ:SPSC,https://www.tradingview.com/chart/?symbol=NASDAQ%3ASPSC
DEC,2026-10-07,14.03,76.63,COILED,NEAR_UPPER_EDGE,NONE,7.94,2.38,38.49,24.21,False,True,19.84,False,14.13,13.179,1.091,2.82,14.83,-6.96,7.24,-0.73,1.92,3.21,679,11618176.31,15.715,-10.72,16.241,-13.61,0.92,73.0,False,NOT_NEAR_UNBROKEN_PIVOT,715,NYSE:DEC,https://www.tradingview.com/chart/?symbol=NYSE%3ADEC
CEF,2026-10-07,40.81,76.61,COILED,RANGE_EXIT_CONFIRMED,DOWN_EXPANSION_CONFIRMED,16.27,16.27,17.46,42.06,True,False,13.89,False,43.94,41.09,2.154,2.3,10.54,-9.25,1.22,-6.76,4.11,4.11,999,22656873.08,46.16,-11.59,52.46,-22.21,-4.31,60.0,False,ALREADY_EXPANDING|BELOW_SMA50|NOT_NEAR_UNBROKEN_PIVOT|WEAK_RS,752,AMEX:CEF,https://www.tradingview.com/chart/?symbol=AMEX%3ACEF
HL,2026-10-07,16.39,76.59,COILED,RANGE_EXIT_CONFIRMED,DOWN_EXPANSION_CONFIRMED,3.57,11.51,29.37,55.16,True,False,8.33,False,18.48,16.61,1.938,5.19,27.64,-21.39,5.76,-10.75,5.72,7.02,172,693008526.85,21.18,-22.62,21.69,-24.44,0.17,71.0,False,ALREADY_EXPANDING|BELOW_SMA50|NOT_NEAR_UNBROKEN_PIVOT,752,NYSE:HL,https://www.tradingview.com/chart/?symbol=NYSE%3AHL
FBIN,2026-10-07,38.52,76.59,COILED,INSIDE_COIL,NONE,7.14,35.71,6.35,16.67,False,False,7.14,False,39.98,36.95,1.69,3.73,11.42,-5.4,-23.46,-11.76,2.83,3.39,162,90792910.64,42.01,-8.31,54.8312,-29.75,-25.41,12.0,False,BELOW_SMA50|NOT_NEAR_UNBROKEN_PIVOT|WEAK_RS,752,NYSE:FBIN,https://www.tradingview.com/chart/?symbol=NYSE%3AFBIN
GOOG,2026-10-07,347.37,76.57,COILED,NEAR_UPPER_EDGE,NONE,34.13,21.43,7.14,2.38,False,False,3.57,False,350.094,332.65,0.934,2.36,9.88,5.78,-2.72,1.33,2.19,5.93,613,5971477522.48,359.98,-3.5,403.9645,-14.01,-6.08,56.0,False,WEAK_RS,752,NASDAQ:GOOG,https://www.tradingview.com/chart/?symbol=NASDAQ%3AGOOG
NIQ,2026-10-07,16.99,76.56,COILED,INSIDE_COIL,NONE,16.27,10.32,13.1,31.75,False,False,18.25,True,18.3,16.56,0.485,3.78,14.13,-6.18,53.76,0.98,2.12,17.38,40,22720736.93,18.96,-10.39,19.69,-13.71,47.78,98.0,False,POST_GAP_COIL|EXTENDED_60D_RUN|NOT_NEAR_UNBROKEN_PIVOT,305,NYSE:NIQ,https://www.tradingview.com/chart/?symbol=NYSE%3ANIQ
SOFI,2026-10-07,15.66,76.54,COILED,NEAR_LOWER_EDGE,NONE,0.4,0.4,23.81,60.32,False,False,9.92,True,17.14,15.53,0.672,3.77,16.02,-9.64,-15.58,-10.0,5.63,7.41,426,762437659.29,18.01,-13.05,20.13,-22.21,-19.55,20.0,False,BELOW_SMA50|NOT_NEAR_UNBROKEN_PIVOT|WEAK_RS,752,NASDAQ:SOFI,https://www.tradingview.com/chart/?symbol=NASDAQ%3ASOFI
PRK,2026-10-07,176.13,76.53,COILED,RANGE_EXIT_CONFIRMED,DOWN_EXPANSION_CONFIRMED,2.78,25.0,14.29,21.83,False,False,11.9,False,184.73,176.65,1.532,2.25,8.99,-5.72,-3.42,-8.98,1.26,4.95,999,19148412.81,190.52,-7.55,213.83,-17.63,-6.8,54.0,False,ALREADY_EXPANDING|BELOW_SMA50|NOT_NEAR_UNBROKEN_PIVOT|WEAK_RS,752,AMEX:PRK,https://www.tradingview.com/chart/?symbol=AMEX%3APRK
MSCI,2026-10-07,555.38,76.53,COILED,NEAR_UPPER_EDGE,NONE,25.0,20.63,5.95,1.98,False,False,19.05,False,563.27,533.45,0.698,2.18,5.64,0.15,-8.84,-0.7,1.25,10.26,55,321582535.51,564.77,-1.66,642.4723,-13.56,-11.27,41.0,False,POST_GAP_COIL|WEAK_RS,752,NYSE:MSCI,https://www.tradingview.com/chart/?symbol=NYSE%3AMSCI
HOOD,2026-10-07,109.51,76.49,COILED,NEAR_LOWER_EDGE,NONE,7.54,17.86,13.89,18.25,False,False,19.44,False,126.74,110.66,0.996,5.31,22.86,-5.01,-3.47,2.88,5.5,6.37,111,2499096354.58,126.74,-13.59,125.25,-12.57,-8.52,49.0,False,NOT_NEAR_UNBROKEN_PIVOT|WEAK_RS,752,NASDAQ:HOOD,https://www.tradingview.com/chart/?symbol=NASDAQ%3AHOOD
RLJ,2026-10-07,11.13,76.47,COILED,INSIDE_COIL,NONE,0.4,11.11,9.13,38.89,False,False,23.81,False,11.5,10.6535,1.192,2.52,8.85,3.8,-2.73,0.11,1.73,4.63,999,19683995.01,11.5,-3.22,12.7152,-12.47,-4.24,60.0,False,WEAK_RS,752,NYSE:RLJ,https://www.tradingview.com/chart/?symbol=NYSE%3ARLJ
HAPN,2026-10-07,15.16,76.47,COILED,INSIDE_COIL,NONE,0.4,6.35,34.13,33.73,False,False,1.98,False,15.89,14.56,1.286,3.46,17.08,-9.92,-24.01,-13.35,2.47,4.27,239,26791333.56,17.38,-12.77,21.251,-28.66,-28.23,9.0,False,BELOW_SMA50|NOT_NEAR_UNBROKEN_PIVOT|WEAK_RS,752,NASDAQ:HAPN,https://www.tradingview.com/chart/?symbol=NASDAQ%3AHAPN
AIG,2026-10-07,75.66,76.45,COILED,NEAR_UPPER_EDGE,NONE,17.86,13.49,6.35,13.89,False,False,26.19,False,76.46,72.63,0.96,1.86,5.23,1.51,-3.59,-0.42,1.09,1.75,999,387512266.51,76.59,-1.21,81.9074,-7.63,-7.38,52.0,False,WEAK_RS,752,NYSE:AIG,https://www.tradingview.com/chart/?symbol=NYSE%3AAIG
CNM,2026-10-07,40.7,76.41,COILED,NEAR_LOWER_EDGE,NONE,5.95,37.3,1.19,5.95,False,False,25.4,False,43.145,40.62,2.782,3.14,10.9,-2.16,-10.0,-6.48,1.6,2.02,271,115449679.49,44.28,-8.08,54.81,-25.74,-13.63,33.0,False,BELOW_SMA50|NOT_NEAR_UNBROKEN_PIVOT|WEAK_RS,752,NYSE:CNM,https://www.tradingview.com/chart/?symbol=NYSE%3ACNM
FLNC,2026-10-07,7.67,76.41,COILED,INSIDE_COIL,NONE,20.63,1.59,45.24,19.44,False,True,1.19,False,8.16,7.24,1.45,7.59,41.0,-24.21,-50.86,-26.96,20.11,20.11,14,68106096.27,10.87,-29.44,29.97,-74.41,-57.83,1.0,False,POST_GAP_COIL|BELOW_SMA50|NOT_NEAR_UNBROKEN_PIVOT|WEAK_RS,752,NASDAQ:FLNC,https://www.tradingview.com/chart/?symbol=NASDAQ%3AFLNC
HFWA,2026-10-07,27.24,76.35,COILED,NEAR_LOWER_EDGE,NONE,11.11,12.3,6.75,25.4,False,False,25.4,False,28.61,26.97,1.0,2.0,6.83,-3.98,-7.24,-5.39,1.34,1.45,999,12546943.62,28.85,-5.58,30.9941,-12.11,-9.59,46.0,False,BELOW_SMA50|NOT_NEAR_UNBROKEN_PIVOT|WEAK_RS,752,NASDAQ:HFWA,https://www.tradingview.com/chart/?symbol=NASDAQ%3AHFWA
MRCY,2026-10-07,79.75,76.35,COILED,NEAR_LOWER_EDGE,NONE,10.32,40.87,5.16,3.97,False,False,11.9,False,86.73,78.61,1.36,4.43,14.53,-1.25,-20.5,-12.9,2.91,3.21,169,53274063.05,90.06,-11.45,128.45,-37.91,-33.85,5.0,False,BELOW_SMA50|NOT_NEAR_UNBROKEN_PIVOT|WEAK_RS,752,NASDAQ:MRCY,https://www.tradingview.com/chart/?symbol=NASDAQ%3AMRCY
RIVN,2026-10-07,14.34,76.29,COILED,INSIDE_COIL,NONE,0.79,7.54,12.3,48.41,False,False,15.48,False,15.65,13.96,0.858,4.47,19.87,-10.4,-18.06,-8.17,3.46,3.79,65,379186689.0,16.81,-14.69,20.2,-29.01,-24.51,13.0,False,BELOW_SMA50|NOT_NEAR_UNBROKEN_PIVOT|WEAK_RS,752,NASDAQ:RIVN,https://www.tradingview.com/chart/?symbol=NASDAQ%3ARIVN
TOP,2026-10-07,15.5,76.25,COILED,INSIDE_COIL,NONE,10.71,33.33,3.57,13.1,False,False,15.08,False,16.19,14.55,0.996,6.07,10.97,6.09,65.78,11.6,1.78,4.48,99,1355006.2,16.2,-4.32,17.419,-11.02,45.39,98.0,False,EXTENDED_60D_RUN|LOW_LIQUIDITY,752,NASDAQ:TOP,https://www.tradingview.com/chart/?symbol=NASDAQ%3ATOP
TDW,2026-10-07,83.4,76.23,COILED,INSIDE_COIL,NONE,11.51,9.92,22.62,34.13,False,False,12.3,True,88.23,79.81,0.478,3.73,17.41,-10.39,12.75,-5.07,2.29,4.17,295,48788987.56,94.48,-11.73,101.58,-17.9,14.38,89.0,False,BELOW_SMA50|NOT_NEAR_UNBROKEN_PIVOT,752,NYSE:TDW,https://www.tradingview.com/chart/?symbol=NYSE%3ATDW
TDC,2026-10-07,29.16,76.23,COILED,INSIDE_COIL,NONE,9.92,15.48,11.9,25.79,False,False,16.27,False,30.38,27.97,1.015,3.11,10.53,4.67,-7.19,1.59,2.07,19.98,44,47335358.5,30.38,-4.02,37.52,-22.28,-19.93,19.0,False,POST_GAP_COIL|WEAK_RS,752,NYSE:TDC,https://www.tradingview.com/chart/?symbol=NYSE%3ATDC
PSO,2026-10-07,16.42,76.19,COILED,NEAR_UPPER_EDGE,NONE,11.9,9.52,14.29,36.9,False,False,7.54,False,16.39,15.75,1.0,1.43,5.85,4.39,-0.23,1.21,2.23,3.45,999,10080286.49,16.39,0.18,17.6298,-6.86,-5.71,57.0,False,WEAK_RS,752,NYSE:PSO,https://www.tradingview.com/chart/?symbol=NYSE%3APSO
REX,2026-10-07,44.31,76.11,COILED,NEAR_UPPER_EDGE,NONE,1.59,26.19,9.52,32.94,False,False,9.92,False,45.0,42.16,0.683,3.08,8.62,3.67,-5.84,2.95,1.43,4.76,461,11583265.13,45.0,-1.53,53.36,-16.96,-9.09,47.0,False,WEAK_RS,752,NYSE:REX,https://www.tradingview.com/chart/?symbol=NYSE%3AREX
NXE,2026-10-07,8.99,76.05,COILED,INSIDE_COIL,NONE,11.11,11.11,22.22,30.56,False,False,3.17,False,9.971,8.77,1.5,4.43,19.47,-15.51,-3.95,-9.73,3.64,4.21,999,40295861.53,10.89,-17.45,13.31,-32.46,-8.82,48.0,False,BELOW_SMA50|NOT_NEAR_UNBROKEN_PIVOT|WEAK_RS,752,NYSE:NXE,https://www.tradingview.com/chart/?symbol=NYSE%3ANXE
SEDG,2026-10-07,33.16,76.03,COILED,INSIDE_COIL,NONE,7.54,10.32,17.46,30.56,False,False,15.48,False,36.295,29.6,0.881,6.96,23.94,-5.82,-40.27,-2.76,4.47,18.1,44,108618766.13,37.71,-12.07,81.25,-59.19,-43.1,2.0,False,POST_GAP_COIL|NOT_NEAR_UNBROKEN_PIVOT|WEAK_RS,752,NASDAQ:SEDG,https://www.tradingview.com/chart/?symbol=NASDAQ%3ASEDG
OMCL,2026-10-07,35.21,75.83,COILED,NEAR_UPPER_EDGE,NONE,4.37,7.14,18.25,28.97,False,False,25.79,False,35.56,32.4,0.945,3.16,11.25,4.67,-23.36,1.07,1.95,14.15,48,17339968.11,35.56,-0.98,48.06,-26.74,-26.42,11.0,False,POST_GAP_COIL|WEAK_RS,752,NASDAQ:OMCL,https://www.tradingview.com/chart/?symbol=NASDAQ%3AOMCL
MKL,2026-10-07,1728.2,75.81,COILED,NEAR_LOWER_EDGE,NONE,5.56,2.38,30.56,39.29,False,False,3.97,False,1771.49,1704.17,0.663,1.51,5.95,-3.22,-11.07,-4.2,0.9,2.79,999,137820505.34,1807.0,-4.36,2054.3701,-15.88,-15.0,29.0,False,BELOW_SMA50|WEAK_RS,752,NYSE:MKL,https://www.tradingview.com/chart/?symbol=NYSE%3AMKL
SHO,2026-10-07,11.2,75.79,COILED,INSIDE_COIL,NONE,0.4,3.57,13.49,46.43,False,False,25.0,False,11.5,10.8628,1.105,1.81,6.58,2.73,-0.62,0.95,0.91,1.63,999,20711671.56,11.5,-2.61,11.8814,-5.74,-3.12,64.0,False,WEAK_RS,752,NYSE:SHO,https://www.tradingview.com/chart/?symbol=NYSE%3ASHO
SEPN,2026-10-07,36.0,75.79,COILED,NEAR_LOWER_EDGE,NONE,11.11,12.7,6.75,38.1,False,False,15.87,False,40.17,35.6,1.135,5.47,16.36,-5.19,4.23,-8.3,2.45,2.59,351,15216533.51,41.09,-12.39,51.1,-29.55,-8.51,49.0,False,BELOW_SMA50|NOT_NEAR_UNBROKEN_PIVOT|WEAK_RS,488,NASDAQ:SEPN,https://www.tradingview.com/chart/?symbol=NASDAQ%3ASEPN
SGML,2026-10-07,9.86,75.79,COILED,INSIDE_COIL,NONE,25.4,12.7,3.17,0.79,False,False,38.89,False,10.33,7.785,0.871,7.18,28.96,-6.72,-17.76,-7.85,6.28,13.03,21,24318488.28,11.25,-12.36,24.48,-59.72,-20.23,18.0,False,POST_GAP_COIL|BELOW_SMA50|NOT_NEAR_UNBROKEN_PIVOT|WEAK_RS,752,NASDAQ:SGML,https://www.tradingview.com/chart/?symbol=NASDAQ%3ASGML
TOST,2026-10-07,30.55,75.75,COILED,NEAR_UPPER_EDGE,NONE,17.46,11.11,25.4,17.06,False,False,5.95,False,30.94,28.695,0.823,3.54,16.46,-5.86,1.83,-7.19,1.98,3.76,104,260175705.93,33.725,-9.41,37.2,-17.88,2.24,75.0,False,BELOW_SMA50|NOT_NEAR_UNBROKEN_PIVOT,752,NYSE:TOST,https://www.tradingview.com/chart/?symbol=NYSE%3ATOST
IDXX,2026-10-07,506.67,75.73,COILED,RANGE_EXIT_CONFIRMED,DOWN_EXPANSION_CONFIRMED,8.33,23.81,7.94,8.73,False,False,32.94,False,536.84,507.01,1.221,2.66,7.15,-1.65,-6.29,-6.41,1.3,6.07,232,253229584.68,536.84,-5.62,624.15,-18.82,-12.95,36.0,False,ALREADY_EXPANDING|BELOW_SMA50|NOT_NEAR_UNBROKEN_PIVOT|WEAK_RS,752,NASDAQ:IDXX,https://www.tradingview.com/chart/?symbol=NASDAQ%3AIDXX
SOLS,2026-10-07,60.36,75.72,COILED,NEAR_UPPER_EDGE,NONE,21.52,1.74,12.05,27.62,False,False,20.51,False,61.35,54.785,0.828,3.68,14.06,-4.58,-4.61,1.47,2.31,15.37,27,123800839.37,65.34,-7.62,90.5988,-33.38,-7.41,52.0,False,POST_GAP_COIL|NOT_NEAR_UNBROKEN_PIVOT|WEAK_RS,243,NASDAQ:SOLS,https://www.tradingview.com/chart/?symbol=NASDAQ%3ASOLS
AMCR,2026-10-07,41.26,75.71,COILED,NEAR_LOWER_EDGE,NONE,13.49,22.62,3.17,27.38,False,False,15.48,False,43.24,40.96,0.663,2.15,6.64,-4.34,-2.17,-7.06,1.63,2.33,999,137027752.21,44.32,-6.9,48.2468,-14.48,-5.63,57.0,False,BELOW_SMA50|NOT_NEAR_UNBROKEN_PIVOT|WEAK_RS,752,NYSE:AMCR,https://www.tradingview.com/chart/?symbol=NYSE%3AAMCR
SAIA,2026-10-07,334.72,75.71,COILED,INSIDE_COIL,NONE,2.78,16.67,9.13,25.4,False,False,31.75,False,358.28,321.54,0.687,3.82,11.2,-3.41,-22.65,-4.94,2.65,3.14,302,118628136.37,359.03,-6.77,494.71,-32.34,-24.2,14.0,False,BELOW_SMA50|NOT_NEAR_UNBROKEN_PIVOT|WEAK_RS,752,NASDAQ:SAIA,https://www.tradingview.com/chart/?symbol=NASDAQ%3ASAIA
ENPH,2026-10-07,33.5,75.71,COILED,INSIDE_COIL,NONE,2.38,15.08,27.78,28.57,False,False,6.35,False,34.71,30.54,0.899,5.01,23.07,-8.77,-25.54,-8.86,4.07,7.08,69,158029799.66,39.54,-15.28,73.74,-54.57,-29.02,8.0,False,BELOW_SMA50|NOT_NEAR_UNBROKEN_PIVOT|WEAK_RS,752,NASDAQ:ENPH,https://www.tradingview.com/chart/?symbol=NASDAQ%3AENPH
RXT,2026-10-07,3.85,75.69,COILED,INSIDE_COIL,NONE,34.92,24.6,20.63,13.89,False,True,7.94,True,4.275,3.7,0.586,7.77,31.69,18.83,-17.2,0.94,8.64,9.94,78,26249821.43,4.29,-10.26,8.6,-55.23,-15.55,28.0,False,RECENT_SURGE|NOT_NEAR_UNBROKEN_PIVOT|LOW_LIQUIDITY|WEAK_RS,752,NASDAQ:RXT,https://www.tradingview.com/chart/?symbol=NASDAQ%3ARXT
KLAR,2026-10-07,13.25,75.68,COILED,INSIDE_COIL,NONE,3.2,0.4,35.86,40.08,False,False,2.78,False,13.6,12.275,1.136,3.84,15.96,-4.54,-32.5,-14.07,1.61,19.73,35,71229933.88,14.39,-7.92,22.09,-40.02,-37.37,3.0,False,POST_GAP_COIL|BELOW_SMA50|NOT_NEAR_UNBROKEN_PIVOT|WEAK_RS,270,NYSE:KLAR,https://www.tradingview.com/chart/?symbol=NYSE%3AKLAR
DAL,2026-10-07,82.97,75.65,COILED,INSIDE_COIL,NONE,6.75,16.27,22.22,26.59,False,False,8.73,False,86.17,80.71,0.732,2.86,11.18,5.36,-2.97,-1.06,2.94,2.95,126,637907715.02,86.17,-3.71,95.4443,-13.07,-10.43,43.0,False,WEAK_RS,752,NYSE:DAL,https://www.tradingview.com/chart/?symbol=NYSE%3ADAL
MCHB,2026-10-07,14.61,75.6,COILED,NEAR_LOWER_EDGE,NONE,1.98,7.94,18.65,48.02,False,False,9.92,False,15.35,14.44,1.143,2.11,8.9,-5.31,-7.77,-7.33,1.17,3.25,102,8228071.8,15.74,-7.18,17.1101,-14.61,-11.01,41.0,False,BELOW_SMA50|NOT_NEAR_UNBROKEN_PIVOT|WEAK_RS,752,NASDAQ:MCHB,https://www.tradingview.com/chart/?symbol=NASDAQ%3AMCHB
JBSS,2026-10-07,67.95,75.6,COILED,NEAR_UPPER_EDGE,NONE,14.29,39.29,7.14,5.56,False,False,9.52,False,69.17,65.75,1.123,2.71,9.83,-3.81,-17.84,-8.39,1.04,7.12,234,8507022.71,72.43,-6.19,89.9571,-24.46,-23.3,15.0,False,BELOW_SMA50|NOT_NEAR_UNBROKEN_PIVOT|WEAK_RS,752,NASDAQ:JBSS,https://www.tradingview.com/chart/?symbol=NASDAQ%3AJBSS
MANH,2026-10-07,202.11,75.58,COILED,INSIDE_COIL,NONE,15.48,17.86,14.68,12.3,False,False,19.84,False,213.3,196.8,0.771,3.04,8.82,-1.94,27.43,-1.59,2.92,15.95,49,125892510.93,214.62,-5.83,227.03,-10.98,25.39,94.0,False,POST_GAP_COIL|NOT_NEAR_UNBROKEN_PIVOT,752,NASDAQ:MANH,https://www.tradingview.com/chart/?symbol=NASDAQ%3AMANH
CHE,2026-10-07,501.45,75.5,COILED,NEAR_LOWER_EDGE,NONE,12.3,45.24,2.78,0.79,False,False,15.48,False,519.05,491.88,1.355,2.57,7.64,-3.3,2.08,-4.1,1.51,1.9,114,82240613.81,530.18,-5.42,556.2683,-9.85,-1.28,69.0,False,BELOW_SMA50|NOT_NEAR_UNBROKEN_PIVOT|WEAK_RS,752,NYSE:CHE,https://www.tradingview.com/chart/?symbol=NYSE%3ACHE
HWM,2026-10-07,222.75,75.48,COILED,RANGE_EXIT_CONFIRMED,DOWN_EXPANSION_CONFIRMED,16.27,50.4,1.19,1.98,False,False,4.37,False,233.42,224.24,1.683,3.14,5.1,-4.24,-19.48,-12.5,1.96,6.35,549,641905813.59,238.64,-6.66,309.8502,-28.11,-22.25,16.0,False,ALREADY_EXPANDING|BELOW_SMA50|NOT_NEAR_UNBROKEN_PIVOT|WEAK_RS,752,NYSE:HWM,https://www.tradingview.com/chart/?symbol=NYSE%3AHWM
SPNT,2026-10-07,24.62,75.44,COILED,NEAR_LOWER_EDGE,NONE,6.75,12.3,14.29,12.7,False,True,59.92,False,26.5,24.2,1.0,2.48,10.44,1.48,-0.44,1.76,2.94,3.41,999,28550085.89,26.5,-7.09,26.48,-7.02,-2.75,65.0,False,NOT_NEAR_UNBROKEN_PIVOT|WEAK_RS,752,NYSE:SPNT,https://www.tradingview.com/chart/?symbol=NYSE%3ASPNT
BTG,2026-10-07,5.0,75.42,COILED,RANGE_EXIT_CONFIRMED,DOWN_EXPANSION_CONFIRMED,11.9,16.67,10.71,25.4,False,False,19.44,False,5.51,5.09,1.667,4.16,13.6,-9.42,32.4,-2.62,5.29,6.36,159,106407059.19,5.64,-11.35,5.8787,-14.95,26.35,94.0,False,ALREADY_EXPANDING|EXTENDED_60D_RUN|NOT_NEAR_UNBROKEN_PIVOT,752,AMEX:BTG,https://www.tradingview.com/chart/?symbol=AMEX%3ABTG
CHH,2026-10-07,103.49,75.4,COILED,NEAR_UPPER_EDGE,NONE,5.56,30.56,14.29,25.79,False,False,4.37,False,105.33,98.69,1.247,3.2,9.5,4.19,-4.19,-0.26,2.0,2.0,999,59380543.36,105.33,-1.75,123.1493,-15.96,-8.97,48.0,False,WEAK_RS,752,NYSE:CHH,https://www.tradingview.com/chart/?symbol=NYSE%3ACHH
NTES,2026-10-07,120.61,75.36,COILED,NEAR_UPPER_EDGE,NONE,23.41,8.33,9.92,13.49,False,False,28.57,False,122.82,114.38,0.802,2.13,7.0,4.08,-5.68,-1.33,4.55,7.63,698,73952666.21,122.82,-1.8,136.1109,-11.39,-13.22,35.0,False,WEAK_RS,752,NASDAQ:NTES,https://www.tradingview.com/chart/?symbol=NASDAQ%3ANTES
TFX,2026-10-07,124.48,75.34,COILED,INSIDE_COIL,NONE,6.75,15.87,23.02,11.9,False,False,25.0,False,128.62,118.31,1.286,3.08,13.47,-8.28,-4.13,-6.11,1.79,3.2,187,110146377.11,139.54,-10.79,144.6411,-13.94,-10.55,43.0,False,BELOW_SMA50|NOT_NEAR_UNBROKEN_PIVOT|WEAK_RS,752,NYSE:TFX,https://www.tradingview.com/chart/?symbol=NYSE%3ATFX
BRK-A,2026-10-07,759900.0,75.3,COILED,NEAR_UPPER_EDGE,NONE,43.65,0.4,30.95,24.21,False,True,7.14,True,766533.0,744500.0,0.357,1.0,5.4,0.1,3.11,-0.19,0.49,1.08,999,167232755.0,785520.0,-3.26,806103.0,-5.73,-1.1,69.0,False,WEAK_RS,752,NYSE:BRK.A,https://www.tradingview.com/chart/?symbol=NYSE%3ABRK.A
CSW,2026-10-07,286.7,75.26,COILED,NEAR_LOWER_EDGE,NONE,23.02,25.0,6.35,13.1,False,False,12.7,False,306.08,285.33,1.235,3.49,7.8,-3.26,-2.01,-8.38,2.81,7.86,999,38230454.13,306.08,-6.33,355.483,-19.35,1.81,74.0,False,BELOW_SMA50|NOT_NEAR_UNBROKEN_PIVOT,752,NYSE:CSW,https://www.tradingview.com/chart/?symbol=NYSE%3ACSW
UHAL,2026-10-07,59.16,75.24,COILED,RANGE_EXIT_CONFIRMED,DOWN_EXPANSION_CONFIRMED,4.76,14.29,26.19,26.98,False,False,11.11,False,62.49,59.63,1.325,2.29,9.28,-6.97,-13.9,-12.1,1.73,1.89,999,8765974.69,64.49,-8.26,76.45,-22.62,-15.4,29.0,False,ALREADY_EXPANDING|BELOW_SMA50|NOT_NEAR_UNBROKEN_PIVOT|WEAK_RS,752,NYSE:UHAL,https://www.tradingview.com/chart/?symbol=NYSE%3AUHAL
AES,2026-10-07,14.93,75.22,COILED,NEAR_UPPER_EDGE,NONE,0.4,3.57,27.38,35.71,False,False,21.03,False,14.94,14.8,0.8,0.31,1.07,0.74,2.09,0.99,0.2,0.34,152,127439070.47,14.94,-0.07,14.85,0.54,-1.08,69.0,False,EVENT_PRICE_PEG|WEAK_RS,752,NYSE:AES,https://www.tradingview.com/chart/?symbol=NYSE%3AAES
QH,2026-10-07,3.5,75.22,COILED,INSIDE_COIL,NONE,6.35,7.94,9.13,34.92,False,True,52.38,False,5.24,3.28,1.35,8.5,56.0,-12.94,-41.96,-15.64,8.54,15.76,57,47714.81,5.24,-33.21,12.81,-72.68,-43.41,2.0,False,POST_GAP_COIL|BELOW_SMA50|NOT_NEAR_UNBROKEN_PIVOT|LOW_LIQUIDITY|WEAK_RS,752,NASDAQ:QH,https://www.tradingview.com/chart/?symbol=NASDAQ%3AQH
COF,2026-10-07,195.91,75.2,COILED,INSIDE_COIL,NONE,5.56,5.56,26.59,35.71,False,False,12.7,False,201.69,189.78,0.719,2.19,10.98,-7.09,-4.23,-6.79,1.7,2.47,479,735808272.14,214.31,-8.59,227.3372,-13.82,-5.4,58.0,False,BELOW_SMA50|NOT_NEAR_UNBROKEN_PIVOT|WEAK_RS,752,NYSE:COF,https://www.tradingview.com/chart/?symbol=NYSE%3ACOF
VNO,2026-10-07,33.78,75.2,COILED,INSIDE_COIL,NONE,9.13,20.24,11.9,37.3,False,False,6.35,False,35.29,33.05,1.424,2.83,9.98,-2.6,-13.67,-8.29,2.22,2.22,999,50640553.28,36.42,-7.25,41.6,-18.8,-14.97,29.0,False,BELOW_SMA50|NOT_NEAR_UNBROKEN_PIVOT|WEAK_RS,752,NYSE:VNO,https://www.tradingview.com/chart/?symbol=NYSE%3AVNO
ZD,2026-10-07,54.9,75.18,COILED,NEAR_LOWER_EDGE,NONE,20.24,7.54,25.0,41.67,False,True,6.75,False,57.98,53.89,0.833,2.96,12.0,-0.76,5.7,-1.21,1.08,11.76,42,40347310.8,60.48,-9.23,58.06,-5.44,0.21,71.0,False,POST_GAP_COIL|NOT_NEAR_UNBROKEN_PIVOT,752,NASDAQ:ZD,https://www.tradingview.com/chart/?symbol=NASDAQ%3AZD
AXTA,2026-10-07,32.79,75.16,COILED,INSIDE_COIL,NONE,14.29,19.44,15.48,5.56,False,False,27.78,False,33.715,31.2,0.823,2.6,10.28,-4.79,2.09,-6.22,3.33,4.65,126,72134442.05,35.48,-7.58,38.61,-15.07,-2.91,64.0,False,BELOW_SMA50|NOT_NEAR_UNBROKEN_PIVOT|WEAK_RS,752,NYSE:AXTA,https://www.tradingview.com/chart/?symbol=NYSE%3AAXTA
ICUI,2026-10-07,156.03,75.14,COILED,NEAR_LOWER_EDGE,NONE,7.94,11.51,25.4,20.63,False,False,18.65,False,167.67,156.91,1.053,3.01,10.47,-3.09,1.65,-7.55,1.95,9.61,228,39893020.91,167.67,-6.94,192.85,-19.09,-3.96,61.0,False,BELOW_SMA50|NOT_NEAR_UNBROKEN_PIVOT|WEAK_RS,752,NASDAQ:ICUI,https://www.tradingview.com/chart/?symbol=NASDAQ%3AICUI
BRK-B,2026-10-07,506.25,75.12,COILED,NEAR_UPPER_EDGE,NONE,26.19,0.4,30.16,24.21,False,False,12.7,True,511.28,495.96,0.521,1.06,5.49,-0.09,3.09,-0.27,0.48,1.01,999,2349827675.43,523.74,-3.34,537.74,-5.86,-1.47,68.0,False,WEAK_RS,752,NYSE:BRK.B,https://www.tradingview.com/chart/?symbol=NYSE%3ABRK.B
FBK,2026-10-07,52.26,75.02,COILED,INSIDE_COIL,NONE,3.17,9.52,30.95,27.78,False,False,13.89,False,53.6,50.885,1.236,1.97,9.37,-4.44,-10.2,-7.94,1.42,1.42,999,35860601.14,55.88,-6.48,62.655,-16.59,-10.37,44.0,False,BELOW_SMA50|NOT_NEAR_UNBROKEN_PIVOT|WEAK_RS,752,NYSE:FBK,https://www.tradingview.com/chart/?symbol=NYSE%3AFBK
OLN,2026-10-07,15.92,74.98,COMPRESSED,INSIDE_COIL,NONE,1.59,5.95,19.05,32.14,False,False,32.54,False,17.19,14.95,1.156,3.91,17.78,-8.82,-25.65,-9.37,2.97,7.62,236,63653158.66,18.29,-12.96,29.2523,-45.58,-23.89,14.0,False,BELOW_SMA50|NOT_NEAR_UNBROKEN_PIVOT|WEAK_RS,752,NYSE:OLN,https://www.tradingview.com/chart/?symbol=NYSE%3AOLN
CRGY,2026-10-07,13.47,74.96,COMPRESSED,INSIDE_COIL,NONE,21.03,11.9,43.25,15.48,False,True,3.17,False,13.77,12.69,1.346,3.6,20.64,-5.41,35.9,2.65,2.53,4.1,999,86238019.53,15.47,-12.93,14.535,-7.33,39.25,97.0,False,EXTENDED_60D_RUN|NOT_NEAR_UNBROKEN_PIVOT,752,NYSE:CRGY,https://www.tradingview.com/chart/?symbol=NYSE%3ACRGY
PLAB,2026-10-07,30.11,74.94,COMPRESSED,INSIDE_COIL,NONE,2.38,3.57,36.9,40.08,False,False,3.17,False,31.83,29.38,1.071,3.6,16.27,3.47,2.17,-0.39,5.73,27.08,29,24627961.12,31.83,-5.4,56.0,-46.23,-0.5,70.0,False,POST_GAP_COIL|NOT_NEAR_UNBROKEN_PIVOT,752,NASDAQ:PLAB,https://www.tradingview.com/chart/?symbol=NASDAQ%3APLAB
GXO,2026-10-07,45.99,74.92,COMPRESSED,INSIDE_COIL,NONE,8.33,21.03,5.56,29.37,False,False,24.6,False,47.12,43.61,1.053,3.0,8.18,-0.43,-7.41,-2.09,2.54,2.55,413,60631091.15,47.431,-3.04,60.21,-23.62,-14.73,30.0,False,WEAK_RS,752,NYSE:GXO,https://www.tradingview.com/chart/?symbol=NYSE%3AGXO
SNDR,2026-10-07,31.19,74.92,COMPRESSED,NEAR_LOWER_EDGE,NONE,3.57,19.05,27.38,25.4,False,False,21.83,True,33.38,30.9,0.514,3.03,12.34,-7.31,-15.29,-8.28,2.04,3.57,172,24050495.97,34.75,-10.24,39.1266,-20.28,-19.22,20.0,False,BELOW_SMA50|NOT_NEAR_UNBROKEN_PIVOT|WEAK_RS,752,NYSE:SNDR,https://www.tradingview.com/chart/?symbol=NYSE%3ASNDR
LEGN,2026-10-07,19.12,74.92,COMPRESSED,INSIDE_COIL,NONE,29.37,17.46,15.08,19.44,False,False,11.9,True,20.0,17.915,0.724,4.66,16.42,-3.97,-25.52,-3.27,2.26,7.52,76,44475675.18,20.52,-6.82,37.5,-49.01,-33.82,5.0,False,BELOW_SMA50|NOT_NEAR_UNBROKEN_PIVOT|WEAK_RS,752,NASDAQ:LEGN,https://www.tradingview.com/chart/?symbol=NASDAQ%3ALEGN
SAP,2026-10-07,210.13,74.9,COMPRESSED,INSIDE_COIL,NONE,23.02,30.95,7.54,4.76,False,False,13.89,False,214.72,203.17,0.732,2.41,7.39,0.47,35.73,0.61,4.26,6.18,173,370769500.1,218.69,-3.91,223.28,-5.89,28.96,95.0,False,EXTENDED_60D_RUN,752,NYSE:SAP,https://www.tradingview.com/chart/?symbol=NYSE%3ASAP
IE,2026-10-07,9.77,74.88,COMPRESSED,NEAR_LOWER_EDGE,NONE,32.54,46.83,5.56,3.57,False,True,3.97,False,10.95,9.692,1.238,6.94,24.97,-10.37,6.54,-5.79,5.87,5.87,371,23761213.51,11.34,-13.84,15.665,-37.63,4.31,78.0,False,BELOW_SMA50|NOT_NEAR_UNBROKEN_PIVOT,752,AMEX:IE,https://www.tradingview.com/chart/?symbol=AMEX%3AIE
AA,2026-10-07,42.48,74.88,COMPRESSED,INSIDE_COIL,NONE,0.4,9.52,37.7,36.51,False,False,0.79,False,44.86,41.01,1.246,3.78,21.73,-16.26,-13.24,-10.56,3.25,3.82,999,176813178.55,53.17,-20.11,84.2166,-49.56,-16.29,26.0,False,BELOW_SMA50|NOT_NEAR_UNBROKEN_PIVOT|WEAK_RS,752,NYSE:AA,https://www.tradingview.com/chart/?symbol=NYSE%3AAA
BLKB,2026-10-07,44.52,74.82,COMPRESSED,RANGE_EXIT_CONFIRMED,UP_EXPANSION_CONFIRMED,14.68,26.59,14.68,9.52,False,False,17.06,False,43.95,40.82,1.275,3.56,14.85,1.02,48.9,-0.78,2.75,3.92,299,19121953.29,47.43,-6.14,49.54,-10.13,48.61,98.0,False,ALREADY_EXPANDING|EXTENDED_60D_RUN|NOT_NEAR_UNBROKEN_PIVOT,752,NASDAQ:BLKB,https://www.tradingview.com/chart/?symbol=NASDAQ%3ABLKB
PLUG,2026-10-07,1.78,74.82,COMPRESSED,RANGE_EXIT_CONFIRMED,DOWN_EXPANSION_CONFIRMED,1.19,5.56,19.44,47.22,False,False,19.05,False,2.12,1.83,1.375,5.75,24.72,-17.97,-21.59,-15.17,3.33,17.54,40,92639453.43,2.3,-22.61,4.33,-58.89,-28.86,8.0,False,ALREADY_EXPANDING|POST_GAP_COIL|BELOW_SMA50|NOT_NEAR_UNBROKEN_PIVOT|LOW_LIQUIDITY|WEAK_RS,752,NASDAQ:PLUG,https://www.tradingview.com/chart/?symbol=NASDAQ%3APLUG
MAIN,2026-10-07,54.18,74.76,COMPRESSED,NEAR_LOWER_EDGE,NONE,10.71,15.08,7.54,18.25,False,False,38.89,False,56.83,54.37,1.057,1.85,7.29,-3.3,3.56,-3.98,1.23,1.23,999,27079037.01,57.4218,-5.65,59.0193,-8.2,2.75,76.0,False,BELOW_SMA50|NOT_NEAR_UNBROKEN_PIVOT,752,NYSE:MAIN,https://www.tradingview.com/chart/?symbol=NYSE%3AMAIN
EPAC,2026-10-07,35.08,74.72,COMPRESSED,INSIDE_COIL,NONE,22.22,30.95,3.57,0.79,False,False,25.4,False,36.4595,34.172,1.137,2.64,6.63,-3.55,2.84,-3.39,1.64,2.81,200,16583572.75,37.1187,-5.49,37.9578,-7.58,0.31,71.0,False,BELOW_SMA50|NOT_NEAR_UNBROKEN_PIVOT,752,NYSE:EPAC,https://www.tradingview.com/chart/?symbol=NYSE%3AEPAC
VLYPP,2026-10-07,24.96,74.72,COMPRESSED,NEAR_UPPER_EDGE,NONE,38.49,9.13,40.08,9.13,True,False,9.13,False,25.05,24.87,0.714,0.34,2.04,0.85,1.82,0.82,1.0,1.0,999,108515.2,25.25,-1.15,24.7496,0.85,-1.46,68.0,False,LOW_LIQUIDITY|WEAK_RS,752,NASDAQ:VLYPP,https://www.tradingview.com/chart/?symbol=NASDAQ%3AVLYPP
MTX,2026-10-07,65.11,74.7,COMPRESSED,INSIDE_COIL,NONE,4.76,6.35,19.84,44.44,False,False,16.27,False,67.59,63.76,0.774,2.39,12.12,-5.94,-9.82,-7.45,1.45,2.37,999,12495361.62,71.65,-9.13,84.0686,-22.55,-12.97,35.0,False,BELOW_SMA50|NOT_NEAR_UNBROKEN_PIVOT|WEAK_RS,752,NYSE:MTX,https://www.tradingview.com/chart/?symbol=NYSE%3AMTX
OMER,2026-10-07,18.75,74.69,COMPRESSED,INSIDE_COIL,NONE,34.52,2.38,30.56,15.87,False,True,16.27,False,20.97,18.22,1.367,4.43,25.28,-3.3,78.57,7.69,5.9,21.44,38,27175546.46,21.24,-11.72,19.65,-4.58,78.92,99.0,False,POST_GAP_COIL|EXTENDED_60D_RUN|NOT_NEAR_UNBROKEN_PIVOT,752,NASDAQ:OMER,https://www.tradingview.com/chart/?symbol=NASDAQ%3AOMER
GTLB,2026-10-07,51.99,74.68,COMPRESSED,INSIDE_COIL,NONE,7.94,4.76,11.11,35.32,False,False,48.41,True,53.38,44.22,0.538,3.97,17.62,12.22,57.64,16.54,2.86,22.42,24,188891574.87,53.38,-2.6,55.55,-6.41,49.89,98.0,False,POST_GAP_COIL|EXTENDED_60D_RUN|EXTENDED_FROM_SMA50,752,NASDAQ:GTLB,https://www.tradingview.com/chart/?symbol=NASDAQ%3AGTLB
NOW,2026-10-07,137.87,74.68,COMPRESSED,INSIDE_COIL,NONE,23.81,31.35,11.51,5.16,False,False,21.43,True,141.54,126.75,0.543,4.06,15.1,5.16,31.49,5.14,5.64,5.64,115,1529848559.11,147.57,-6.57,149.6,-7.84,23.02,93.0,False,EXTENDED_60D_RUN|NOT_NEAR_UNBROKEN_PIVOT,752,NYSE:NOW,https://www.tradingview.com/chart/?symbol=NYSE%3ANOW
ENR,2026-10-07,21.54,74.68,COMPRESSED,INSIDE_COIL,NONE,31.35,13.89,27.38,11.51,False,False,7.14,True,22.7,21.02,0.707,3.6,13.67,6.63,6.97,0.23,1.94,5.3,221,19676499.39,22.7,-5.11,22.9376,-6.09,4.38,79.0,False,NOT_NEAR_UNBROKEN_PIVOT,752,NYSE:ENR,https://www.tradingview.com/chart/?symbol=NYSE%3AENR
R,2026-10-07,232.32,74.68,COMPRESSED,INSIDE_COIL,NONE,5.95,13.49,16.67,17.46,False,False,36.51,False,240.66,223.3,1.206,2.43,9.85,-5.08,-12.98,-5.87,2.57,2.57,999,62977795.28,247.99,-6.32,283.1004,-17.94,-17.14,25.0,False,BELOW_SMA50|NOT_NEAR_UNBROKEN_PIVOT|WEAK_RS,752,NYSE:R,https://www.tradingview.com/chart/?symbol=NYSE%3AR
CNR,2026-10-07,88.87,74.64,COMPRESSED,INSIDE_COIL,NONE,2.38,6.75,33.73,28.57,False,False,16.67,False,94.07,83.33,0.841,3.47,18.71,-10.57,2.88,-3.98,1.58,5.71,999,46142602.3,101.515,-12.46,104.87,-15.26,6.19,81.0,False,BELOW_SMA50|NOT_NEAR_UNBROKEN_PIVOT,752,NYSE:CNR,https://www.tradingview.com/chart/?symbol=NYSE%3ACNR
LTH,2026-10-07,40.5,74.6,COMPRESSED,INSIDE_COIL,NONE,17.86,48.81,9.92,5.56,False,False,8.33,True,41.61,36.52,0.646,3.18,16.52,-2.99,-2.57,-4.93,2.18,2.78,547,138405178.55,43.21,-6.27,47.235,-14.26,-6.46,55.0,False,BELOW_SMA50|NOT_NEAR_UNBROKEN_PIVOT|WEAK_RS,752,NYSE:LTH,https://www.tradingview.com/chart/?symbol=NYSE%3ALTH
IRMD,2026-10-07,85.47,74.56,COMPRESSED,NEAR_LOWER_EDGE,NONE,22.22,15.48,23.41,18.65,False,False,2.78,False,87.905,84.34,1.679,2.65,7.61,2.29,-6.55,-1.52,1.37,2.66,999,12349904.7,87.905,-2.77,102.7537,-16.82,-16.27,26.0,False,WEAK_RS,752,NASDAQ:IRMD,https://www.tradingview.com/chart/?symbol=NASDAQ%3AIRMD
PLTR,2026-10-07,194.12,74.5,COMPRESSED,NEAR_UPPER_EDGE,NONE,0.4,0.4,46.03,40.48,False,False,0.4,False,194.78,182.94,0.889,3.09,15.57,14.5,45.17,11.74,1.81,15.52,45,4005811243.82,194.78,-0.34,188.37,3.05,46.78,98.0,False,POST_GAP_COIL|EXTENDED_60D_RUN,752,NASDAQ:PLTR,https://www.tradingview.com/chart/?symbol=NASDAQ%3APLTR
AVO,2026-10-07,12.51,74.5,COMPRESSED,NEAR_LOWER_EDGE,NONE,15.87,34.92,7.94,15.87,False,False,9.13,False,13.28,12.51,1.1,3.22,10.95,-6.78,-6.36,-2.73,0.78,1.67,396,11589475.36,14.22,-12.03,15.49,-19.24,-9.94,45.0,False,NOT_NEAR_UNBROKEN_PIVOT|WEAK_RS,752,NASDAQ:AVO,https://www.tradingview.com/chart/?symbol=NASDAQ%3AAVO
YOU,2026-10-07,42.58,74.49,COMPRESSED,NEAR_UPPER_EDGE,NONE,15.87,14.29,23.41,25.0,False,True,26.98,False,42.61,38.13,1.396,3.7,14.88,-1.02,-20.19,-4.74,3.94,16.22,44,89869392.46,43.71,-2.59,68.83,-38.14,-27.51,10.0,False,POST_GAP_COIL|BELOW_SMA50|WEAK_RS,752,NYSE:YOU,https://www.tradingview.com/chart/?symbol=NYSE%3AYOU
USPH,2026-10-07,82.96,74.48,COMPRESSED,NEAR_LOWER_EDGE,NONE,19.44,2.78,33.33,25.0,False,False,4.37,False,87.37,81.86,1.047,2.89,13.2,6.54,19.22,3.22,1.79,2.74,999,16166701.82,87.37,-5.05,82.938,0.03,9.97,85.0,False,NOT_NEAR_UNBROKEN_PIVOT,752,NYSE:USPH,https://www.tradingview.com/chart/?symbol=NYSE%3AUSPH
SMA,2026-10-07,32.81,74.48,COMPRESSED,NEAR_UPPER_EDGE,NONE,19.44,7.94,12.3,28.17,False,False,35.71,True,33.395,30.9283,0.595,2.31,7.52,3.18,0.08,-0.25,1.93,4.14,999,26450082.51,33.395,-1.75,35.4818,-7.53,-1.51,68.0,False,WEAK_RS,381,NYSE:SMA,https://www.tradingview.com/chart/?symbol=NYSE%3ASMA
ENOV,2026-10-07,17.61,74.45,COMPRESSED,NEAR_LOWER_EDGE,NONE,19.05,63.1,3.17,5.56,False,True,4.37,False,19.01,17.56,0.87,5.64,13.57,-7.46,-28.56,-21.49,2.27,4.37,479,33985257.5,20.02,-12.04,31.67,-44.4,-33.82,5.0,False,BELOW_SMA50|NOT_NEAR_UNBROKEN_PIVOT|WEAK_RS,752,NYSE:ENOV,https://www.tradingview.com/chart/?symbol=NYSE%3AENOV
GWW,2026-10-07,1263.51,74.44,COMPRESSED,INSIDE_COIL,NONE,14.29,17.06,5.95,24.6,False,False,29.37,False,1300.0,1236.29,0.857,1.96,5.04,-1.2,-7.66,-2.43,1.52,6.61,999,347857710.09,1300.0,-2.81,1417.1425,-10.84,-10.9,42.0,False,WEAK_RS,752,NYSE:GWW,https://www.tradingview.com/chart/?symbol=NYSE%3AGWW
TTMI,2026-10-07,128.2,74.44,COMPRESSED,INSIDE_COIL,NONE,7.54,15.87,16.27,41.67,False,False,9.13,False,137.88,119.02,1.334,5.81,21.79,3.18,-9.7,3.67,6.98,9.09,110,232146361.65,137.88,-7.02,223.83,-42.72,-18.17,23.0,False,NOT_NEAR_UNBROKEN_PIVOT|WEAK_RS,752,NASDAQ:TTMI,https://www.tradingview.com/chart/?symbol=NASDAQ%3ATTMI
GLBE,2026-10-07,38.96,74.4,COMPRESSED,NEAR_LOWER_EDGE,NONE,14.68,18.65,39.29,19.84,False,True,20.63,True,42.3,38.42,0.61,3.69,17.62,7.89,0.54,-1.59,1.54,2.95,160,61958457.94,42.39,-8.09,43.99,-11.43,-0.69,70.0,False,NOT_NEAR_UNBROKEN_PIVOT,752,NASDAQ:GLBE,https://www.tradingview.com/chart/?symbol=NASDAQ%3AGLBE
UEC,2026-10-07,9.47,74.4,COMPRESSED,INSIDE_COIL,NONE,9.92,27.38,16.27,25.4,False,False,7.14,False,10.39,8.98,1.412,6.47,25.87,-18.36,-8.85,-12.23,7.6,7.6,222,100636701.71,11.95,-20.75,16.83,-43.73,-10.44,43.0,False,BELOW_SMA50|NOT_NEAR_UNBROKEN_PIVOT|WEAK_RS,752,AMEX:UEC,https://www.tradingview.com/chart/?symbol=AMEX%3AUEC
FOR,2026-10-07,25.68,74.4,COMPRESSED,NEAR_LOWER_EDGE,NONE,14.29,31.35,5.56,23.41,False,False,12.3,False,27.06,25.2,1.253,3.13,8.57,-4.57,-15.36,-7.4,1.51,2.35,236,5065940.73,27.4,-6.28,32.06,-19.9,-18.79,21.0,False,BELOW_SMA50|NOT_NEAR_UNBROKEN_PIVOT|WEAK_RS,752,NYSE:FOR,https://www.tradingview.com/chart/?symbol=NYSE%3AFOR
AGX,2026-10-07,404.39,74.37,COMPRESSED,INSIDE_COIL,NONE,12.3,15.08,9.13,25.4,False,False,30.16,False,421.19,354.78,1.957,5.29,16.42,0.56,-34.8,-12.31,5.96,6.02,133,157418883.12,440.0,-8.09,805.0899,-49.77,-44.78,2.0,False,BELOW_SMA50|NOT_NEAR_UNBROKEN_PIVOT|WEAK_RS,752,NYSE:AGX,https://www.tradingview.com/chart/?symbol=NYSE%3AAGX
CRCL,2026-10-07,80.84,74.35,COMPRESSED,NEAR_LOWER_EDGE,NONE,15.87,21.43,15.48,36.51,False,True,17.46,False,97.45,80.14,1.083,7.1,26.86,-13.07,27.87,-2.04,6.88,6.88,62,1179503777.99,99.97,-19.14,140.0,-42.26,24.65,94.0,False,NOT_NEAR_UNBROKEN_PIVOT,337,NYSE:CRCL,https://www.tradingview.com/chart/?symbol=NYSE%3ACRCL
BELFA,2026-10-07,198.28,74.33,COMPRESSED,INSIDE_COIL,NONE,30.56,25.4,5.16,17.46,False,False,5.56,False,212.74,194.25,2.497,4.05,12.47,-2.85,-15.55,-6.4,3.82,4.86,658,13762930.18,212.74,-6.8,293.435,-32.43,-16.06,27.0,False,BELOW_SMA50|NOT_NEAR_UNBROKEN_PIVOT|WEAK_RS,752,NASDAQ:BELFA,https://www.tradingview.com/chart/?symbol=NASDAQ%3ABELFA
VLYPO,2026-10-07,24.83,74.31,COMPRESSED,NEAR_UPPER_EDGE,NONE,17.46,11.51,43.25,17.46,True,False,24.21,False,25.0,24.66,1.4,0.46,1.82,0.91,1.63,1.0,1.31,2.6,999,113544.58,25.0,-0.68,25.1466,-1.26,-1.44,68.0,False,EVENT_PRICE_PEG|LOW_LIQUIDITY|WEAK_RS,752,NASDAQ:VLYPO,https://www.tradingview.com/chart/?symbol=NASDAQ%3AVLYPO
WULF,2026-10-07,14.4,74.31,COMPRESSED,NEAR_LOWER_EDGE,NONE,5.16,20.24,14.68,38.1,False,False,13.1,False,17.49,14.36,1.098,7.22,26.81,-15.94,-25.81,-11.34,7.23,9.08,66,443285103.2,18.08,-20.35,29.84,-51.74,-41.58,2.0,False,BELOW_SMA50|NOT_NEAR_UNBROKEN_PIVOT|WEAK_RS,752,NASDAQ:WULF,https://www.tradingview.com/chart/?symbol=NASDAQ%3AWULF
IBOC,2026-10-07,68.11,74.29,COMPRESSED,NEAR_LOWER_EDGE,NONE,2.78,3.97,32.54,40.08,False,False,12.3,False,70.37,67.76,1.286,1.63,6.74,-3.54,-8.54,-4.63,0.99,1.04,999,28476353.82,72.18,-5.64,77.6798,-12.32,-12.11,38.0,False,BELOW_SMA50|NOT_NEAR_UNBROKEN_PIVOT|WEAK_RS,752,NASDAQ:IBOC,https://www.tradingview.com/chart/?symbol=NASDAQ%3AIBOC
QS,2026-10-07,4.52,74.21,COMPRESSED,NEAR_LOWER_EDGE,NONE,0.4,0.79,28.97,47.62,False,False,17.46,False,5.08,4.46,0.975,5.07,19.47,-13.41,-29.6,-15.94,3.56,5.96,76,56653855.77,5.575,-18.92,9.657,-53.19,-38.24,3.0,False,BELOW_SMA50|NOT_NEAR_UNBROKEN_PIVOT|LOW_LIQUIDITY|WEAK_RS,752,NASDAQ:QS,https://www.tradingview.com/chart/?symbol=NASDAQ%3AQS
ANET,2026-10-07,215.83,74.17,COMPRESSED,NEAR_UPPER_EDGE,NONE,5.16,0.79,30.95,53.57,False,False,2.78,False,216.07,198.757,1.792,3.22,14.46,11.87,18.22,10.18,4.9,10.33,44,998800522.93,216.07,-0.11,214.89,0.44,13.21,88.0,False,POST_GAP_COIL,752,NYSE:ANET,https://www.tradingview.com/chart/?symbol=NYSE%3AANET
OMDA,2026-10-07,20.89,74.17,COMPRESSED,INSIDE_COIL,NONE,45.63,17.86,7.14,11.9,False,True,19.44,False,21.44,18.68,0.743,4.86,19.67,-2.84,-10.88,-4.06,1.62,5.96,999,30183618.26,22.79,-8.34,25.45,-17.92,-14.95,29.0,False,BELOW_SMA50|NOT_NEAR_UNBROKEN_PIVOT|WEAK_RS,336,NASDAQ:OMDA,https://www.tradingview.com/chart/?symbol=NASDAQ%3AOMDA
ODC,2026-10-07,87.81,74.17,COMPRESSED,NEAR_LOWER_EDGE,NONE,20.63,40.87,8.73,4.37,False,False,7.54,False,92.99,87.33,0.606,3.06,9.85,2.29,-15.24,-3.14,1.51,1.51,999,10869527.37,92.99,-5.57,106.7506,-17.74,-17.83,23.0,False,BELOW_SMA50|NOT_NEAR_UNBROKEN_PIVOT|WEAK_RS,752,NYSE:ODC,https://www.tradingview.com/chart/?symbol=NYSE%3AODC
VMC,2026-10-07,244.13,74.17,COMPRESSED,INSIDE_COIL,NONE,10.71,49.21,5.56,5.16,False,False,13.1,False,252.7,237.03,1.446,2.7,6.95,-2.31,-16.21,-7.1,1.77,3.52,999,310636837.53,254.55,-4.09,320.5644,-23.84,-18.94,21.0,False,BELOW_SMA50|WEAK_RS,752,NYSE:VMC,https://www.tradingview.com/chart/?symbol=NYSE%3AVMC
BY,2026-10-07,36.57,74.15,COMPRESSED,NEAR_LOWER_EDGE,NONE,12.3,18.65,26.59,14.29,False,False,14.68,False,37.9,36.12,1.435,1.82,8.19,-3.61,-1.35,-4.31,1.17,1.99,999,9681987.17,39.116,-6.51,40.03,-8.64,-4.86,59.0,False,BELOW_SMA50|NOT_NEAR_UNBROKEN_PIVOT|WEAK_RS,752,NYSE:BY,https://www.tradingview.com/chart/?symbol=NYSE%3ABY
AB,2026-10-07,35.1,74.15,COMPRESSED,NEAR_LOWER_EDGE,NONE,24.6,1.19,32.94,49.21,True,False,11.51,False,36.37,34.58,0.585,1.45,5.9,-3.54,-4.61,-2.83,1.07,1.52,999,11206565.41,36.76,-4.52,38.7772,-9.48,-5.95,56.0,False,WEAK_RS,752,NYSE:AB,https://www.tradingview.com/chart/?symbol=NYSE%3AAB
AMBA,2026-10-07,65.33,74.15,COMPRESSED,INSIDE_COIL,NONE,28.57,50.0,6.75,11.51,True,True,33.73,False,74.99,63.65,1.238,5.63,20.02,-5.04,-10.38,-9.31,5.25,5.4,90,95002343.6,74.99,-12.88,96.36,-32.2,-20.3,18.0,False,BELOW_SMA50|NOT_NEAR_UNBROKEN_PIVOT|WEAK_RS,752,NASDAQ:AMBA,https://www.tradingview.com/chart/?symbol=NASDAQ%3AAMBA
BHC,2026-10-07,6.15,74.13,COMPRESSED,RANGE_EXIT_CONFIRMED,UP_EXPANSION_CONFIRMED,3.17,26.98,5.16,21.83,False,False,36.9,False,6.11,5.54,1.24,4.09,12.85,-0.16,29.47,-0.46,2.13,6.2,367,11986330.32,6.47,-4.95,7.3,-15.75,22.89,93.0,False,ALREADY_EXPANDING,752,NYSE:BHC,https://www.tradingview.com/chart/?symbol=NYSE%3ABHC
BAP,2026-10-07,376.11,74.11,COMPRESSED,NEAR_LOWER_EDGE,NONE,21.83,26.98,9.52,18.65,False,False,9.52,False,393.98,370.28,0.887,2.53,6.72,0.16,-4.11,-1.35,2.11,2.54,999,120869758.84,395.0,-4.78,413.25,-8.99,-7.68,51.0,False,WEAK_RS,752,NYSE:BAP,https://www.tradingview.com/chart/?symbol=NYSE%3ABAP
TRNO,2026-10-07,63.34,74.11,COMPRESSED,RANGE_EXIT_CONFIRMED,DOWN_EXPANSION_CONFIRMED,9.92,5.16,13.49,41.27,False,False,26.59,False,66.4632,63.84,1.415,1.66,4.98,-2.01,-10.18,-4.89,1.43,1.99,999,51631858.81,66.4632,-4.7,78.2608,-19.07,-10.44,43.0,False,ALREADY_EXPANDING|BELOW_SMA50|WEAK_RS,752,NYSE:TRNO,https://www.tradingview.com/chart/?symbol=NYSE%3ATRNO
NCLH,2026-10-07,15.05,74.11,COMPRESSED,INSIDE_COIL,NONE,16.67,25.4,1.98,24.21,False,False,23.02,False,15.74,13.63,1.288,4.09,14.02,1.35,-22.66,-8.66,5.59,8.58,298,317849589.44,15.74,-4.38,22.22,-32.27,-27.49,10.0,False,BELOW_SMA50|WEAK_RS,752,NYSE:NCLH,https://www.tradingview.com/chart/?symbol=NYSE%3ANCLH
ADUS,2026-10-07,113.27,74.07,COMPRESSED,INSIDE_COIL,NONE,2.38,13.89,27.38,30.56,False,False,17.46,False,115.93,109.88,1.528,2.65,9.45,-5.0,4.4,-2.87,1.91,6.01,999,25241921.35,120.58,-6.06,123.14,-8.02,-0.41,70.0,False,NOT_NEAR_UNBROKEN_PIVOT,752,NASDAQ:ADUS,https://www.tradingview.com/chart/?symbol=NASDAQ%3AADUS
NEM,2026-10-07,113.54,74.03,COMPRESSED,RANGE_EXIT_CONFIRMED,DOWN_EXPANSION_CONFIRMED,3.57,11.51,20.24,59.13,False,True,20.24,False,124.25,113.58,1.657,3.35,15.42,-11.79,20.08,-4.64,4.87,6.77,999,746515481.76,130.48,-12.98,135.009,-15.9,16.35,90.0,False,ALREADY_EXPANDING|BELOW_SMA50|NOT_NEAR_UNBROKEN_PIVOT,752,NYSE:NEM,https://www.tradingview.com/chart/?symbol=NYSE%3ANEM
RLAY,2026-10-07,17.95,74.03,COMPRESSED,INSIDE_COIL,NONE,25.0,15.87,11.9,12.7,False,False,23.41,False,19.5,17.05,0.798,5.28,14.71,-3.8,-5.92,-6.06,3.24,3.24,88,64721272.37,19.69,-8.84,21.27,-15.61,-17.14,25.0,False,BELOW_SMA50|NOT_NEAR_UNBROKEN_PIVOT|WEAK_RS,752,NASDAQ:RLAY,https://www.tradingview.com/chart/?symbol=NASDAQ%3ARLAY
ALM,2026-10-07,12.1,74.01,COMPRESSED,RANGE_EXIT_CONFIRMED,DOWN_EXPANSION_CONFIRMED,21.03,47.62,14.29,23.81,True,False,5.56,False,14.07,12.37,1.661,8.41,47.11,-33.99,-23.37,-19.25,5.71,7.36,85,85972509.6,19.17,-36.88,24.41,-50.43,-21.34,17.0,False,ALREADY_EXPANDING|BELOW_SMA50|NOT_NEAR_UNBROKEN_PIVOT|WEAK_RS,752,NASDAQ:ALM,https://www.tradingview.com/chart/?symbol=NASDAQ%3AALM
MWH,2026-10-07,25.75,73.97,COMPRESSED,INSIDE_COIL,NONE,22.92,14.57,11.72,20.62,False,False,20.65,False,27.11,23.36,1.236,5.18,15.81,2.63,-10.62,-4.47,3.29,5.65,999,34426836.59,27.43,-6.12,48.4,-46.8,-13.08,35.0,False,BELOW_SMA50|NOT_NEAR_UNBROKEN_PIVOT|WEAK_RS,164,NASDAQ:MWH,https://www.tradingview.com/chart/?symbol=NASDAQ%3AMWH
TCBK,2026-10-07,51.23,73.93,COMPRESSED,NEAR_LOWER_EDGE,NONE,12.3,10.32,25.0,25.4,False,False,18.25,False,52.98,50.46,1.365,1.89,7.05,-3.67,-12.3,-5.71,1.32,1.7,999,15714125.23,54.07,-5.25,61.2961,-16.42,-6.79,54.0,False,BELOW_SMA50|NOT_NEAR_UNBROKEN_PIVOT|WEAK_RS,752,NASDAQ:TCBK,https://www.tradingview.com/chart/?symbol=NASDAQ%3ATCBK
DOLE,2026-10-07,12.8,73.93,COMPRESSED,NEAR_LOWER_EDGE,NONE,4.76,10.32,28.97,46.83,False,False,1.59,False,13.23,12.59,0.534,1.96,9.46,-6.58,-8.63,-3.97,1.28,6.29,274,12107326.14,13.9401,-8.18,15.5367,-17.61,-11.76,39.0,False,BELOW_SMA50|NOT_NEAR_UNBROKEN_PIVOT|WEAK_RS,752,NYSE:DOLE,https://www.tradingview.com/chart/?symbol=NYSE%3ADOLE
CMP,2026-10-07,22.57,73.93,COMPRESSED,INSIDE_COIL,NONE,1.19,0.4,37.7,44.44,False,False,10.32,False,23.61,21.13,1.161,3.49,19.36,-11.94,-24.26,-10.01,2.5,5.93,515,8957633.57,26.13,-13.62,34.5,-34.58,-25.9,12.0,False,BELOW_SMA50|NOT_NEAR_UNBROKEN_PIVOT|WEAK_RS,752,NYSE:CMP,https://www.tradingview.com/chart/?symbol=NYSE%3ACMP
BVN,2026-10-07,31.13,73.89,COMPRESSED,NEAR_LOWER_EDGE,NONE,8.33,19.84,16.67,44.44,False,False,3.17,False,34.7,30.72,0.963,4.12,14.87,-12.04,0.32,-6.97,4.55,5.1,999,38203278.5,35.84,-13.14,38.65,-19.46,1.7,74.0,False,BELOW_SMA50|NOT_NEAR_UNBROKEN_PIVOT,752,NYSE:BVN,https://www.tradingview.com/chart/?symbol=NYSE%3ABVN
OMC,2026-10-07,74.87,73.89,COMPRESSED,NEAR_LOWER_EDGE,NONE,7.54,14.68,42.06,40.87,False,True,0.79,False,76.64,73.63,0.936,2.57,9.65,-3.4,-6.33,-7.29,2.36,3.45,999,236496084.46,80.8586,-7.41,88.6583,-15.55,-10.07,45.0,False,BELOW_SMA50|NOT_NEAR_UNBROKEN_PIVOT|WEAK_RS,752,NYSE:OMC,https://www.tradingview.com/chart/?symbol=NYSE%3AOMC
CRON,2026-10-07,3.24,73.87,COMPRESSED,NEAR_LOWER_EDGE,NONE,9.52,7.14,34.13,32.94,False,False,20.24,True,3.455,3.19,0.633,2.99,11.42,2.69,17.82,0.75,1.27,11.03,43,2904134.59,3.46,-6.36,3.608,-10.2,12.9,88.0,False,POST_GAP_COIL|NOT_NEAR_UNBROKEN_PIVOT|LOW_LIQUIDITY,752,NASDAQ:CRON,https://www.tradingview.com/chart/?symbol=NASDAQ%3ACRON
CCEP,2026-10-07,100.86,73.87,COMPRESSED,NEAR_LOWER_EDGE,NONE,22.62,38.89,14.68,4.76,False,False,1.19,False,103.27,99.0,1.369,1.98,6.15,-2.85,-4.4,-4.28,2.24,2.99,999,188750988.39,105.96,-4.81,113.67,-11.27,-7.68,51.0,False,BELOW_SMA50|WEAK_RS,752,NASDAQ:CCEP,https://www.tradingview.com/chart/?symbol=NASDAQ%3ACCEP
TEAM,2026-10-07,195.79,73.85,COMPRESSED,NEAR_UPPER_EDGE,NONE,23.41,24.6,7.94,15.08,False,False,31.35,True,199.08,168.05,0.59,4.53,16.32,10.16,119.79,15.38,3.67,31.74,42,553982349.76,200.0,-2.11,198.6,-1.41,112.19,100.0,False,POST_GAP_COIL|EXTENDED_60D_RUN|EXTENDED_FROM_SMA50,752,NASDAQ:TEAM,https://www.tradingview.com/chart/?symbol=NASDAQ%3ATEAM
STBA,2026-10-07,48.38,73.81,COMPRESSED,INSIDE_COIL,NONE,12.7,15.48,17.06,16.27,False,False,31.35,False,50.09,47.4,1.22,1.86,7.44,-2.52,-0.18,-3.59,1.04,2.82,999,15629003.15,51.0,-5.14,53.1119,-8.91,-3.89,62.0,False,BELOW_SMA50|NOT_NEAR_UNBROKEN_PIVOT|WEAK_RS,752,NASDAQ:STBA,https://www.tradingview.com/chart/?symbol=NASDAQ%3ASTBA
SON,2026-10-07,47.74,73.77,COMPRESSED,NEAR_LOWER_EDGE,NONE,1.19,36.51,12.7,25.4,False,False,28.97,True,51.16,47.55,0.798,2.58,7.92,-1.34,-9.42,-10.55,2.44,4.55,999,54227829.65,51.16,-6.68,60.1053,-20.57,-16.13,27.0,False,BELOW_SMA50|NOT_NEAR_UNBROKEN_PIVOT|WEAK_RS,752,NYSE:SON,https://www.tradingview.com/chart/?symbol=NYSE%3ASON
CUZ,2026-10-07,27.53,73.71,COMPRESSED,INSIDE_COIL,NONE,5.16,44.84,0.79,11.9,False,False,28.97,False,28.6885,26.7706,0.924,2.28,7.22,-0.19,-10.31,-4.3,2.02,2.02,999,41937439.6,28.7577,-4.27,32.5736,-15.48,-11.65,39.0,False,BELOW_SMA50|WEAK_RS,752,NYSE:CUZ,https://www.tradingview.com/chart/?symbol=NYSE%3ACUZ
ETSY,2026-10-07,71.49,73.69,COMPRESSED,INSIDE_COIL,NONE,11.9,30.56,9.92,15.87,False,False,23.02,False,75.76,66.21,0.773,4.01,14.3,0.42,-13.93,-7.92,3.4,4.51,159,230185468.25,76.435,-6.47,87.974,-18.74,-11.67,39.0,False,BELOW_SMA50|NOT_NEAR_UNBROKEN_PIVOT|WEAK_RS,752,NYSE:ETSY,https://www.tradingview.com/chart/?symbol=NYSE%3AETSY
IRTC,2026-10-07,104.99,73.69,COMPRESSED,NEAR_LOWER_EDGE,NONE,14.68,19.05,5.56,38.1,False,False,18.25,False,117.03,106.007,0.732,4.09,16.05,-12.19,-6.72,-11.07,1.72,2.69,233,57359362.65,124.91,-15.95,136.695,-23.19,-14.61,30.0,False,BELOW_SMA50|NOT_NEAR_UNBROKEN_PIVOT|WEAK_RS,752,NASDAQ:IRTC,https://www.tradingview.com/chart/?symbol=NASDAQ%3AIRTC
NTB,2026-10-07,57.42,73.63,COMPRESSED,NEAR_LOWER_EDGE,NONE,8.33,26.19,20.24,21.83,False,False,14.29,False,59.21,56.66,1.492,1.8,7.07,-3.77,-4.46,-4.31,1.2,1.25,999,9253440.43,60.87,-5.67,64.17,-10.52,-7.43,51.0,False,BELOW_SMA50|NOT_NEAR_UNBROKEN_PIVOT|WEAK_RS,752,NYSE:NTB,https://www.tradingview.com/chart/?symbol=NYSE%3ANTB
ICHR,2026-10-07,60.87,73.63,COMPRESSED,INSIDE_COIL,NONE,7.94,7.94,23.02,48.81,False,False,21.83,True,65.93,54.88,0.82,5.42,26.14,5.17,-35.82,-0.17,9.15,13.56,48,41080210.82,65.93,-7.67,113.58,-46.41,-40.53,2.0,False,POST_GAP_COIL|NOT_NEAR_UNBROKEN_PIVOT|WEAK_RS,752,NASDAQ:ICHR,https://www.tradingview.com/chart/?symbol=NASDAQ%3AICHR
BHP,2026-10-07,85.22,73.55,COMPRESSED,INSIDE_COIL,NONE,32.54,36.11,1.98,4.76,False,False,10.71,False,87.87,82.93,1.348,2.48,6.31,-7.62,3.24,-2.94,4.85,4.85,999,239502991.42,93.56,-8.91,96.6019,-11.78,5.32,80.0,False,NOT_NEAR_UNBROKEN_PIVOT,752,NYSE:BHP,https://www.tradingview.com/chart/?symbol=NYSE%3ABHP
DNLI,2026-10-07,19.16,73.53,COMPRESSED,NEAR_LOWER_EDGE,NONE,15.87,12.7,10.32,39.68,False,False,18.25,False,21.51,19.025,0.939,4.21,15.15,-11.17,-15.41,-15.27,2.54,2.84,655,38664210.16,22.06,-13.15,27.3,-29.82,-33.24,5.0,False,BELOW_SMA50|NOT_NEAR_UNBROKEN_PIVOT|WEAK_RS,752,NASDAQ:DNLI,https://www.tradingview.com/chart/?symbol=NASDAQ%3ADNLI
DRVN,2026-10-07,11.69,73.51,COMPRESSED,INSIDE_COIL,NONE,3.97,27.78,5.16,43.25,False,False,17.46,False,12.445,11.416,0.774,3.56,16.03,-6.7,-24.48,-8.43,4.09,4.09,110,14211549.9,13.29,-12.04,15.89,-26.43,-27.2,10.0,False,BELOW_SMA50|NOT_NEAR_UNBROKEN_PIVOT|WEAK_RS,752,NASDAQ:DRVN,https://www.tradingview.com/chart/?symbol=NASDAQ%3ADRVN
NXT,2026-10-07,86.04,73.49,COMPRESSED,INSIDE_COIL,NONE,18.25,9.52,14.29,21.03,False,False,32.94,False,90.625,77.01,0.878,4.78,16.17,4.46,-17.79,-2.08,4.42,6.99,90,180925496.63,90.625,-5.06,163.13,-47.26,-27.31,10.0,False,NOT_NEAR_UNBROKEN_PIVOT|WEAK_RS,752,NASDAQ:NXT,https://www.tradingview.com/chart/?symbol=NASDAQ%3ANXT
AZZ,2026-10-07,138.51,73.47,COMPRESSED,INSIDE_COIL,NONE,12.3,21.43,13.49,32.94,False,False,14.29,False,141.83,132.71,1.545,2.66,9.3,0.16,-7.65,-1.78,1.89,2.53,249,34923520.93,141.83,-2.34,161.9289,-14.46,-5.35,58.0,False,WEAK_RS,752,NYSE:AZZ,https://www.tradingview.com/chart/?symbol=NYSE%3AAZZ
SQM,2026-10-07,64.61,73.43,COMPRESSED,INSIDE_COIL,NONE,19.44,8.33,17.86,43.65,False,False,5.95,False,70.15,62.78,1.365,3.36,17.35,-14.38,-9.74,-9.32,2.83,4.61,519,66382034.68,76.78,-15.85,95.0787,-32.05,-14.78,30.0,False,BELOW_SMA50|NOT_NEAR_UNBROKEN_PIVOT|WEAK_RS,752,NYSE:SQM,https://www.tradingview.com/chart/?symbol=NYSE%3ASQM
GFF,2026-10-07,94.0,73.41,COMPRESSED,INSIDE_COIL,NONE,13.1,26.59,9.92,10.32,False,False,34.13,False,98.71,90.68,1.053,2.77,8.54,-3.68,3.72,-3.41,2.4,3.7,999,35364085.04,98.71,-4.77,108.3287,-13.23,-0.86,70.0,False,BELOW_SMA50,752,NYSE:GFF,https://www.tradingview.com/chart/?symbol=NYSE%3AGFF
KNX,2026-10-07,63.62,73.41,COMPRESSED,NEAR_LOWER_EDGE,NONE,8.73,28.97,22.22,36.9,False,False,7.14,True,69.09,63.12,0.669,3.36,11.03,-7.52,-15.18,-6.74,4.06,4.06,353,247436251.04,71.19,-10.63,82.6218,-23.0,-20.97,17.0,False,BELOW_SMA50|NOT_NEAR_UNBROKEN_PIVOT|WEAK_RS,752,NYSE:KNX,https://www.tradingview.com/chart/?symbol=NYSE%3AKNX
SANA,2026-10-07,2.72,73.41,COMPRESSED,NEAR_LOWER_EDGE,NONE,10.32,36.51,6.35,35.32,False,False,4.37,False,3.33,2.74,0.763,7.18,24.26,-14.2,-23.81,-20.03,5.48,5.48,122,12231116.64,3.525,-22.84,4.215,-35.47,-34.44,5.0,False,BELOW_SMA50|NOT_NEAR_UNBROKEN_PIVOT|LOW_LIQUIDITY|WEAK_RS,752,NASDAQ:SANA,https://www.tradingview.com/chart/?symbol=NASDAQ%3ASANA
ATR,2026-10-07,120.43,73.37,COMPRESSED,NEAR_LOWER_EDGE,NONE,8.73,8.73,21.83,51.59,False,False,20.24,True,125.72,118.78,0.648,1.9,6.2,-1.38,-5.79,-6.56,1.46,2.68,999,59137011.6,126.25,-4.61,139.57,-13.71,-6.54,54.0,False,BELOW_SMA50|WEAK_RS,752,NYSE:ATR,https://www.tradingview.com/chart/?symbol=NYSE%3AATR
EMN,2026-10-07,63.25,73.35,COMPRESSED,NEAR_LOWER_EDGE,NONE,0.79,17.86,8.33,47.22,False,False,27.78,False,67.59,62.13,0.794,2.7,9.68,-6.27,-4.73,-8.55,2.17,2.17,297,87287988.4,70.1,-9.77,77.1872,-18.06,-8.35,49.0,False,BELOW_SMA50|NOT_NEAR_UNBROKEN_PIVOT|WEAK_RS,752,NYSE:EMN,https://www.tradingview.com/chart/?symbol=NYSE%3AEMN
KTOS,2026-10-07,41.94,73.35,COMPRESSED,NEAR_LOWER_EDGE,NONE,4.76,12.3,17.06,50.4,False,False,15.08,False,47.92,41.74,1.626,5.36,20.86,-10.27,-16.72,-17.45,2.29,13.5,44,203231583.3,49.68,-15.58,77.22,-45.69,-17.8,23.0,False,POST_GAP_COIL|BELOW_SMA50|NOT_NEAR_UNBROKEN_PIVOT|WEAK_RS,752,NASDAQ:KTOS,https://www.tradingview.com/chart/?symbol=NASDAQ%3AKTOS
SIGI,2026-10-07,83.81,73.33,COMPRESSED,NEAR_LOWER_EDGE,NONE,2.78,3.17,40.48,44.44,False,False,4.76,False,87.86,83.02,1.514,2.07,10.31,-7.0,-12.61,-7.39,1.04,1.98,999,46338986.19,91.66,-8.56,99.9425,-16.14,-15.52,28.0,False,BELOW_SMA50|NOT_NEAR_UNBROKEN_PIVOT|WEAK_RS,752,NASDAQ:SIGI,https://www.tradingview.com/chart/?symbol=NASDAQ%3ASIGI
WDAY,2026-10-07,184.26,73.27,COMPRESSED,NEAR_LOWER_EDGE,NONE,21.43,32.94,5.16,22.62,False,False,9.52,False,195.75,181.47,1.048,4.03,10.6,-0.96,31.79,-2.11,3.25,5.95,344,448751639.98,201.0,-8.33,227.49,-19.0,29.54,95.0,False,EXTENDED_60D_RUN|NOT_NEAR_UNBROKEN_PIVOT,752,NASDAQ:WDAY,https://www.tradingview.com/chart/?symbol=NASDAQ%3AWDAY
SKWD,2026-10-07,57.47,73.21,COMPRESSED,RANGE_EXIT_CONFIRMED,UP_EXPANSION_CONFIRMED,9.13,0.79,34.13,22.62,False,False,30.56,False,56.5,52.49,1.76,2.58,10.61,1.99,-1.53,-0.52,1.55,2.64,999,20388375.99,58.59,-1.91,65.69,-12.51,-8.03,50.0,False,ALREADY_EXPANDING|WEAK_RS,752,NASDAQ:SKWD,https://www.tradingview.com/chart/?symbol=NASDAQ%3ASKWD
AU,2026-10-07,90.05,73.19,COMPRESSED,RANGE_EXIT_CONFIRMED,DOWN_EXPANSION_CONFIRMED,7.54,9.13,15.87,47.62,False,False,21.03,False,100.55,91.85,2.633,3.91,20.09,-17.03,12.79,-10.25,6.47,9.93,126,231880701.41,110.99,-18.87,123.39,-27.02,6.98,82.0,False,ALREADY_EXPANDING|BELOW_SMA50|NOT_NEAR_UNBROKEN_PIVOT,752,NYSE:AU,https://www.tradingview.com/chart/?symbol=NYSE%3AAU
MLKN,2026-10-07,20.65,73.19,COMPRESSED,INSIDE_COIL,NONE,7.54,53.17,2.78,2.38,False,False,25.0,False,21.31,19.23,0.97,3.9,13.22,-4.62,1.25,-6.3,2.66,2.66,134,15708186.92,22.48,-8.14,24.5122,-15.76,0.54,72.0,False,BELOW_SMA50|NOT_NEAR_UNBROKEN_PIVOT,752,NASDAQ:MLKN,https://www.tradingview.com/chart/?symbol=NASDAQ%3AMLKN
ATRO,2026-10-07,64.63,73.16,COMPRESSED,RANGE_EXIT_CONFIRMED,DOWN_EXPANSION_CONFIRMED,19.44,45.63,24.6,5.95,False,True,6.75,False,70.18,65.66,2.443,4.9,21.03,-14.51,-10.79,-12.47,2.76,12.43,39,43351600.9,77.71,-16.83,94.46,-31.58,-13.71,33.0,False,ALREADY_EXPANDING|POST_GAP_COIL|BELOW_SMA50|NOT_NEAR_UNBROKEN_PIVOT|WEAK_RS,752,NASDAQ:ATRO,https://www.tradingview.com/chart/?symbol=NASDAQ%3AATRO
KAI,2026-10-07,257.86,73.15,COMPRESSED,NEAR_LOWER_EDGE,NONE,25.0,26.98,13.1,20.24,False,False,18.65,True,280.13,258.14,0.866,3.52,13.08,-11.46,-13.96,-12.97,2.0,2.05,412,47695844.51,301.77,-14.55,352.3179,-26.81,-14.63,30.0,False,BELOW_SMA50|NOT_NEAR_UNBROKEN_PIVOT|WEAK_RS,752,NYSE:KAI,https://www.tradingview.com/chart/?symbol=NYSE%3AKAI
AMKR,2026-10-07,52.27,73.12,COMPRESSED,NEAR_LOWER_EDGE,NONE,11.9,22.22,25.0,31.75,False,False,1.98,False,56.56,51.55,0.919,5.03,21.48,1.79,-25.4,1.6,8.53,14.68,48,189549977.71,56.56,-7.58,96.5024,-45.84,-31.08,7.0,False,POST_GAP_COIL|NOT_NEAR_UNBROKEN_PIVOT|WEAK_RS,752,NASDAQ:AMKR,https://www.tradingview.com/chart/?symbol=NASDAQ%3AAMKR
WKC,2026-10-07,36.68,73.1,COMPRESSED,NEAR_UPPER_EDGE,NONE,7.54,19.44,11.11,31.75,False,False,30.16,False,36.84,34.55,0.654,2.45,6.24,3.76,1.42,1.6,1.33,10.28,52,45016639.99,36.84,-0.43,40.9342,-10.39,3.67,78.0,False,POST_GAP_COIL,752,NYSE:WKC,https://www.tradingview.com/chart/?symbol=NYSE%3AWKC
CORT,2026-10-07,119.6,73.06,COMPRESSED,INSIDE_COIL,NONE,25.79,50.79,4.37,16.67,False,True,8.33,False,122.81,111.68,1.166,4.49,12.04,3.37,32.2,4.35,1.69,20.49,48,200098385.4,122.81,-2.61,126.38,-5.36,24.61,94.0,False,POST_GAP_COIL|EXTENDED_60D_RUN,752,NASDAQ:CORT,https://www.tradingview.com/chart/?symbol=NASDAQ%3ACORT
QUBT,2026-10-07,7.62,73.04,COMPRESSED,NEAR_LOWER_EDGE,NONE,1.98,9.13,21.03,26.19,False,False,44.05,False,9.76,7.83,0.875,5.56,29.53,-5.22,-8.41,-9.62,6.5,6.5,102,60871255.7,9.76,-21.93,14.45,-47.27,-20.37,18.0,False,BELOW_SMA50|NOT_NEAR_UNBROKEN_PIVOT|WEAK_RS,752,NASDAQ:QUBT,https://www.tradingview.com/chart/?symbol=NASDAQ%3AQUBT
IHG,2026-10-07,159.9,73.03,COMPRESSED,INSIDE_COIL,NONE,1.59,3.17,43.65,48.02,False,False,13.89,True,163.62,154.25,0.513,1.57,7.32,3.35,1.14,0.83,1.55,3.48,999,23659237.57,163.62,-2.27,175.1798,-8.72,-5.89,56.0,False,WEAK_RS,752,NYSE:IHG,https://www.tradingview.com/chart/?symbol=NYSE%3AIHG
USAS,2026-10-07,4.17,73.0,COMPRESSED,RANGE_EXIT_CONFIRMED,DOWN_EXPANSION_CONFIRMED,16.27,27.78,21.03,50.79,True,False,9.13,False,5.1,4.27,1.778,6.56,28.06,-21.76,-0.71,-15.13,6.83,7.28,99,16947281.9,5.49,-24.04,7.51,-44.47,-10.15,44.0,False,ALREADY_EXPANDING|BELOW_SMA50|NOT_NEAR_UNBROKEN_PIVOT|LOW_LIQUIDITY|WEAK_RS,752,AMEX:USAS,https://www.tradingview.com/chart/?symbol=AMEX%3AUSAS
CODI-PB,2026-10-07,22.0,72.96,COMPRESSED,NEAR_UPPER_EDGE,NONE,19.05,14.29,26.98,25.79,False,True,27.38,False,22.4,21.7,2.039,1.07,3.64,-0.72,0.6,-0.91,0.68,1.06,355,271746.84,22.5,-2.22,22.5,-2.22,-3.18,64.0,False,LOW_LIQUIDITY|WEAK_RS,752,NYSE:CODI.PB,https://www.tradingview.com/chart/?symbol=NYSE%3ACODI.PB
DJT,2026-10-07,8.22,72.94,COMPRESSED,RANGE_EXIT_CONFIRMED,DOWN_EXPANSION_CONFIRMED,1.98,22.22,6.35,21.83,False,False,51.19,False,9.47,8.55,1.216,4.93,16.48,-5.63,-8.97,-9.68,2.39,4.1,200,27601209.02,9.47,-13.2,10.55,-22.09,-7.51,51.0,False,ALREADY_EXPANDING|BELOW_SMA50|NOT_NEAR_UNBROKEN_PIVOT|WEAK_RS,752,NASDAQ:DJT,https://www.tradingview.com/chart/?symbol=NASDAQ%3ADJT
ACGL,2026-10-07,94.33,72.92,COMPRESSED,INSIDE_COIL,NONE,28.17,26.59,13.1,25.4,False,True,31.35,True,97.06,92.28,0.495,1.89,6.48,-1.86,-7.09,-3.35,1.4,4.2,999,391387825.0,98.39,-4.13,107.09,-11.92,-10.9,42.0,False,BELOW_SMA50|WEAK_RS,752,NASDAQ:ACGL,https://www.tradingview.com/chart/?symbol=NASDAQ%3AACGL
CALX,2026-10-07,35.54,72.92,COMPRESSED,NEAR_UPPER_EDGE,NONE,9.92,12.7,15.48,26.98,False,False,36.11,False,36.23,32.35,1.277,3.16,11.56,3.19,-9.01,-3.28,1.61,8.24,116,38233092.86,36.46,-2.52,52.98,-32.92,-14.2,31.0,False,BELOW_SMA50|WEAK_RS,752,NYSE:CALX,https://www.tradingview.com/chart/?symbol=NYSE%3ACALX
ASM,2026-10-07,5.32,72.9,COMPRESSED,RANGE_EXIT_CONFIRMED,DOWN_EXPANSION_CONFIRMED,9.52,18.25,36.9,56.35,True,False,4.76,False,6.26,5.43,1.714,5.93,39.29,-27.72,-11.04,-18.98,5.39,6.58,139,18505578.77,7.55,-29.54,8.19,-35.04,-17.15,25.0,False,ALREADY_EXPANDING|BELOW_SMA50|NOT_NEAR_UNBROKEN_PIVOT|WEAK_RS,752,AMEX:ASM,https://www.tradingview.com/chart/?symbol=AMEX%3AASM
NBR,2026-10-07,80.09,72.84,COMPRESSED,INSIDE_COIL,NONE,4.37,11.9,37.7,39.68,False,False,2.78,False,84.25,76.17,1.3,4.36,20.95,-11.54,-4.14,-7.79,2.66,7.72,999,17951301.46,94.05,-14.84,112.9,-29.06,-3.89,62.0,False,BELOW_SMA50|NOT_NEAR_UNBROKEN_PIVOT|WEAK_RS,752,NYSE:NBR,https://www.tradingview.com/chart/?symbol=NYSE%3ANBR
FRPT,2026-10-07,63.25,72.82,COMPRESSED,NEAR_UPPER_EDGE,NONE,5.16,3.17,30.56,31.35,False,False,31.35,False,63.78,56.0,0.692,3.51,17.77,-5.89,16.63,-4.32,2.02,6.76,296,66724600.82,69.84,-9.44,77.13,-18.0,10.38,86.0,False,BELOW_SMA50|NOT_NEAR_UNBROKEN_PIVOT,752,NASDAQ:FRPT,https://www.tradingview.com/chart/?symbol=NASDAQ%3AFRPT
LPX,2026-10-07,64.74,72.82,COMPRESSED,INSIDE_COIL,NONE,20.63,41.27,1.98,5.16,False,False,24.21,False,68.71,62.18,1.044,3.75,10.09,-4.12,-13.8,-7.22,2.59,2.8,605,76928711.57,68.71,-5.78,83.4111,-22.38,-14.26,31.0,False,BELOW_SMA50|NOT_NEAR_UNBROKEN_PIVOT|WEAK_RS,752,NYSE:LPX,https://www.tradingview.com/chart/?symbol=NYSE%3ALPX
MBWM,2026-10-07,58.03,72.8,COMPRESSED,NEAR_LOWER_EDGE,NONE,3.17,6.35,40.48,40.08,False,False,7.94,False,60.45,57.52,1.609,2.21,9.36,-3.81,2.38,-3.39,1.14,1.99,479,6905509.4,62.95,-7.82,62.32,-6.88,-0.46,70.0,False,BELOW_SMA50|NOT_NEAR_UNBROKEN_PIVOT,752,NASDAQ:MBWM,https://www.tradingview.com/chart/?symbol=NASDAQ%3AMBWM
SKYW,2026-10-07,96.64,72.8,COMPRESSED,NEAR_LOWER_EDGE,NONE,11.51,16.67,18.25,29.37,False,False,23.41,False,102.9,95.25,0.62,2.89,9.92,0.6,-0.57,-4.81,2.67,3.95,999,35003493.25,103.91,-7.0,117.72,-17.91,-7.02,53.0,False,BELOW_SMA50|NOT_NEAR_UNBROKEN_PIVOT|WEAK_RS,752,NASDAQ:SKYW,https://www.tradingview.com/chart/?symbol=NASDAQ%3ASKYW
HBNC,2026-10-07,19.28,72.76,COMPRESSED,INSIDE_COIL,NONE,11.51,16.27,9.92,13.1,False,False,51.59,False,19.8,18.3349,1.906,2.08,8.54,-0.65,-0.9,-1.71,2.06,5.2,999,12816353.93,19.981,-3.51,20.8636,-7.59,-3.84,62.0,False,WEAK_RS,752,NASDAQ:HBNC,https://www.tradingview.com/chart/?symbol=NASDAQ%3AHBNC
ALB,2026-10-07,102.75,72.76,COMPRESSED,NEAR_LOWER_EDGE,NONE,17.46,10.32,20.63,46.83,False,False,3.57,False,115.08,102.37,1.184,4.13,22.17,-18.12,-19.93,-15.75,3.06,7.48,291,260358598.32,130.8591,-21.48,219.6971,-53.23,-23.37,15.0,False,BELOW_SMA50|NOT_NEAR_UNBROKEN_PIVOT|WEAK_RS,752,NYSE:ALB,https://www.tradingview.com/chart/?symbol=NYSE%3AALB
SLG,2026-10-07,48.6,72.72,COMPRESSED,INSIDE_COIL,NONE,11.11,19.44,17.46,41.67,False,False,9.52,False,51.6209,47.29,1.078,3.29,11.21,-6.12,-1.3,-8.6,1.2,2.35,725,43092255.96,52.7367,-7.84,59.3324,-18.09,-1.81,67.0,False,BELOW_SMA50|NOT_NEAR_UNBROKEN_PIVOT|WEAK_RS,752,NYSE:SLG,https://www.tradingview.com/chart/?symbol=NYSE%3ASLG
JBLU,2026-10-07,3.97,72.72,COMPRESSED,NEAR_LOWER_EDGE,NONE,0.79,13.1,13.89,56.35,False,False,21.83,False,4.5,3.99,0.923,4.47,21.16,-9.36,-25.52,-18.99,3.72,4.36,126,78123566.66,4.75,-16.42,6.62,-40.03,-36.59,4.0,False,BELOW_SMA50|NOT_NEAR_UNBROKEN_PIVOT|LOW_LIQUIDITY|WEAK_RS,752,NASDAQ:JBLU,https://www.tradingview.com/chart/?symbol=NASDAQ%3AJBLU
POWL,2026-10-07,197.74,72.68,COMPRESSED,INSIDE_COIL,NONE,5.16,6.35,30.16,43.25,False,False,16.67,False,207.52,180.29,1.765,4.54,20.33,9.7,-15.55,2.5,6.75,12.75,45,97037312.62,207.52,-4.71,327.7422,-39.67,-20.03,19.0,False,POST_GAP_COIL|WEAK_RS,752,NASDAQ:POWL,https://www.tradingview.com/chart/?symbol=NASDAQ%3APOWL
SE,2026-10-07,94.66,72.64,COMPRESSED,NEAR_LOWER_EDGE,NONE,1.59,3.17,31.75,56.35,False,False,10.71,False,103.795,93.7,0.924,3.42,17.45,-12.92,-13.39,-13.78,2.67,11.39,40,375359080.25,111.884,-15.39,131.94,-28.26,-16.89,25.0,False,POST_GAP_COIL|BELOW_SMA50|NOT_NEAR_UNBROKEN_PIVOT|WEAK_RS,752,NYSE:SE,https://www.tradingview.com/chart/?symbol=NYSE%3ASE
TKR,2026-10-07,114.91,72.6,COMPRESSED,NEAR_LOWER_EDGE,NONE,5.95,45.24,1.59,19.05,False,False,26.59,False,123.11,114.79,1.639,2.9,7.84,-3.48,-17.46,-6.84,2.68,7.35,999,114928812.55,125.0,-8.07,145.9765,-21.28,-20.12,19.0,False,BELOW_SMA50|NOT_NEAR_UNBROKEN_PIVOT|WEAK_RS,752,NYSE:TKR,https://www.tradingview.com/chart/?symbol=NYSE%3ATKR
AUGO,2026-10-07,82.02,72.52,COMPRESSED,INSIDE_COIL,NONE,21.43,34.92,7.54,16.67,False,False,14.68,False,90.52,77.0,1.475,5.4,20.1,-3.87,45.05,2.63,6.17,7.48,139,91586604.82,93.49,-12.27,108.1825,-24.18,26.98,94.0,False,EXTENDED_60D_RUN|NOT_NEAR_UNBROKEN_PIVOT,310,NASDAQ:AUGO,https://www.tradingview.com/chart/?symbol=NASDAQ%3AAUGO
NTNX,2026-10-07,73.42,72.5,COMPRESSED,NEAR_UPPER_EDGE,NONE,0.4,0.4,24.21,52.38,False,False,30.95,False,74.19,66.25,0.896,2.6,12.33,9.68,32.36,9.66,1.81,8.95,215,180516901.8,74.19,-1.04,74.42,-1.34,28.57,95.0,False,EXTENDED_60D_RUN,752,NASDAQ:NTNX,https://www.tradingview.com/chart/?symbol=NASDAQ%3ANTNX
MSI,2026-10-07,448.33,72.5,COMPRESSED,NEAR_LOWER_EDGE,NONE,20.24,19.05,17.86,24.21,False,False,16.27,False,465.01,443.68,1.662,1.87,7.57,-2.26,8.65,-2.95,1.21,8.39,999,392177820.78,477.605,-6.13,493.5737,-9.17,4.09,78.0,False,NOT_NEAR_UNBROKEN_PIVOT,752,NYSE:MSI,https://www.tradingview.com/chart/?symbol=NYSE%3AMSI
DG,2026-10-07,122.14,72.5,COMPRESSED,INSIDE_COIL,NONE,26.59,37.7,3.57,17.06,False,False,9.13,False,125.1581,116.7299,0.729,3.02,10.96,-1.46,2.17,-1.23,1.99,4.12,338,287904786.38,130.1134,-6.13,133.4668,-8.49,2.41,76.0,False,NOT_NEAR_UNBROKEN_PIVOT,752,NYSE:DG,https://www.tradingview.com/chart/?symbol=NYSE%3ADG
PG,2026-10-07,147.82,72.46,COMPRESSED,NEAR_UPPER_EDGE,NONE,28.97,24.21,14.29,5.95,False,False,21.03,False,149.68,143.4,1.016,1.61,5.29,3.63,1.95,1.47,1.43,5.04,999,1212281046.49,149.68,-1.24,153.68,-3.81,-2.24,66.0,False,WEAK_RS,752,NYSE:PG,https://www.tradingview.com/chart/?symbol=NYSE%3APG
HII,2026-10-07,260.67,72.46,COMPRESSED,NEAR_LOWER_EDGE,NONE,11.9,31.35,22.62,22.62,False,False,19.84,True,275.98,256.79,0.589,2.91,10.88,-7.19,-6.47,-10.72,2.88,9.49,168,151080965.09,290.59,-10.3,410.3359,-36.47,-12.15,38.0,False,BELOW_SMA50|NOT_NEAR_UNBROKEN_PIVOT|WEAK_RS,752,NYSE:HII,https://www.tradingview.com/chart/?symbol=NYSE%3AHII
SVM,2026-10-07,10.04,72.44,COMPRESSED,RANGE_EXIT_CONFIRMED,DOWN_EXPANSION_CONFIRMED,7.94,15.48,30.16,59.52,True,False,19.44,False,11.88,10.34,2.032,5.19,26.0,-20.0,7.04,-13.52,5.23,7.41,172,20402704.28,12.875,-22.02,15.7534,-36.27,1.04,73.0,False,ALREADY_EXPANDING|BELOW_SMA50|NOT_NEAR_UNBROKEN_PIVOT,752,AMEX:SVM,https://www.tradingview.com/chart/?symbol=AMEX%3ASVM
FTS,2026-10-07,53.02,72.42,COMPRESSED,NEAR_UPPER_EDGE,NONE,4.76,22.62,32.14,50.79,False,False,0.4,True,53.67,52.21,0.733,1.27,6.02,-3.81,-7.39,-3.19,0.77,0.99,999,45083216.57,55.63,-4.69,58.9151,-10.01,-10.05,45.0,False,BELOW_SMA50|WEAK_RS,752,NYSE:FTS,https://www.tradingview.com/chart/?symbol=NYSE%3AFTS
TFPM,2026-10-07,30.13,72.36,COMPRESSED,NEAR_LOWER_EDGE,NONE,9.13,4.37,19.05,63.1,False,False,11.11,False,32.82,29.89,1.431,3.33,15.55,-11.12,8.26,-6.51,3.79,5.33,999,14793283.56,35.0,-13.91,36.7475,-18.01,2.22,75.0,False,BELOW_SMA50|NOT_NEAR_UNBROKEN_PIVOT,752,NYSE:TFPM,https://www.tradingview.com/chart/?symbol=NYSE%3ATFPM
BELFB,2026-10-07,246.72,72.34,COMPRESSED,INSIDE_COIL,NONE,30.95,16.67,15.08,30.16,False,False,3.97,False,263.67,240.49,1.862,4.06,14.63,0.29,-11.67,-4.54,4.83,6.23,658,37421017.63,263.67,-6.43,335.206,-26.4,-11.46,40.0,False,BELOW_SMA50|NOT_NEAR_UNBROKEN_PIVOT|WEAK_RS,752,NASDAQ:BELFB,https://www.tradingview.com/chart/?symbol=NASDAQ%3ABELFB
TAL,2026-10-07,12.76,72.31,COMPRESSED,NEAR_UPPER_EDGE,NONE,1.19,5.56,26.19,51.59,False,True,42.46,False,12.7,11.55,0.941,2.81,10.97,11.54,23.88,6.88,2.08,14.51,48,39961860.46,12.7,0.47,12.84,-0.62,19.99,92.0,False,POST_GAP_COIL,752,NYSE:TAL,https://www.tradingview.com/chart/?symbol=NYSE%3ATAL
Q,2026-10-07,129.72,72.31,COMPRESSED,INSIDE_COIL,NONE,5.96,1.33,31.05,59.4,False,False,7.42,False,133.87,120.05,1.487,3.59,17.05,3.39,-8.37,1.72,5.59,5.8,154,185097313.63,133.87,-3.1,177.1621,-26.78,-13.17,35.0,False,WEAK_RS,238,NYSE:Q,https://www.tradingview.com/chart/?symbol=NYSE%3AQ
NWN,2026-10-07,47.78,72.3,COMPRESSED,NEAR_UPPER_EDGE,NONE,2.38,9.13,31.75,37.7,False,False,22.62,False,47.71,45.75,1.049,1.67,8.06,-3.02,-4.56,-2.51,1.11,1.83,999,13910290.18,50.02,-4.48,54.9238,-13.01,-6.42,55.0,False,WEAK_RS,752,NYSE:NWN,https://www.tradingview.com/chart/?symbol=NYSE%3ANWN
CBT,2026-10-07,75.41,72.3,COMPRESSED,NEAR_LOWER_EDGE,NONE,8.73,26.19,5.95,30.95,False,False,32.54,False,80.11,74.55,0.751,2.69,8.31,-4.97,-13.57,-7.98,1.93,9.38,999,34092181.14,80.82,-6.69,94.0014,-19.78,-14.98,29.0,False,BELOW_SMA50|NOT_NEAR_UNBROKEN_PIVOT|WEAK_RS,752,NYSE:CBT,https://www.tradingview.com/chart/?symbol=NYSE%3ACBT
HWKN,2026-10-07,132.38,72.24,COMPRESSED,NEAR_UPPER_EDGE,NONE,7.94,0.4,27.78,54.37,False,False,15.87,False,133.71,122.99,0.562,2.89,11.33,5.61,-4.09,4.78,1.9,1.9,672,22867283.33,133.71,-0.99,173.6417,-23.76,-3.97,61.0,False,WEAK_RS,752,NASDAQ:HWKN,https://www.tradingview.com/chart/?symbol=NASDAQ%3AHWKN
TME,2026-10-07,7.99,72.21,COMPRESSED,INSIDE_COIL,NONE,24.6,3.97,21.83,29.37,False,True,42.06,False,8.495,7.66,1.133,2.76,10.45,1.27,-9.0,-6.29,1.69,12.83,40,55716513.57,8.495,-5.94,10.25,-22.05,-13.37,34.0,False,POST_GAP_COIL|BELOW_SMA50|NOT_NEAR_UNBROKEN_PIVOT|WEAK_RS,752,NYSE:TME,https://www.tradingview.com/chart/?symbol=NYSE%3ATME
XPEL,2026-10-07,44.32,72.16,COMPRESSED,INSIDE_COIL,NONE,10.32,15.48,33.33,25.0,False,False,15.08,False,45.885,42.565,0.988,3.22,14.67,-9.16,0.25,-6.54,3.27,6.73,155,8722693.06,50.27,-11.84,52.655,-15.83,-5.53,57.0,False,BELOW_SMA50|NOT_NEAR_UNBROKEN_PIVOT|WEAK_RS,752,NASDAQ:XPEL,https://www.tradingview.com/chart/?symbol=NASDAQ%3AXPEL
NSP,2026-10-07,48.23,72.14,COMPRESSED,INSIDE_COIL,NONE,16.27,26.59,22.62,23.02,False,False,8.73,False,50.46,45.66,1.158,4.55,13.1,-4.06,2.74,-4.26,2.56,4.49,231,22839951.0,51.98,-7.21,55.2475,-12.7,6.33,81.0,False,BELOW_SMA50|NOT_NEAR_UNBROKEN_PIVOT,752,NYSE:NSP,https://www.tradingview.com/chart/?symbol=NYSE%3ANSP
ST,2026-10-07,42.37,72.12,COMPRESSED,INSIDE_COIL,NONE,18.25,17.06,11.51,38.89,False,False,17.86,False,44.17,40.63,2.064,3.07,8.35,0.81,-4.9,-2.36,4.01,7.24,611,53870897.77,44.17,-4.08,53.7501,-21.17,-8.74,48.0,False,WEAK_RS,752,NYSE:ST,https://www.tradingview.com/chart/?symbol=NYSE%3AST
LBRT,2026-10-07,19.41,72.06,COMPRESSED,INSIDE_COIL,NONE,32.94,28.17,5.95,5.56,False,False,24.6,False,20.2,17.651,1.014,4.84,23.8,-12.01,-22.85,-1.01,3.54,4.06,369,76753570.8,22.27,-12.84,34.2263,-43.29,-23.09,15.0,False,NOT_NEAR_UNBROKEN_PIVOT|WEAK_RS,752,NYSE:LBRT,https://www.tradingview.com/chart/?symbol=NYSE%3ALBRT
UUUU,2026-10-07,10.26,72.04,COMPRESSED,RANGE_EXIT_CONFIRMED,DOWN_EXPANSION_CONFIRMED,7.54,10.32,32.94,49.6,False,False,2.38,False,12.01,10.61,2.452,6.29,38.3,-29.48,-22.45,-21.6,5.13,7.52,76,90271395.28,14.94,-31.33,25.79,-60.22,-27.59,10.0,False,ALREADY_EXPANDING|BELOW_SMA50|NOT_NEAR_UNBROKEN_PIVOT|WEAK_RS,752,AMEX:UUUU,https://www.tradingview.com/chart/?symbol=AMEX%3AUUUU
SMR,2026-10-07,7.67,72.02,COMPRESSED,NEAR_LOWER_EDGE,NONE,21.03,6.75,24.6,42.46,False,False,7.54,False,8.9,7.605,1.465,7.44,42.96,-29.05,-10.81,-14.59,5.39,5.39,190,319810740.67,11.26,-31.88,14.3,-46.36,-18.71,21.0,False,BELOW_SMA50|NOT_NEAR_UNBROKEN_PIVOT|WEAK_RS,752,NYSE:SMR,https://www.tradingview.com/chart/?symbol=NYSE%3ASMR
SNN,2026-10-07,26.89,71.98,COMPRESSED,NEAR_UPPER_EDGE,NONE,21.43,21.43,28.97,32.94,False,False,4.76,True,27.14,26.0703,0.652,1.83,7.83,-2.12,-8.79,-5.42,3.31,4.29,229,35431441.01,28.1753,-4.56,34.3125,-21.63,-14.15,32.0,False,BELOW_SMA50|WEAK_RS,752,NYSE:SNN,https://www.tradingview.com/chart/?symbol=NYSE%3ASNN
MGNI,2026-10-07,25.24,71.94,COMPRESSED,INSIDE_COIL,NONE,36.11,11.9,13.1,16.67,False,False,22.22,False,26.4,23.09,1.313,4.12,14.86,7.04,24.95,6.36,11.98,11.98,14,54933267.71,26.84,-5.96,25.79,-2.13,15.29,90.0,False,POST_GAP_COIL|NOT_NEAR_UNBROKEN_PIVOT,752,NASDAQ:MGNI,https://www.tradingview.com/chart/?symbol=NASDAQ%3AMGNI
VG,2026-10-07,13.05,71.89,COMPRESSED,INSIDE_COIL,NONE,5.16,13.89,54.37,36.9,False,True,5.95,False,13.87,12.34,1.717,5.22,30.02,-14.43,-1.1,-5.72,2.56,7.78,126,198395641.98,16.2573,-19.73,15.4095,-15.31,0.77,72.0,False,BELOW_SMA50|NOT_NEAR_UNBROKEN_PIVOT,428,NYSE:VG,https://www.tradingview.com/chart/?symbol=NYSE%3AVG
ATHM,2026-10-07,20.66,71.88,COMPRESSED,INSIDE_COIL,NONE,0.4,36.11,9.92,40.08,False,False,32.14,True,21.64,20.05,0.672,2.96,10.21,-3.46,-0.96,-5.83,1.84,5.51,999,10160597.06,22.16,-6.77,23.57,-12.35,-2.87,65.0,False,BELOW_SMA50|NOT_NEAR_UNBROKEN_PIVOT|WEAK_RS,752,NYSE:ATHM,https://www.tradingview.com/chart/?symbol=NYSE%3AATHM
WMG,2026-10-07,28.16,71.88,COMPRESSED,NEAR_UPPER_EDGE,NONE,25.0,35.32,16.27,9.92,False,False,8.73,False,28.17,26.45,1.151,3.07,11.33,0.0,2.86,3.16,1.51,5.05,999,63514052.82,29.64,-4.99,34.9672,-19.47,-6.3,55.0,False,WEAK_RS,752,NASDAQ:WMG,https://www.tradingview.com/chart/?symbol=NASDAQ%3AWMG
MBX,2026-10-07,54.54,71.87,COMPRESSED,INSIDE_COIL,NONE,14.68,25.79,18.65,25.79,False,False,16.27,False,61.85,52.32,1.323,6.56,23.25,-13.3,-3.62,-13.31,4.83,4.83,60,33897002.52,65.0,-16.09,72.64,-24.92,-20.65,18.0,False,BELOW_SMA50|NOT_NEAR_UNBROKEN_PIVOT|WEAK_RS,518,NASDAQ:MBX,https://www.tradingview.com/chart/?symbol=NASDAQ%3AMBX
SYBT,2026-10-07,75.66,71.83,COMPRESSED,RANGE_EXIT_CONFIRMED,DOWN_EXPANSION_CONFIRMED,16.27,14.68,18.25,36.9,False,False,18.65,False,79.42,75.76,1.536,2.36,10.21,-1.97,-1.32,-6.05,1.36,1.36,999,12480414.98,82.4458,-8.23,88.849,-14.84,-3.44,63.0,False,ALREADY_EXPANDING|BELOW_SMA50|NOT_NEAR_UNBROKEN_PIVOT|WEAK_RS,752,NASDAQ:SYBT,https://www.tradingview.com/chart/?symbol=NASDAQ%3ASYBT
WRB,2026-10-07,69.73,71.83,COMPRESSED,NEAR_UPPER_EDGE,NONE,10.32,11.9,31.75,28.97,False,True,53.57,True,70.87,66.26,0.715,1.86,7.31,-0.11,-2.99,0.11,1.33,2.03,999,262497066.31,71.3579,-2.28,77.3393,-9.84,-6.42,55.0,False,WEAK_RS,752,NYSE:WRB,https://www.tradingview.com/chart/?symbol=NYSE%3AWRB
VRTX,2026-10-07,505.64,71.81,COMPRESSED,NEAR_LOWER_EDGE,NONE,0.4,15.08,9.13,52.78,False,False,35.71,False,529.89,496.15,0.933,2.3,6.67,-2.97,6.16,-2.67,2.15,8.75,295,509280124.63,529.89,-4.58,560.25,-9.75,-1.81,67.0,False,WEAK_RS,752,NASDAQ:VRTX,https://www.tradingview.com/chart/?symbol=NASDAQ%3AVRTX
AVGO,2026-10-07,376.51,71.81,COMPRESSED,NEAR_UPPER_EDGE,NONE,10.32,0.4,34.13,32.94,False,False,28.57,False,380.84,343.29,0.703,2.93,12.12,3.52,-3.06,1.19,3.41,4.22,86,8552263581.88,380.84,-1.14,493.3195,-23.68,-9.61,46.0,False,WEAK_RS,752,NASDAQ:AVGO,https://www.tradingview.com/chart/?symbol=NASDAQ%3AAVGO
CMI,2026-10-07,517.32,71.81,COMPRESSED,NEAR_LOWER_EDGE,NONE,20.63,40.08,7.94,13.89,False,False,15.87,False,540.49,507.2,1.601,2.92,10.62,-6.75,-23.14,-9.57,4.56,10.78,45,600181084.26,562.6,-8.05,735.0241,-29.62,-26.54,11.0,False,POST_GAP_COIL|BELOW_SMA50|NOT_NEAR_UNBROKEN_PIVOT|WEAK_RS,752,NYSE:CMI,https://www.tradingview.com/chart/?symbol=NYSE%3ACMI
SHLS,2026-10-07,8.39,71.8,COMPRESSED,INSIDE_COIL,NONE,1.98,0.4,45.63,53.57,False,False,17.06,True,8.57,7.26,0.675,5.31,22.17,18.84,-22.03,7.72,6.44,6.44,107,32723489.19,8.57,-2.1,13.18,-36.34,-20.42,18.0,False,RECENT_SURGE|WEAK_RS,752,NASDAQ:SHLS,https://www.tradingview.com/chart/?symbol=NASDAQ%3ASHLS
HG,2026-10-07,34.32,71.73,COMPRESSED,INSIDE_COIL,NONE,2.38,13.49,32.94,27.38,False,False,29.37,False,35.11,32.701,0.724,2.36,11.8,-0.15,-1.55,-1.53,1.29,1.68,542,14262016.51,36.75,-6.61,37.31,-8.01,-3.5,62.0,False,NOT_NEAR_UNBROKEN_PIVOT|WEAK_RS,728,NYSE:HG,https://www.tradingview.com/chart/?symbol=NYSE%3AHG
IDYA,2026-10-07,36.26,71.72,COMPRESSED,NEAR_LOWER_EDGE,NONE,33.73,27.78,9.52,18.65,False,False,21.83,True,39.88,35.59,0.595,4.16,12.16,-5.45,-1.06,-4.72,2.42,2.85,123,33195486.54,40.0,-9.35,42.68,-15.04,-6.39,55.0,False,BELOW_SMA50|NOT_NEAR_UNBROKEN_PIVOT|WEAK_RS,752,NASDAQ:IDYA,https://www.tradingview.com/chart/?symbol=NASDAQ%3AIDYA
QTWO,2026-10-07,57.63,71.69,COMPRESSED,INSIDE_COIL,NONE,18.25,19.44,25.0,24.6,False,False,13.89,False,59.06,54.51,0.672,3.32,14.11,-3.61,11.36,-5.63,2.48,2.86,999,36348037.1,62.64,-8.0,67.51,-14.63,6.88,82.0,False,BELOW_SMA50|NOT_NEAR_UNBROKEN_PIVOT,752,NYSE:QTWO,https://www.tradingview.com/chart/?symbol=NYSE%3AQTWO
PKG,2026-10-07,227.25,71.68,COMPRESSED,NEAR_LOWER_EDGE,NONE,6.75,15.08,13.1,38.1,False,False,50.79,True,242.25,224.8,0.715,2.19,8.25,0.63,1.31,-5.49,2.01,2.01,999,141117456.3,242.63,-6.34,258.3082,-12.02,-1.77,67.0,False,BELOW_SMA50|NOT_NEAR_UNBROKEN_PIVOT|WEAK_RS,752,NYSE:PKG,https://www.tradingview.com/chart/?symbol=NYSE%3APKG
HWC,2026-10-07,71.64,71.67,COMPRESSED,INSIDE_COIL,NONE,6.35,19.84,26.19,34.52,False,False,17.86,False,74.34,70.14,0.994,2.03,8.88,-3.75,-5.13,-4.6,1.59,4.6,999,69603060.78,76.5,-6.35,79.6,-10.0,-7.42,51.0,False,BELOW_SMA50|NOT_NEAR_UNBROKEN_PIVOT|WEAK_RS,752,NASDAQ:HWC,https://www.tradingview.com/chart/?symbol=NASDAQ%3AHWC
VEEV,2026-10-07,282.5,71.64,COMPRESSED,INSIDE_COIL,NONE,9.52,25.0,27.38,39.68,False,False,13.49,True,291.4,263.0,0.708,3.19,11.87,8.32,46.3,10.31,2.08,12.43,28,407300389.1,291.4,-3.05,296.24,-4.64,45.27,98.0,False,POST_GAP_COIL|EXTENDED_60D_RUN,752,NYSE:VEEV,https://www.tradingview.com/chart/?symbol=NYSE%3AVEEV
KOS,2026-10-07,2.59,71.57,COMPRESSED,INSIDE_COIL,NONE,6.35,13.49,34.52,40.48,False,False,9.92,False,2.85,2.43,0.882,6.1,27.8,-9.76,3.6,-4.1,3.66,7.22,126,37609397.99,3.15,-17.78,3.34,-22.46,15.16,90.0,False,BELOW_SMA50|NOT_NEAR_UNBROKEN_PIVOT|LOW_LIQUIDITY,752,NYSE:KOS,https://www.tradingview.com/chart/?symbol=NYSE%3AKOS
ORLY,2026-10-07,84.61,71.55,COMPRESSED,NEAR_LOWER_EDGE,NONE,39.29,28.57,2.38,11.51,False,False,17.86,False,87.45,83.01,0.822,2.11,5.47,-1.71,-1.33,-3.93,1.25,6.23,999,539844509.22,87.46,-3.26,100.63,-15.92,-4.25,60.0,False,BELOW_SMA50|WEAK_RS,752,NASDAQ:ORLY,https://www.tradingview.com/chart/?symbol=NASDAQ%3AORLY
RYAAY,2026-10-07,56.0,71.53,COMPRESSED,NEAR_UPPER_EDGE,NONE,29.37,31.75,13.1,17.06,False,False,7.14,False,56.1,53.29,0.936,2.33,7.96,4.1,-12.16,0.38,3.26,3.41,126,86356735.41,56.14,-0.25,67.025,-16.45,-15.62,28.0,False,WEAK_RS,752,NASDAQ:RYAAY,https://www.tradingview.com/chart/?symbol=NASDAQ%3ARYAAY
BMNR,2026-10-07,24.66,71.51,COMPRESSED,RANGE_EXIT_CONFIRMED,DOWN_EXPANSION_CONFIRMED,17.86,25.79,27.38,9.52,False,False,19.05,False,28.555,25.82,1.449,6.51,27.17,1.86,51.38,6.98,6.04,6.04,291,1013614264.95,28.86,-14.55,26.91,-8.36,64.22,99.0,False,ALREADY_EXPANDING|EXTENDED_60D_RUN|NOT_NEAR_UNBROKEN_PIVOT,337,NYSE:BMNR,https://www.tradingview.com/chart/?symbol=NYSE%3ABMNR
FCNCA,2026-10-07,2071.5601,71.51,COMPRESSED,NEAR_UPPER_EDGE,NONE,17.86,19.05,29.37,20.63,False,False,14.29,False,2112.4199,2010.34,0.871,2.23,9.04,-2.7,0.55,-4.05,1.03,3.43,999,138406713.44,2197.6899,-5.74,2294.1021,-9.7,-4.1,61.0,False,BELOW_SMA50|NOT_NEAR_UNBROKEN_PIVOT|WEAK_RS,752,NASDAQ:FCNCA,https://www.tradingview.com/chart/?symbol=NASDAQ%3AFCNCA
RNST,2026-10-07,38.88,71.49,COMPRESSED,INSIDE_COIL,NONE,5.56,12.7,21.03,38.1,False,False,32.94,False,40.57,38.08,0.92,2.07,7.86,-3.27,-8.13,-5.62,1.28,2.42,999,31881441.73,41.1375,-5.49,44.279,-12.19,-10.97,42.0,False,BELOW_SMA50|NOT_NEAR_UNBROKEN_PIVOT|WEAK_RS,752,NYSE:RNST,https://www.tradingview.com/chart/?symbol=NYSE%3ARNST
LBTYB,2026-10-07,12.59,71.45,COMPRESSED,INSIDE_COIL,NONE,32.94,42.86,0.4,11.51,False,True,30.56,False,13.05,11.82,1.14,3.95,9.77,-4.26,3.2,-0.29,5.32,9.09,61,329548.45,13.15,-4.26,18.0,-30.06,4.51,79.0,False,LOW_LIQUIDITY,752,NASDAQ:LBTYB,https://www.tradingview.com/chart/?symbol=NASDAQ%3ALBTYB
UVE,2026-10-07,45.25,71.43,COMPRESSED,RANGE_EXIT_CONFIRMED,UP_EXPANSION_CONFIRMED,13.89,8.73,22.62,30.56,False,False,32.94,False,44.31,41.65,3.782,2.56,8.2,3.86,9.57,4.01,1.04,5.49,498,7342307.57,45.05,0.44,45.14,0.24,5.0,79.0,False,ALREADY_EXPANDING,752,NYSE:UVE,https://www.tradingview.com/chart/?symbol=NYSE%3AUVE
UNFI,2026-10-07,43.59,71.43,COMPRESSED,NEAR_LOWER_EDGE,NONE,31.75,27.78,9.52,21.83,False,False,9.92,False,46.45,43.53,1.311,3.48,9.89,-2.29,-12.01,-5.91,2.02,2.91,83,30392681.19,47.42,-8.08,57.02,-23.55,-12.72,36.0,False,BELOW_SMA50|NOT_NEAR_UNBROKEN_PIVOT|WEAK_RS,752,NYSE:UNFI,https://www.tradingview.com/chart/?symbol=NYSE%3AUNFI
SSRM,2026-10-07,32.75,71.39,COMPRESSED,RANGE_EXIT_CONFIRMED,DOWN_EXPANSION_CONFIRMED,12.3,15.48,24.21,50.0,False,False,4.76,False,37.32,32.85,1.504,4.55,19.15,-12.9,17.87,-4.24,5.72,6.53,106,82097676.74,38.67,-15.31,39.44,-16.96,8.81,84.0,False,ALREADY_EXPANDING|BELOW_SMA50|NOT_NEAR_UNBROKEN_PIVOT,752,NASDAQ:SSRM,https://www.tradingview.com/chart/?symbol=NASDAQ%3ASSRM
WSC,2026-10-07,16.88,71.33,COMPRESSED,NEAR_LOWER_EDGE,NONE,1.59,43.25,8.33,34.92,False,False,18.65,False,18.3,16.605,1.225,4.33,16.97,-12.81,-36.88,-18.07,2.76,2.76,104,51007003.78,20.13,-16.15,29.6642,-43.1,-37.94,3.0,False,BELOW_SMA50|NOT_NEAR_UNBROKEN_PIVOT|WEAK_RS,752,NASDAQ:WSC,https://www.tradingview.com/chart/?symbol=NASDAQ%3AWSC
BROS,2026-10-07,38.18,71.33,COMPRESSED,INSIDE_COIL,NONE,1.59,11.11,51.19,38.49,False,False,0.79,False,39.69,37.4,0.675,3.89,19.55,-15.08,-40.39,-19.69,2.05,14.02,43,174921582.71,45.7,-16.46,74.024,-48.42,-45.48,2.0,False,POST_GAP_COIL|BELOW_SMA50|NOT_NEAR_UNBROKEN_PIVOT|WEAK_RS,752,NYSE:BROS,https://www.tradingview.com/chart/?symbol=NYSE%3ABROS
BLX,2026-10-07,54.24,71.31,COMPRESSED,NEAR_LOWER_EDGE,NONE,23.02,46.83,3.97,1.98,False,False,24.21,False,56.38,53.77,1.727,2.31,6.34,-2.01,-4.3,-1.97,1.14,1.81,999,10498552.19,56.49,-3.98,62.4476,-13.14,-9.15,47.0,False,WEAK_RS,752,NYSE:BLX,https://www.tradingview.com/chart/?symbol=NYSE%3ABLX
BCRX,2026-10-07,8.4,71.31,COMPRESSED,INSIDE_COIL,NONE,15.08,28.97,14.29,36.51,False,False,10.32,False,8.86,7.87,2.036,4.18,14.05,-4.65,-13.76,-8.09,5.33,8.43,296,48929394.96,9.23,-8.99,11.22,-25.13,-25.29,12.0,False,BELOW_SMA50|NOT_NEAR_UNBROKEN_PIVOT|WEAK_RS,752,NASDAQ:BCRX,https://www.tradingview.com/chart/?symbol=NASDAQ%3ABCRX
CB,2026-10-07,334.7,71.29,COMPRESSED,NEAR_UPPER_EDGE,NONE,3.97,11.9,32.14,34.52,False,False,26.19,False,339.66,325.0,0.568,1.5,5.83,-0.57,-3.04,-1.7,1.32,2.62,999,551802416.06,344.52,-2.85,364.808,-8.25,-7.13,52.0,False,WEAK_RS,752,NYSE:CB,https://www.tradingview.com/chart/?symbol=NYSE%3ACB
SPG,2026-10-07,197.59,71.27,COMPRESSED,RANGE_EXIT_CONFIRMED,DOWN_EXPANSION_CONFIRMED,0.4,15.08,17.46,42.86,False,False,38.1,False,206.2,198.41,1.665,1.53,5.06,-3.39,-9.75,-6.65,0.7,1.42,999,252894020.63,210.44,-6.11,235.9673,-16.26,-12.75,36.0,False,ALREADY_EXPANDING|BELOW_SMA50|NOT_NEAR_UNBROKEN_PIVOT|WEAK_RS,752,NYSE:SPG,https://www.tradingview.com/chart/?symbol=NYSE%3ASPG
DHC,2026-10-07,7.52,71.27,COMPRESSED,NEAR_LOWER_EDGE,NONE,2.38,6.75,31.75,44.05,False,False,39.68,True,8.26,7.45,0.48,3.21,11.04,0.13,-15.51,-6.72,1.55,5.28,357,17230085.97,8.28,-9.18,9.66,-22.15,-20.56,18.0,False,BELOW_SMA50|NOT_NEAR_UNBROKEN_PIVOT|WEAK_RS,752,NASDAQ:DHC,https://www.tradingview.com/chart/?symbol=NASDAQ%3ADHC
KNTK,2026-10-07,53.72,71.25,COMPRESSED,NEAR_UPPER_EDGE,NONE,11.11,17.46,24.6,21.43,False,False,46.03,True,54.35,49.2,0.586,2.92,14.37,-1.52,7.96,1.75,3.57,3.57,999,77075737.33,56.92,-5.62,56.1,-4.24,9.39,85.0,False,NOT_NEAR_UNBROKEN_PIVOT,752,NYSE:KNTK,https://www.tradingview.com/chart/?symbol=NYSE%3AKNTK
NVCR,2026-10-07,14.66,71.23,COMPRESSED,NEAR_LOWER_EDGE,NONE,0.4,31.35,9.13,52.78,False,False,17.86,False,16.75,14.56,0.716,5.0,16.58,-6.21,-5.72,-11.32,2.37,15.61,53,21091117.46,16.99,-13.71,21.451,-31.66,-18.86,21.0,False,POST_GAP_COIL|BELOW_SMA50|NOT_NEAR_UNBROKEN_PIVOT|WEAK_RS,752,NASDAQ:NVCR,https://www.tradingview.com/chart/?symbol=NASDAQ%3ANVCR
UDR,2026-10-07,33.32,71.23,COMPRESSED,NEAR_LOWER_EDGE,NONE,11.11,27.38,28.57,32.54,False,False,3.17,False,34.3,33.1,0.917,1.79,7.21,-5.49,-15.67,-7.54,0.56,2.01,999,142567035.44,36.1114,-7.73,41.519,-19.75,-18.73,21.0,False,BELOW_SMA50|NOT_NEAR_UNBROKEN_PIVOT|WEAK_RS,752,NYSE:UDR,https://www.tradingview.com/chart/?symbol=NYSE%3AUDR
AGYS,2026-10-07,101.92,71.21,COMPRESSED,NEAR_UPPER_EDGE,NONE,21.03,18.65,23.02,24.21,False,False,17.46,False,103.0,93.57,1.755,3.75,15.36,-3.94,-2.24,-5.24,2.53,4.5,97,23640619.82,109.44,-6.87,121.59,-16.18,-10.27,44.0,False,BELOW_SMA50|NOT_NEAR_UNBROKEN_PIVOT|WEAK_RS,752,NASDAQ:AGYS,https://www.tradingview.com/chart/?symbol=NASDAQ%3AAGYS
MNSO,2026-10-07,8.94,71.17,COMPRESSED,INSIDE_COIL,NONE,21.83,40.08,8.33,1.98,False,False,43.25,True,9.46,8.66,0.556,2.95,10.18,-3.14,-22.46,-13.5,2.92,10.84,26,7597596.18,9.6,-6.88,16.0886,-44.43,-25.71,12.0,False,POST_GAP_COIL|BELOW_SMA50|NOT_NEAR_UNBROKEN_PIVOT|WEAK_RS,752,NYSE:MNSO,https://www.tradingview.com/chart/?symbol=NYSE%3AMNSO
TPG,2026-10-07,44.51,71.11,COMPRESSED,INSIDE_COIL,NONE,0.4,26.19,33.33,36.11,False,False,9.92,False,46.2,42.555,0.929,3.51,16.12,-9.0,4.27,-8.15,2.02,2.14,999,122742752.35,50.408,-11.7,55.5,-19.8,1.89,75.0,False,BELOW_SMA50|NOT_NEAR_UNBROKEN_PIVOT,752,NASDAQ:TPG,https://www.tradingview.com/chart/?symbol=NASDAQ%3ATPG
WMS,2026-10-07,126.08,71.11,COMPRESSED,NEAR_LOWER_EDGE,NONE,23.02,46.03,3.97,7.54,False,False,21.03,False,133.89,124.61,1.683,3.24,7.53,-4.33,-16.4,-7.19,2.49,3.08,350,103441315.96,135.705,-7.09,158.5874,-20.5,-18.25,22.0,False,BELOW_SMA50|NOT_NEAR_UNBROKEN_PIVOT|WEAK_RS,752,NYSE:WMS,https://www.tradingview.com/chart/?symbol=NYSE%3AWMS
MRTN,2026-10-07,12.67,71.11,COMPRESSED,NEAR_LOWER_EDGE,NONE,2.38,18.65,36.51,32.94,False,False,16.27,False,13.4,12.66,1.031,2.65,12.54,-9.17,-26.99,-9.97,1.53,2.92,999,11083432.42,14.2484,-11.08,18.3383,-30.91,-30.77,7.0,False,BELOW_SMA50|NOT_NEAR_UNBROKEN_PIVOT|WEAK_RS,752,NASDAQ:MRTN,https://www.tradingview.com/chart/?symbol=NASDAQ%3AMRTN
KALU,2026-10-07,152.24,71.09,COMPRESSED,INSIDE_COIL,NONE,26.19,41.67,1.98,2.38,False,False,30.56,False,158.35,140.33,0.746,4.18,15.67,-9.06,-5.13,-5.48,3.27,4.61,159,33427017.73,173.12,-12.06,199.89,-23.84,-9.83,45.0,False,BELOW_SMA50|NOT_NEAR_UNBROKEN_PIVOT|WEAK_RS,752,NASDAQ:KALU,https://www.tradingview.com/chart/?symbol=NASDAQ%3AKALU
PEGA,2026-10-07,34.35,71.07,COMPRESSED,INSIDE_COIL,NONE,19.44,21.83,37.3,26.59,False,True,28.17,True,35.7078,31.5315,0.755,3.85,21.15,-1.85,12.35,0.54,5.13,18.16,54,72630954.7,38.795,-11.46,44.7095,-23.17,3.83,78.0,False,POST_GAP_COIL|NOT_NEAR_UNBROKEN_PIVOT,752,NASDAQ:PEGA,https://www.tradingview.com/chart/?symbol=NASDAQ%3APEGA
WH,2026-10-07,72.24,71.07,COMPRESSED,NEAR_UPPER_EDGE,NONE,3.97,21.43,33.73,48.02,False,False,12.7,True,73.54,67.53,0.574,2.8,9.23,4.17,-6.36,0.28,3.04,3.04,745,85552796.62,73.54,-1.77,89.3023,-19.11,-12.65,36.0,False,WEAK_RS,752,NYSE:WH,https://www.tradingview.com/chart/?symbol=NYSE%3AWH
MH,2026-10-07,13.1,71.05,COMPRESSED,INSIDE_COIL,NONE,28.17,9.52,25.4,5.56,False,False,50.0,True,14.179,12.17,0.807,4.43,16.67,6.68,29.96,3.28,4.22,7.33,163,8141935.6,14.179,-7.61,14.97,-12.49,28.81,95.0,False,NOT_NEAR_UNBROKEN_PIVOT,304,NYSE:MH,https://www.tradingview.com/chart/?symbol=NYSE%3AMH
L,2026-10-07,105.67,71.05,COMPRESSED,NEAR_UPPER_EDGE,NONE,9.13,25.79,35.71,30.56,False,False,1.59,False,107.11,103.89,0.929,1.48,6.05,-2.77,-7.64,-3.94,1.26,2.0,999,117152491.78,110.28,-4.18,120.9422,-12.63,-11.83,39.0,False,BELOW_SMA50|WEAK_RS,752,NYSE:L,https://www.tradingview.com/chart/?symbol=NYSE%3AL
MOD,2026-10-07,189.44,71.05,COMPRESSED,INSIDE_COIL,NONE,37.7,27.38,9.13,1.98,False,False,25.4,False,201.99,173.07,0.912,5.71,15.92,1.87,-17.48,-0.55,6.51,8.57,93,257472044.88,203.23,-6.79,323.25,-41.4,-25.85,12.0,False,NOT_NEAR_UNBROKEN_PIVOT|WEAK_RS,752,NYSE:MOD,https://www.tradingview.com/chart/?symbol=NYSE%3AMOD
PRVA,2026-10-07,20.3,71.03,COMPRESSED,INSIDE_COIL,NONE,8.73,27.78,16.67,14.29,False,False,41.27,False,20.88,18.915,1.532,3.03,10.71,-0.59,-27.58,-3.66,1.2,12.77,43,26510719.07,21.09,-3.75,28.82,-29.56,-30.55,7.0,False,POST_GAP_COIL|BELOW_SMA50|WEAK_RS,752,NASDAQ:PRVA,https://www.tradingview.com/chart/?symbol=NASDAQ%3APRVA
UROY,2026-10-07,4.19,71.01,COMPRESSED,INSIDE_COIL,NONE,26.19,7.14,28.57,35.32,False,False,8.73,False,4.46,3.86,0.683,5.18,21.24,-12.71,53.48,1.02,3.54,5.4,244,19533513.7,4.98,-15.86,4.95,-15.35,54.46,99.0,False,EXTENDED_60D_RUN|NOT_NEAR_UNBROKEN_PIVOT|LOW_LIQUIDITY,752,NASDAQ:UROY,https://www.tradingview.com/chart/?symbol=NASDAQ%3AUROY
AAP,2026-10-07,41.2,71.01,COMPRESSED,INSIDE_COIL,NONE,9.92,10.32,35.71,38.1,False,False,13.89,False,42.68,38.05,0.726,4.33,18.13,-5.03,-25.65,-11.9,2.58,16.61,33,72431064.21,45.52,-9.49,62.9127,-34.51,-28.4,9.0,False,POST_GAP_COIL|BELOW_SMA50|NOT_NEAR_UNBROKEN_PIVOT|WEAK_RS,752,NYSE:AAP,https://www.tradingview.com/chart/?symbol=NYSE%3AAAP
ERAS,2026-10-07,14.12,71.01,COMPRESSED,INSIDE_COIL,NONE,13.1,42.46,19.44,21.43,False,False,5.16,False,15.55,13.535,0.703,6.89,26.31,-10.06,-27.59,-15.2,3.06,4.42,112,74974677.88,17.25,-18.14,24.28,-41.85,-30.03,7.0,False,BELOW_SMA50|NOT_NEAR_UNBROKEN_PIVOT|WEAK_RS,752,NASDAQ:ERAS,https://www.tradingview.com/chart/?symbol=NASDAQ%3AERAS
AIN,2026-10-07,59.38,70.97,COMPRESSED,NEAR_LOWER_EDGE,NONE,0.4,62.7,0.79,4.37,False,False,37.3,False,62.7,58.5,1.343,3.56,9.01,-1.98,-19.05,-3.27,2.74,6.48,999,14982060.03,62.7,-5.3,76.611,-22.49,-21.76,17.0,False,BELOW_SMA50|NOT_NEAR_UNBROKEN_PIVOT|WEAK_RS,752,NYSE:AIN,https://www.tradingview.com/chart/?symbol=NYSE%3AAIN
LHX,2026-10-07,233.63,70.95,COMPRESSED,RANGE_EXIT_CONFIRMED,DOWN_EXPANSION_CONFIRMED,0.79,16.27,38.89,50.79,False,False,1.59,False,243.5,234.01,1.429,2.18,8.61,-6.7,-19.05,-10.29,1.19,6.56,999,394709590.5,258.04,-9.46,361.0701,-35.3,-22.67,15.0,False,ALREADY_EXPANDING|BELOW_SMA50|NOT_NEAR_UNBROKEN_PIVOT|WEAK_RS,752,NYSE:LHX,https://www.tradingview.com/chart/?symbol=NYSE%3ALHX
DHI,2026-10-07,133.28,70.93,COMPRESSED,NEAR_LOWER_EDGE,NONE,14.68,32.94,7.54,32.54,False,False,21.03,False,142.82,132.18,0.935,3.02,9.57,-4.07,-10.88,-6.96,2.43,2.97,305,459350931.7,144.86,-7.99,170.2825,-21.73,-14.26,31.0,False,BELOW_SMA50|NOT_NEAR_UNBROKEN_PIVOT|WEAK_RS,752,NYSE:DHI,https://www.tradingview.com/chart/?symbol=NYSE%3ADHI
B,2026-10-07,39.18,70.91,COMPRESSED,RANGE_EXIT_CONFIRMED,DOWN_EXPANSION_CONFIRMED,7.14,11.11,13.49,62.3,False,False,22.62,False,43.0,39.41,1.831,3.32,13.81,-12.13,7.79,-7.8,4.64,5.63,999,351286512.47,45.39,-13.68,48.9516,-19.96,3.14,77.0,False,ALREADY_EXPANDING|BELOW_SMA50|NOT_NEAR_UNBROKEN_PIVOT,752,NYSE:B,https://www.tradingview.com/chart/?symbol=NYSE%3AB
SEB,2026-10-07,4042.0,70.91,COMPRESSED,INSIDE_COIL,NONE,28.57,13.49,32.14,36.9,False,False,4.76,True,4143.0898,3878.05,0.895,3.3,12.38,-6.36,-12.95,-3.97,2.46,2.55,999,43693430.8,4378.5601,-7.69,5983.3442,-32.45,-15.31,29.0,False,BELOW_SMA50|NOT_NEAR_UNBROKEN_PIVOT|WEAK_RS,752,AMEX:SEB,https://www.tradingview.com/chart/?symbol=AMEX%3ASEB
CVBF,2026-10-07,21.53,70.85,COMPRESSED,NEAR_LOWER_EDGE,NONE,15.87,16.67,30.16,24.21,False,False,19.84,False,22.51,21.33,0.953,1.94,6.97,-1.59,-3.82,-3.44,0.73,2.88,999,35687118.79,22.83,-5.69,23.1966,-7.18,-6.43,55.0,False,BELOW_SMA50|NOT_NEAR_UNBROKEN_PIVOT|WEAK_RS,752,NASDAQ:CVBF,https://www.tradingview.com/chart/?symbol=NASDAQ%3ACVBF
ZTS,2026-10-07,71.55,70.85,COMPRESSED,INSIDE_COIL,NONE,16.67,23.81,31.35,36.9,False,False,8.33,True,73.55,68.77,0.567,2.57,8.46,-2.4,-2.73,-3.42,1.69,5.96,105,321513267.34,74.82,-4.37,122.4663,-41.58,-7.69,51.0,False,BELOW_SMA50|WEAK_RS,752,NYSE:ZTS,https://www.tradingview.com/chart/?symbol=NYSE%3AZTS
CNC,2026-10-07,64.99,70.77,COMPRESSED,RANGE_EXIT_CONFIRMED,UP_EXPANSION_CONFIRMED,11.11,10.71,34.13,26.98,False,False,26.59,False,64.76,59.46,1.274,3.22,15.65,1.45,-5.43,0.36,2.25,7.13,235,309849363.62,69.63,-6.66,69.36,-6.3,-7.51,51.0,False,ALREADY_EXPANDING|NOT_NEAR_UNBROKEN_PIVOT|WEAK_RS,752,NYSE:CNC,https://www.tradingview.com/chart/?symbol=NYSE%3ACNC
PLGO,2026-10-07,23.81,70.75,COMPRESSED,NEAR_LOWER_EDGE,NONE,39.68,26.59,30.16,3.97,False,False,9.13,True,24.66,23.44,0.829,2.16,9.07,-3.77,-5.06,-2.04,0.96,13.32,38,12315043.1,25.6,-6.99,26.1832,-9.06,-7.8,50.0,False,POST_GAP_COIL|NOT_NEAR_UNBROKEN_PIVOT|WEAK_RS,752,NYSE:PLGO,https://www.tradingview.com/chart/?symbol=NYSE%3APLGO
INVA,2026-10-07,21.06,70.75,COMPRESSED,NEAR_UPPER_EDGE,NONE,55.56,4.37,13.1,10.32,False,False,20.63,False,21.45,20.23,0.914,2.21,5.79,-0.33,-3.13,0.43,1.31,3.02,999,21932890.22,21.45,-1.82,24.45,-13.87,-8.79,48.0,False,WEAK_RS,752,NASDAQ:INVA,https://www.tradingview.com/chart/?symbol=NASDAQ%3AINVA
HUT,2026-10-07,89.3,70.75,COMPRESSED,INSIDE_COIL,NONE,5.56,21.03,20.24,31.35,False,False,34.52,False,107.2,82.1,1.134,7.83,32.02,-6.9,-9.18,-1.87,7.44,11.36,48,448152368.21,110.69,-19.32,140.8,-36.58,-19.58,20.0,False,POST_GAP_COIL|NOT_NEAR_UNBROKEN_PIVOT|WEAK_RS,752,NASDAQ:HUT,https://www.tradingview.com/chart/?symbol=NASDAQ%3AHUT
IRM,2026-10-07,115.75,70.62,COMPRESSED,NEAR_UPPER_EDGE,NONE,26.19,21.83,21.83,13.49,False,False,22.62,False,117.41,108.96,0.568,2.72,8.22,1.24,-4.9,-1.64,2.01,2.7,999,181747100.6,118.47,-2.3,133.6416,-13.39,-6.02,56.0,False,WEAK_RS,752,NYSE:IRM,https://www.tradingview.com/chart/?symbol=NYSE%3AIRM
ATO,2026-10-07,159.21,70.61,COMPRESSED,NEAR_UPPER_EDGE,NONE,2.38,5.16,58.33,39.29,False,False,15.48,True,159.95,154.72,0.846,1.37,8.38,-4.43,-10.24,-3.61,0.72,1.28,999,177861868.89,168.3,-5.4,190.28,-16.33,-11.98,38.0,False,BELOW_SMA50|NOT_NEAR_UNBROKEN_PIVOT|WEAK_RS,752,NYSE:ATO,https://www.tradingview.com/chart/?symbol=NYSE%3AATO
CPNG,2026-10-07,14.81,70.6,COMPRESSED,RANGE_EXIT_CONFIRMED,UP_EXPANSION_CONFIRMED,16.67,19.05,20.24,25.4,False,False,29.37,False,14.555,13.35,1.512,3.14,12.9,0.34,-16.52,-3.65,1.85,2.68,106,227599588.49,15.26,-2.95,22.24,-33.41,-26.35,11.0,False,ALREADY_EXPANDING|BELOW_SMA50|WEAK_RS,752,NYSE:CPNG,https://www.tradingview.com/chart/?symbol=NYSE%3ACPNG
DXPE,2026-10-07,179.85,70.46,COMPRESSED,NEAR_LOWER_EDGE,NONE,47.62,21.03,12.7,2.38,False,False,19.44,False,198.74,179.81,1.756,3.99,11.89,-3.6,9.99,-3.0,2.86,6.91,105,26292518.05,198.74,-9.5,208.0,-13.53,5.37,80.0,False,NOT_NEAR_UNBROKEN_PIVOT,752,NASDAQ:DXPE,https://www.tradingview.com/chart/?symbol=NASDAQ%3ADXPE
VMI,2026-10-07,464.59,70.44,COMPRESSED,NEAR_LOWER_EDGE,NONE,33.73,27.78,8.33,16.67,False,False,20.63,False,488.63,458.36,2.272,2.73,6.6,-3.21,-14.37,-2.89,2.03,3.65,999,89356374.45,489.0295,-5.0,583.9693,-20.44,-18.53,22.0,False,WEAK_RS,752,NYSE:VMI,https://www.tradingview.com/chart/?symbol=NYSE%3AVMI
COLD,2026-10-07,13.65,70.41,COMPRESSED,NEAR_LOWER_EDGE,NONE,25.0,38.49,1.59,32.54,False,False,24.6,True,14.7135,13.54,0.733,3.47,11.68,1.46,-12.77,-4.81,2.24,9.19,999,53081385.72,14.8808,-8.27,16.613,-17.84,-15.42,28.0,False,BELOW_SMA50|NOT_NEAR_UNBROKEN_PIVOT|WEAK_RS,752,NYSE:COLD,https://www.tradingview.com/chart/?symbol=NYSE%3ACOLD
UFPT,2026-10-07,292.87,70.38,COMPRESSED,INSIDE_COIL,NONE,11.51,3.17,38.49,48.81,False,False,11.11,False,310.15,281.93,1.468,2.92,12.68,5.13,27.27,-1.07,1.94,14.01,45,32292695.51,310.15,-5.57,338.71,-13.53,13.63,89.0,False,POST_GAP_COIL|NOT_NEAR_UNBROKEN_PIVOT,752,NASDAQ:UFPT,https://www.tradingview.com/chart/?symbol=NASDAQ%3AUFPT
WDFC,2026-10-07,201.5,70.38,COMPRESSED,INSIDE_COIL,NONE,12.3,0.79,36.51,50.0,False,False,14.68,False,207.24,195.2,1.103,2.2,9.66,0.83,-18.79,-5.0,1.71,2.19,62,25427688.9,207.24,-2.77,297.7107,-32.32,-19.15,21.0,False,BELOW_SMA50|WEAK_RS,752,NASDAQ:WDFC,https://www.tradingview.com/chart/?symbol=NASDAQ%3AWDFC
GTX,2026-10-07,25.87,70.36,COMPRESSED,INSIDE_COIL,NONE,19.84,38.49,4.76,9.13,False,False,37.7,False,27.53,25.01,1.375,3.24,11.56,-5.89,-18.1,-5.81,2.82,7.02,159,67201030.64,28.16,-8.13,36.1424,-28.42,-23.98,14.0,False,BELOW_SMA50|NOT_NEAR_UNBROKEN_PIVOT|WEAK_RS,752,NASDAQ:GTX,https://www.tradingview.com/chart/?symbol=NASDAQ%3AGTX
GPC,2026-10-07,125.41,70.32,COMPRESSED,NEAR_LOWER_EDGE,NONE,5.95,38.1,18.65,30.16,False,False,17.46,False,131.09,123.93,1.18,2.35,9.93,-7.27,3.46,-4.55,1.95,6.05,490,118842550.65,136.38,-8.04,138.8095,-9.65,-1.95,67.0,False,BELOW_SMA50|NOT_NEAR_UNBROKEN_PIVOT|WEAK_RS,752,NYSE:GPC,https://www.tradingview.com/chart/?symbol=NYSE%3AGPC
ZBRA,2026-10-07,386.05,70.3,COMPRESSED,NEAR_UPPER_EDGE,NONE,3.57,2.78,43.65,57.14,False,False,7.54,False,390.8,360.51,1.106,2.78,14.09,11.95,48.42,7.94,1.79,13.19,45,201039296.31,390.8,-1.22,386.23,-0.05,37.94,97.0,False,POST_GAP_COIL|EXTENDED_60D_RUN,752,NASDAQ:ZBRA,https://www.tradingview.com/chart/?symbol=NASDAQ%3AZBRA
LNN,2026-10-07,113.33,70.3,COMPRESSED,INSIDE_COIL,NONE,17.86,24.21,17.46,30.16,False,False,21.83,False,117.72,109.78,1.694,2.73,9.84,-6.24,-1.52,-1.77,1.51,2.8,743,17582281.41,124.84,-9.22,130.7468,-13.32,-1.38,68.0,False,NOT_NEAR_UNBROKEN_PIVOT|WEAK_RS,752,NYSE:LNN,https://www.tradingview.com/chart/?symbol=NYSE%3ALNN
AMH,2026-10-07,30.0,70.3,COMPRESSED,NEAR_LOWER_EDGE,NONE,6.75,14.68,30.95,58.33,False,False,3.17,False,31.33,30.06,0.87,1.68,6.94,-5.97,-10.47,-7.39,0.75,1.21,999,107372330.23,32.0818,-6.49,34.7041,-13.55,-11.62,39.0,False,BELOW_SMA50|NOT_NEAR_UNBROKEN_PIVOT|WEAK_RS,752,NYSE:AMH,https://www.tradingview.com/chart/?symbol=NYSE%3AAMH
UBSI,2026-10-07,45.34,70.24,COMPRESSED,NEAR_LOWER_EDGE,NONE,11.51,30.56,13.89,24.6,False,False,32.54,False,47.31,45.1,1.169,1.79,7.12,-2.54,-1.05,-4.16,0.88,0.88,999,56411774.12,48.25,-6.03,49.2216,-7.89,-4.14,61.0,False,BELOW_SMA50|NOT_NEAR_UNBROKEN_PIVOT|WEAK_RS,752,NASDAQ:UBSI,https://www.tradingview.com/chart/?symbol=NASDAQ%3AUBSI
BPOP,2026-10-07,155.52,70.2,COMPRESSED,INSIDE_COIL,NONE,7.54,6.35,36.9,36.11,False,False,28.17,False,161.06,152.43,1.457,1.87,9.09,-5.14,-7.47,-6.78,1.3,1.3,999,89691560.93,166.7844,-6.75,178.2614,-12.76,-11.33,41.0,False,BELOW_SMA50|NOT_NEAR_UNBROKEN_PIVOT|WEAK_RS,752,NASDAQ:BPOP,https://www.tradingview.com/chart/?symbol=NASDAQ%3ABPOP
AXS,2026-10-07,95.35,70.19,COMPRESSED,NEAR_UPPER_EDGE,NONE,0.79,17.86,51.98,48.41,False,False,2.78,True,96.72,93.02,0.428,1.94,7.7,-2.63,-14.81,-3.67,1.56,17.88,49,71629790.17,100.3642,-5.0,119.4357,-20.17,-18.44,22.0,False,POST_GAP_COIL|BELOW_SMA50|WEAK_RS,752,NYSE:AXS,https://www.tradingview.com/chart/?symbol=NYSE%3AAXS
LIFE,2026-10-07,35.0,70.18,COMPRESSED,INSIDE_COIL,NONE,12.99,39.75,12.26,18.82,False,False,26.67,False,38.1,31.26,0.757,7.38,27.6,-11.88,76.41,1.83,3.63,19.71,45,62595196.19,42.21,-17.08,42.55,-17.74,82.42,100.0,False,POST_GAP_COIL|EXTENDED_60D_RUN|NOT_NEAR_UNBROKEN_PIVOT,174,NASDAQ:LIFE,https://www.tradingview.com/chart/?symbol=NASDAQ%3ALIFE
EXK,2026-10-07,8.32,70.14,COMPRESSED,RANGE_EXIT_CONFIRMED,DOWN_EXPANSION_CONFIRMED,17.06,13.49,42.06,76.59,True,True,12.3,False,10.14,8.38,1.724,5.99,32.33,-25.38,2.97,-15.14,5.75,7.59,139,69701952.47,11.52,-27.78,11.65,-28.58,-2.68,65.0,False,ALREADY_EXPANDING|BELOW_SMA50|NOT_NEAR_UNBROKEN_PIVOT|WEAK_RS,752,NYSE:EXK,https://www.tradingview.com/chart/?symbol=NYSE%3AEXK
CNQ,2026-10-07,47.5,70.1,COMPRESSED,NEAR_LOWER_EDGE,NONE,11.11,43.65,24.21,24.6,False,False,2.78,False,48.74,46.58,1.242,2.56,11.08,-6.67,12.45,-2.07,1.56,3.85,999,321761274.51,51.8446,-8.38,51.7851,-8.27,10.79,86.0,False,NOT_NEAR_UNBROKEN_PIVOT,752,NYSE:CNQ,https://www.tradingview.com/chart/?symbol=NYSE%3ACNQ
ACVA,2026-10-07,10.44,70.08,COMPRESSED,NEAR_UPPER_EDGE,NONE,85.32,0.4,59.13,5.95,True,True,0.4,True,10.5,10.41,0.5,1.86,33.52,41.66,44.4,21.64,44.81,44.81,18,165315427.48,10.5,-0.57,8.375,24.66,47.22,98.0,False,POST_GAP_COIL|RECENT_SURGE|EXTENDED_60D_RUN|EXTENDED_FROM_SMA50|DETACHED_FROM_PRIOR_STRUCTURE,752,NYSE:ACVA,https://www.tradingview.com/chart/?symbol=NYSE%3AACVA
NGVT,2026-10-07,70.92,70.06,COMPRESSED,INSIDE_COIL,NONE,11.9,15.87,32.94,34.92,False,False,17.06,False,73.8,68.6,0.972,2.97,10.39,4.14,-2.77,-0.91,2.04,4.86,295,20213100.72,73.8,-3.9,79.29,-10.56,-5.41,57.0,False,WEAK_RS,752,NYSE:NGVT,https://www.tradingview.com/chart/?symbol=NYSE%3ANGVT
EHC,2026-10-07,122.48,70.04,COMPRESSED,INSIDE_COIL,NONE,25.0,38.49,10.71,6.75,False,False,27.38,False,125.0635,118.39,0.965,2.46,5.85,0.96,12.84,1.45,1.1,12.54,43,116245837.41,125.0635,-2.07,127.2796,-3.77,6.86,82.0,False,POST_GAP_COIL,752,NYSE:EHC,https://www.tradingview.com/chart/?symbol=NYSE%3AEHC
HRMY,2026-10-07,39.34,70.04,COMPRESSED,NEAR_LOWER_EDGE,NONE,1.19,23.41,33.73,45.24,False,False,23.41,True,42.08,38.72,0.559,3.25,11.57,-5.48,13.01,-1.08,0.99,5.62,105,42229249.69,43.27,-9.08,43.49,-9.54,-0.69,70.0,False,NOT_NEAR_UNBROKEN_PIVOT,752,NASDAQ:HRMY,https://www.tradingview.com/chart/?symbol=NASDAQ%3AHRMY
UMH,2026-10-07,15.03,70.04,COMPRESSED,RANGE_EXIT_CONFIRMED,DOWN_EXPANSION_CONFIRMED,20.24,16.67,18.25,40.87,False,False,18.65,False,15.74,15.09,2.316,1.83,6.32,-4.02,-0.86,-4.74,1.24,1.71,999,10638382.33,15.97,-5.89,16.77,-10.38,-3.92,62.0,False,ALREADY_EXPANDING|BELOW_SMA50|NOT_NEAR_UNBROKEN_PIVOT|WEAK_RS,752,NYSE:UMH,https://www.tradingview.com/chart/?symbol=NYSE%3AUMH
AG,2026-10-07,16.65,70.02,COMPRESSED,RANGE_EXIT_CONFIRMED,DOWN_EXPANSION_CONFIRMED,5.16,13.49,25.0,55.56,False,False,19.44,False,19.72,17.11,1.833,5.37,25.89,-21.39,-1.58,-12.46,6.05,7.64,139,176722340.24,21.49,-22.52,24.4683,-31.95,-6.54,54.0,False,ALREADY_EXPANDING|BELOW_SMA50|NOT_NEAR_UNBROKEN_PIVOT|WEAK_RS,752,NYSE:AG,https://www.tradingview.com/chart/?symbol=NYSE%3AAG
CTRE,2026-10-07,35.82,70.02,COMPRESSED,RANGE_EXIT_CONFIRMED,DOWN_EXPANSION_CONFIRMED,7.94,9.92,32.94,60.32,False,False,5.16,False,37.3889,35.86,1.614,1.96,9.53,-7.28,-10.6,-7.05,1.14,1.49,999,99418666.97,39.2343,-8.7,43.1627,-17.01,-15.06,29.0,False,ALREADY_EXPANDING|BELOW_SMA50|NOT_NEAR_UNBROKEN_PIVOT|WEAK_RS,752,NYSE:CTRE,https://www.tradingview.com/chart/?symbol=NYSE%3ACTRE
SLMBP,2026-10-07,73.54,70.0,COMPRESSED,NEAR_UPPER_EDGE,NONE,44.84,13.49,15.48,26.98,False,False,7.94,False,74.17,73.5,3.72,0.6,2.05,-0.82,0.4,-0.29,0.74,2.06,999,103105.15,74.75,-1.62,74.75,-1.62,-3.17,64.0,False,LOW_LIQUIDITY|WEAK_RS,752,NASDAQ:SLMBP,https://www.tradingview.com/chart/?symbol=NASDAQ%3ASLMBP
AAOI,2026-10-07,122.54,69.98,COMPRESSED,INSIDE_COIL,NONE,4.76,1.19,25.4,59.52,False,False,32.14,False,131.15,93.62,1.089,7.14,30.63,13.54,-2.32,8.53,8.15,16.66,31,850968789.16,131.15,-6.56,233.67,-47.56,-3.38,63.0,False,POST_GAP_COIL|NOT_NEAR_UNBROKEN_PIVOT|WEAK_RS,752,NASDAQ:AAOI,https://www.tradingview.com/chart/?symbol=NASDAQ%3AAAOI
INFQ,2026-10-07,11.64,69.93,COMPRESSED,RANGE_EXIT_CONFIRMED,DOWN_EXPANSION_CONFIRMED,5.63,16.78,16.08,36.08,False,False,46.41,False,15.06,12.48,1.507,7.18,30.33,-12.22,11.39,-8.56,6.26,6.58,95,105781381.88,15.06,-22.71,21.28,-45.3,-4.59,60.0,False,ALREADY_EXPANDING|BELOW_SMA50|NOT_NEAR_UNBROKEN_PIVOT|WEAK_RS,162,NYSE:INFQ,https://www.tradingview.com/chart/?symbol=NYSE%3AINFQ
PEB-PF,2026-10-07,19.191,69.9,COMPRESSED,NEAR_LOWER_EDGE,NONE,40.08,25.79,21.03,14.68,False,True,23.41,False,19.71,19.0881,1.676,1.32,3.93,-1.33,-3.16,-1.78,1.52,2.25,999,144505.53,19.8425,-3.28,20.0067,-4.08,-6.89,53.0,False,LOW_LIQUIDITY|WEAK_RS,752,NYSE:PEB.PF,https://www.tradingview.com/chart/?symbol=NYSE%3APEB.PF
NBN,2026-10-07,126.27,69.86,COMPRESSED,INSIDE_COIL,NONE,1.98,7.14,29.37,46.43,False,False,36.51,False,132.28,120.25,1.933,2.87,13.28,-2.1,-2.61,-2.9,2.02,2.9,999,15196161.19,137.02,-7.85,142.2993,-11.26,-7.02,53.0,False,NOT_NEAR_UNBROKEN_PIVOT|WEAK_RS,752,NASDAQ:NBN,https://www.tradingview.com/chart/?symbol=NASDAQ%3ANBN
BLDR,2026-10-07,53.55,69.85,COMPRESSED,RANGE_EXIT_CONFIRMED,DOWN_EXPANSION_CONFIRMED,7.14,42.86,8.33,45.63,False,True,30.95,False,60.73,54.75,1.62,4.72,16.51,-12.77,-28.75,-17.36,3.4,3.82,606,218207527.33,63.09,-15.12,94.97,-43.61,-31.81,6.0,False,ALREADY_EXPANDING|BELOW_SMA50|NOT_NEAR_UNBROKEN_PIVOT|WEAK_RS,752,NYSE:BLDR,https://www.tradingview.com/chart/?symbol=NYSE%3ABLDR
CSX,2026-10-07,46.81,69.84,COMPRESSED,NEAR_UPPER_EDGE,NONE,26.59,15.08,37.7,15.08,False,False,13.49,False,47.73,45.85,1.211,1.8,8.25,-3.23,-5.97,-4.65,1.46,4.07,999,505769299.39,49.65,-5.72,53.4537,-12.43,-8.54,49.0,False,BELOW_SMA50|NOT_NEAR_UNBROKEN_PIVOT|WEAK_RS,752,NASDAQ:CSX,https://www.tradingview.com/chart/?symbol=NASDAQ%3ACSX
CHA,2026-10-07,11.16,69.83,COMPRESSED,INSIDE_COIL,NONE,12.3,9.13,43.25,61.11,False,True,7.14,False,11.83,10.845,1.202,3.89,16.62,-10.36,-1.06,-0.54,1.54,3.8,90,11166309.41,12.7,-12.13,13.4,-16.72,-2.29,66.0,False,NOT_NEAR_UNBROKEN_PIVOT|WEAK_RS,370,NASDAQ:CHA,https://www.tradingview.com/chart/?symbol=NASDAQ%3ACHA
NRP,2026-10-07,110.38,69.8,COMPRESSED,NEAR_UPPER_EDGE,NONE,57.54,19.44,3.97,0.4,False,False,39.68,True,112.0,105.26,0.669,2.21,6.11,-1.21,12.89,2.94,1.48,5.22,999,3006731.44,114.0,-3.18,121.0347,-8.8,7.2,82.0,False,LOW_LIQUIDITY,752,NYSE:NRP,https://www.tradingview.com/chart/?symbol=NYSE%3ANRP
EL,2026-10-07,94.45,69.76,COMPRESSED,INSIDE_COIL,NONE,23.41,25.4,10.71,25.0,False,False,30.56,False,100.92,88.68,0.887,3.24,12.96,-4.37,17.2,0.19,2.21,11.24,34,267876742.89,100.92,-6.41,108.0131,-12.56,11.94,87.0,False,POST_GAP_COIL|NOT_NEAR_UNBROKEN_PIVOT,752,NYSE:EL,https://www.tradingview.com/chart/?symbol=NYSE%3AEL
BTU,2026-10-07,24.85,69.75,COMPRESSED,INSIDE_COIL,NONE,22.22,20.24,41.67,30.56,False,True,12.3,False,27.005,23.75,1.005,4.61,22.82,-15.36,3.69,-4.21,1.7,7.83,375,63210572.75,30.07,-17.36,31.8598,-22.0,2.74,76.0,False,BELOW_SMA50|NOT_NEAR_UNBROKEN_PIVOT,752,NYSE:BTU,https://www.tradingview.com/chart/?symbol=NYSE%3ABTU
WLYB,2026-10-06,49.535,69.75,COMPRESSED,RANGE_EXIT_CONFIRMED,UP_EXPANSION_CONFIRMED,9.52,37.7,10.71,40.08,False,True,37.7,False,49.1775,46.8097,1.334,1.26,6.44,3.13,-1.63,-1.86,2.47,3.93,396,198751.51,49.1775,0.73,55.1094,-10.12,-8.72,49.0,False,ALREADY_EXPANDING|LOW_LIQUIDITY|WEAK_RS,751,NYSE:WLYB,https://www.tradingview.com/chart/?symbol=NYSE%3AWLYB
FLNG,2026-10-07,30.89,69.74,COMPRESSED,NEAR_LOWER_EDGE,NONE,3.97,28.97,37.7,40.08,False,False,0.79,False,31.696,30.57,0.788,2.26,7.79,-0.8,2.68,0.11,1.5,2.89,999,11191693.98,32.975,-6.32,32.4751,-4.88,4.81,79.0,False,NOT_NEAR_UNBROKEN_PIVOT,752,NYSE:FLNG,https://www.tradingview.com/chart/?symbol=NYSE%3AFLNG
BLTE,2026-10-07,156.08,69.72,COMPRESSED,INSIDE_COIL,NONE,0.79,11.11,23.02,67.06,False,False,34.92,True,175.5,152.64,0.354,3.96,18.31,-14.78,6.41,-5.83,2.81,2.81,213,26194251.79,191.3,-18.41,198.58,-21.4,-1.8,67.0,False,BELOW_SMA50|NOT_NEAR_UNBROKEN_PIVOT|WEAK_RS,752,NASDAQ:BLTE,https://www.tradingview.com/chart/?symbol=NASDAQ%3ABLTE
CG,2026-10-07,37.8,69.72,COMPRESSED,RANGE_EXIT_CONFIRMED,DOWN_EXPANSION_CONFIRMED,0.4,30.95,15.87,28.57,False,False,43.65,False,41.74,38.72,1.516,3.51,16.85,-14.31,-16.29,-15.74,2.67,3.0,167,144144975.36,46.2,-18.18,53.0778,-28.78,-17.48,24.0,False,ALREADY_EXPANDING|BELOW_SMA50|NOT_NEAR_UNBROKEN_PIVOT|WEAK_RS,752,NASDAQ:CG,https://www.tradingview.com/chart/?symbol=NASDAQ%3ACG
KRMN,2026-10-07,31.39,69.71,COMPRESSED,NEAR_LOWER_EDGE,NONE,23.81,56.75,5.56,25.4,False,True,15.08,False,35.77,31.655,1.143,7.72,23.61,-10.87,-31.51,-29.13,3.4,5.8,178,141616440.51,39.45,-20.43,94.26,-66.7,-40.93,2.0,False,BELOW_SMA50|NOT_NEAR_UNBROKEN_PIVOT|WEAK_RS,414,NYSE:KRMN,https://www.tradingview.com/chart/?symbol=NYSE%3AKRMN
PHYS,2026-10-07,30.96,69.68,COMPRESSED,RANGE_EXIT_CONFIRMED,DOWN_EXPANSION_CONFIRMED,17.46,23.02,32.54,54.37,True,False,17.06,False,32.58,31.0,1.8,1.75,7.98,-6.92,1.24,-5.4,3.55,3.55,999,140002568.28,33.55,-7.72,37.06,-16.46,-4.04,61.0,False,ALREADY_EXPANDING|BELOW_SMA50|NOT_NEAR_UNBROKEN_PIVOT|WEAK_RS,752,AMEX:PHYS,https://www.tradingview.com/chart/?symbol=AMEX%3APHYS
NP,2026-10-07,27.86,69.67,COMPRESSED,INSIDE_COIL,NONE,3.39,8.64,46.41,53.57,False,False,4.05,False,28.98,26.51,0.773,4.44,21.95,-11.89,-12.36,-10.18,3.87,6.66,159,17142143.58,32.625,-14.61,35.15,-20.74,-17.45,24.0,False,BELOW_SMA50|NOT_NEAR_UNBROKEN_PIVOT|WEAK_RS,256,NYSE:NP,https://www.tradingview.com/chart/?symbol=NYSE%3ANP
FSV,2026-10-07,126.87,69.65,COMPRESSED,NEAR_LOWER_EDGE,NONE,37.3,30.95,34.52,41.27,True,True,10.71,False,131.8476,125.6522,1.693,2.55,11.13,-7.76,-12.12,-7.59,1.49,3.66,999,26087428.57,139.0605,-8.77,153.3059,-17.24,-14.45,30.0,False,BELOW_SMA50|NOT_NEAR_UNBROKEN_PIVOT|WEAK_RS,752,NASDAQ:FSV,https://www.tradingview.com/chart/?symbol=NASDAQ%3AFSV
MCRI,2026-10-07,118.17,69.64,COMPRESSED,NEAR_UPPER_EDGE,NONE,15.48,11.11,46.03,34.52,False,False,4.37,False,119.65,114.72,0.978,2.15,9.8,-2.3,-5.67,-2.43,1.16,4.45,308,24472259.21,126.3,-6.44,135.5914,-12.85,-9.3,47.0,False,NOT_NEAR_UNBROKEN_PIVOT|WEAK_RS,752,NASDAQ:MCRI,https://www.tradingview.com/chart/?symbol=NASDAQ%3AMCRI
TRLV,2026-10-07,10.78,69.63,COMPRESSED,INSIDE_COIL,NONE,23.81,14.68,26.59,49.21,True,True,53.17,False,12.93,10.215,0.632,6.67,25.19,-8.41,18.98,0.43,12.49,12.49,5,31039929.11,12.93,-16.63,13.28,-18.83,18.3,92.0,False,POST_GAP_COIL|NOT_NEAR_UNBROKEN_PIVOT,752,NYSE:TRLV,https://www.tradingview.com/chart/?symbol=NYSE%3ATRLV
DCOM,2026-10-07,38.57,69.62,COMPRESSED,NEAR_LOWER_EDGE,NONE,3.57,13.49,28.57,46.43,False,False,28.57,False,40.91,38.38,2.236,1.97,8.17,-4.51,-2.69,-4.63,1.19,2.1,999,13475562.73,41.39,-6.81,41.97,-8.1,-5.88,56.0,False,BELOW_SMA50|NOT_NEAR_UNBROKEN_PIVOT|WEAK_RS,752,NYSE:DCOM,https://www.tradingview.com/chart/?symbol=NYSE%3ADCOM
HLIO,2026-10-07,69.24,69.6,COMPRESSED,INSIDE_COIL,NONE,47.22,20.63,0.79,28.97,False,False,15.48,False,72.48,67.15,1.42,3.27,9.08,-2.11,-14.58,-6.04,2.56,3.01,295,28131223.78,72.48,-4.47,94.9078,-27.04,-17.2,25.0,False,BELOW_SMA50|WEAK_RS,752,NYSE:HLIO,https://www.tradingview.com/chart/?symbol=NYSE%3AHLIO
ZETA,2026-10-07,33.74,69.58,COMPRESSED,INSIDE_COIL,NONE,0.79,0.4,17.86,55.16,False,False,55.56,False,34.8,28.03,1.174,4.37,20.07,10.91,49.76,15.56,2.75,3.04,230,180866029.87,34.8,-3.05,32.81,2.83,50.27,98.0,False,EXTENDED_60D_RUN|EXTENDED_FROM_SMA50,752,NYSE:ZETA,https://www.tradingview.com/chart/?symbol=NYSE%3AZETA
ALGN,2026-10-07,139.87,69.58,COMPRESSED,NEAR_LOWER_EDGE,NONE,19.05,20.24,19.84,55.95,False,False,14.68,True,153.4,138.36,0.649,3.14,11.25,-8.53,-21.62,-11.69,2.55,2.55,234,136416917.76,154.1,-9.23,200.44,-30.22,-25.15,12.0,False,BELOW_SMA50|NOT_NEAR_UNBROKEN_PIVOT|WEAK_RS,752,NASDAQ:ALGN,https://www.tradingview.com/chart/?symbol=NASDAQ%3AALGN
CBU,2026-10-07,59.22,69.56,COMPRESSED,NEAR_LOWER_EDGE,NONE,3.17,7.14,42.46,50.4,False,False,15.48,False,61.7,58.52,0.75,1.85,8.36,-4.37,-12.08,-5.44,1.16,3.05,999,19595922.78,63.47,-6.7,70.5599,-16.07,-13.62,33.0,False,BELOW_SMA50|NOT_NEAR_UNBROKEN_PIVOT|WEAK_RS,752,NYSE:CBU,https://www.tradingview.com/chart/?symbol=NYSE%3ACBU
HUM,2026-10-07,396.51,69.52,COMPRESSED,INSIDE_COIL,NONE,20.24,38.1,15.48,6.75,False,False,31.35,False,413.57,369.13,1.267,3.54,11.76,-0.88,-2.52,2.65,2.47,4.11,127,466079618.49,419.97,-5.59,428.88,-7.55,-3.96,61.0,False,NOT_NEAR_UNBROKEN_PIVOT|WEAK_RS,752,NYSE:HUM,https://www.tradingview.com/chart/?symbol=NYSE%3AHUM
MAR,2026-10-07,356.5,69.5,COMPRESSED,INSIDE_COIL,NONE,2.38,3.97,52.38,53.57,False,False,4.76,False,364.09,345.37,1.046,1.95,9.96,7.53,-1.64,1.77,1.58,3.59,999,525318950.3,364.09,-2.08,410.1465,-13.08,-7.74,50.0,False,WEAK_RS,752,NASDAQ:MAR,https://www.tradingview.com/chart/?symbol=NASDAQ%3AMAR
FRMI,2026-10-07,3.97,69.49,COMPRESSED,NEAR_LOWER_EDGE,NONE,0.85,1.65,42.19,68.65,False,False,8.5,False,5.094,3.92,1.077,7.92,43.32,-28.21,-41.1,-25.97,5.87,20.24,40,77814683.76,5.81,-31.67,10.135,-60.83,-49.42,1.0,False,POST_GAP_COIL|BELOW_SMA50|NOT_NEAR_UNBROKEN_PIVOT|LOW_LIQUIDITY|WEAK_RS,256,NASDAQ:FRMI,https://www.tradingview.com/chart/?symbol=NASDAQ%3AFRMI
AX,2026-10-07,87.68,69.46,COMPRESSED,INSIDE_COIL,NONE,0.4,19.05,35.32,33.73,False,False,30.16,False,90.5,84.03,1.027,2.49,13.16,-6.03,-10.32,-7.84,1.83,3.99,587,39397947.28,95.57,-8.26,105.74,-17.08,-13.23,35.0,False,BELOW_SMA50|NOT_NEAR_UNBROKEN_PIVOT|WEAK_RS,752,NYSE:AX,https://www.tradingview.com/chart/?symbol=NYSE%3AAX
COGT,2026-10-07,30.14,69.46,COMPRESSED,NEAR_LOWER_EDGE,NONE,7.94,24.6,27.78,53.17,False,False,16.67,True,32.85,29.7,0.383,4.34,17.58,-11.82,-21.73,-14.94,1.99,4.6,208,67763147.94,35.57,-15.27,43.39,-30.54,-29.25,8.0,False,BELOW_SMA50|NOT_NEAR_UNBROKEN_PIVOT|WEAK_RS,752,NASDAQ:COGT,https://www.tradingview.com/chart/?symbol=NASDAQ%3ACOGT
BTDR,2026-10-07,10.4,69.46,COMPRESSED,INSIDE_COIL,NONE,6.75,29.37,15.08,34.13,False,False,34.52,False,12.987,10.06,1.072,8.21,34.6,-15.65,-15.86,-4.66,5.92,12.45,45,112153289.19,13.658,-23.85,20.72,-49.81,-31.08,7.0,False,POST_GAP_COIL|BELOW_SMA50|NOT_NEAR_UNBROKEN_PIVOT|WEAK_RS,752,NASDAQ:BTDR,https://www.tradingview.com/chart/?symbol=NASDAQ%3ABTDR
AEP,2026-10-07,122.08,69.44,COMPRESSED,NEAR_UPPER_EDGE,NONE,10.71,21.03,24.6,22.22,False,False,39.68,False,121.84,116.71,0.848,1.64,7.4,-2.08,-8.84,-0.69,0.83,1.7,999,501577374.55,126.17,-3.24,139.5178,-12.5,-11.75,39.0,False,WEAK_RS,752,NASDAQ:AEP,https://www.tradingview.com/chart/?symbol=NASDAQ%3AAEP
ADEA,2026-10-06,24.61,69.38,COMPRESSED,INSIDE_COIL,NONE,28.17,57.54,0.4,1.59,False,False,21.03,False,26.525,23.5482,1.302,4.81,15.53,-9.52,-10.92,-6.68,3.71,10.83,44,27486281.36,27.39,-10.15,34.2108,-28.06,-17.38,24.0,False,POST_GAP_COIL|BELOW_SMA50|NOT_NEAR_UNBROKEN_PIVOT|WEAK_RS,751,NASDAQ:ADEA,https://www.tradingview.com/chart/?symbol=NASDAQ%3AADEA
DEA,2026-10-07,22.99,69.37,COMPRESSED,NEAR_LOWER_EDGE,NONE,12.7,25.0,30.95,26.19,False,False,19.84,False,23.69,22.56,0.789,1.98,7.22,-4.13,-5.21,-4.29,1.0,3.65,374,12522334.86,24.4,-5.78,25.492,-9.81,-9.06,48.0,False,BELOW_SMA50|NOT_NEAR_UNBROKEN_PIVOT|WEAK_RS,752,NYSE:DEA,https://www.tradingview.com/chart/?symbol=NYSE%3ADEA
XPEV,2026-10-07,9.58,69.32,COMPRESSED,INSIDE_COIL,NONE,4.37,0.4,51.19,74.21,True,False,35.71,True,10.4,9.18,0.522,3.08,17.33,-9.37,-28.29,-13.53,3.02,5.41,377,65485078.74,10.853,-11.73,18.49,-48.19,-29.84,8.0,False,BELOW_SMA50|NOT_NEAR_UNBROKEN_PIVOT|WEAK_RS,752,NYSE:XPEV,https://www.tradingview.com/chart/?symbol=NYSE%3AXPEV
HSIC,2026-10-07,83.66,69.25,COMPRESSED,NEAR_LOWER_EDGE,NONE,31.35,27.78,19.05,28.97,False,False,5.16,False,87.98,83.3,0.995,2.23,6.96,-4.9,-3.74,-4.55,1.42,5.18,999,108861083.24,89.12,-6.13,92.18,-9.24,-3.89,62.0,False,BELOW_SMA50|NOT_NEAR_UNBROKEN_PIVOT|WEAK_RS,752,NASDAQ:HSIC,https://www.tradingview.com/chart/?symbol=NASDAQ%3AHSIC
REZI,2026-10-07,17.56,69.19,COMPRESSED,NEAR_LOWER_EDGE,NONE,21.03,44.05,4.76,16.67,False,False,28.97,False,19.0,17.51,2.537,4.45,13.38,-6.99,-31.54,-14.47,2.42,13.46,38,39891022.95,19.72,-10.95,29.0605,-39.57,-22.36,16.0,False,POST_GAP_COIL|BELOW_SMA50|NOT_NEAR_UNBROKEN_PIVOT|WEAK_RS,752,NYSE:REZI,https://www.tradingview.com/chart/?symbol=NYSE%3AREZI
LIVN,2026-10-07,75.93,69.17,COMPRESSED,INSIDE_COIL,NONE,10.32,31.75,19.84,53.57,False,False,2.78,False,79.02,74.11,0.82,2.89,8.77,-3.8,-4.03,-3.82,1.33,6.38,356,51743394.78,80.77,-5.99,85.76,-11.46,-11.64,39.0,False,BELOW_SMA50|NOT_NEAR_UNBROKEN_PIVOT|WEAK_RS,752,NASDAQ:LIVN,https://www.tradingview.com/chart/?symbol=NASDAQ%3ALIVN
IRT,2026-10-07,14.44,69.11,COMPRESSED,NEAR_LOWER_EDGE,NONE,6.35,50.4,26.59,16.27,False,False,11.9,False,14.93,14.2845,1.259,2.15,6.98,-4.02,-11.68,-8.0,0.89,1.82,999,59970239.12,15.5786,-7.31,17.4852,-17.42,-16.23,27.0,False,BELOW_SMA50|NOT_NEAR_UNBROKEN_PIVOT|WEAK_RS,752,NYSE:IRT,https://www.tradingview.com/chart/?symbol=NYSE%3AIRT
CIFR,2026-10-07,14.56,69.11,COMPRESSED,NEAR_LOWER_EDGE,NONE,0.4,24.21,30.16,59.52,True,False,40.08,False,19.56,14.86,1.03,8.89,36.23,-13.85,-26.72,-15.31,7.86,16.18,45,572550104.64,19.745,-26.26,30.14,-51.69,-41.05,2.0,False,POST_GAP_COIL|BELOW_SMA50|NOT_NEAR_UNBROKEN_PIVOT|WEAK_RS,752,NASDAQ:CIFR,https://www.tradingview.com/chart/?symbol=NASDAQ%3ACIFR
PSLV,2026-10-07,19.43,69.09,COMPRESSED,NEAR_LOWER_EDGE,NONE,28.17,21.43,19.84,34.52,False,False,12.3,False,21.31,19.25,1.671,3.13,14.31,-11.92,3.08,-7.07,5.0,5.0,139,134934785.09,22.42,-13.34,29.01,-33.02,-2.51,65.0,False,BELOW_SMA50|NOT_NEAR_UNBROKEN_PIVOT|WEAK_RS,752,AMEX:PSLV,https://www.tradingview.com/chart/?symbol=AMEX%3APSLV
PTCT,2026-10-07,63.23,69.08,COMPRESSED,INSIDE_COIL,NONE,46.43,10.32,23.02,32.14,False,False,14.29,True,66.26,61.23,0.554,3.33,12.04,-6.42,-19.0,-8.09,1.85,6.09,104,84399064.22,68.84,-8.15,90.87,-30.42,-33.04,5.0,False,BELOW_SMA50|NOT_NEAR_UNBROKEN_PIVOT|WEAK_RS,752,NASDAQ:PTCT,https://www.tradingview.com/chart/?symbol=NASDAQ%3APTCT
SLAB,2026-10-07,221.95,69.07,COMPRESSED,NEAR_UPPER_EDGE,NONE,22.62,3.17,38.1,43.25,False,False,11.11,False,223.5,220.78,1.529,0.47,2.98,0.97,1.81,1.04,0.49,0.81,169,65593859.09,223.5,-0.69,222.49,-0.24,-2.15,66.0,False,WEAK_RS,752,NASDAQ:SLAB,https://www.tradingview.com/chart/?symbol=NASDAQ%3ASLAB
SHC,2026-10-07,17.9,69.03,COMPRESSED,RANGE_EXIT_CONFIRMED,DOWN_EXPANSION_CONFIRMED,21.83,34.52,16.67,34.52,False,False,7.94,False,18.98,17.99,1.715,2.77,9.89,-2.35,0.73,-4.14,1.6,4.64,292,37361411.88,19.64,-8.86,19.788,-9.54,-6.31,55.0,False,ALREADY_EXPANDING|BELOW_SMA50|NOT_NEAR_UNBROKEN_PIVOT|WEAK_RS,752,NASDAQ:SHC,https://www.tradingview.com/chart/?symbol=NASDAQ%3ASHC
PODD,2026-10-07,134.36,69.03,COMPRESSED,INSIDE_COIL,NONE,24.21,19.84,26.59,26.19,False,False,19.44,False,139.82,128.01,1.153,3.28,11.49,-2.58,-15.56,-6.31,1.72,23.27,44,228704281.64,143.45,-6.34,205.95,-34.76,-18.77,21.0,False,POST_GAP_COIL|BELOW_SMA50|NOT_NEAR_UNBROKEN_PIVOT|WEAK_RS,752,NASDAQ:PODD,https://www.tradingview.com/chart/?symbol=NASDAQ%3APODD
BORR,2026-10-07,4.3,69.01,COMPRESSED,INSIDE_COIL,NONE,37.7,7.94,33.73,19.44,False,False,14.68,False,4.47,3.86,0.805,4.62,16.74,0.0,-2.71,0.92,4.02,8.22,594,27193674.15,4.58,-6.11,6.655,-35.39,-5.25,58.0,False,NOT_NEAR_UNBROKEN_PIVOT|LOW_LIQUIDITY|WEAK_RS,752,NYSE:BORR,https://www.tradingview.com/chart/?symbol=NYSE%3ABORR
FERG,2026-10-07,215.06,68.93,COMPRESSED,RANGE_EXIT_CONFIRMED,DOWN_EXPANSION_CONFIRMED,12.3,55.95,9.13,10.32,False,False,26.98,False,228.77,218.26,1.881,2.73,7.74,-3.66,-8.02,-6.88,1.81,7.54,338,320147573.78,228.77,-5.99,266.9224,-19.43,-7.55,51.0,False,ALREADY_EXPANDING|BELOW_SMA50|NOT_NEAR_UNBROKEN_PIVOT|WEAK_RS,752,NYSE:FERG,https://www.tradingview.com/chart/?symbol=NYSE%3AFERG
CCK,2026-10-07,107.1,68.92,COMPRESSED,INSIDE_COIL,NONE,11.9,13.89,40.48,40.48,False,False,25.0,True,111.18,103.39,0.474,2.09,10.17,-4.2,-1.91,-6.42,1.37,4.29,669,112723154.94,114.28,-6.28,122.91,-12.86,-5.75,57.0,False,BELOW_SMA50|NOT_NEAR_UNBROKEN_PIVOT|WEAK_RS,752,NYSE:CCK,https://www.tradingview.com/chart/?symbol=NYSE%3ACCK
DCI,2026-10-07,87.26,68.89,COMPRESSED,NEAR_LOWER_EDGE,NONE,17.86,43.65,9.52,23.81,False,False,22.22,False,90.57,85.62,1.673,2.18,6.11,-2.84,-2.43,-4.31,1.59,2.01,999,60849270.22,90.6,-3.69,99.1582,-12.0,-4.74,59.0,False,BELOW_SMA50|WEAK_RS,752,NYSE:DCI,https://www.tradingview.com/chart/?symbol=NYSE%3ADCI
BL,2026-10-07,28.33,68.85,COMPRESSED,NEAR_UPPER_EDGE,NONE,32.94,30.95,19.84,14.68,False,False,14.68,False,28.657,25.9,0.882,4.07,15.92,-3.87,-2.68,-5.46,3.93,6.7,414,24967404.97,30.46,-6.99,34.82,-18.64,-6.1,56.0,False,BELOW_SMA50|NOT_NEAR_UNBROKEN_PIVOT|WEAK_RS,752,NASDAQ:BL,https://www.tradingview.com/chart/?symbol=NASDAQ%3ABL
VOR,2026-10-07,18.78,68.85,COMPRESSED,INSIDE_COIL,NONE,13.89,17.46,46.83,51.59,False,True,5.16,False,22.02,17.52,0.932,6.61,33.55,-19.17,1.51,-14.28,2.64,3.31,207,27113708.6,24.6,-23.66,26.0,-27.77,-8.56,49.0,False,BELOW_SMA50|NOT_NEAR_UNBROKEN_PIVOT|WEAK_RS,752,NASDAQ:VOR,https://www.tradingview.com/chart/?symbol=NASDAQ%3AVOR
ALC,2026-10-07,63.0,68.85,COMPRESSED,NEAR_LOWER_EDGE,NONE,9.13,13.49,39.29,64.68,False,False,7.14,True,65.71,62.99,0.801,1.82,7.93,-7.94,-5.77,-9.01,1.94,3.99,106,119572916.98,69.37,-9.18,81.9637,-23.14,-9.82,45.0,False,BELOW_SMA50|NOT_NEAR_UNBROKEN_PIVOT|WEAK_RS,752,NYSE:ALC,https://www.tradingview.com/chart/?symbol=NYSE%3AALC
GE,2026-10-07,303.62,68.85,COMPRESSED,NEAR_LOWER_EDGE,NONE,10.32,26.59,14.68,32.14,False,False,40.08,False,328.6702,304.0,1.088,2.63,8.69,-6.56,-14.04,-10.18,2.61,2.61,999,1426898546.45,331.5558,-8.43,388.2496,-21.8,-18.96,21.0,False,BELOW_SMA50|NOT_NEAR_UNBROKEN_PIVOT|WEAK_RS,752,NYSE:GE,https://www.tradingview.com/chart/?symbol=NYSE%3AGE
EOSE,2026-10-07,3.1,68.85,COMPRESSED,INSIDE_COIL,NONE,3.97,11.9,50.0,52.38,False,False,0.79,False,3.99,2.96,1.273,8.53,44.84,-25.3,-27.74,-15.41,4.6,17.82,24,92064280.9,4.35,-28.74,9.99,-68.97,-35.96,4.0,False,POST_GAP_COIL|BELOW_SMA50|NOT_NEAR_UNBROKEN_PIVOT|LOW_LIQUIDITY|WEAK_RS,752,NASDAQ:EOSE,https://www.tradingview.com/chart/?symbol=NASDAQ%3AEOSE
PSA,2026-10-07,281.99,68.83,COMPRESSED,NEAR_LOWER_EDGE,NONE,12.7,15.48,41.67,46.03,False,False,1.98,False,290.39,280.02,0.782,1.96,7.82,-3.3,-10.68,-7.5,1.15,1.77,999,265520993.37,302.06,-6.64,332.1422,-15.1,-14.44,31.0,False,BELOW_SMA50|NOT_NEAR_UNBROKEN_PIVOT|WEAK_RS,752,NYSE:PSA,https://www.tradingview.com/chart/?symbol=NYSE%3APSA
REG,2026-10-07,70.8,68.81,COMPRESSED,NEAR_LOWER_EDGE,NONE,0.79,2.78,43.65,72.22,False,False,19.44,True,73.58,70.86,0.767,1.39,7.16,-5.07,-10.97,-5.38,0.66,1.32,999,101037116.73,75.83,-6.63,82.8213,-14.51,-13.62,33.0,False,BELOW_SMA50|NOT_NEAR_UNBROKEN_PIVOT|WEAK_RS,752,NASDAQ:REG,https://www.tradingview.com/chart/?symbol=NASDAQ%3AREG
UNP,2026-10-07,274.68,68.79,COMPRESSED,NEAR_UPPER_EDGE,NONE,33.73,19.44,29.37,24.21,False,False,7.14,False,278.6,268.68,0.974,1.73,7.56,-3.53,-4.28,-4.78,1.09,5.93,999,708235853.59,289.02,-4.96,314.5304,-12.67,-6.84,53.0,False,BELOW_SMA50|WEAK_RS,752,NYSE:UNP,https://www.tradingview.com/chart/?symbol=NYSE%3AUNP
LQDT,2026-10-07,41.3,68.77,COMPRESSED,NEAR_LOWER_EDGE,NONE,12.3,43.25,3.57,7.14,False,False,55.56,False,45.0,41.45,0.505,2.98,9.95,-0.19,6.09,-1.55,2.54,6.55,219,11143046.03,45.0,-8.22,44.09,-6.33,3.4,77.0,False,NOT_NEAR_UNBROKEN_PIVOT,752,NASDAQ:LQDT,https://www.tradingview.com/chart/?symbol=NASDAQ%3ALQDT
ENSG,2026-10-07,169.22,68.75,COMPRESSED,NEAR_LOWER_EDGE,NONE,36.51,21.03,11.51,32.54,False,False,17.06,False,178.314,168.46,0.998,2.27,6.18,-1.44,1.53,-3.98,1.18,5.14,999,66073219.28,178.9137,-5.42,204.3203,-17.18,-3.44,63.0,False,BELOW_SMA50|NOT_NEAR_UNBROKEN_PIVOT|WEAK_RS,752,NASDAQ:ENSG,https://www.tradingview.com/chart/?symbol=NASDAQ%3AENSG
NG,2026-10-07,6.36,68.73,COMPRESSED,NEAR_LOWER_EDGE,NONE,16.27,34.92,24.21,52.38,True,False,22.22,False,7.55,6.33,1.615,5.98,29.72,-21.48,7.8,-15.19,5.75,7.42,999,40285204.73,8.27,-23.1,11.3,-43.72,0.61,72.0,False,BELOW_SMA50|NOT_NEAR_UNBROKEN_PIVOT,752,AMEX:NG,https://www.tradingview.com/chart/?symbol=AMEX%3ANG
PH,2026-10-07,952.79,68.69,COMPRESSED,NEAR_LOWER_EDGE,NONE,34.52,34.92,29.76,23.02,False,True,6.75,False,992.0,946.72,1.841,2.26,8.46,0.35,-1.02,-3.39,2.15,7.93,999,521268831.73,992.0,-3.95,1097.7291,-13.2,-3.07,64.0,False,BELOW_SMA50|WEAK_RS,752,NYSE:PH,https://www.tradingview.com/chart/?symbol=NYSE%3APH
BFAM,2026-10-07,66.84,68.69,COMPRESSED,NEAR_UPPER_EDGE,NONE,51.59,35.32,18.25,9.52,False,True,12.3,False,67.6,62.99,1.306,3.15,10.13,1.49,-8.55,-4.7,2.63,2.63,297,63819655.23,69.76,-4.19,86.69,-22.9,-13.85,32.0,False,BELOW_SMA50|WEAK_RS,752,NYSE:BFAM,https://www.tradingview.com/chart/?symbol=NYSE%3ABFAM
WABC,2026-10-07,58.31,68.65,COMPRESSED,NEAR_LOWER_EDGE,NONE,48.81,17.86,14.29,18.25,False,True,36.11,False,60.72,57.39,0.858,1.97,6.19,0.07,0.27,-1.44,0.92,1.06,999,16205061.05,61.0,-4.41,63.1024,-7.59,-3.0,64.0,False,WEAK_RS,752,NASDAQ:WABC,https://www.tradingview.com/chart/?symbol=NASDAQ%3AWABC
PII,2026-10-07,52.79,68.57,COMPRESSED,INSIDE_COIL,NONE,6.35,12.3,55.16,43.25,False,False,1.19,False,54.2,51.33,0.696,3.57,16.12,-10.92,-20.96,-13.72,2.26,2.52,121,47051979.17,61.48,-14.13,77.1584,-31.58,-22.61,16.0,False,BELOW_SMA50|NOT_NEAR_UNBROKEN_PIVOT|WEAK_RS,752,NYSE:PII,https://www.tradingview.com/chart/?symbol=NYSE%3APII
GRBK,2026-10-07,64.52,68.55,COMPRESSED,RANGE_EXIT_CONFIRMED,DOWN_EXPANSION_CONFIRMED,25.0,40.08,5.56,22.22,False,False,26.59,False,69.2,64.57,1.474,2.99,8.56,-6.26,-10.77,-7.46,2.42,2.42,404,25285707.9,70.98,-9.1,83.18,-22.43,-15.7,28.0,False,ALREADY_EXPANDING|BELOW_SMA50|NOT_NEAR_UNBROKEN_PIVOT|WEAK_RS,752,NYSE:GRBK,https://www.tradingview.com/chart/?symbol=NYSE%3AGRBK
NSC,2026-10-07,313.2,68.45,COMPRESSED,NEAR_UPPER_EDGE,NONE,25.4,30.16,17.06,15.87,False,False,30.95,False,318.56,305.43,0.804,1.66,6.67,-3.12,-3.79,-4.9,0.84,3.64,999,314376344.91,326.93,-4.2,357.1864,-12.31,-6.53,54.0,False,BELOW_SMA50|WEAK_RS,752,NYSE:NSC,https://www.tradingview.com/chart/?symbol=NYSE%3ANSC
CART,2026-10-07,45.21,68.43,COMPRESSED,INSIDE_COIL,NONE,14.68,9.13,53.57,30.16,False,False,23.81,True,46.145,42.03,0.441,3.33,18.12,-3.07,-5.24,-4.7,4.99,11.04,42,182994992.46,50.22,-9.98,52.68,-14.18,-10.01,45.0,False,POST_GAP_COIL|BELOW_SMA50|NOT_NEAR_UNBROKEN_PIVOT|WEAK_RS,752,NASDAQ:CART,https://www.tradingview.com/chart/?symbol=NASDAQ%3ACART
AXP,2026-10-07,304.25,68.41,COMPRESSED,NEAR_UPPER_EDGE,NONE,13.1,3.17,52.38,47.62,False,False,4.76,False,310.0,297.2,1.45,1.8,10.23,-5.45,-14.31,-6.6,1.33,4.32,999,1053050545.79,328.31,-7.33,363.14,-16.22,-15.9,27.0,False,BELOW_SMA50|NOT_NEAR_UNBROKEN_PIVOT|WEAK_RS,752,NYSE:AXP,https://www.tradingview.com/chart/?symbol=NYSE%3AAXP
LTC,2026-10-07,41.81,68.35,COMPRESSED,RANGE_EXIT_CONFIRMED,DOWN_EXPANSION_CONFIRMED,28.17,57.54,5.56,9.92,False,False,12.7,False,43.55,42.06,1.278,1.98,4.16,-1.3,5.88,1.76,1.03,2.64,999,29352349.19,43.55,-4.0,42.4182,-1.43,4.64,79.0,False,ALREADY_EXPANDING,752,NYSE:LTC,https://www.tradingview.com/chart/?symbol=NYSE%3ALTC
CCJ,2026-10-07,89.07,68.35,COMPRESSED,INSIDE_COIL,NONE,23.02,19.44,26.19,33.33,False,False,19.44,False,94.57,83.8,1.216,4.02,17.74,-11.29,-2.73,-5.97,3.7,3.7,236,295335390.92,102.3,-12.93,131.21,-32.12,-10.62,43.0,False,BELOW_SMA50|NOT_NEAR_UNBROKEN_PIVOT|WEAK_RS,752,NYSE:CCJ,https://www.tradingview.com/chart/?symbol=NYSE%3ACCJ
TCOM,2026-10-07,38.09,68.25,COMPRESSED,NEAR_LOWER_EDGE,NONE,18.65,29.76,36.51,50.79,False,True,14.29,True,41.08,38.01,0.653,2.34,9.19,-2.81,-10.19,-10.98,4.28,5.49,72,161951167.75,41.49,-8.19,55.7,-31.62,-11.71,39.0,False,BELOW_SMA50|NOT_NEAR_UNBROKEN_PIVOT|WEAK_RS,752,NASDAQ:TCOM,https://www.tradingview.com/chart/?symbol=NASDAQ%3ATCOM
BOBS,2026-10-07,14.61,68.21,COMPRESSED,INSIDE_COIL,NONE,61.74,17.31,16.67,15.76,False,False,1.88,False,15.16,13.02,1.148,5.56,22.93,-11.67,-6.35,-10.81,3.24,9.36,999,14867320.22,17.61,-17.04,19.48,-25.0,-8.35,49.0,False,BELOW_SMA50|NOT_NEAR_UNBROKEN_PIVOT|WEAK_RS,169,NYSE:BOBS,https://www.tradingview.com/chart/?symbol=NYSE%3ABOBS
PLBL,2026-10-07,5.64,68.21,COMPRESSED,INSIDE_COIL,NONE,46.03,32.54,17.86,2.78,False,False,13.89,False,6.12,5.2,0.906,7.78,20.74,1.08,-27.78,-2.95,3.04,5.51,82,949270.3,6.37,-11.46,11.09,-49.14,-15.8,28.0,False,NOT_NEAR_UNBROKEN_PIVOT|LOW_LIQUIDITY|WEAK_RS,293,NASDAQ:PLBL,https://www.tradingview.com/chart/?symbol=NASDAQ%3APLBL
ESTA,2026-10-07,63.85,68.17,COMPRESSED,INSIDE_COIL,NONE,10.71,15.87,40.87,49.6,False,False,5.95,False,69.93,61.89,0.79,4.51,19.58,-14.31,-26.26,-13.31,2.11,3.35,156,22400306.59,75.4,-15.32,97.59,-34.57,-31.72,6.0,False,BELOW_SMA50|NOT_NEAR_UNBROKEN_PIVOT|WEAK_RS,752,NASDAQ:ESTA,https://www.tradingview.com/chart/?symbol=NASDAQ%3AESTA
RPRX,2026-10-07,56.76,68.15,COMPRESSED,NEAR_LOWER_EDGE,NONE,5.56,52.78,4.37,53.97,False,False,21.43,True,59.02,56.005,0.688,2.13,8.29,-6.32,2.37,-4.13,0.91,7.43,999,172744722.74,60.8,-6.64,64.38,-11.84,-5.33,58.0,False,BELOW_SMA50|NOT_NEAR_UNBROKEN_PIVOT|WEAK_RS,752,NASDAQ:RPRX,https://www.tradingview.com/chart/?symbol=NASDAQ%3ARPRX
HON,2026-10-07,208.11,68.13,COMPRESSED,RANGE_EXIT_CONFIRMED,DOWN_EXPANSION_CONFIRMED,12.7,37.3,30.16,32.54,False,False,6.35,False,216.13,209.0,1.393,2.08,9.2,1.55,-6.26,-5.12,1.51,2.15,999,617488796.72,216.13,-3.71,251.2461,-17.17,-10.22,44.0,False,ALREADY_EXPANDING|BELOW_SMA50|WEAK_RS,752,NASDAQ:HON,https://www.tradingview.com/chart/?symbol=NASDAQ%3AHON
ESQ,2026-10-07,115.7,68.12,COMPRESSED,NEAR_LOWER_EDGE,NONE,3.97,30.56,10.71,38.1,False,True,67.46,False,126.158,114.55,0.805,2.93,10.92,-1.55,-2.85,-4.69,1.46,2.61,999,25451216.96,126.158,-8.29,134.4454,-13.94,-4.9,59.0,False,BELOW_SMA50|NOT_NEAR_UNBROKEN_PIVOT|WEAK_RS,752,NASDAQ:ESQ,https://www.tradingview.com/chart/?symbol=NASDAQ%3AESQ
MTN,2026-10-07,144.67,68.12,COMPRESSED,NEAR_UPPER_EDGE,NONE,32.94,26.59,7.94,38.49,False,True,50.79,True,147.37,132.59,0.644,3.27,12.69,11.0,-2.01,1.05,2.09,5.59,342,152870678.79,147.37,-1.83,160.49,-9.86,-5.56,57.0,False,WEAK_RS,752,NYSE:MTN,https://www.tradingview.com/chart/?symbol=NYSE%3AMTN
KVYO,2026-10-07,17.41,68.08,COMPRESSED,RANGE_EXIT_CONFIRMED,UP_EXPANSION_CONFIRMED,32.54,28.17,11.11,15.87,False,False,34.52,False,17.065,14.77,1.444,5.33,16.51,7.01,-0.57,-0.71,3.97,16.06,43,105240798.92,17.86,-2.52,23.52,-25.98,-2.19,66.0,False,ALREADY_EXPANDING|POST_GAP_COIL|WEAK_RS,752,NYSE:KVYO,https://www.tradingview.com/chart/?symbol=NYSE%3AKVYO
MBC,2026-10-07,6.93,68.08,COMPRESSED,INSIDE_COIL,NONE,33.73,58.73,16.67,0.4,False,True,20.24,False,7.39,6.68,1.377,5.33,20.92,-11.15,-22.31,-14.24,4.01,6.49,164,24590223.11,8.18,-15.28,10.355,-33.08,-26.65,11.0,False,BELOW_SMA50|NOT_NEAR_UNBROKEN_PIVOT|WEAK_RS,752,NYSE:MBC,https://www.tradingview.com/chart/?symbol=NYSE%3AMBC
CSWC,2026-10-07,23.49,68.06,COMPRESSED,NEAR_UPPER_EDGE,NONE,15.87,16.67,30.16,26.59,False,False,36.11,False,23.89,22.77,1.25,1.6,6.39,-1.83,0.9,-2.27,1.03,2.09,999,13375797.28,24.27,-3.21,25.4802,-7.81,-1.55,68.0,False,WEAK_RS,752,NASDAQ:CSWC,https://www.tradingview.com/chart/?symbol=NASDAQ%3ACSWC
GS-PA,2026-10-07,19.12,68.06,COMPRESSED,NEAR_UPPER_EDGE,NONE,21.43,4.37,30.95,40.08,False,False,30.56,False,19.4,19.03,2.3,0.71,2.77,0.58,0.71,0.04,0.63,0.68,999,1178851.56,19.4,-1.44,19.5565,-2.23,-3.36,63.0,False,LOW_LIQUIDITY|WEAK_RS,752,NYSE:GS.PA,https://www.tradingview.com/chart/?symbol=NYSE%3AGS.PA
KIM,2026-10-07,21.85,68.02,COMPRESSED,NEAR_LOWER_EDGE,NONE,4.76,4.37,50.79,53.17,False,False,13.49,False,22.63,21.86,1.069,1.48,8.6,-7.3,-12.44,-6.8,0.65,0.87,999,125157273.62,23.78,-8.12,26.338,-17.04,-14.97,29.0,False,BELOW_SMA50|NOT_NEAR_UNBROKEN_PIVOT|WEAK_RS,752,NYSE:KIM,https://www.tradingview.com/chart/?symbol=NYSE%3AKIM
WLY,2026-10-06,48.45,68.01,COMPRESSED,NEAR_UPPER_EDGE,NONE,26.98,54.76,13.49,6.75,False,False,26.19,True,49.0659,45.6513,0.709,3.3,8.22,0.27,-1.99,-3.47,3.32,4.33,327,23817683.29,49.6317,-2.38,57.0268,-15.04,-6.61,54.0,False,BELOW_SMA50|WEAK_RS,751,NYSE:WLY,https://www.tradingview.com/chart/?symbol=NYSE%3AWLY
DASH,2026-10-07,191.24,68.0,COMPRESSED,NEAR_UPPER_EDGE,NONE,43.65,26.98,18.25,18.65,False,False,9.52,False,194.24,178.04,0.734,3.84,14.09,-3.04,1.84,-7.3,2.5,3.57,229,777641616.49,204.99,-6.71,238.828,-19.93,-4.23,60.0,False,BELOW_SMA50|NOT_NEAR_UNBROKEN_PIVOT|WEAK_RS,752,NASDAQ:DASH,https://www.tradingview.com/chart/?symbol=NASDAQ%3ADASH
CRS,2026-10-07,391.17,68.0,COMPRESSED,INSIDE_COIL,NONE,0.4,21.03,50.79,49.6,False,False,0.79,False,402.53,380.13,1.396,3.82,20.25,-14.68,-32.16,-16.36,2.68,7.24,545,300671900.02,462.78,-15.47,625.7276,-37.49,-37.43,3.0,False,BELOW_SMA50|NOT_NEAR_UNBROKEN_PIVOT|WEAK_RS,752,NYSE:CRS,https://www.tradingview.com/chart/?symbol=NYSE%3ACRS
BJRI,2026-10-07,59.32,67.94,COMPRESSED,INSIDE_COIL,NONE,28.17,52.38,4.76,3.57,False,False,29.76,False,63.06,56.86,0.823,3.84,11.02,-2.4,-3.75,-6.93,2.22,4.26,233,25513409.04,63.4,-6.44,74.6,-20.48,-5.16,58.0,False,BELOW_SMA50|NOT_NEAR_UNBROKEN_PIVOT|WEAK_RS,752,NASDAQ:BJRI,https://www.tradingview.com/chart/?symbol=NASDAQ%3ABJRI
CINF,2026-10-07,161.61,67.92,COMPRESSED,NEAR_LOWER_EDGE,NONE,7.14,6.35,55.56,53.17,False,False,1.98,False,165.61,159.2,0.867,1.61,8.06,-3.95,-9.72,-4.5,1.2,4.22,999,118473347.33,172.2182,-6.16,193.7057,-16.57,-11.0,42.0,False,BELOW_SMA50|NOT_NEAR_UNBROKEN_PIVOT|WEAK_RS,752,NASDAQ:CINF,https://www.tradingview.com/chart/?symbol=NASDAQ%3ACINF
STNG,2026-10-07,84.51,67.84,COMPRESSED,INSIDE_COIL,NONE,16.27,45.24,10.32,17.86,False,False,34.13,False,88.34,80.0,1.051,3.39,11.9,1.75,9.15,4.76,3.72,3.72,999,101243467.5,90.06,-6.16,86.3706,-2.15,7.81,83.0,False,NOT_NEAR_UNBROKEN_PIVOT,752,NYSE:STNG,https://www.tradingview.com/chart/?symbol=NYSE%3ASTNG
SCL,2026-10-07,61.32,67.84,COMPRESSED,NEAR_LOWER_EDGE,NONE,40.08,25.0,15.08,9.92,False,False,30.95,False,65.13,60.47,1.118,2.67,8.41,-0.78,8.45,-2.69,1.35,8.1,999,10187458.7,65.13,-5.85,66.3289,-7.55,5.65,80.0,False,NOT_NEAR_UNBROKEN_PIVOT,752,NYSE:SCL,https://www.tradingview.com/chart/?symbol=NYSE%3ASCL
BUSE,2026-10-07,28.97,67.8,COMPRESSED,NEAR_LOWER_EDGE,NONE,9.52,15.48,25.0,40.08,False,False,41.27,False,30.33,28.55,1.327,1.81,7.49,-4.1,-0.28,-4.59,1.02,1.49,999,25278715.29,30.72,-5.7,31.7,-8.61,-2.38,66.0,False,BELOW_SMA50|NOT_NEAR_UNBROKEN_PIVOT|WEAK_RS,752,NASDAQ:BUSE,https://www.tradingview.com/chart/?symbol=NASDAQ%3ABUSE
TRI,2026-10-07,99.28,67.79,COMPRESSED,INSIDE_COIL,NONE,49.21,32.54,16.67,0.4,False,False,29.76,True,101.71,92.57,0.832,3.7,13.66,2.37,8.93,-2.08,3.84,3.84,170,142093138.99,106.13,-6.45,112.77,-11.96,8.87,84.0,False,NOT_NEAR_UNBROKEN_PIVOT,752,NASDAQ:TRI,https://www.tradingview.com/chart/?symbol=NASDAQ%3ATRI
PHM,2026-10-07,112.33,67.78,COMPRESSED,RANGE_EXIT_CONFIRMED,DOWN_EXPANSION_CONFIRMED,16.67,30.95,8.73,36.51,False,False,36.51,False,121.09,112.52,1.397,2.88,10.15,-5.34,-9.62,-9.25,2.11,2.97,999,211456801.96,122.68,-8.44,139.7838,-19.64,-12.66,36.0,False,ALREADY_EXPANDING|BELOW_SMA50|NOT_NEAR_UNBROKEN_PIVOT|WEAK_RS,752,NYSE:PHM,https://www.tradingview.com/chart/?symbol=NYSE%3APHM
LMAT,2026-10-07,79.31,67.76,COMPRESSED,NEAR_LOWER_EDGE,NONE,28.97,18.65,17.46,40.87,False,False,20.63,False,83.35,78.49,0.7,2.79,6.47,-0.2,-18.71,-4.37,1.46,16.67,44,21839936.65,83.35,-4.85,117.3682,-32.43,-25.97,12.0,False,POST_GAP_COIL|BELOW_SMA50|WEAK_RS,752,NASDAQ:LMAT,https://www.tradingview.com/chart/?symbol=NASDAQ%3ALMAT
RNG,2026-10-07,76.54,67.73,COMPRESSED,INSIDE_COIL,NONE,31.75,33.73,21.03,23.81,False,False,22.62,True,81.9,72.29,0.58,4.21,18.2,9.91,85.7,10.29,2.52,4.87,158,118905009.69,81.9,-6.54,77.95,-1.81,83.69,100.0,False,EXTENDED_60D_RUN|NOT_NEAR_UNBROKEN_PIVOT,752,NYSE:RNG,https://www.tradingview.com/chart/?symbol=NYSE%3ARNG
DOCN,2026-10-07,127.28,67.72,COMPRESSED,NEAR_LOWER_EDGE,NONE,30.16,48.81,33.33,7.94,False,True,24.21,True,149.78,130.94,0.47,6.8,29.48,-4.06,0.78,1.4,5.32,6.72,65,338512656.3,151.83,-16.17,187.5,-32.12,-13.28,34.0,False,NOT_NEAR_UNBROKEN_PIVOT|WEAK_RS,752,NYSE:DOCN,https://www.tradingview.com/chart/?symbol=NYSE%3ADOCN
AEHR,2026-10-07,89.37,67.7,COMPRESSED,RANGE_EXIT_CONFIRMED,DOWN_EXPANSION_CONFIRMED,18.25,51.19,12.3,13.49,False,False,26.19,False,109.48,91.74,1.411,10.01,31.92,-6.48,24.11,-8.27,9.71,36.31,59,234744590.36,109.48,-18.37,147.4,-39.37,13.62,89.0,False,ALREADY_EXPANDING|POST_GAP_COIL|BELOW_SMA50|NOT_NEAR_UNBROKEN_PIVOT,752,NASDAQ:AEHR,https://www.tradingview.com/chart/?symbol=NASDAQ%3AAEHR
HALO,2026-10-07,110.79,67.6,COMPRESSED,INSIDE_COIL,NONE,34.92,22.62,16.67,18.25,False,False,32.14,False,116.85,106.65,1.281,2.84,10.24,3.17,47.62,5.95,1.73,4.94,352,291609210.37,116.85,-5.19,111.15,-0.32,37.27,96.0,False,EXTENDED_60D_RUN|NOT_NEAR_UNBROKEN_PIVOT,752,NASDAQ:HALO,https://www.tradingview.com/chart/?symbol=NASDAQ%3AHALO
SKT,2026-10-07,34.55,67.58,COMPRESSED,NEAR_LOWER_EDGE,NONE,7.94,25.0,40.48,40.08,False,False,11.51,False,35.47,34.01,0.743,1.91,9.46,-5.94,-12.7,-7.47,2.4,2.4,999,35561740.25,37.37,-7.55,42.2053,-18.14,-15.44,28.0,False,BELOW_SMA50|NOT_NEAR_UNBROKEN_PIVOT|WEAK_RS,752,NYSE:SKT,https://www.tradingview.com/chart/?symbol=NYSE%3ASKT
MO,2026-10-07,69.38,67.56,COMPRESSED,NEAR_UPPER_EDGE,NONE,14.68,27.78,17.06,24.21,False,False,46.03,False,70.29,65.78,0.899,1.93,7.11,3.83,0.47,2.89,1.58,5.63,999,532442344.57,70.71,-1.88,75.8486,-8.53,-5.19,58.0,False,WEAK_RS,752,NYSE:MO,https://www.tradingview.com/chart/?symbol=NYSE%3AMO
AHR,2026-10-07,49.37,67.56,COMPRESSED,RANGE_EXIT_CONFIRMED,DOWN_EXPANSION_CONFIRMED,4.76,7.94,32.54,61.9,False,False,27.38,False,52.5863,50.02,1.571,2.12,10.71,-7.74,-9.36,-8.14,1.92,4.0,999,180649699.83,54.5967,-9.57,58.4182,-15.49,-11.51,40.0,False,ALREADY_EXPANDING|BELOW_SMA50|NOT_NEAR_UNBROKEN_PIVOT|WEAK_RS,669,NYSE:AHR,https://www.tradingview.com/chart/?symbol=NYSE%3AAHR
ACEL,2026-10-07,10.94,67.56,COMPRESSED,INSIDE_COIL,NONE,5.56,7.94,57.54,60.32,False,False,7.94,True,11.165,10.59,0.586,2.24,10.33,-6.42,-12.48,-6.17,2.43,2.71,150,4236381.06,11.72,-6.66,14.0,-21.86,-16.13,27.0,False,BELOW_SMA50|NOT_NEAR_UNBROKEN_PIVOT|LOW_LIQUIDITY|WEAK_RS,752,NYSE:ACEL,https://www.tradingview.com/chart/?symbol=NYSE%3AACEL
TNC,2026-10-07,65.87,67.56,COMPRESSED,NEAR_LOWER_EDGE,NONE,23.02,71.03,3.57,1.19,False,False,18.25,False,69.08,64.88,1.524,3.36,10.7,-7.42,-22.3,-6.66,1.56,8.29,156,11604708.53,73.43,-10.3,91.5204,-28.03,-26.06,11.0,False,BELOW_SMA50|NOT_NEAR_UNBROKEN_PIVOT|WEAK_RS,752,NYSE:TNC,https://www.tradingview.com/chart/?symbol=NYSE%3ATNC
RUN,2026-10-07,7.61,67.56,COMPRESSED,INSIDE_COIL,NONE,5.56,1.19,52.78,67.86,False,False,2.38,False,8.77,7.45,1.148,5.46,20.24,-13.52,-40.45,-14.9,3.52,13.78,43,65084585.68,9.34,-18.52,16.79,-54.68,-42.57,2.0,False,POST_GAP_COIL|BELOW_SMA50|NOT_NEAR_UNBROKEN_PIVOT|WEAK_RS,752,NASDAQ:RUN,https://www.tradingview.com/chart/?symbol=NASDAQ%3ARUN
RIO,2026-10-07,93.16,67.5,COMPRESSED,NEAR_LOWER_EDGE,NONE,29.76,47.22,12.3,17.06,False,False,13.89,False,97.0,91.68,1.495,2.29,9.45,-10.2,2.05,-5.39,3.76,3.98,999,184315380.67,104.8,-11.11,110.161,-15.43,2.74,76.0,False,BELOW_SMA50|NOT_NEAR_UNBROKEN_PIVOT,752,NYSE:RIO,https://www.tradingview.com/chart/?symbol=NYSE%3ARIO
CLOV,2026-10-07,4.56,67.5,COMPRESSED,INSIDE_COIL,NONE,55.95,9.13,20.63,13.49,False,False,22.22,False,4.71,4.11,1.138,4.66,23.57,5.07,-5.39,3.47,3.23,18.12,43,20606177.83,5.185,-12.05,5.59,-18.43,-6.21,56.0,False,POST_GAP_COIL|NOT_NEAR_UNBROKEN_PIVOT|LOW_LIQUIDITY|WEAK_RS,752,NASDAQ:CLOV,https://www.tradingview.com/chart/?symbol=NASDAQ%3ACLOV
HLT,2026-10-07,320.53,67.5,COMPRESSED,NEAR_UPPER_EDGE,NONE,8.33,15.08,44.05,46.03,False,False,27.38,True,325.93,305.82,0.511,1.95,7.43,4.41,-1.59,1.06,1.48,3.09,999,501852821.68,325.93,-1.66,357.8371,-10.43,-8.68,49.0,False,WEAK_RS,752,NYSE:HLT,https://www.tradingview.com/chart/?symbol=NYSE%3AHLT
OTEX,2026-10-07,23.14,67.46,COMPRESSED,NEAR_UPPER_EDGE,NONE,19.05,30.56,21.43,25.4,False,False,30.16,False,23.28,21.5,1.5,2.98,11.15,2.34,4.16,-2.73,2.4,2.6,608,27131995.16,24.08,-3.9,26.5277,-12.77,-1.76,67.0,False,WEAK_RS,752,NASDAQ:OTEX,https://www.tradingview.com/chart/?symbol=NASDAQ%3AOTEX
HCC,2026-10-07,89.57,67.4,COMPRESSED,INSIDE_COIL,NONE,42.86,36.9,30.95,17.06,False,True,5.95,False,93.4,86.26,1.494,4.24,20.36,-14.16,7.58,-5.95,3.56,3.56,229,62083316.56,107.29,-16.52,111.42,-19.61,9.73,85.0,False,BELOW_SMA50|NOT_NEAR_UNBROKEN_PIVOT,752,NYSE:HCC,https://www.tradingview.com/chart/?symbol=NYSE%3AHCC
KB,2026-10-07,124.73,67.4,COMPRESSED,INSIDE_COIL,NONE,18.65,28.17,32.54,51.59,True,False,26.59,False,128.59,119.73,0.639,2.3,10.87,-1.54,3.32,0.97,4.69,4.69,999,19019881.85,133.29,-6.42,133.08,-6.27,4.46,79.0,False,NOT_NEAR_UNBROKEN_PIVOT,752,NYSE:KB,https://www.tradingview.com/chart/?symbol=NYSE%3AKB
SLSR,2026-10-07,6.83,67.4,COMPRESSED,NEAR_LOWER_EDGE,NONE,35.71,35.32,19.05,26.19,False,False,4.37,False,7.56,6.79,1.5,4.95,23.28,-19.46,-12.88,-12.51,4.06,4.06,376,1103790.89,8.61,-20.67,11.48,-40.51,-20.05,19.0,False,BELOW_SMA50|NOT_NEAR_UNBROKEN_PIVOT|LOW_LIQUIDITY|WEAK_RS,752,AMEX:SLSR,https://www.tradingview.com/chart/?symbol=AMEX%3ASLSR
RES,2026-10-07,5.94,67.38,COMPRESSED,INSIDE_COIL,NONE,29.37,26.19,34.92,8.73,False,False,21.43,False,6.2,5.58,1.556,3.6,18.52,-9.73,2.24,-2.32,1.41,4.88,170,12995019.43,6.73,-11.74,8.0567,-26.27,3.72,78.0,False,NOT_NEAR_UNBROKEN_PIVOT,752,NYSE:RES,https://www.tradingview.com/chart/?symbol=NYSE%3ARES
EQPT,2026-10-07,17.68,67.36,COMPRESSED,INSIDE_COIL,NONE,41.14,23.64,1.89,22.41,False,False,39.64,False,19.95,16.26,1.182,6.87,20.87,-5.71,1.96,-5.42,5.97,5.97,62,66490495.66,19.95,-11.38,27.25,-35.12,6.85,82.0,False,BELOW_SMA50|NOT_NEAR_UNBROKEN_PIVOT,178,NASDAQ:EQPT,https://www.tradingview.com/chart/?symbol=NASDAQ%3AEQPT
NET,2026-10-07,342.97,67.34,COMPRESSED,NEAR_LOWER_EDGE,NONE,34.52,26.59,25.4,28.17,False,False,7.54,False,370.35,338.67,1.128,4.64,19.67,9.16,21.73,9.56,2.8,11.8,42,1045747219.56,370.35,-7.39,332.22,3.24,20.7,92.0,False,POST_GAP_COIL|NOT_NEAR_UNBROKEN_PIVOT,752,NYSE:NET,https://www.tradingview.com/chart/?symbol=NYSE%3ANET
OFG,2026-10-07,50.46,67.34,COMPRESSED,INSIDE_COIL,NONE,5.95,23.81,24.6,29.37,False,False,49.21,False,52.0763,48.98,1.319,1.9,8.14,-2.58,1.93,-2.81,1.14,3.28,999,14940749.81,53.0893,-4.95,54.0923,-6.71,-1.29,68.0,False,WEAK_RS,752,NYSE:OFG,https://www.tradingview.com/chart/?symbol=NYSE%3AOFG
INVH,2026-10-07,25.86,67.32,COMPRESSED,RANGE_EXIT_CONFIRMED,DOWN_EXPANSION_CONFIRMED,11.51,21.03,31.75,61.51,False,False,3.97,False,26.9118,25.95,1.4,1.73,8.52,-7.2,-13.49,-8.57,0.85,1.36,999,158079434.06,28.0638,-7.85,30.5489,-15.35,-14.61,30.0,False,ALREADY_EXPANDING|BELOW_SMA50|NOT_NEAR_UNBROKEN_PIVOT|WEAK_RS,752,NYSE:INVH,https://www.tradingview.com/chart/?symbol=NYSE%3AINVH
FHN,2026-10-07,22.99,67.3,COMPRESSED,INSIDE_COIL,NONE,8.33,13.89,51.98,44.44,False,False,7.94,False,23.56,22.48,1.3,1.89,10.4,-5.82,-10.0,-5.95,1.06,3.58,479,131294763.96,24.87,-7.56,26.2485,-12.41,-13.54,33.0,False,BELOW_SMA50|NOT_NEAR_UNBROKEN_PIVOT|WEAK_RS,752,NYSE:FHN,https://www.tradingview.com/chart/?symbol=NYSE%3AFHN
DCO,2026-10-07,165.69,67.27,COMPRESSED,NEAR_LOWER_EDGE,NONE,52.38,47.62,7.54,13.1,False,True,15.08,False,177.22,164.6,2.342,3.81,12.62,-0.41,-1.81,-7.69,2.84,4.06,627,41890171.27,177.22,-6.51,210.39,-21.25,-6.66,54.0,False,BELOW_SMA50|NOT_NEAR_UNBROKEN_PIVOT|WEAK_RS,752,NYSE:DCO,https://www.tradingview.com/chart/?symbol=NYSE%3ADCO
CSGP,2026-10-07,27.6,67.27,COMPRESSED,INSIDE_COIL,NONE,15.48,24.21,66.67,49.6,True,True,13.49,False,28.69,26.52,1.014,3.69,19.24,-6.69,-0.29,-8.6,2.33,14.18,49,177966317.27,31.83,-13.29,41.03,-32.73,-9.1,47.0,False,POST_GAP_COIL|BELOW_SMA50|NOT_NEAR_UNBROKEN_PIVOT|WEAK_RS,752,NASDAQ:CSGP,https://www.tradingview.com/chart/?symbol=NASDAQ%3ACSGP
GL,2026-10-07,163.41,67.24,COMPRESSED,RANGE_EXIT_CONFIRMED,DOWN_EXPANSION_CONFIRMED,0.79,10.71,48.41,61.11,False,False,10.71,False,171.2881,163.6035,1.591,1.85,7.85,-3.58,-8.52,-5.88,1.29,7.51,623,78717337.93,175.869,-7.08,191.1685,-14.52,-12.11,38.0,False,ALREADY_EXPANDING|BELOW_SMA50|NOT_NEAR_UNBROKEN_PIVOT|WEAK_RS,752,NYSE:GL,https://www.tradingview.com/chart/?symbol=NYSE%3AGL
BC,2026-10-07,63.36,67.24,COMPRESSED,NEAR_LOWER_EDGE,NONE,0.79,27.38,36.51,51.98,False,False,13.49,False,67.55,62.68,1.086,3.35,14.61,-10.67,-17.8,-14.3,3.06,3.06,999,53816199.26,72.97,-13.17,88.1124,-28.09,-21.97,16.0,False,BELOW_SMA50|NOT_NEAR_UNBROKEN_PIVOT|WEAK_RS,752,NYSE:BC,https://www.tradingview.com/chart/?symbol=NYSE%3ABC
HRL,2026-10-07,19.55,67.24,COMPRESSED,NEAR_LOWER_EDGE,NONE,9.52,50.4,26.19,28.57,False,False,8.33,False,20.63,19.42,1.452,2.37,8.75,-6.77,-21.2,-12.42,1.31,2.99,278,102805324.43,21.29,-8.17,26.43,-26.03,-22.33,16.0,False,BELOW_SMA50|NOT_NEAR_UNBROKEN_PIVOT|WEAK_RS,752,NYSE:HRL,https://www.tradingview.com/chart/?symbol=NYSE%3AHRL
SKY,2026-10-07,81.03,67.22,COMPRESSED,RANGE_EXIT_CONFIRMED,DOWN_EXPANSION_CONFIRMED,24.21,37.7,10.32,4.76,False,False,50.79,False,90.32,83.43,2.737,3.81,13.44,-2.73,-0.49,-7.43,2.66,4.16,343,48030667.34,90.32,-10.29,96.59,-16.11,-5.99,56.0,False,ALREADY_EXPANDING|BELOW_SMA50|NOT_NEAR_UNBROKEN_PIVOT|WEAK_RS,752,NYSE:SKY,https://www.tradingview.com/chart/?symbol=NYSE%3ASKY
PHG,2026-10-07,24.09,67.22,COMPRESSED,NEAR_LOWER_EDGE,NONE,17.46,16.27,6.35,59.13,False,False,39.29,False,25.22,23.62,0.821,1.75,6.64,-3.72,-7.56,-6.75,2.13,4.32,300,22571026.24,25.24,-4.56,28.8267,-16.43,-15.28,29.0,False,BELOW_SMA50|WEAK_RS,752,NYSE:PHG,https://www.tradingview.com/chart/?symbol=NYSE%3APHG
BLZE,2026-10-07,13.73,67.21,COMPRESSED,INSIDE_COIL,NONE,31.75,38.49,23.02,26.98,False,True,20.63,False,14.64,12.8,0.878,5.97,18.14,3.78,-17.04,-8.85,3.08,29.31,34,22624699.05,14.64,-6.22,23.99,-42.77,-26.65,11.0,False,POST_GAP_COIL|BELOW_SMA50|NOT_NEAR_UNBROKEN_PIVOT|WEAK_RS,752,NASDAQ:BLZE,https://www.tradingview.com/chart/?symbol=NASDAQ%3ABLZE
PFS,2026-10-07,21.97,67.16,COMPRESSED,NEAR_LOWER_EDGE,NONE,2.38,13.89,36.9,46.83,False,False,34.52,False,22.99,21.66,1.171,1.92,9.01,-4.93,-5.73,-6.52,1.08,2.41,999,20984113.99,23.64,-7.06,25.2454,-12.97,-8.73,49.0,False,BELOW_SMA50|NOT_NEAR_UNBROKEN_PIVOT|WEAK_RS,752,NYSE:PFS,https://www.tradingview.com/chart/?symbol=NYSE%3APFS
USB-PH,2026-10-07,18.14,67.1,COMPRESSED,NEAR_UPPER_EDGE,NONE,34.52,46.43,17.46,8.33,False,False,13.1,False,18.453,18.1184,1.018,1.05,3.36,0.17,-0.85,-0.33,0.77,0.88,999,1612129.59,18.453,-1.7,18.6253,-2.61,-3.91,62.0,False,LOW_LIQUIDITY|WEAK_RS,752,NYSE:USB.PH,https://www.tradingview.com/chart/?symbol=NYSE%3AUSB.PH
LYB,2026-10-07,58.49,67.08,COMPRESSED,INSIDE_COIL,NONE,8.73,4.76,53.17,42.46,False,False,21.43,False,61.59,55.88,1.262,3.21,17.47,-9.33,0.93,-5.78,1.75,3.35,999,225891315.34,66.1,-11.51,76.825,-23.87,3.04,77.0,False,BELOW_SMA50|NOT_NEAR_UNBROKEN_PIVOT,752,NYSE:LYB,https://www.tradingview.com/chart/?symbol=NYSE%3ALYB
RGC,2026-10-07,7.11,67.06,COMPRESSED,INSIDE_COIL,NONE,0.4,4.37,40.87,58.73,False,False,33.33,False,7.924,5.91,0.359,7.39,34.37,21.54,25.84,20.59,3.64,3.64,186,854052.77,7.924,-10.27,33.5,-78.78,13.48,88.0,False,RECENT_SURGE|EXTENDED_FROM_SMA50|NOT_NEAR_UNBROKEN_PIVOT|LOW_LIQUIDITY,752,NASDAQ:RGC,https://www.tradingview.com/chart/?symbol=NASDAQ%3ARGC
VET,2026-10-07,11.53,67.05,COMPRESSED,INSIDE_COIL,NONE,7.54,22.22,65.48,41.67,False,True,4.37,False,12.1,11.2,0.953,3.67,21.25,-13.13,18.28,-4.08,2.34,4.61,999,17003657.58,13.6496,-15.53,13.5309,-14.79,19.0,92.0,False,BELOW_SMA50|NOT_NEAR_UNBROKEN_PIVOT,752,NYSE:VET,https://www.tradingview.com/chart/?symbol=NYSE%3AVET
UCB,2026-10-07,33.26,67.04,COMPRESSED,NEAR_LOWER_EDGE,NONE,6.75,26.19,41.67,36.11,False,False,17.46,False,34.44,32.64,1.09,2.03,9.17,-4.38,-5.91,-4.71,1.22,2.04,999,31490465.62,35.69,-6.81,36.9068,-9.88,-8.62,49.0,False,BELOW_SMA50|NOT_NEAR_UNBROKEN_PIVOT|WEAK_RS,752,NYSE:UCB,https://www.tradingview.com/chart/?symbol=NYSE%3AUCB
REYN,2026-10-07,21.92,67.02,COMPRESSED,INSIDE_COIL,NONE,34.92,55.16,6.35,9.13,False,False,15.48,False,22.8,21.4,0.893,2.38,7.0,1.72,-15.6,-7.3,1.58,4.22,999,31694491.21,22.8,-3.86,27.0806,-19.06,-18.7,22.0,False,BELOW_SMA50|WEAK_RS,752,NASDAQ:REYN,https://www.tradingview.com/chart/?symbol=NASDAQ%3AREYN
MIDD,2026-10-07,105.24,67.02,COMPRESSED,INSIDE_COIL,NONE,2.38,17.46,37.3,46.43,False,False,30.56,False,113.85,102.15,1.55,2.74,11.12,-0.66,-21.81,-8.6,2.21,4.77,105,70510397.42,113.85,-7.56,148.55,-29.16,-24.69,13.0,False,BELOW_SMA50|NOT_NEAR_UNBROKEN_PIVOT|WEAK_RS,752,NASDAQ:MIDD,https://www.tradingview.com/chart/?symbol=NASDAQ%3AMIDD
AMRZ,2026-10-07,36.39,67.0,COMPRESSED,RANGE_EXIT_CONFIRMED,DOWN_EXPANSION_CONFIRMED,1.19,38.89,29.37,44.44,False,False,16.27,False,38.665,36.55,1.748,2.87,13.3,-11.18,-26.71,-15.23,3.78,7.26,293,148772601.27,41.94,-13.23,59.3954,-38.73,-31.1,7.0,False,ALREADY_EXPANDING|BELOW_SMA50|NOT_NEAR_UNBROKEN_PIVOT|WEAK_RS,326,NYSE:AMRZ,https://www.tradingview.com/chart/?symbol=NYSE%3AAMRZ
CRM,2026-10-07,224.56,66.98,COMPRESSED,NEAR_LOWER_EDGE,NONE,15.08,34.52,47.62,37.3,False,True,19.84,True,242.09,221.18,0.533,3.79,18.12,-7.87,34.25,0.7,3.87,11.88,28,2628880864.32,261.8793,-14.25,267.7989,-16.15,34.78,96.0,False,POST_GAP_COIL|EXTENDED_60D_RUN|NOT_NEAR_UNBROKEN_PIVOT,752,NYSE:CRM,https://www.tradingview.com/chart/?symbol=NYSE%3ACRM
UE,2026-10-07,19.31,66.96,COMPRESSED,NEAR_LOWER_EDGE,NONE,8.73,14.29,41.27,59.52,False,False,8.33,False,20.04,19.31,1.197,1.71,7.57,-6.34,-14.88,-7.39,1.5,1.95,999,17175860.92,20.7659,-7.01,23.6759,-18.44,-17.78,24.0,False,BELOW_SMA50|NOT_NEAR_UNBROKEN_PIVOT|WEAK_RS,752,NYSE:UE,https://www.tradingview.com/chart/?symbol=NYSE%3AUE
NOG,2026-10-07,24.18,66.94,COMPRESSED,NEAR_UPPER_EDGE,NONE,22.62,4.37,62.7,24.6,False,False,9.52,False,24.42,22.3089,0.736,3.33,18.45,-4.17,22.43,0.96,2.22,3.93,999,51140779.18,26.7707,-9.68,27.5308,-12.17,27.58,94.0,False,NOT_NEAR_UNBROKEN_PIVOT,752,NYSE:NOG,https://www.tradingview.com/chart/?symbol=NYSE%3ANOG
DAVE,2026-10-07,344.82,66.94,COMPRESSED,INSIDE_COIL,NONE,31.75,29.37,10.71,22.22,False,False,35.71,False,375.99,310.88,1.116,6.18,22.75,-4.71,-17.31,-2.61,3.33,10.27,43,107488583.09,389.34,-11.43,458.25,-24.75,-15.27,29.0,False,POST_GAP_COIL|NOT_NEAR_UNBROKEN_PIVOT|WEAK_RS,752,NASDAQ:DAVE,https://www.tradingview.com/chart/?symbol=NASDAQ%3ADAVE
MANE,2026-10-07,110.95,66.93,COMPRESSED,INSIDE_COIL,NONE,25.33,10.83,45.03,33.73,False,False,11.8,False,123.83,108.77,0.808,5.58,24.15,11.32,0.71,3.19,3.07,7.79,113,87431866.84,123.83,-10.4,131.24,-15.46,-14.83,29.0,False,NOT_NEAR_UNBROKEN_PIVOT|WEAK_RS,170,NYSE:MANE,https://www.tradingview.com/chart/?symbol=NYSE%3AMANE
AUPH,2026-10-07,16.01,66.88,COMPRESSED,INSIDE_COIL,NONE,7.14,1.19,40.87,62.7,False,False,25.79,False,16.89,15.47,2.095,2.62,10.56,-1.48,0.19,-0.13,1.06,4.87,662,13451109.57,17.16,-6.7,19.25,-16.83,-7.15,52.0,False,NOT_NEAR_UNBROKEN_PIVOT|WEAK_RS,752,NASDAQ:AUPH,https://www.tradingview.com/chart/?symbol=NASDAQ%3AAUPH
AGIO,2026-10-07,31.79,66.87,COMPRESSED,INSIDE_COIL,NONE,4.76,21.43,24.6,57.14,False,False,29.37,False,35.09,30.78,1.026,4.06,14.41,-8.2,-20.37,-4.09,1.91,15.8,48,35923010.05,35.38,-10.15,44.09,-27.9,-29.36,8.0,False,POST_GAP_COIL|BELOW_SMA50|NOT_NEAR_UNBROKEN_PIVOT|WEAK_RS,752,NASDAQ:AGIO,https://www.tradingview.com/chart/?symbol=NASDAQ%3AAGIO
SKM,2026-10-07,35.57,66.83,COMPRESSED,INSIDE_COIL,NONE,31.75,34.52,22.22,7.94,False,False,28.57,False,36.95,34.58,1.179,3.0,9.84,-4.69,13.35,-2.38,3.62,10.7,45,37056774.81,38.38,-7.32,47.18,-24.61,4.86,79.0,False,POST_GAP_COIL|NOT_NEAR_UNBROKEN_PIVOT,752,NYSE:SKM,https://www.tradingview.com/chart/?symbol=NYSE%3ASKM
ASTH,2026-10-07,37.14,66.83,COMPRESSED,NEAR_UPPER_EDGE,NONE,57.54,35.71,25.0,11.9,True,False,18.25,False,37.7,32.22,0.871,4.4,20.81,-2.42,-24.2,0.42,5.78,5.78,152,15800194.14,39.95,-7.03,51.6,-28.02,-24.31,14.0,False,NOT_NEAR_UNBROKEN_PIVOT|WEAK_RS,752,NASDAQ:ASTH,https://www.tradingview.com/chart/?symbol=NASDAQ%3AASTH
GFS,2026-10-07,48.07,66.83,COMPRESSED,INSIDE_COIL,NONE,34.13,21.03,23.81,32.94,False,False,16.27,False,50.99,45.39,1.051,4.03,18.61,4.88,-23.98,0.51,5.5,7.46,95,177169832.48,50.99,-5.73,92.1855,-47.86,-34.52,5.0,False,NOT_NEAR_UNBROKEN_PIVOT|WEAK_RS,752,NASDAQ:GFS,https://www.tradingview.com/chart/?symbol=NASDAQ%3AGFS
SU,2026-10-07,68.14,66.81,COMPRESSED,NEAR_LOWER_EDGE,NONE,59.13,49.6,5.16,1.98,False,False,0.79,False,69.89,67.11,1.145,2.49,9.1,-1.27,12.35,1.93,1.66,2.45,999,257147575.35,72.06,-5.44,69.3816,-1.79,13.6,89.0,False,NOT_NEAR_UNBROKEN_PIVOT,752,NYSE:SU,https://www.tradingview.com/chart/?symbol=NYSE%3ASU
PLSE,2026-10-07,49.09,66.78,COMPRESSED,INSIDE_COIL,NONE,36.11,55.56,19.84,39.29,True,False,13.49,True,56.74,47.47,0.682,6.66,21.33,-7.32,92.81,2.46,4.8,4.8,565,29473251.22,58.9,-16.66,55.37,-11.34,76.56,99.0,False,EXTENDED_60D_RUN|NOT_NEAR_UNBROKEN_PIVOT,752,NASDAQ:PLSE,https://www.tradingview.com/chart/?symbol=NASDAQ%3APLSE
HXL,2026-10-07,83.9,66.73,COMPRESSED,NEAR_LOWER_EDGE,NONE,22.22,32.54,35.71,29.76,False,False,4.76,False,87.92,82.69,1.266,2.89,12.29,-7.21,-17.5,-10.44,2.63,2.63,625,83659448.56,93.0,-9.78,111.5455,-24.78,-19.39,20.0,False,BELOW_SMA50|NOT_NEAR_UNBROKEN_PIVOT|WEAK_RS,752,NYSE:HXL,https://www.tradingview.com/chart/?symbol=NYSE%3AHXL
FWONK,2026-10-07,95.52,66.71,COMPRESSED,NEAR_UPPER_EDGE,NONE,50.0,33.73,2.38,4.76,False,False,35.71,False,96.735,89.43,0.654,2.67,9.62,-1.32,-5.3,-2.78,2.12,2.77,999,230779946.86,98.62,-3.14,107.31,-10.99,-4.06,61.0,False,WEAK_RS,752,NASDAQ:FWONK,https://www.tradingview.com/chart/?symbol=NASDAQ%3AFWONK
HLNE,2026-10-07,85.2,66.69,COMPRESSED,INSIDE_COIL,NONE,4.37,44.84,32.54,17.46,False,False,28.97,False,91.61,82.65,1.041,4.04,19.92,-13.24,4.08,-11.22,2.37,4.38,999,58380605.79,101.2131,-15.82,109.4382,-22.15,2.77,76.0,False,BELOW_SMA50|NOT_NEAR_UNBROKEN_PIVOT,752,NASDAQ:HLNE,https://www.tradingview.com/chart/?symbol=NASDAQ%3AHLNE
HOPE,2026-10-07,13.34,66.67,COMPRESSED,INSIDE_COIL,NONE,6.75,24.21,25.0,42.86,False,False,38.1,False,13.92,13.0,1.103,2.1,8.85,-3.47,0.61,-4.11,1.33,1.77,999,13943232.12,14.18,-5.92,14.59,-8.57,-2.89,64.0,False,BELOW_SMA50|NOT_NEAR_UNBROKEN_PIVOT|WEAK_RS,752,NASDAQ:HOPE,https://www.tradingview.com/chart/?symbol=NASDAQ%3AHOPE
SUPN,2026-10-07,43.05,66.67,COMPRESSED,INSIDE_COIL,NONE,43.25,29.37,19.05,7.94,False,False,25.4,False,44.93,41.4,0.898,3.23,10.27,2.33,-7.74,-3.22,1.38,13.04,46,30023899.6,44.93,-4.18,52.96,-18.71,-15.34,29.0,False,POST_GAP_COIL|BELOW_SMA50|WEAK_RS,752,NASDAQ:SUPN,https://www.tradingview.com/chart/?symbol=NASDAQ%3ASUPN
JXN,2026-10-07,130.3,66.65,COMPRESSED,INSIDE_COIL,NONE,30.16,52.38,23.02,9.92,False,True,25.0,False,135.55,126.14,0.981,3.0,12.55,-5.0,7.57,-1.18,1.64,9.37,999,120043702.85,140.325,-7.14,139.9664,-6.91,14.73,89.0,False,NOT_NEAR_UNBROKEN_PIVOT,752,NYSE:JXN,https://www.tradingview.com/chart/?symbol=NYSE%3AJXN
EXR,2026-10-07,131.7,66.65,COMPRESSED,NEAR_LOWER_EDGE,NONE,17.46,27.38,37.7,42.46,False,False,3.17,False,135.54,130.64,0.985,1.99,6.76,-1.76,-8.42,-6.05,1.23,2.25,999,218867992.04,139.54,-5.62,157.0336,-16.13,-10.26,44.0,False,BELOW_SMA50|NOT_NEAR_UNBROKEN_PIVOT|WEAK_RS,752,NYSE:EXR,https://www.tradingview.com/chart/?symbol=NYSE%3AEXR
VAL,2026-10-07,81.85,66.63,COMPRESSED,INSIDE_COIL,NONE,60.71,11.11,23.02,20.63,False,False,8.73,False,84.915,77.17,1.06,3.85,13.54,-3.66,4.28,-1.72,2.02,6.44,166,100829716.86,88.25,-7.25,114.12,-28.28,3.58,78.0,False,NOT_NEAR_UNBROKEN_PIVOT,752,NYSE:VAL,https://www.tradingview.com/chart/?symbol=NYSE%3AVAL
SSB,2026-10-07,98.91,66.63,COMPRESSED,NEAR_LOWER_EDGE,NONE,1.98,19.05,45.24,40.08,False,False,27.38,False,103.3,97.59,1.754,1.89,9.77,-6.11,-1.16,-6.19,1.1,2.53,999,68326017.91,107.25,-7.78,112.2,-11.84,-3.42,63.0,False,BELOW_SMA50|NOT_NEAR_UNBROKEN_PIVOT|WEAK_RS,752,NYSE:SSB,https://www.tradingview.com/chart/?symbol=NYSE%3ASSB
NTSK,2026-10-07,19.24,66.59,COMPRESSED,INSIDE_COIL,NONE,45.31,1.19,32.93,29.37,False,False,34.13,True,20.385,16.863,0.652,5.12,32.12,33.06,34.83,22.73,3.0,12.8,23,129634805.16,20.385,-5.62,16.58,16.04,51.26,99.0,False,POST_GAP_COIL|RECENT_SURGE|EXTENDED_60D_RUN|EXTENDED_FROM_SMA50|NOT_NEAR_UNBROKEN_PIVOT|DETACHED_FROM_PRIOR_STRUCTURE,265,NASDAQ:NTSK,https://www.tradingview.com/chart/?symbol=NASDAQ%3ANTSK
CHYM,2026-10-07,27.93,66.57,COMPRESSED,INSIDE_COIL,NONE,15.87,4.37,69.05,54.37,False,True,2.78,False,28.6,25.92,0.887,4.3,31.01,-19.16,30.15,-7.1,2.32,9.35,999,210459402.15,35.55,-21.43,34.435,-18.89,27.41,94.0,False,EXTENDED_60D_RUN|BELOW_SMA50|NOT_NEAR_UNBROKEN_PIVOT,332,NASDAQ:CHYM,https://www.tradingview.com/chart/?symbol=NASDAQ%3ACHYM
FSLY,2026-10-07,25.28,66.55,COMPRESSED,INSIDE_COIL,NONE,52.38,65.08,31.35,4.76,True,True,19.84,True,31.33,24.04,0.607,8.25,37.62,11.32,20.96,2.75,6.24,12.68,43,204209253.92,31.33,-19.31,32.8,-22.93,20.7,92.0,False,POST_GAP_COIL|NOT_NEAR_UNBROKEN_PIVOT,752,NASDAQ:FSLY,https://www.tradingview.com/chart/?symbol=NASDAQ%3AFSLY
MMM,2026-10-07,162.12,66.55,COMPRESSED,NEAR_LOWER_EDGE,NONE,34.13,17.06,19.05,26.19,False,False,36.51,False,170.98,159.92,0.772,2.09,6.82,-1.39,3.99,-5.86,1.51,6.27,999,507547010.26,170.98,-5.18,184.0941,-11.94,1.17,73.0,False,BELOW_SMA50|NOT_NEAR_UNBROKEN_PIVOT,752,NYSE:MMM,https://www.tradingview.com/chart/?symbol=NYSE%3AMMM
ZLAB,2026-10-07,25.31,66.51,COMPRESSED,INSIDE_COIL,NONE,36.9,49.6,4.76,1.59,False,False,33.33,False,26.92,23.71,0.644,4.35,13.83,0.92,31.14,2.85,4.61,5.17,293,21532487.52,27.14,-6.74,27.5,-7.96,23.03,93.0,False,EXTENDED_60D_RUN|NOT_NEAR_UNBROKEN_PIVOT,752,NASDAQ:ZLAB,https://www.tradingview.com/chart/?symbol=NASDAQ%3AZLAB
HEI,2026-10-07,295.78,66.47,COMPRESSED,NEAR_LOWER_EDGE,NONE,42.86,43.65,13.89,9.52,False,False,13.49,False,312.62,295.12,1.21,2.66,7.98,-5.3,-14.42,-11.0,1.97,5.4,91,146316364.94,317.17,-6.74,376.86,-21.51,-19.65,19.0,False,BELOW_SMA50|NOT_NEAR_UNBROKEN_PIVOT|WEAK_RS,752,NYSE:HEI,https://www.tradingview.com/chart/?symbol=NYSE%3AHEI
CLMT,2026-10-07,56.29,66.46,COMPRESSED,NEAR_UPPER_EDGE,NONE,22.22,37.7,32.94,32.14,False,False,14.29,True,57.16,51.33,0.408,4.02,15.17,1.08,42.25,10.87,2.65,2.8,414,86601967.79,59.87,-5.98,54.7,2.91,40.68,97.0,False,EXTENDED_60D_RUN|NOT_NEAR_UNBROKEN_PIVOT,752,NASDAQ:CLMT,https://www.tradingview.com/chart/?symbol=NASDAQ%3ACLMT
PURR,2026-10-07,11.73,66.43,COMPRESSED,NEAR_LOWER_EDGE,NONE,40.62,30.15,29.02,11.54,False,True,32.51,False,14.36,11.705,1.44,8.6,35.93,-2.49,59.59,12.34,7.72,8.68,78,274244618.21,14.76,-20.53,14.14,-17.04,51.51,99.0,False,EXTENDED_60D_RUN|EXTENDED_FROM_SMA50|NOT_NEAR_UNBROKEN_PIVOT,212,NASDAQ:PURR,https://www.tradingview.com/chart/?symbol=NASDAQ%3APURR
BMI,2026-10-07,124.07,66.43,COMPRESSED,NEAR_LOWER_EDGE,NONE,15.08,32.14,25.4,21.83,False,False,38.49,False,134.29,122.52,0.843,3.36,10.28,-2.94,-12.01,-5.39,1.86,2.26,119,52913412.57,134.75,-7.93,161.384,-23.12,-17.79,23.0,False,BELOW_SMA50|NOT_NEAR_UNBROKEN_PIVOT|WEAK_RS,752,NYSE:BMI,https://www.tradingview.com/chart/?symbol=NYSE%3ABMI
RPM,2026-10-07,98.33,66.41,COMPRESSED,INSIDE_COIL,NONE,36.9,49.21,1.19,18.25,False,False,22.62,False,102.13,95.04,0.763,2.77,7.21,-1.38,-4.0,-6.66,1.88,5.39,126,114218667.58,102.13,-3.72,117.93,-16.62,-8.01,50.0,False,BELOW_SMA50|WEAK_RS,752,NYSE:RPM,https://www.tradingview.com/chart/?symbol=NYSE%3ARPM
FUL,2026-10-07,49.91,66.41,COMPRESSED,INSIDE_COIL,NONE,1.19,56.75,0.79,4.37,False,False,74.6,False,53.55,46.7,0.687,3.4,13.72,-3.72,-10.51,-8.87,6.0,6.0,999,54344285.71,53.58,-6.85,66.158,-24.56,-12.67,36.0,False,BELOW_SMA50|NOT_NEAR_UNBROKEN_PIVOT|WEAK_RS,752,NYSE:FUL,https://www.tradingview.com/chart/?symbol=NYSE%3AFUL
MGRT,2026-10-07,102.0,66.31,COMPRESSED,NEAR_LOWER_EDGE,NONE,17.06,9.13,23.81,55.95,False,False,35.32,False,129.75,100.01,1.248,5.67,38.21,-13.56,30.95,-3.46,6.94,11.08,24,644390.33,138.98,-26.61,170.0,-40.0,24.8,94.0,False,POST_GAP_COIL|EXTENDED_60D_RUN|BELOW_SMA50|NOT_NEAR_UNBROKEN_PIVOT|LOW_LIQUIDITY,310,NASDAQ:MGRT,https://www.tradingview.com/chart/?symbol=NASDAQ%3AMGRT
MDLN,2026-10-07,35.45,66.31,COMPRESSED,INSIDE_COIL,NONE,19.78,6.88,43.17,58.59,False,False,6.22,False,36.875,33.83,0.664,3.47,15.19,4.11,-8.3,1.02,1.85,11.27,44,319654913.03,36.875,-3.86,49.135,-27.85,-16.87,25.0,False,POST_GAP_COIL|WEAK_RS,202,NASDAQ:MDLN,https://www.tradingview.com/chart/?symbol=NASDAQ%3AMDLN
WST,2026-10-07,366.48,66.29,COMPRESSED,NEAR_LOWER_EDGE,NONE,32.94,29.37,29.76,23.81,False,False,11.51,False,382.71,363.12,1.236,2.44,13.84,8.77,2.54,3.46,1.56,7.42,115,235672799.79,382.71,-4.24,385.748,-4.99,-1.12,69.0,False,WEAK_RS,752,NYSE:WST,https://www.tradingview.com/chart/?symbol=NYSE%3AWST
NAVN,2026-10-07,22.28,66.29,COMPRESSED,RANGE_EXIT_CONFIRMED,UP_EXPANSION_CONFIRMED,86.05,12.61,8.33,19.48,False,True,15.93,False,22.27,18.71,1.558,5.35,18.4,-13.94,-13.64,-12.32,17.38,17.38,19,103043845.62,27.04,-17.6,30.88,-27.85,-16.72,26.0,False,ALREADY_EXPANDING|POST_GAP_COIL|BELOW_SMA50|NOT_NEAR_UNBROKEN_PIVOT|WEAK_RS,235,NASDAQ:NAVN,https://www.tradingview.com/chart/?symbol=NASDAQ%3ANAVN
LKFN,2026-10-07,57.19,66.27,COMPRESSED,NEAR_LOWER_EDGE,NONE,13.89,10.32,40.87,52.38,False,False,19.05,False,59.8,56.67,1.53,2.03,9.39,-5.03,-4.75,-5.19,1.05,1.58,999,12380887.88,61.82,-7.49,64.55,-11.4,-7.27,52.0,False,BELOW_SMA50|NOT_NEAR_UNBROKEN_PIVOT|WEAK_RS,752,NASDAQ:LKFN,https://www.tradingview.com/chart/?symbol=NASDAQ%3ALKFN
APD,2026-10-07,278.12,66.25,COMPRESSED,INSIDE_COIL,NONE,26.59,3.17,23.81,33.73,False,False,53.17,False,287.9942,267.28,0.644,1.99,10.09,-5.18,-6.5,-5.12,1.32,4.86,670,344011062.38,297.0946,-6.39,312.8216,-11.09,-9.03,48.0,False,BELOW_SMA50|NOT_NEAR_UNBROKEN_PIVOT|WEAK_RS,752,NYSE:APD,https://www.tradingview.com/chart/?symbol=NYSE%3AAPD
U,2026-10-07,45.44,66.21,COMPRESSED,NEAR_UPPER_EDGE,NONE,25.0,12.7,20.24,40.87,False,False,40.48,False,46.34,38.44,0.822,4.57,17.39,6.82,43.12,7.6,2.52,4.24,133,447006742.01,46.34,-1.94,48.46,-6.23,44.22,97.0,False,EXTENDED_60D_RUN,752,NYSE:U,https://www.tradingview.com/chart/?symbol=NYSE%3AU
CNK,2026-10-07,36.42,66.21,COMPRESSED,INSIDE_COIL,NONE,17.86,19.44,33.73,26.19,False,False,37.7,False,39.07,35.1,1.143,3.35,14.74,3.03,24.3,0.16,1.49,4.61,999,76362414.78,39.07,-6.78,38.8862,-6.34,19.65,92.0,False,NOT_NEAR_UNBROKEN_PIVOT,752,NYSE:CNK,https://www.tradingview.com/chart/?symbol=NYSE%3ACNK
MATX,2026-10-07,222.92,66.19,COMPRESSED,INSIDE_COIL,NONE,31.35,60.32,17.46,13.49,False,False,13.1,True,233.66,218.1,0.376,3.16,10.21,-1.74,5.87,0.89,1.86,9.91,353,72190493.63,240.87,-7.45,230.3134,-3.21,4.75,79.0,False,NOT_NEAR_UNBROKEN_PIVOT,752,NYSE:MATX,https://www.tradingview.com/chart/?symbol=NYSE%3AMATX
IESC,2026-10-07,308.83,66.19,COMPRESSED,RANGE_EXIT_CONFIRMED,DOWN_EXPANSION_CONFIRMED,34.13,35.71,7.54,22.62,False,False,32.94,False,351.0,309.1,2.991,5.56,15.81,-4.88,0.25,-8.22,6.46,18.62,47,82730193.95,351.0,-12.01,408.255,-24.35,-7.56,51.0,False,ALREADY_EXPANDING|POST_GAP_COIL|BELOW_SMA50|NOT_NEAR_UNBROKEN_PIVOT|WEAK_RS,752,NASDAQ:IESC,https://www.tradingview.com/chart/?symbol=NASDAQ%3AIESC
TBBK,2026-10-07,48.13,66.19,COMPRESSED,INSIDE_COIL,NONE,1.98,55.56,13.89,36.51,False,False,26.98,False,51.15,47.01,0.739,3.51,9.27,-3.8,-27.26,-20.03,1.71,17.22,20,31284446.77,54.26,-11.3,73.02,-34.09,-31.32,6.0,False,POST_GAP_COIL|BELOW_SMA50|NOT_NEAR_UNBROKEN_PIVOT|WEAK_RS,752,NASDAQ:TBBK,https://www.tradingview.com/chart/?symbol=NASDAQ%3ATBBK
SMCI,2026-10-07,44.94,66.17,COMPRESSED,RANGE_EXIT_CONFIRMED,UP_EXPANSION_CONFIRMED,26.98,8.73,38.49,47.22,False,False,12.7,False,44.74,39.85,1.751,5.03,23.16,15.44,62.53,20.22,6.66,13.29,39,1498950189.26,44.74,0.45,51.4,-12.57,55.49,99.0,False,ALREADY_EXPANDING|POST_GAP_COIL|RECENT_SURGE|EXTENDED_60D_RUN|EXTENDED_FROM_SMA50,752,NASDAQ:SMCI,https://www.tradingview.com/chart/?symbol=NASDAQ%3ASMCI
GLXY,2026-10-07,21.4,66.17,COMPRESSED,NEAR_LOWER_EDGE,NONE,3.17,30.56,20.24,36.11,False,False,50.79,False,27.4,21.98,0.937,7.33,32.48,-14.91,-11.64,-6.96,5.49,8.02,167,115358852.62,27.676,-22.68,36.1,-40.72,-18.39,22.0,False,BELOW_SMA50|NOT_NEAR_UNBROKEN_PIVOT|WEAK_RS,350,NASDAQ:GLXY,https://www.tradingview.com/chart/?symbol=NASDAQ%3AGLXY
AEM,2026-10-07,180.39,66.11,COMPRESSED,NEAR_LOWER_EDGE,NONE,10.32,26.59,26.59,59.52,False,False,15.08,False,199.53,179.75,1.822,3.65,14.9,-10.95,25.19,-5.0,5.68,6.21,999,334916778.98,208.64,-13.54,223.9327,-19.44,17.66,91.0,False,BELOW_SMA50|NOT_NEAR_UNBROKEN_PIVOT,752,NYSE:AEM,https://www.tradingview.com/chart/?symbol=NYSE%3AAEM
ETG,2026-10-07,23.07,66.05,COMPRESSED,NEAR_LOWER_EDGE,NONE,38.1,59.52,0.4,10.71,False,False,18.25,False,23.67,22.75,0.552,1.58,4.12,-1.24,0.09,-2.12,1.09,1.23,999,1926363.65,23.67,-2.53,24.4433,-5.62,-3.39,63.0,False,LOW_LIQUIDITY|WEAK_RS,752,NYSE:ETG,https://www.tradingview.com/chart/?symbol=NYSE%3AETG
CSL,2026-10-07,318.22,66.01,COMPRESSED,INSIDE_COIL,NONE,37.3,51.59,8.73,4.76,False,False,25.0,False,336.0,311.52,1.223,3.37,8.07,-5.72,-5.62,-8.36,2.26,6.97,999,175117817.07,343.69,-7.41,397.5705,-19.96,-6.88,53.0,False,BELOW_SMA50|NOT_NEAR_UNBROKEN_PIVOT|WEAK_RS,752,NYSE:CSL,https://www.tradingview.com/chart/?symbol=NYSE%3ACSL
JAZZ,2026-10-07,231.19,66.01,COMPRESSED,NEAR_LOWER_EDGE,NONE,7.14,31.75,34.92,51.19,False,False,10.32,False,241.33,228.7,1.522,2.7,9.28,-4.19,-2.88,-5.97,1.71,2.76,222,186559598.47,248.45,-6.95,266.38,-13.21,-10.02,45.0,False,BELOW_SMA50|NOT_NEAR_UNBROKEN_PIVOT|WEAK_RS,752,NASDAQ:JAZZ,https://www.tradingview.com/chart/?symbol=NASDAQ%3AJAZZ
SANM,2026-10-07,219.41,65.95,COMPRESSED,INSIDE_COIL,NONE,24.6,12.3,36.9,50.79,False,False,11.11,False,232.5,205.77,1.749,4.67,19.56,6.43,5.69,7.74,4.4,11.84,50,128656928.34,232.5,-5.63,288.68,-24.0,-0.58,70.0,False,POST_GAP_COIL|NOT_NEAR_UNBROKEN_PIVOT,752,NASDAQ:SANM,https://www.tradingview.com/chart/?symbol=NASDAQ%3ASANM
CTS,2026-10-07,58.29,65.95,COMPRESSED,NEAR_LOWER_EDGE,NONE,10.71,32.54,22.22,38.89,False,False,34.13,False,63.1,57.8611,1.733,3.15,13.89,3.9,-2.87,-2.54,2.33,3.74,999,15558105.23,63.1,-7.62,69.4617,-16.08,-7.97,50.0,False,NOT_NEAR_UNBROKEN_PIVOT|WEAK_RS,752,NYSE:CTS,https://www.tradingview.com/chart/?symbol=NYSE%3ACTS
AOS,2026-10-07,55.34,65.95,COMPRESSED,RANGE_EXIT_CONFIRMED,DOWN_EXPANSION_CONFIRMED,11.51,45.63,5.95,22.22,False,False,53.97,False,58.95,55.48,1.577,2.51,7.95,-4.31,-8.53,-7.42,1.79,3.87,999,85797876.03,58.95,-6.12,67.0999,-17.53,-9.32,47.0,False,ALREADY_EXPANDING|BELOW_SMA50|NOT_NEAR_UNBROKEN_PIVOT|WEAK_RS,752,NYSE:AOS,https://www.tradingview.com/chart/?symbol=NYSE%3AAOS
WT,2026-10-07,23.37,65.91,COMPRESSED,RANGE_EXIT_CONFIRMED,DOWN_EXPANSION_CONFIRMED,27.78,56.35,15.48,14.68,False,False,13.1,False,25.03,23.39,1.408,3.96,14.68,-2.22,19.83,0.98,2.19,3.12,999,67795186.95,25.03,-6.63,25.91,-9.8,14.18,89.0,False,ALREADY_EXPANDING|NOT_NEAR_UNBROKEN_PIVOT,752,NYSE:WT,https://www.tradingview.com/chart/?symbol=NYSE%3AWT
ERO,2026-10-07,36.78,65.89,COMPRESSED,INSIDE_COIL,NONE,39.68,40.08,20.24,26.19,False,False,1.19,False,39.045,35.24,0.994,5.06,20.13,-3.84,42.06,4.86,6.54,6.54,999,46505397.21,39.045,-5.8,40.83,-9.92,43.12,97.0,False,EXTENDED_60D_RUN|NOT_NEAR_UNBROKEN_PIVOT,752,NYSE:ERO,https://www.tradingview.com/chart/?symbol=NYSE%3AERO
ANDE,2026-10-07,65.94,65.85,COMPRESSED,INSIDE_COIL,NONE,2.78,49.21,39.29,35.71,False,False,3.57,False,68.18,64.37,0.696,3.13,12.28,-7.26,-11.72,-2.84,1.19,9.95,410,23829906.35,72.4687,-9.01,81.6207,-19.21,-10.48,43.0,False,NOT_NEAR_UNBROKEN_PIVOT|WEAK_RS,752,NASDAQ:ANDE,https://www.tradingview.com/chart/?symbol=NASDAQ%3AANDE
LAC,2026-10-07,2.41,65.83,COMPRESSED,RANGE_EXIT_CONFIRMED,DOWN_EXPANSION_CONFIRMED,0.79,11.51,31.75,61.51,False,False,40.87,False,2.956,2.49,1.5,5.36,29.88,-24.45,-23.49,-18.5,3.6,7.67,255,24429248.9,3.32,-27.41,6.36,-62.11,-35.95,4.0,False,ALREADY_EXPANDING|BELOW_SMA50|NOT_NEAR_UNBROKEN_PIVOT|LOW_LIQUIDITY|WEAK_RS,752,NYSE:LAC,https://www.tradingview.com/chart/?symbol=NYSE%3ALAC
COKE,2026-10-07,188.05,65.81,COMPRESSED,NEAR_LOWER_EDGE,NONE,41.27,40.48,15.08,11.9,False,False,20.24,False,198.49,184.44,1.641,3.13,9.34,-0.51,6.3,-1.49,0.95,2.0,999,108207606.81,202.0,-6.91,218.4236,-13.91,3.65,78.0,False,NOT_NEAR_UNBROKEN_PIVOT,752,NASDAQ:COKE,https://www.tradingview.com/chart/?symbol=NASDAQ%3ACOKE
CR,2026-10-07,203.55,65.81,COMPRESSED,NEAR_LOWER_EDGE,NONE,19.84,28.17,30.95,36.51,False,False,19.44,False,213.355,200.3,1.609,2.68,9.23,1.01,-5.85,-2.18,2.15,5.58,999,80626747.93,213.355,-4.6,230.2161,-11.58,-9.75,46.0,False,WEAK_RS,752,NYSE:CR,https://www.tradingview.com/chart/?symbol=NYSE%3ACR
CAE,2026-10-07,23.15,65.8,COMPRESSED,RANGE_EXIT_CONFIRMED,DOWN_EXPANSION_CONFIRMED,36.9,35.71,7.14,23.41,False,True,51.59,False,25.04,23.43,1.532,2.59,8.77,-3.78,-7.1,-7.39,1.01,3.82,595,21452335.71,25.04,-7.55,28.89,-19.87,-14.03,32.0,False,ALREADY_EXPANDING|BELOW_SMA50|NOT_NEAR_UNBROKEN_PIVOT|WEAK_RS,752,NASDAQ:CAE,https://www.tradingview.com/chart/?symbol=NASDAQ%3ACAE
NGG,2026-10-07,76.11,65.79,COMPRESSED,NEAR_UPPER_EDGE,NONE,51.98,46.43,5.95,9.92,False,False,12.3,False,76.87,74.03,1.5,1.58,4.9,-1.51,-8.75,-2.84,2.34,2.83,999,73690006.02,78.68,-3.27,88.8343,-14.32,-11.19,41.0,False,WEAK_RS,752,NYSE:NGG,https://www.tradingview.com/chart/?symbol=NYSE%3ANGG
FUTU,2026-10-07,109.68,65.77,COMPRESSED,INSIDE_COIL,NONE,23.41,38.1,7.54,26.98,False,False,42.46,False,114.765,101.11,1.482,4.17,14.53,-6.05,11.77,-2.31,4.69,7.52,94,118279741.0,119.27,-8.04,168.96,-35.09,9.4,85.0,False,NOT_NEAR_UNBROKEN_PIVOT,752,NASDAQ:FUTU,https://www.tradingview.com/chart/?symbol=NASDAQ%3AFUTU
LUMN,2026-10-07,5.91,65.77,COMPRESSED,INSIDE_COIL,NONE,2.78,2.38,62.7,62.3,False,False,8.73,False,6.37,5.38,1.034,5.12,31.98,-13.22,-7.22,-5.69,3.75,5.25,169,82771729.03,7.27,-18.71,11.3,-47.7,-16.09,27.0,False,BELOW_SMA50|NOT_NEAR_UNBROKEN_PIVOT|WEAK_RS,752,NYSE:LUMN,https://www.tradingview.com/chart/?symbol=NYSE%3ALUMN
SM,2026-10-07,35.25,65.76,COMPRESSED,NEAR_UPPER_EDGE,NONE,42.46,8.73,55.56,34.13,False,True,5.16,False,35.82,32.55,0.902,4.01,25.56,-7.19,19.31,0.95,3.15,5.44,126,142218456.63,41.56,-15.18,38.7122,-8.94,21.46,93.0,False,NOT_NEAR_UNBROKEN_PIVOT,752,NYSE:SM,https://www.tradingview.com/chart/?symbol=NYSE%3ASM
CMC,2026-10-07,63.25,65.75,COMPRESSED,INSIDE_COIL,NONE,37.7,38.49,8.73,13.1,False,False,35.32,False,66.86,60.63,1.473,3.25,11.89,-8.31,-4.44,-6.71,2.34,2.57,999,74016140.36,70.52,-10.31,79.6511,-20.59,1.56,74.0,False,BELOW_SMA50|NOT_NEAR_UNBROKEN_PIVOT,752,NYSE:CMC,https://www.tradingview.com/chart/?symbol=NYSE%3ACMC
HQY,2026-10-07,91.9,65.75,COMPRESSED,NEAR_UPPER_EDGE,NONE,0.79,8.33,56.75,49.21,False,False,24.6,False,92.38,86.015,0.843,2.78,13.06,-0.82,-2.75,-6.09,1.36,6.95,390,86141974.73,98.02,-6.24,107.62,-14.61,-6.72,54.0,False,BELOW_SMA50|NOT_NEAR_UNBROKEN_PIVOT|WEAK_RS,752,NASDAQ:HQY,https://www.tradingview.com/chart/?symbol=NASDAQ%3AHQY
ATMU,2026-10-07,44.12,65.75,COMPRESSED,INSIDE_COIL,NONE,25.79,43.65,5.95,15.87,False,False,45.24,False,47.17,43.01,1.453,3.29,9.43,-4.95,-15.17,-7.66,2.73,3.38,109,34768023.2,47.375,-6.87,64.1896,-31.27,-15.36,29.0,False,BELOW_SMA50|NOT_NEAR_UNBROKEN_PIVOT|WEAK_RS,752,NYSE:ATMU,https://www.tradingview.com/chart/?symbol=NYSE%3AATMU
DKL,2026-10-07,55.97,65.72,COMPRESSED,NEAR_UPPER_EDGE,NONE,38.1,6.35,51.19,38.1,False,True,16.27,False,56.36,53.13,1.017,2.19,8.63,-1.22,3.13,0.38,1.31,15.0,38,13083910.67,57.96,-3.43,60.3426,-7.25,0.84,72.0,False,POST_GAP_COIL,752,NYSE:DKL,https://www.tradingview.com/chart/?symbol=NYSE%3ADKL
TIC,2026-10-07,8.77,65.71,COMPRESSED,INSIDE_COIL,NONE,37.3,3.57,34.13,44.44,False,False,17.46,False,9.16,8.125,0.936,4.4,19.95,-5.29,23.52,-3.44,2.28,3.66,256,13979335.31,9.875,-11.19,10.9,-19.54,13.13,88.0,False,BELOW_SMA50|NOT_NEAR_UNBROKEN_PIVOT,412,NYSE:TIC,https://www.tradingview.com/chart/?symbol=NYSE%3ATIC
WTTR,2026-10-07,19.33,65.69,COMPRESSED,NEAR_LOWER_EDGE,NONE,19.05,71.03,4.37,7.94,False,False,28.17,False,21.06,19.03,1.176,4.35,10.5,-5.71,-4.55,-3.31,4.71,8.11,160,40054936.8,21.18,-8.73,22.4737,-13.99,-2.47,65.0,False,BELOW_SMA50|NOT_NEAR_UNBROKEN_PIVOT|WEAK_RS,752,NYSE:WTTR,https://www.tradingview.com/chart/?symbol=NYSE%3AWTTR
CRVL,2026-10-07,76.49,65.65,COMPRESSED,NEAR_UPPER_EDGE,NONE,0.4,0.79,64.29,69.84,False,False,5.16,False,76.9,72.5,1.39,2.28,14.89,15.13,23.21,11.11,0.93,1.72,999,16627561.32,76.9,-0.53,72.58,5.39,18.21,91.0,False,RECENT_SURGE,752,NASDAQ:CRVL,https://www.tradingview.com/chart/?symbol=NASDAQ%3ACRVL
WLDN,2026-10-07,73.42,65.65,COMPRESSED,NEAR_LOWER_EDGE,NONE,0.79,0.79,43.65,63.49,False,False,38.49,False,84.45,72.81,0.906,3.62,16.71,-10.89,1.1,-8.91,1.99,16.66,42,13907190.11,86.92,-15.53,101.75,-27.84,-4.12,61.0,False,POST_GAP_COIL|BELOW_SMA50|NOT_NEAR_UNBROKEN_PIVOT|WEAK_RS,752,NASDAQ:WLDN,https://www.tradingview.com/chart/?symbol=NASDAQ%3AWLDN
STRA,2026-10-07,80.68,65.65,COMPRESSED,NEAR_UPPER_EDGE,NONE,31.75,23.02,47.62,36.11,True,False,23.02,False,80.67,74.93,0.851,2.77,12.65,-1.22,-3.34,-0.69,1.4,3.81,115,25651335.46,85.14,-5.24,89.0726,-9.42,-6.29,55.0,False,NOT_NEAR_UNBROKEN_PIVOT|WEAK_RS,752,NASDAQ:STRA,https://www.tradingview.com/chart/?symbol=NASDAQ%3ASTRA
FFBC,2026-10-07,30.87,65.65,COMPRESSED,NEAR_LOWER_EDGE,NONE,22.22,21.43,23.02,25.79,False,False,47.62,False,32.68,30.61,1.291,2.0,7.87,-4.16,-9.09,-5.4,1.9,6.81,999,30725766.14,33.04,-6.57,35.9612,-14.16,-12.15,38.0,False,BELOW_SMA50|NOT_NEAR_UNBROKEN_PIVOT|WEAK_RS,752,NASDAQ:FFBC,https://www.tradingview.com/chart/?symbol=NASDAQ%3AFFBC
TMDX,2026-10-07,81.07,65.62,COMPRESSED,INSIDE_COIL,NONE,22.62,34.52,15.08,52.38,False,False,13.89,False,89.19,77.14,0.912,5.13,16.69,-6.17,8.69,-5.38,1.49,10.42,44,65867317.79,90.67,-10.59,120.91,-32.95,8.65,84.0,False,POST_GAP_COIL|BELOW_SMA50|NOT_NEAR_UNBROKEN_PIVOT,752,NASDAQ:TMDX,https://www.tradingview.com/chart/?symbol=NASDAQ%3ATMDX
KRYS,2026-10-07,324.57,65.6,COMPRESSED,NEAR_LOWER_EDGE,NONE,22.62,31.35,12.7,44.84,False,False,28.97,False,353.84,319.61,1.102,3.49,10.67,-6.76,-4.38,-4.85,1.28,5.99,357,101481254.27,354.24,-8.38,382.535,-15.15,-16.22,27.0,False,BELOW_SMA50|NOT_NEAR_UNBROKEN_PIVOT|WEAK_RS,752,NASDAQ:KRYS,https://www.tradingview.com/chart/?symbol=NASDAQ%3AKRYS
PTRN,2026-10-07,17.71,65.59,COMPRESSED,INSIDE_COIL,NONE,11.48,20.72,46.12,50.79,True,False,40.87,False,20.37,16.23,1.177,5.12,25.46,-9.87,-36.93,-13.07,2.34,4.82,79,33522678.17,20.739,-14.61,29.8,-40.57,-43.41,2.0,False,BELOW_SMA50|NOT_NEAR_UNBROKEN_PIVOT|WEAK_RS,264,NASDAQ:PTRN,https://www.tradingview.com/chart/?symbol=NASDAQ%3APTRN
DELL,2026-10-07,578.96,65.58,COMPRESSED,NEAR_UPPER_EDGE,NONE,57.14,51.59,11.11,9.13,False,True,13.89,False,587.19,520.18,0.938,4.88,15.42,8.17,26.75,16.27,5.06,8.72,90,4422771916.12,595.51,-2.78,538.47,7.52,25.16,94.0,False,EXTENDED_FROM_SMA50,752,NYSE:DELL,https://www.tradingview.com/chart/?symbol=NYSE%3ADELL
MYE,2026-10-07,30.73,65.58,COMPRESSED,INSIDE_COIL,NONE,23.41,51.59,20.63,16.67,False,False,18.65,False,32.37,30.05,1.373,3.31,10.92,0.37,0.04,-4.54,1.63,6.42,105,9522738.21,32.37,-5.07,37.2891,-17.59,-2.3,66.0,False,BELOW_SMA50|NOT_NEAR_UNBROKEN_PIVOT|WEAK_RS,752,NYSE:MYE,https://www.tradingview.com/chart/?symbol=NYSE%3AMYE
LPG,2026-10-07,56.21,65.53,COMPRESSED,INSIDE_COIL,NONE,20.24,67.06,11.11,16.67,False,False,28.57,True,58.19,52.09,0.641,3.85,14.02,4.81,38.07,9.46,3.07,3.74,378,35508149.38,59.97,-6.27,55.28,1.68,45.06,98.0,False,EXTENDED_60D_RUN|NOT_NEAR_UNBROKEN_PIVOT,752,NYSE:LPG,https://www.tradingview.com/chart/?symbol=NYSE%3ALPG
FRME,2026-10-07,39.29,65.52,COMPRESSED,NEAR_LOWER_EDGE,NONE,0.4,5.56,34.92,58.33,False,False,50.4,False,41.2,38.62,1.099,1.85,8.53,-3.51,-8.46,-5.2,1.51,9.49,999,22505950.36,41.97,-6.39,44.9316,-12.56,-10.47,43.0,False,BELOW_SMA50|NOT_NEAR_UNBROKEN_PIVOT|WEAK_RS,752,NASDAQ:FRME,https://www.tradingview.com/chart/?symbol=NASDAQ%3AFRME
MGRC,2026-10-07,114.26,65.5,COMPRESSED,INSIDE_COIL,NONE,17.46,12.7,24.21,60.71,False,False,30.16,False,119.55,110.87,1.49,2.38,8.83,2.89,-0.99,-0.77,1.38,1.47,999,18141876.16,119.55,-4.42,125.3153,-8.82,-3.52,62.0,False,WEAK_RS,752,NASDAQ:MGRC,https://www.tradingview.com/chart/?symbol=NASDAQ%3AMGRC
ADP,2026-10-07,264.0,65.46,COMPRESSED,INSIDE_COIL,NONE,26.98,35.71,29.37,29.76,False,False,11.11,False,269.72,255.96,0.606,2.14,8.55,0.18,7.81,-2.44,2.1,2.9,999,591074222.86,278.52,-5.21,286.1686,-7.75,6.47,81.0,False,NOT_NEAR_UNBROKEN_PIVOT,752,NASDAQ:ADP,https://www.tradingview.com/chart/?symbol=NASDAQ%3AADP
GNTX,2026-10-07,21.08,65.46,COMPRESSED,NEAR_LOWER_EDGE,NONE,4.37,24.6,19.05,53.97,False,False,45.63,False,22.4742,21.2112,1.006,2.21,9.59,-6.45,-10.56,-7.56,2.28,2.28,302,49270304.44,22.9813,-8.27,26.2011,-19.55,-14.81,30.0,False,BELOW_SMA50|NOT_NEAR_UNBROKEN_PIVOT|WEAK_RS,752,NASDAQ:GNTX,https://www.tradingview.com/chart/?symbol=NASDAQ%3AGNTX
PECO,2026-10-07,37.05,65.44,COMPRESSED,NEAR_LOWER_EDGE,NONE,16.27,72.22,20.63,1.59,False,False,16.67,False,38.1,36.6,1.462,1.75,6.63,-4.05,-12.02,-4.97,1.09,3.21,999,47391175.35,39.1026,-5.25,44.1242,-16.03,-14.71,30.0,False,BELOW_SMA50|NOT_NEAR_UNBROKEN_PIVOT|WEAK_RS,752,NASDAQ:PECO,https://www.tradingview.com/chart/?symbol=NASDAQ%3APECO
FULT,2026-10-07,22.08,65.42,COMPRESSED,NEAR_LOWER_EDGE,NONE,3.57,17.46,39.68,45.24,False,False,37.7,False,23.1831,21.89,1.341,1.98,8.82,-4.88,-8.02,-5.91,1.07,1.72,999,42816618.74,23.7979,-7.22,25.0175,-11.74,-11.33,41.0,False,BELOW_SMA50|NOT_NEAR_UNBROKEN_PIVOT|WEAK_RS,752,NASDAQ:FULT,https://www.tradingview.com/chart/?symbol=NASDAQ%3AFULT
EW,2026-10-07,85.78,65.41,COMPRESSED,NEAR_LOWER_EDGE,NONE,60.32,34.52,23.81,17.86,False,False,1.19,True,88.79,84.49,0.77,2.43,6.87,-0.46,-4.78,-3.27,1.3,4.99,552,309153281.86,89.7,-4.37,96.29,-10.91,-9.73,46.0,False,BELOW_SMA50|WEAK_RS,752,NYSE:EW,https://www.tradingview.com/chart/?symbol=NYSE%3AEW
WDC,2026-10-07,405.42,65.39,COMPRESSED,INSIDE_COIL,NONE,30.95,60.71,11.9,21.43,False,False,17.86,True,475.66,396.57,0.432,7.03,19.51,-15.94,-28.01,-12.17,8.51,17.39,43,3735568405.7,495.49,-18.18,799.6133,-49.3,-33.49,5.0,False,POST_GAP_COIL|BELOW_SMA50|NOT_NEAR_UNBROKEN_PIVOT|WEAK_RS,752,NASDAQ:WDC,https://www.tradingview.com/chart/?symbol=NASDAQ%3AWDC
BNTX,2026-10-07,95.25,65.36,COMPRESSED,NEAR_LOWER_EDGE,NONE,23.41,63.89,10.32,21.83,False,False,12.3,False,101.31,95.2,1.225,3.55,9.53,-2.93,5.37,-3.63,5.46,17.83,34,85133288.56,103.0,-7.52,120.33,-20.84,-1.21,69.0,False,POST_GAP_COIL|BELOW_SMA50|NOT_NEAR_UNBROKEN_PIVOT|WEAK_RS,752,NASDAQ:BNTX,https://www.tradingview.com/chart/?symbol=NASDAQ%3ABNTX
LEA,2026-10-07,119.63,65.34,COMPRESSED,INSIDE_COIL,NONE,34.13,36.9,30.56,19.44,False,False,9.52,False,123.59,116.44,1.399,2.85,12.5,-5.75,-11.43,-3.99,1.92,4.05,999,80345861.39,131.39,-8.95,149.0773,-19.75,-14.33,31.0,False,BELOW_SMA50|NOT_NEAR_UNBROKEN_PIVOT|WEAK_RS,752,NYSE:LEA,https://www.tradingview.com/chart/?symbol=NYSE%3ALEA
XIFR,2026-10-07,10.36,65.34,COMPRESSED,INSIDE_COIL,NONE,1.59,9.92,57.94,69.84,False,False,1.98,False,10.78,10.13,0.915,2.82,14.86,-11.6,-16.05,-8.21,2.08,5.23,425,9743359.22,12.285,-15.67,13.25,-21.81,-20.1,19.0,False,BELOW_SMA50|NOT_NEAR_UNBROKEN_PIVOT|WEAK_RS,752,NYSE:XIFR,https://www.tradingview.com/chart/?symbol=NYSE%3AXIFR
ANNX,2026-10-07,4.01,65.3,COMPRESSED,INSIDE_COIL,NONE,39.68,32.54,13.49,11.11,False,False,39.29,False,4.38,3.63,1.06,6.37,18.7,-8.24,-27.75,-14.61,5.77,5.77,131,14296519.82,4.66,-13.95,6.615,-39.38,-36.14,4.0,False,BELOW_SMA50|NOT_NEAR_UNBROKEN_PIVOT|LOW_LIQUIDITY|WEAK_RS,752,NASDAQ:ANNX,https://www.tradingview.com/chart/?symbol=NASDAQ%3AANNX
TNET,2026-10-07,64.45,65.28,COMPRESSED,INSIDE_COIL,NONE,12.3,30.95,42.86,42.06,False,False,7.94,False,66.2713,61.5433,1.091,3.57,12.12,-2.91,13.92,-4.06,2.98,2.98,487,20728124.01,69.3569,-7.07,72.7411,-11.4,14.53,89.0,False,BELOW_SMA50|NOT_NEAR_UNBROKEN_PIVOT,752,NYSE:TNET,https://www.tradingview.com/chart/?symbol=NYSE%3ATNET
SBET,2026-10-07,8.95,65.26,COMPRESSED,RANGE_EXIT_CONFIRMED,DOWN_EXPANSION_CONFIRMED,58.33,32.14,27.38,8.73,False,True,19.05,False,10.27,9.23,1.478,6.46,28.94,4.8,50.42,10.78,6.84,6.84,306,79411818.52,10.4,-13.94,9.06,-1.21,64.58,99.0,False,ALREADY_EXPANDING|EXTENDED_60D_RUN|NOT_NEAR_UNBROKEN_PIVOT,752,NASDAQ:SBET,https://www.tradingview.com/chart/?symbol=NASDAQ%3ASBET
TOWN,2026-10-07,34.98,65.26,COMPRESSED,NEAR_LOWER_EDGE,NONE,3.57,17.86,36.51,57.14,False,False,30.56,False,36.54,35.07,1.104,1.75,7.75,-4.36,-1.42,-5.19,0.64,3.49,999,20131125.15,37.3802,-6.42,38.7298,-9.68,-4.55,60.0,False,BELOW_SMA50|NOT_NEAR_UNBROKEN_PIVOT|WEAK_RS,752,NASDAQ:TOWN,https://www.tradingview.com/chart/?symbol=NASDAQ%3ATOWN
MRSH,2026-10-07,173.66,65.2,COMPRESSED,RANGE_EXIT_CONFIRMED,UP_EXPANSION_CONFIRMED,10.71,36.9,44.84,28.97,False,False,13.1,False,172.7325,166.2702,2.603,2.11,8.14,-1.23,-1.34,-4.63,1.58,2.5,999,498349909.62,180.3978,-3.73,197.339,-12.0,-5.52,57.0,False,ALREADY_EXPANDING|BELOW_SMA50|WEAK_RS,752,NYSE:MRSH,https://www.tradingview.com/chart/?symbol=NYSE%3AMRSH
YSS,2026-10-07,7.38,65.15,COMPRESSED,RANGE_EXIT_CONFIRMED,DOWN_EXPANSION_CONFIRMED,23.38,18.01,25.81,29.41,False,True,66.67,False,10.04,7.96,1.509,9.97,38.48,-8.55,-65.29,-25.42,3.14,12.6,37,31442299.6,10.04,-26.49,44.54,-83.43,-67.79,0.0,False,ALREADY_EXPANDING|POST_GAP_COIL|BELOW_SMA50|NOT_NEAR_UNBROKEN_PIVOT|WEAK_RS,174,NYSE:YSS,https://www.tradingview.com/chart/?symbol=NYSE%3AYSS
BP,2026-10-07,44.51,65.14,COMPRESSED,INSIDE_COIL,NONE,27.78,57.94,25.79,10.71,False,False,6.35,False,45.55,43.35,1.133,2.38,10.27,-2.56,8.83,1.6,2.41,4.01,999,420429656.54,47.04,-5.38,46.7637,-4.82,13.23,88.0,False,NOT_NEAR_UNBROKEN_PIVOT,752,NYSE:BP,https://www.tradingview.com/chart/?symbol=NYSE%3ABP
GLOP-PC,2026-10-07,25.5,65.14,COMPRESSED,NEAR_UPPER_EDGE,NONE,28.97,34.13,21.03,21.83,False,True,65.08,True,25.68,25.1,0.333,0.65,2.47,-0.08,1.62,0.84,1.22,1.62,999,52106.14,25.73,-0.89,25.66,-0.62,-2.03,67.0,False,LOW_LIQUIDITY|WEAK_RS,589,NYSE:GLOP.PC,https://www.tradingview.com/chart/?symbol=NYSE%3AGLOP.PC
APPS,2026-10-07,10.63,65.12,COMPRESSED,INSIDE_COIL,NONE,46.03,51.59,13.89,19.05,False,False,11.51,True,12.28,10.3,0.566,7.79,19.0,-3.89,8.25,-5.45,4.86,25.66,44,34706061.39,12.3,-13.58,15.34,-30.7,-8.82,48.0,False,POST_GAP_COIL|BELOW_SMA50|NOT_NEAR_UNBROKEN_PIVOT|WEAK_RS,752,NASDAQ:APPS,https://www.tradingview.com/chart/?symbol=NASDAQ%3AAPPS
KMPR,2026-10-07,26.25,65.12,COMPRESSED,NEAR_UPPER_EDGE,NONE,18.25,33.33,36.51,32.94,False,False,15.48,False,26.28,24.84,0.707,3.37,13.87,-3.6,-7.26,-3.18,2.72,2.72,105,23288074.8,28.48,-7.83,33.8644,-22.48,-12.25,37.0,False,BELOW_SMA50|NOT_NEAR_UNBROKEN_PIVOT|WEAK_RS,752,NYSE:KMPR,https://www.tradingview.com/chart/?symbol=NYSE%3AKMPR
ECVT,2026-10-07,10.31,65.12,COMPRESSED,INSIDE_COIL,NONE,50.4,8.73,38.1,13.1,False,False,36.51,True,10.56,9.56,0.644,2.67,13.24,0.59,-15.35,-1.34,2.61,4.31,999,13431381.57,10.925,-5.63,15.085,-31.65,-17.01,25.0,False,NOT_NEAR_UNBROKEN_PIVOT|WEAK_RS,752,NYSE:ECVT,https://www.tradingview.com/chart/?symbol=NYSE%3AECVT
PRAX,2026-10-07,278.02,65.12,COMPRESSED,INSIDE_COIL,NONE,9.92,17.06,57.54,50.79,False,False,2.38,False,304.935,272.17,0.94,5.58,27.6,-19.48,-15.16,-16.05,2.08,9.79,194,143606918.36,360.61,-22.9,392.7,-29.2,-20.19,18.0,False,BELOW_SMA50|NOT_NEAR_UNBROKEN_PIVOT|WEAK_RS,752,NASDAQ:PRAX,https://www.tradingview.com/chart/?symbol=NASDAQ%3APRAX
MDGL,2026-10-07,487.72,65.06,COMPRESSED,NEAR_LOWER_EDGE,NONE,0.4,6.35,38.49,68.25,False,False,37.7,False,526.0,478.71,1.132,3.46,13.91,-10.78,-9.15,-6.23,1.06,7.56,295,125842621.56,549.97,-11.32,569.44,-14.35,-16.56,26.0,False,BELOW_SMA50|NOT_NEAR_UNBROKEN_PIVOT|WEAK_RS,752,NASDAQ:MDGL,https://www.tradingview.com/chart/?symbol=NASDAQ%3AMDGL
NXPI,2026-10-07,235.22,65.06,COMPRESSED,INSIDE_COIL,NONE,42.06,21.83,29.37,41.27,False,True,20.63,False,248.86,229.36,2.493,3.2,13.69,5.8,-16.77,2.07,4.17,4.17,111,769004851.72,248.86,-5.48,337.283,-30.26,-22.33,16.0,False,NOT_NEAR_UNBROKEN_PIVOT|WEAK_RS,752,NASDAQ:NXPI,https://www.tradingview.com/chart/?symbol=NASDAQ%3ANXPI
CECO,2026-10-07,71.16,65.04,COMPRESSED,INSIDE_COIL,NONE,44.84,47.22,11.9,9.92,False,False,17.86,False,76.55,68.24,1.881,5.38,17.58,-9.12,-14.11,-1.6,5.11,7.46,236,52389008.63,79.91,-10.95,101.24,-29.71,-19.26,20.0,False,NOT_NEAR_UNBROKEN_PIVOT|WEAK_RS,752,NASDAQ:CECO,https://www.tradingview.com/chart/?symbol=NASDAQ%3ACECO
CRUS,2026-10-07,112.68,65.02,COMPRESSED,RANGE_EXIT_CONFIRMED,DOWN_EXPANSION_CONFIRMED,64.29,30.56,5.95,0.79,False,False,31.35,False,123.0,116.94,2.352,3.21,14.18,1.77,-17.97,-5.25,2.37,5.62,419,96791400.43,124.75,-9.68,180.42,-37.55,-28.49,9.0,False,ALREADY_EXPANDING|BELOW_SMA50|NOT_NEAR_UNBROKEN_PIVOT|WEAK_RS,752,NASDAQ:CRUS,https://www.tradingview.com/chart/?symbol=NASDAQ%3ACRUS
EVRG,2026-10-07,80.3,65.0,COMPRESSED,NEAR_UPPER_EDGE,NONE,6.75,21.83,48.41,35.71,False,False,41.67,True,80.4,77.11,0.737,1.46,6.25,-1.13,-6.34,-0.98,0.74,2.03,999,192038592.49,82.51,-2.68,87.8862,-8.63,-8.7,49.0,False,WEAK_RS,752,NASDAQ:EVRG,https://www.tradingview.com/chart/?symbol=NASDAQ%3AEVRG
HEI-A,2026-10-07,221.29,64.96,COMPRESSED,NEAR_LOWER_EDGE,NONE,46.43,44.44,12.3,13.89,False,False,15.48,False,235.02,221.21,1.036,2.69,9.31,-4.81,-11.38,-9.77,1.5,3.29,999,77570611.18,239.53,-7.61,275.03,-19.54,-16.28,26.0,False,BELOW_SMA50|NOT_NEAR_UNBROKEN_PIVOT|WEAK_RS,752,NYSE:HEI.A,https://www.tradingview.com/chart/?symbol=NYSE%3AHEI.A
CNOB,2026-10-07,29.96,64.9,COMPRESSED,INSIDE_COIL,NONE,4.37,14.68,43.65,54.76,False,False,28.97,False,31.27,29.35,1.2,2.02,9.28,-5.16,-7.02,-5.88,1.74,7.03,738,12689230.0,32.13,-6.75,33.9404,-11.73,-9.65,46.0,False,BELOW_SMA50|NOT_NEAR_UNBROKEN_PIVOT|WEAK_RS,752,NASDAQ:CNOB,https://www.tradingview.com/chart/?symbol=NASDAQ%3ACNOB
OSW,2026-10-07,23.3,64.9,COMPRESSED,NEAR_UPPER_EDGE,NONE,21.83,22.62,32.54,50.4,False,False,14.29,False,23.76,22.01,0.789,3.08,10.13,4.06,-11.94,-3.9,1.95,3.43,410,20625918.64,23.76,-1.94,29.1921,-20.18,-15.66,28.0,False,BELOW_SMA50|WEAK_RS,752,NASDAQ:OSW,https://www.tradingview.com/chart/?symbol=NASDAQ%3AOSW
EQNR,2026-10-07,41.61,64.86,COMPRESSED,NEAR_LOWER_EDGE,NONE,21.43,46.43,26.59,22.22,False,False,19.44,False,44.1,40.96,1.602,2.71,11.73,-8.0,16.09,-1.09,3.1,6.82,126,169031458.64,45.84,-9.23,44.33,-6.14,19.88,92.0,False,NOT_NEAR_UNBROKEN_PIVOT,752,NYSE:EQNR,https://www.tradingview.com/chart/?symbol=NYSE%3AEQNR
GOLD,2026-10-07,40.68,64.86,COMPRESSED,RANGE_EXIT_CONFIRMED,DOWN_EXPANSION_CONFIRMED,16.27,28.57,49.6,65.08,True,False,9.92,False,44.29,41.325,1.237,4.22,20.82,-15.41,6.8,-6.42,2.78,5.06,478,24663895.17,48.8325,-16.69,48.3342,-15.84,-3.61,62.0,False,ALREADY_EXPANDING|BELOW_SMA50|NOT_NEAR_UNBROKEN_PIVOT|WEAK_RS,752,NYSE:GOLD,https://www.tradingview.com/chart/?symbol=NYSE%3AGOLD
OUST,2026-10-07,41.67,64.86,COMPRESSED,INSIDE_COIL,NONE,13.89,10.71,50.79,57.94,False,False,9.13,False,46.09,37.93,1.512,6.63,33.24,14.98,-0.71,5.58,5.99,8.4,79,96183957.9,46.09,-9.59,63.79,-34.68,-15.98,27.0,False,NOT_NEAR_UNBROKEN_PIVOT|WEAK_RS,752,NASDAQ:OUST,https://www.tradingview.com/chart/?symbol=NASDAQ%3AOUST
ARIS,2026-10-07,17.03,64.82,COMPRESSED,NEAR_LOWER_EDGE,NONE,17.06,37.3,15.87,49.6,False,False,24.6,False,19.19,16.91,1.746,5.05,21.08,-15.4,17.21,-6.88,6.34,7.57,172,29768070.77,20.805,-18.14,21.83,-21.99,11.81,87.0,False,BELOW_SMA50|NOT_NEAR_UNBROKEN_PIVOT,752,NYSE:ARIS,https://www.tradingview.com/chart/?symbol=NYSE%3AARIS
GLIBK,2026-10-07,23.68,64.82,COMPRESSED,INSIDE_COIL,NONE,11.11,24.6,55.95,44.05,False,False,1.59,False,24.34,22.885,1.052,3.28,14.13,-6.92,9.94,-4.65,1.36,6.51,999,7823185.6,26.23,-9.72,37.735,-37.25,2.63,76.0,False,BELOW_SMA50|NOT_NEAR_UNBROKEN_PIVOT,313,NASDAQ:GLIBK,https://www.tradingview.com/chart/?symbol=NASDAQ%3AGLIBK
KSPI,2026-10-07,91.87,64.82,COMPRESSED,NEAR_LOWER_EDGE,NONE,13.49,27.78,36.11,57.14,False,False,7.54,False,96.8,90.59,1.168,3.02,11.3,-6.11,5.27,-5.12,1.2,2.5,999,55000783.69,106.3601,-13.62,107.5774,-14.6,2.32,76.0,False,BELOW_SMA50|NOT_NEAR_UNBROKEN_PIVOT,682,NASDAQ:KSPI,https://www.tradingview.com/chart/?symbol=NASDAQ%3AKSPI
AVTX,2026-10-07,13.58,64.82,COMPRESSED,INSIDE_COIL,NONE,10.32,25.0,32.54,67.86,False,True,42.86,True,16.49,13.23,0.8,6.98,36.12,-25.43,-26.28,-23.9,3.17,5.15,106,19050730.68,19.74,-31.21,24.27,-44.05,-35.58,4.0,False,BELOW_SMA50|NOT_NEAR_UNBROKEN_PIVOT|WEAK_RS,752,NASDAQ:AVTX,https://www.tradingview.com/chart/?symbol=NASDAQ%3AAVTX
COTY,2026-10-07,2.8,64.78,COMPRESSED,INSIDE_COIL,NONE,43.65,30.56,26.19,33.73,False,False,13.89,True,2.86,2.57,0.583,4.18,16.43,4.09,24.44,2.32,2.79,15.84,33,13614029.47,2.86,-2.1,3.09,-9.39,27.81,95.0,False,POST_GAP_COIL|LOW_LIQUIDITY,752,NYSE:COTY,https://www.tradingview.com/chart/?symbol=NYSE%3ACOTY
DNOW,2026-10-07,15.36,64.78,COMPRESSED,INSIDE_COIL,NONE,55.16,35.32,4.37,9.52,False,False,32.14,False,16.215,14.955,1.58,3.15,8.3,-4.83,17.07,-1.96,1.36,8.51,158,36133168.15,16.55,-7.19,17.2,-10.7,15.98,90.0,False,NOT_NEAR_UNBROKEN_PIVOT,752,NYSE:DNOW,https://www.tradingview.com/chart/?symbol=NYSE%3ADNOW
ETW,2026-10-07,9.49,64.78,COMPRESSED,NEAR_LOWER_EDGE,NONE,19.05,58.33,14.68,35.71,False,False,23.02,True,9.7,9.41,0.667,1.11,3.58,-2.0,0.27,-1.38,1.05,1.05,999,2574498.7,9.7727,-2.89,9.8819,-3.97,-2.97,64.0,False,LOW_LIQUIDITY|WEAK_RS,752,NYSE:ETW,https://www.tradingview.com/chart/?symbol=NYSE%3AETW
BIRK,2026-10-07,33.17,64.76,COMPRESSED,INSIDE_COIL,NONE,21.43,21.03,38.49,52.38,False,False,7.94,False,34.1,31.0,0.926,3.49,12.57,5.1,-25.23,-4.64,3.29,17.23,38,67198385.37,34.1,-2.73,50.73,-34.61,-30.46,7.0,False,POST_GAP_COIL|BELOW_SMA50|WEAK_RS,750,NYSE:BIRK,https://www.tradingview.com/chart/?symbol=NYSE%3ABIRK
TWFG,2026-10-07,25.03,64.75,COMPRESSED,NEAR_UPPER_EDGE,NONE,33.73,18.65,72.22,53.57,True,True,1.98,False,25.31,23.7,0.653,3.96,19.1,-7.12,-1.92,-7.86,1.25,2.5,999,4287256.53,28.61,-12.51,31.3,-20.03,-7.38,52.0,False,BELOW_SMA50|NOT_NEAR_UNBROKEN_PIVOT|LOW_LIQUIDITY|WEAK_RS,558,NASDAQ:TWFG,https://www.tradingview.com/chart/?symbol=NASDAQ%3ATWFG
FSBC,2026-10-07,42.35,64.74,COMPRESSED,NEAR_LOWER_EDGE,NONE,15.87,1.19,61.9,53.97,False,False,9.13,False,44.1,41.702,1.522,2.2,12.91,-7.73,-10.65,-6.66,1.33,7.34,999,9226444.7,47.17,-10.22,49.9937,-15.29,-15.52,28.0,False,BELOW_SMA50|NOT_NEAR_UNBROKEN_PIVOT|WEAK_RS,752,NASDAQ:FSBC,https://www.tradingview.com/chart/?symbol=NASDAQ%3AFSBC
CORZ,2026-10-07,15.94,64.68,COMPRESSED,INSIDE_COIL,NONE,17.86,34.13,17.46,33.73,False,False,42.46,False,19.115,15.51,1.159,6.23,22.62,-11.89,-27.84,-12.85,6.56,9.24,316,192952797.94,19.115,-16.61,30.46,-47.67,-36.51,4.0,False,BELOW_SMA50|NOT_NEAR_UNBROKEN_PIVOT|WEAK_RS,679,NASDAQ:CORZ,https://www.tradingview.com/chart/?symbol=NASDAQ%3ACORZ
AMRC,2026-10-07,21.93,64.66,COMPRESSED,INSIDE_COIL,NONE,28.57,28.57,35.32,36.51,False,False,9.13,False,24.09,20.18,1.079,5.86,20.38,-3.82,-12.28,-5.58,4.96,40.48,45,13389563.37,24.65,-11.03,37.14,-40.95,-18.15,23.0,False,POST_GAP_COIL|BELOW_SMA50|NOT_NEAR_UNBROKEN_PIVOT|WEAK_RS,752,NYSE:AMRC,https://www.tradingview.com/chart/?symbol=NYSE%3AAMRC
RBC,2026-10-07,500.73,64.65,COMPRESSED,NEAR_LOWER_EDGE,NONE,40.48,31.75,28.17,44.44,False,True,10.71,False,521.97,494.63,1.989,2.59,10.07,3.02,-14.87,-3.12,2.43,3.93,999,163563428.79,521.97,-4.07,667.69,-25.01,-19.58,20.0,False,BELOW_SMA50|WEAK_RS,752,NYSE:RBC,https://www.tradingview.com/chart/?symbol=NYSE%3ARBC
CON,2026-10-07,36.4,64.64,COMPRESSED,NEAR_UPPER_EDGE,NONE,38.49,19.05,24.21,35.71,False,False,37.7,True,36.83,34.052,0.408,2.51,7.63,6.5,18.01,5.9,1.98,12.21,42,38414404.88,36.83,-1.17,35.835,1.58,12.48,88.0,False,POST_GAP_COIL,553,NYSE:CON,https://www.tradingview.com/chart/?symbol=NYSE%3ACON
PDM,2026-10-07,9.09,64.6,COMPRESSED,INSIDE_COIL,NONE,50.4,17.86,39.68,50.0,False,True,8.73,True,9.32,8.73,0.762,2.61,10.45,-5.02,-4.82,-3.78,5.96,5.96,999,20691672.21,9.68,-6.1,10.13,-10.27,-6.22,55.0,False,BELOW_SMA50|NOT_NEAR_UNBROKEN_PIVOT|WEAK_RS,752,NYSE:PDM,https://www.tradingview.com/chart/?symbol=NYSE%3APDM
SGI,2026-10-07,61.76,64.58,COMPRESSED,INSIDE_COIL,NONE,26.59,36.51,26.19,28.97,False,False,21.43,False,64.65,60.08,1.191,3.53,14.18,-9.48,-14.31,-4.99,2.57,6.15,999,193339641.45,70.3,-12.15,85.9744,-28.16,-21.24,17.0,False,BELOW_SMA50|NOT_NEAR_UNBROKEN_PIVOT|WEAK_RS,752,NYSE:SGI,https://www.tradingview.com/chart/?symbol=NYSE%3ASGI
M,2026-10-07,22.79,64.56,COMPRESSED,INSIDE_COIL,NONE,39.29,41.67,19.44,14.29,False,False,21.43,False,23.63,22.1,2.597,3.65,17.67,6.86,-0.97,-0.73,5.86,5.86,275,161672977.4,23.63,-3.55,26.3639,-13.56,-2.3,66.0,False,WEAK_RS,752,NYSE:M,https://www.tradingview.com/chart/?symbol=NYSE%3AM
AVAL,2026-10-07,4.93,64.56,COMPRESSED,INSIDE_COIL,NONE,17.86,15.48,51.59,46.43,False,False,9.92,False,5.1221,4.73,1.563,3.15,14.42,-7.35,0.54,-4.88,3.17,4.37,999,719851.96,5.4409,-9.39,6.1247,-19.51,-4.51,60.0,False,BELOW_SMA50|NOT_NEAR_UNBROKEN_PIVOT|LOW_LIQUIDITY|WEAK_RS,752,NYSE:AVAL,https://www.tradingview.com/chart/?symbol=NYSE%3AAVAL
DMLP,2026-10-07,29.01,64.54,COMPRESSED,NEAR_UPPER_EDGE,NONE,37.3,21.43,27.78,27.78,False,False,26.59,False,29.6,27.94,1.079,2.07,8.96,-2.19,12.14,2.32,2.34,2.34,999,2796720.56,30.54,-5.01,29.66,-2.19,11.11,86.0,False,NOT_NEAR_UNBROKEN_PIVOT|LOW_LIQUIDITY,752,NASDAQ:DMLP,https://www.tradingview.com/chart/?symbol=NASDAQ%3ADMLP
CRK,2026-10-07,13.78,64.5,COMPRESSED,NEAR_UPPER_EDGE,NONE,40.08,19.84,54.37,9.52,False,False,21.43,True,13.95,12.21,0.441,4.54,23.08,-7.52,6.16,-0.13,2.32,9.63,999,34913857.9,15.39,-10.46,18.88,-27.01,-2.99,64.0,False,NOT_NEAR_UNBROKEN_PIVOT|WEAK_RS,752,NYSE:CRK,https://www.tradingview.com/chart/?symbol=NYSE%3ACRK
JCAP,2026-10-07,20.02,64.48,COMPRESSED,RANGE_EXIT_CONFIRMED,UP_EXPANSION_CONFIRMED,9.13,8.33,70.24,45.24,False,False,7.94,False,19.92,18.76,1.307,3.05,15.18,-7.1,7.88,-3.81,1.48,6.66,999,5461849.46,21.8,-8.17,24.1769,-17.19,5.63,80.0,False,ALREADY_EXPANDING|BELOW_SMA50|NOT_NEAR_UNBROKEN_PIVOT,323,NASDAQ:JCAP,https://www.tradingview.com/chart/?symbol=NASDAQ%3AJCAP
FROG,2026-10-07,98.15,64.48,COMPRESSED,INSIDE_COIL,NONE,20.24,30.95,15.08,42.06,False,False,39.68,False,100.38,85.025,0.812,4.9,15.64,12.4,7.66,8.01,2.74,15.91,42,140459677.64,100.38,-2.22,105.76,-7.2,-0.88,70.0,False,POST_GAP_COIL,752,NASDAQ:FROG,https://www.tradingview.com/chart/?symbol=NASDAQ%3AFROG
LOAR,2026-10-07,61.0,64.46,COMPRESSED,NEAR_LOWER_EDGE,NONE,8.33,45.24,15.48,40.48,False,False,37.7,False,66.31,60.18,1.075,4.13,12.3,-7.65,-14.58,-11.17,2.55,6.99,999,45280266.78,67.475,-9.6,82.49,-26.05,-20.16,19.0,False,BELOW_SMA50|NOT_NEAR_UNBROKEN_PIVOT|WEAK_RS,615,NYSE:LOAR,https://www.tradingview.com/chart/?symbol=NYSE%3ALOAR
LMT,2026-10-07,499.22,64.44,COMPRESSED,NEAR_LOWER_EDGE,NONE,3.97,28.17,30.16,56.75,False,False,30.56,False,534.93,498.55,1.423,2.19,8.83,-4.81,-2.46,-9.21,0.6,5.96,999,605533980.23,543.59,-8.16,628.8482,-20.61,-6.73,54.0,False,BELOW_SMA50|NOT_NEAR_UNBROKEN_PIVOT|WEAK_RS,752,NYSE:LMT,https://www.tradingview.com/chart/?symbol=NYSE%3ALMT
AGI,2026-10-07,31.53,64.4,COMPRESSED,RANGE_EXIT_CONFIRMED,DOWN_EXPANSION_CONFIRMED,10.71,21.83,34.13,62.7,False,False,19.05,False,35.32,31.72,1.845,3.89,18.05,-14.53,7.47,-7.67,5.51,7.33,75,126740055.29,37.7491,-16.47,50.2844,-37.3,1.99,75.0,False,ALREADY_EXPANDING|BELOW_SMA50|NOT_NEAR_UNBROKEN_PIVOT,752,NYSE:AGI,https://www.tradingview.com/chart/?symbol=NYSE%3AAGI
FSS,2026-10-07,114.41,64.4,COMPRESSED,INSIDE_COIL,NONE,40.87,49.21,3.97,11.9,False,False,33.33,False,119.03,109.45,1.399,3.35,8.37,-2.59,-3.19,-3.98,2.38,8.04,111,54508100.34,119.03,-3.88,134.346,-14.84,-5.65,57.0,False,BELOW_SMA50|WEAK_RS,752,NYSE:FSS,https://www.tradingview.com/chart/?symbol=NYSE%3AFSS
CATY,2026-10-07,59.11,64.4,COMPRESSED,NEAR_LOWER_EDGE,NONE,9.92,20.24,36.51,44.44,False,False,37.3,False,61.92,58.29,1.367,1.9,8.27,-3.64,-3.12,-4.7,1.31,1.31,999,30921999.6,63.18,-6.44,64.8608,-8.87,-6.87,53.0,False,BELOW_SMA50|NOT_NEAR_UNBROKEN_PIVOT|WEAK_RS,752,NASDAQ:CATY,https://www.tradingview.com/chart/?symbol=NASDAQ%3ACATY
NRIX,2026-10-07,22.73,64.4,COMPRESSED,INSIDE_COIL,NONE,13.89,13.49,50.0,64.68,False,False,2.78,False,25.56,22.1,1.043,4.24,20.02,-13.44,-1.09,-9.92,2.54,2.75,84,37249173.06,26.695,-14.85,28.23,-19.48,-11.59,40.0,False,BELOW_SMA50|NOT_NEAR_UNBROKEN_PIVOT|WEAK_RS,752,NASDAQ:NRIX,https://www.tradingview.com/chart/?symbol=NASDAQ%3ANRIX
ONB,2026-10-07,24.42,64.37,COMPRESSED,NEAR_LOWER_EDGE,NONE,7.94,33.33,28.57,37.3,False,False,40.48,False,25.57,24.06,1.786,2.09,8.03,-3.9,-6.66,-5.17,0.93,1.25,999,124023430.81,26.02,-6.15,27.2073,-10.24,-9.81,46.0,False,BELOW_SMA50|NOT_NEAR_UNBROKEN_PIVOT|WEAK_RS,752,NASDAQ:ONB,https://www.tradingview.com/chart/?symbol=NASDAQ%3AONB
HAL,2026-10-07,31.75,64.35,COMPRESSED,NEAR_LOWER_EDGE,NONE,5.95,20.63,59.13,52.78,False,False,3.97,False,33.46,31.26,1.873,3.01,19.87,-14.49,-9.95,-6.37,1.26,5.07,999,345824944.83,37.8,-16.01,43.2048,-26.51,-10.16,44.0,False,BELOW_SMA50|NOT_NEAR_UNBROKEN_PIVOT|WEAK_RS,752,NYSE:HAL,https://www.tradingview.com/chart/?symbol=NYSE%3AHAL
WBTN,2026-10-07,9.8,64.35,COMPRESSED,RANGE_EXIT_CONFIRMED,DOWN_EXPANSION_CONFIRMED,28.57,26.98,14.68,33.73,False,False,43.65,False,11.23,10.15,1.432,4.82,16.88,-2.87,-13.73,-0.82,1.57,14.92,40,4982721.03,11.41,-14.11,13.865,-29.32,-17.69,24.0,False,ALREADY_EXPANDING|POST_GAP_COIL|NOT_NEAR_UNBROKEN_PIVOT|LOW_LIQUIDITY|WEAK_RS,572,NASDAQ:WBTN,https://www.tradingview.com/chart/?symbol=NASDAQ%3AWBTN
WSO-B,2026-10-07,310.9,64.35,COMPRESSED,NEAR_LOWER_EDGE,NONE,40.08,47.22,28.17,27.78,True,True,55.95,True,328.67,310.9,,0.56,5.72,-1.63,-18.55,-1.62,5.19,11.81,49,19096.05,328.67,-5.41,449.4839,-30.83,-22.2,16.0,False,POST_GAP_COIL|NOT_NEAR_UNBROKEN_PIVOT|LOW_LIQUIDITY|WEAK_RS,752,NYSE:WSO.B,https://www.tradingview.com/chart/?symbol=NYSE%3AWSO.B
QXO,2026-10-07,11.31,64.35,COMPRESSED,RANGE_EXIT_CONFIRMED,DOWN_EXPANSION_CONFIRMED,33.33,59.13,5.16,1.59,False,False,39.29,False,12.77,11.37,2.481,5.69,18.3,-11.01,-21.78,-14.44,4.44,4.44,549,263735826.89,13.19,-14.25,25.44,-55.54,-26.08,11.0,False,ALREADY_EXPANDING|BELOW_SMA50|NOT_NEAR_UNBROKEN_PIVOT|WEAK_RS,752,NYSE:QXO,https://www.tradingview.com/chart/?symbol=NYSE%3AQXO
ASB,2026-10-07,28.41,64.33,COMPRESSED,NEAR_LOWER_EDGE,NONE,1.59,23.02,49.6,50.79,False,False,21.43,False,29.56,27.99,1.423,1.99,9.54,-6.02,-6.76,-6.14,1.21,1.69,999,65045378.86,30.7,-7.46,32.2055,-11.79,-9.43,46.0,False,BELOW_SMA50|NOT_NEAR_UNBROKEN_PIVOT|WEAK_RS,752,NYSE:ASB,https://www.tradingview.com/chart/?symbol=NYSE%3AASB
APPN,2026-10-07,37.76,64.31,COMPRESSED,INSIDE_COIL,NONE,47.62,44.05,6.75,9.92,False,False,30.16,False,38.9,33.35,0.75,5.27,16.92,10.28,49.96,4.48,3.74,3.91,293,31358244.13,39.67,-4.81,44.06,-14.3,45.95,98.0,False,EXTENDED_60D_RUN,752,NASDAQ:APPN,https://www.tradingview.com/chart/?symbol=NASDAQ%3AAPPN
RIG,2026-10-07,5.39,64.29,COMPRESSED,INSIDE_COIL,NONE,63.89,13.1,26.59,28.57,False,False,4.76,False,5.61,5.12,1.059,3.99,15.4,-5.6,1.51,-3.31,2.28,5.84,259,233445529.63,5.95,-9.41,7.66,-29.63,1.21,73.0,False,BELOW_SMA50|NOT_NEAR_UNBROKEN_PIVOT,752,NYSE:RIG,https://www.tradingview.com/chart/?symbol=NYSE%3ARIG
SHW,2026-10-07,315.0,64.23,COMPRESSED,NEAR_LOWER_EDGE,NONE,21.03,50.0,3.97,21.03,False,False,50.79,False,336.54,313.26,1.346,2.48,8.07,-1.76,-3.89,-6.76,2.0,6.18,999,572931141.46,336.54,-6.4,371.3018,-15.16,-8.56,49.0,False,BELOW_SMA50|NOT_NEAR_UNBROKEN_PIVOT|WEAK_RS,752,NYSE:SHW,https://www.tradingview.com/chart/?symbol=NYSE%3ASHW
DFTX,2026-10-07,35.09,64.21,COMPRESSED,INSIDE_COIL,NONE,33.73,19.44,24.6,50.79,False,False,17.46,False,40.04,34.38,0.883,5.62,26.76,-7.63,-23.68,-13.82,11.93,16.13,17,97876951.88,43.77,-19.83,49.7,-29.4,-31.23,6.0,False,POST_GAP_COIL|BELOW_SMA50|NOT_NEAR_UNBROKEN_PIVOT|WEAK_RS,752,NASDAQ:DFTX,https://www.tradingview.com/chart/?symbol=NASDAQ%3ADFTX
XXI,2026-10-07,6.39,64.19,COMPRESSED,NEAR_LOWER_EDGE,NONE,46.03,26.59,57.94,25.79,False,True,5.56,True,7.13,6.41,0.653,6.33,30.2,13.5,20.34,12.06,10.33,10.33,12,16649110.88,7.13,-10.38,9.34,-31.58,18.76,92.0,False,POST_GAP_COIL|EXTENDED_FROM_SMA50|NOT_NEAR_UNBROKEN_PIVOT,540,NYSE:XXI,https://www.tradingview.com/chart/?symbol=NYSE%3AXXI
WIX,2026-10-07,72.97,64.17,COMPRESSED,INSIDE_COIL,NONE,22.62,50.79,19.44,26.98,True,False,54.76,False,85.0,67.495,1.154,6.18,24.5,-1.7,38.44,-2.69,3.2,7.72,101,81931216.41,85.37,-14.53,96.8,-24.62,44.54,98.0,False,EXTENDED_60D_RUN|NOT_NEAR_UNBROKEN_PIVOT,752,NASDAQ:WIX,https://www.tradingview.com/chart/?symbol=NASDAQ%3AWIX
ZWS,2026-10-07,46.48,64.17,COMPRESSED,NEAR_LOWER_EDGE,NONE,23.41,28.17,21.03,45.63,False,False,29.76,False,48.61,45.83,1.287,2.29,6.91,-0.32,-1.95,-3.94,1.76,10.4,49,43052650.41,48.61,-4.38,54.878,-15.3,-4.05,61.0,False,POST_GAP_COIL|BELOW_SMA50|WEAK_RS,752,NYSE:ZWS,https://www.tradingview.com/chart/?symbol=NYSE%3AZWS
VFC,2026-10-07,14.38,64.15,COMPRESSED,INSIDE_COIL,NONE,7.14,3.97,59.52,64.68,False,False,13.49,False,14.68,13.28,0.557,3.41,15.44,12.17,-13.13,3.24,3.04,12.11,49,119588939.41,14.68,-2.04,21.9977,-34.63,-16.05,27.0,False,POST_GAP_COIL|WEAK_RS,752,NYSE:VFC,https://www.tradingview.com/chart/?symbol=NYSE%3AVFC
SUI,2026-10-07,110.79,64.11,COMPRESSED,NEAR_LOWER_EDGE,NONE,42.46,8.33,37.3,45.63,False,False,9.52,False,113.5519,109.285,0.986,1.73,7.14,-3.56,-6.57,-5.39,0.73,3.12,999,131262245.14,117.195,-5.47,128.6671,-13.89,-9.4,47.0,False,BELOW_SMA50|NOT_NEAR_UNBROKEN_PIVOT|WEAK_RS,752,NYSE:SUI,https://www.tradingview.com/chart/?symbol=NYSE%3ASUI
SNDX,2026-10-07,17.03,64.11,COMPRESSED,NEAR_LOWER_EDGE,NONE,28.17,35.71,21.83,28.17,False,False,30.16,False,18.94,16.85,0.707,4.82,16.68,-14.16,-29.42,-10.83,1.45,9.28,295,33561031.25,20.205,-15.71,25.24,-32.53,-35.09,4.0,False,BELOW_SMA50|NOT_NEAR_UNBROKEN_PIVOT|WEAK_RS,752,NASDAQ:SNDX,https://www.tradingview.com/chart/?symbol=NASDAQ%3ASNDX
BETA,2026-10-07,20.26,64.1,COMPRESSED,NEAR_LOWER_EDGE,NONE,17.45,42.47,26.76,22.81,False,True,54.26,False,24.61,20.22,0.836,7.66,24.53,0.55,11.26,-8.31,3.9,12.16,39,82344229.72,24.61,-17.68,27.42,-26.11,17.45,91.0,False,POST_GAP_COIL|BELOW_SMA50|NOT_NEAR_UNBROKEN_PIVOT,232,NYSE:BETA,https://www.tradingview.com/chart/?symbol=NYSE%3ABETA
TTD,2026-10-07,12.09,64.07,COMPRESSED,INSIDE_COIL,NONE,13.49,16.67,78.17,73.02,True,True,8.73,False,13.171,11.74,1.508,4.36,30.48,-12.9,-36.17,-14.62,2.59,27.16,42,340807857.96,15.305,-21.01,24.87,-51.39,-42.44,2.0,False,POST_GAP_COIL|BELOW_SMA50|NOT_NEAR_UNBROKEN_PIVOT|WEAK_RS,752,NASDAQ:TTD,https://www.tradingview.com/chart/?symbol=NASDAQ%3ATTD
DAO,2026-10-07,16.36,64.05,COMPRESSED,INSIDE_COIL,NONE,13.89,13.89,38.1,57.14,False,True,48.02,False,16.92,14.21,0.612,4.77,22.19,12.05,17.28,2.39,5.61,5.61,350,636195.75,16.92,-3.31,18.94,-13.62,11.8,87.0,False,LOW_LIQUIDITY,752,NYSE:DAO,https://www.tradingview.com/chart/?symbol=NYSE%3ADAO
AERO,2026-10-07,16.33,64.05,COMPRESSED,INSIDE_COIL,NONE,68.57,20.28,18.96,7.08,False,False,22.17,False,16.73,14.72,1.4,4.65,13.17,3.88,4.35,6.29,2.96,2.96,999,5766119.45,16.73,-2.39,18.795,-13.12,-5.4,58.0,False,WEAK_RS,230,NYSE:AERO,https://www.tradingview.com/chart/?symbol=NYSE%3AAERO
SPH,2026-10-07,16.97,64.04,COMPRESSED,NEAR_UPPER_EDGE,NONE,28.57,17.86,40.08,19.84,False,False,51.19,True,17.24,16.25,0.559,1.87,7.66,-2.58,-5.84,-2.19,0.75,2.07,999,3716806.59,17.55,-3.3,20.1755,-15.89,-7.34,52.0,False,LOW_LIQUIDITY|WEAK_RS,752,NYSE:SPH,https://www.tradingview.com/chart/?symbol=NYSE%3ASPH
ECHO,2026-10-07,97.69,64.01,COMPRESSED,INSIDE_COIL,NONE,22.62,4.76,32.94,40.87,False,False,51.98,False,100.9,87.71,1.003,3.29,13.5,6.98,3.38,8.27,1.63,4.23,272,341490870.77,100.9,-3.18,147.25,-33.66,-3.93,61.0,False,WEAK_RS,752,NASDAQ:ECHO,https://www.tradingview.com/chart/?symbol=NASDAQ%3AECHO
AMTM,2026-10-07,18.51,63.95,COMPRESSED,INSIDE_COIL,NONE,9.13,14.29,38.1,45.63,False,False,46.03,False,20.06,17.72,1.007,3.48,14.48,-4.14,-9.66,-9.85,1.23,5.07,216,33939639.8,20.4,-9.26,28.54,-35.14,-16.75,26.0,False,BELOW_SMA50|NOT_NEAR_UNBROKEN_PIVOT|WEAK_RS,511,NYSE:AMTM,https://www.tradingview.com/chart/?symbol=NYSE%3AAMTM
LOGI,2026-10-07,102.18,63.91,COMPRESSED,INSIDE_COIL,NONE,56.75,30.95,17.46,19.84,False,False,13.89,False,106.77,98.4,1.113,2.69,9.86,5.26,3.27,1.9,4.93,8.44,379,70393886.11,106.77,-4.3,127.5409,-19.88,-1.48,68.0,False,WEAK_RS,752,NASDAQ:LOGI,https://www.tradingview.com/chart/?symbol=NASDAQ%3ALOGI
HIMX,2026-10-07,14.09,63.87,COMPRESSED,INSIDE_COIL,NONE,38.1,30.16,25.79,33.73,False,False,15.08,False,15.33,13.79,1.672,4.46,17.74,1.0,-0.21,0.71,6.45,6.45,105,14661905.53,15.33,-8.09,24.656,-42.85,-14.02,32.0,False,NOT_NEAR_UNBROKEN_PIVOT|WEAK_RS,752,NASDAQ:HIMX,https://www.tradingview.com/chart/?symbol=NASDAQ%3AHIMX
TTWO,2026-10-07,204.01,63.87,COMPRESSED,INSIDE_COIL,NONE,46.43,38.89,40.87,28.97,True,False,10.32,False,210.15,199.46,1.313,2.92,12.16,-3.38,-13.93,-8.9,1.37,2.71,999,505818165.76,224.26,-9.03,265.94,-23.29,-20.75,18.0,False,BELOW_SMA50|NOT_NEAR_UNBROKEN_PIVOT|WEAK_RS,752,NASDAQ:TTWO,https://www.tradingview.com/chart/?symbol=NASDAQ%3ATTWO
ATS,2026-10-07,17.75,63.87,COMPRESSED,RANGE_EXIT_CONFIRMED,DOWN_EXPANSION_CONFIRMED,1.98,22.22,31.75,60.32,False,False,39.29,False,19.4,17.77,1.625,3.14,11.44,-8.32,-34.67,-12.37,2.55,12.09,43,4860474.49,19.63,-9.58,35.82,-50.45,-39.66,3.0,False,ALREADY_EXPANDING|POST_GAP_COIL|BELOW_SMA50|NOT_NEAR_UNBROKEN_PIVOT|LOW_LIQUIDITY|WEAK_RS,752,NYSE:ATS,https://www.tradingview.com/chart/?symbol=NYSE%3AATS
BTE,2026-10-07,4.58,63.85,COMPRESSED,INSIDE_COIL,NONE,6.75,22.22,63.1,47.62,False,False,3.97,False,4.77,4.4,1.313,3.65,17.47,-7.92,8.36,-1.11,2.87,5.63,999,87317196.55,5.2,-11.92,5.3245,-13.98,9.8,85.0,False,NOT_NEAR_UNBROKEN_PIVOT|LOW_LIQUIDITY,752,NYSE:BTE,https://www.tradingview.com/chart/?symbol=NYSE%3ABTE
CLS,2026-10-07,371.57,63.85,COMPRESSED,INSIDE_COIL,NONE,7.14,5.56,60.32,75.4,False,False,1.59,False,393.72,349.52,1.146,5.2,21.72,11.38,7.69,11.39,6.75,14.27,43,745582265.46,393.72,-5.63,474.03,-21.61,1.08,73.0,False,POST_GAP_COIL|NOT_NEAR_UNBROKEN_PIVOT,752,NYSE:CLS,https://www.tradingview.com/chart/?symbol=NYSE%3ACLS
BEPC,2026-10-07,29.51,63.85,COMPRESSED,INSIDE_COIL,NONE,45.24,14.68,41.67,26.59,False,False,12.3,False,30.24,27.57,0.849,2.74,13.42,-6.58,-13.49,-6.17,1.64,1.69,999,56281307.61,32.69,-9.73,43.1949,-31.68,-19.6,20.0,False,BELOW_SMA50|NOT_NEAR_UNBROKEN_PIVOT|WEAK_RS,752,NYSE:BEPC,https://www.tradingview.com/chart/?symbol=NYSE%3ABEPC
COMP,2026-10-07,9.19,63.83,COMPRESSED,INSIDE_COIL,NONE,10.32,38.89,42.06,43.25,False,False,9.52,False,9.66,8.585,0.787,5.14,25.3,-13.95,-21.32,-15.95,3.39,6.25,106,168444234.53,10.91,-15.77,13.6,-32.43,-26.55,11.0,False,BELOW_SMA50|NOT_NEAR_UNBROKEN_PIVOT|WEAK_RS,752,NYSE:COMP,https://www.tradingview.com/chart/?symbol=NYSE%3ACOMP
ETOR,2026-10-07,25.3,63.81,COMPRESSED,NEAR_LOWER_EDGE,NONE,4.76,9.52,61.9,67.86,False,False,5.16,False,28.09,25.15,1.82,4.08,23.18,-17.32,-33.67,-15.91,5.06,9.44,161,29890313.03,31.08,-18.6,43.315,-41.59,-40.08,3.0,False,BELOW_SMA50|NOT_NEAR_UNBROKEN_PIVOT|WEAK_RS,353,NASDAQ:ETOR,https://www.tradingview.com/chart/?symbol=NASDAQ%3AETOR
OPEN,2026-10-07,2.27,63.81,COMPRESSED,NEAR_LOWER_EDGE,NONE,7.94,6.35,36.9,66.67,False,False,39.68,False,2.75,2.25,1.308,6.59,33.92,-24.33,-50.11,-26.7,4.58,6.88,158,83691238.4,3.08,-26.3,6.0,-62.17,-60.82,0.0,False,BELOW_SMA50|NOT_NEAR_UNBROKEN_PIVOT|LOW_LIQUIDITY|WEAK_RS,752,NASDAQ:OPEN,https://www.tradingview.com/chart/?symbol=NASDAQ%3AOPEN
CUBI,2026-10-07,74.15,63.77,COMPRESSED,INSIDE_COIL,NONE,0.79,13.49,38.89,59.92,False,False,44.05,False,78.01,71.57,0.844,2.4,11.87,-5.13,-2.81,-5.92,1.42,1.42,999,24097224.94,80.37,-7.74,84.38,-12.12,-6.19,56.0,False,BELOW_SMA50|NOT_NEAR_UNBROKEN_PIVOT|WEAK_RS,752,NYSE:CUBI,https://www.tradingview.com/chart/?symbol=NYSE%3ACUBI
EXP,2026-10-07,167.5,63.71,COMPRESSED,NEAR_LOWER_EDGE,NONE,3.57,23.81,29.37,55.56,False,False,44.05,False,182.72,167.32,1.56,2.92,13.6,-10.27,-18.18,-13.17,1.86,2.31,596,85707347.06,189.4338,-11.58,245.1984,-31.69,-22.08,16.0,False,BELOW_SMA50|NOT_NEAR_UNBROKEN_PIVOT|WEAK_RS,752,NYSE:EXP,https://www.tradingview.com/chart/?symbol=NYSE%3AEXP
IQV,2026-10-07,258.11,63.67,COMPRESSED,NEAR_LOWER_EDGE,NONE,26.59,40.08,12.3,36.11,False,False,34.13,False,277.4,257.07,0.731,2.93,9.64,0.44,24.19,0.75,1.61,10.21,50,437102912.4,277.4,-6.95,271.8,-5.04,19.86,92.0,False,POST_GAP_COIL|NOT_NEAR_UNBROKEN_PIVOT,752,NYSE:IQV,https://www.tradingview.com/chart/?symbol=NYSE%3AIQV
FDX,2026-10-07,289.04,63.67,COMPRESSED,INSIDE_COIL,NONE,36.51,12.3,69.44,50.79,True,False,0.4,False,295.99,279.23,0.799,2.14,12.1,-6.15,-7.49,-7.1,1.98,1.98,388,472983950.18,314.2065,-8.01,342.7328,-15.67,-10.3,44.0,False,BELOW_SMA50|NOT_NEAR_UNBROKEN_PIVOT|WEAK_RS,752,NYSE:FDX,https://www.tradingview.com/chart/?symbol=NYSE%3AFDX
UCTT,2026-10-07,71.42,63.63,COMPRESSED,NEAR_LOWER_EDGE,NONE,21.83,43.25,32.54,23.41,False,False,22.22,False,82.57,71.39,0.72,6.41,24.92,-4.77,-31.17,-6.42,8.0,11.4,48,69442468.34,82.57,-13.5,144.22,-50.48,-36.39,4.0,False,POST_GAP_COIL|BELOW_SMA50|NOT_NEAR_UNBROKEN_PIVOT|WEAK_RS,752,NASDAQ:UCTT,https://www.tradingview.com/chart/?symbol=NASDAQ%3AUCTT
CE,2026-10-07,43.86,63.62,COMPRESSED,INSIDE_COIL,NONE,33.33,15.87,24.21,40.48,False,True,57.54,False,49.67,42.17,0.84,4.18,17.1,-1.33,-8.08,-3.0,1.16,2.91,290,89440106.87,49.67,-11.7,70.6522,-37.92,-9.55,46.0,False,NOT_NEAR_UNBROKEN_PIVOT|WEAK_RS,752,NYSE:CE,https://www.tradingview.com/chart/?symbol=NYSE%3ACE
FCEL,2026-10-07,18.37,63.61,COMPRESSED,INSIDE_COIL,NONE,24.6,34.13,23.81,34.52,False,False,31.35,False,21.06,15.75,1.932,9.14,34.57,10.86,-13.96,-0.42,8.55,10.42,24,106316760.88,21.06,-12.77,37.88,-51.5,-23.78,14.0,False,POST_GAP_COIL|NOT_NEAR_UNBROKEN_PIVOT|WEAK_RS,752,NASDAQ:FCEL,https://www.tradingview.com/chart/?symbol=NASDAQ%3AFCEL
PTEN,2026-10-07,11.23,63.57,COMPRESSED,INSIDE_COIL,NONE,8.73,30.16,57.54,37.7,False,False,9.92,False,11.78,10.46,1.061,4.35,26.09,-13.15,14.8,-2.19,2.86,6.32,126,92492998.1,13.39,-16.13,13.31,-15.63,16.77,91.0,False,NOT_NEAR_UNBROKEN_PIVOT,752,NASDAQ:PTEN,https://www.tradingview.com/chart/?symbol=NASDAQ%3APTEN
MOH,2026-10-07,194.82,63.57,COMPRESSED,NEAR_UPPER_EDGE,NONE,39.29,22.22,36.11,23.02,False,False,23.02,False,196.79,178.0,0.765,3.59,18.66,0.36,-19.35,-1.59,1.28,3.25,167,129509265.44,214.36,-9.12,244.89,-20.45,-19.71,19.0,False,NOT_NEAR_UNBROKEN_PIVOT|WEAK_RS,752,NYSE:MOH,https://www.tradingview.com/chart/?symbol=NYSE%3AMOH
WTS,2026-10-07,348.26,63.55,COMPRESSED,RANGE_EXIT_CONFIRMED,DOWN_EXPANSION_CONFIRMED,32.54,34.92,7.94,30.16,False,False,45.63,False,368.9,350.07,2.218,2.4,7.37,-2.25,-0.33,-3.93,1.67,5.62,999,71443430.17,368.9,-5.6,393.8604,-11.58,-3.4,63.0,False,ALREADY_EXPANDING|BELOW_SMA50|NOT_NEAR_UNBROKEN_PIVOT|WEAK_RS,752,NYSE:WTS,https://www.tradingview.com/chart/?symbol=NYSE%3AWTS
CVE,2026-10-07,30.63,63.53,COMPRESSED,NEAR_LOWER_EDGE,NONE,5.95,73.02,32.54,23.41,False,False,4.37,False,32.5,30.37,1.485,3.35,12.18,-8.02,11.87,-2.26,2.41,5.57,999,248064527.68,34.1,-10.18,33.6395,-8.95,14.81,89.0,False,NOT_NEAR_UNBROKEN_PIVOT,752,NYSE:CVE,https://www.tradingview.com/chart/?symbol=NYSE%3ACVE
SHAZ,2026-10-07,45.12,63.51,COMPRESSED,NEAR_LOWER_EDGE,NONE,17.02,34.46,11.97,62.42,False,False,29.61,False,62.48,46.5,0.963,9.98,43.2,-20.49,-36.68,-19.96,7.57,13.37,48,75494998.75,64.0,-29.5,97.48,-53.71,-47.25,1.0,False,POST_GAP_COIL|BELOW_SMA50|NOT_NEAR_UNBROKEN_PIVOT|WEAK_RS,161,NASDAQ:SHAZ,https://www.tradingview.com/chart/?symbol=NASDAQ%3ASHAZ
PPTA,2026-10-07,19.99,63.47,COMPRESSED,NEAR_LOWER_EDGE,NONE,2.78,18.25,23.81,71.03,False,False,46.03,False,24.05,19.68,1.482,5.46,27.26,-19.26,5.27,-14.22,5.39,7.18,331,20878194.68,25.606,-21.93,34.15,-41.46,-2.69,65.0,False,BELOW_SMA50|NOT_NEAR_UNBROKEN_PIVOT|WEAK_RS,752,NASDAQ:PPTA,https://www.tradingview.com/chart/?symbol=NASDAQ%3APPTA
CENX,2026-10-07,36.03,63.47,COMPRESSED,INSIDE_COIL,NONE,5.16,11.11,64.29,66.67,False,False,2.78,False,39.48,35.04,1.482,4.78,32.89,-24.45,-21.81,-16.84,3.88,4.93,132,72532043.1,49.77,-27.61,70.43,-48.84,-23.78,14.0,False,BELOW_SMA50|NOT_NEAR_UNBROKEN_PIVOT|WEAK_RS,752,NASDAQ:CENX,https://www.tradingview.com/chart/?symbol=NASDAQ%3ACENX
PONY,2026-10-07,6.07,63.43,COMPRESSED,NEAR_LOWER_EDGE,NONE,1.19,9.52,24.21,63.1,False,False,67.46,False,7.46,5.97,0.704,5.35,25.04,-10.21,-12.66,-16.73,3.27,5.64,93,27737729.07,7.46,-18.63,11.94,-49.16,-13.46,34.0,False,BELOW_SMA50|NOT_NEAR_UNBROKEN_PIVOT|WEAK_RS,465,NASDAQ:PONY,https://www.tradingview.com/chart/?symbol=NASDAQ%3APONY
NVMI,2026-10-07,377.77,63.42,COMPRESSED,INSIDE_COIL,NONE,24.6,7.14,52.78,64.68,False,True,19.84,False,402.05,356.36,1.921,3.71,19.19,1.05,-20.22,0.41,6.64,6.64,229,177282617.12,402.05,-6.04,615.99,-38.67,-23.95,14.0,False,NOT_NEAR_UNBROKEN_PIVOT|WEAK_RS,752,NASDAQ:NVMI,https://www.tradingview.com/chart/?symbol=NASDAQ%3ANVMI
FFIN,2026-10-07,31.39,63.41,COMPRESSED,NEAR_LOWER_EDGE,NONE,8.33,20.63,50.4,49.21,False,False,22.22,False,32.59,31.05,1.014,2.0,8.51,-3.34,-8.78,-5.91,1.62,1.62,999,28691461.36,33.72,-6.91,36.2777,-13.47,-12.4,37.0,False,BELOW_SMA50|NOT_NEAR_UNBROKEN_PIVOT|WEAK_RS,752,NASDAQ:FFIN,https://www.tradingview.com/chart/?symbol=NASDAQ%3AFFIN
ADX,2026-10-07,26.04,63.37,COMPRESSED,NEAR_UPPER_EDGE,NONE,62.7,22.62,22.22,20.63,False,False,13.49,False,26.29,25.55,1.331,1.15,4.15,0.5,1.7,0.59,1.01,1.37,999,6248405.36,26.29,-0.95,26.56,-1.96,-1.21,69.0,False,WEAK_RS,752,NYSE:ADX,https://www.tradingview.com/chart/?symbol=NYSE%3AADX
ESE,2026-10-07,256.9,63.37,COMPRESSED,RANGE_EXIT_CONFIRMED,DOWN_EXPANSION_CONFIRMED,27.78,40.08,15.87,15.87,False,False,50.0,False,276.72,258.2021,2.061,3.34,10.45,-5.14,-21.04,-8.99,2.27,6.09,999,73904067.56,278.9158,-7.89,361.9555,-29.02,-26.09,11.0,False,ALREADY_EXPANDING|BELOW_SMA50|NOT_NEAR_UNBROKEN_PIVOT|WEAK_RS,752,NYSE:ESE,https://www.tradingview.com/chart/?symbol=NYSE%3AESE
VRSN,2026-10-07,294.22,63.35,COMPRESSED,INSIDE_COIL,NONE,22.62,20.24,36.51,28.97,False,False,42.86,False,301.91,275.23,0.885,2.41,11.82,2.54,9.76,1.49,2.28,2.98,999,242234479.44,310.0,-5.09,311.5654,-5.57,5.65,80.0,False,NOT_NEAR_UNBROKEN_PIVOT,752,NASDAQ:VRSN,https://www.tradingview.com/chart/?symbol=NASDAQ%3AVRSN
TRV,2026-10-07,360.61,63.35,COMPRESSED,NEAR_LOWER_EDGE,NONE,25.79,17.86,55.95,43.25,False,False,1.59,False,368.22,353.79,1.651,1.74,8.37,-1.36,7.43,-2.27,2.08,2.08,999,482293492.26,383.99,-6.09,397.3415,-9.24,3.57,77.0,False,NOT_NEAR_UNBROKEN_PIVOT,752,NYSE:TRV,https://www.tradingview.com/chart/?symbol=NYSE%3ATRV
AMPL,2026-10-07,14.76,63.27,COMPRESSED,INSIDE_COIL,NONE,15.48,14.29,28.57,53.97,False,False,46.43,False,15.13,12.66,1.06,4.38,21.78,19.13,52.32,15.3,2.42,3.15,105,24019094.73,15.13,-2.45,14.76,0.0,53.71,99.0,False,RECENT_SURGE|EXTENDED_60D_RUN|EXTENDED_FROM_SMA50,752,NASDAQ:AMPL,https://www.tradingview.com/chart/?symbol=NASDAQ%3AAMPL
TGB,2026-10-07,8.52,63.27,COMPRESSED,INSIDE_COIL,NONE,57.94,44.44,19.05,10.32,False,False,5.95,False,9.2,8.24,0.951,5.58,21.48,-4.59,6.9,0.05,6.27,6.27,999,44427374.66,9.38,-9.17,9.82,-13.24,18.06,91.0,False,NOT_NEAR_UNBROKEN_PIVOT,752,AMEX:TGB,https://www.tradingview.com/chart/?symbol=AMEX%3ATGB
SNDA,2026-10-07,36.21,63.27,COMPRESSED,NEAR_LOWER_EDGE,NONE,3.57,40.48,34.52,56.75,False,False,16.67,False,38.83,36.68,1.09,3.46,13.37,-8.49,-9.52,-6.88,1.51,4.07,536,16278206.92,41.01,-11.7,44.39,-18.43,-14.46,30.0,False,BELOW_SMA50|NOT_NEAR_UNBROKEN_PIVOT|WEAK_RS,752,NYSE:SNDA,https://www.tradingview.com/chart/?symbol=NYSE%3ASNDA
RRX,2026-10-07,164.17,63.19,COMPRESSED,INSIDE_COIL,NONE,10.71,13.89,25.79,56.35,False,False,55.16,False,169.72,147.9271,1.288,3.65,14.66,3.09,-22.09,-1.21,3.84,12.3,44,183298323.28,169.72,-3.27,247.2436,-33.6,-24.57,13.0,False,POST_GAP_COIL|WEAK_RS,752,NYSE:RRX,https://www.tradingview.com/chart/?symbol=NYSE%3ARRX
ARES,2026-10-07,115.75,63.17,COMPRESSED,INSIDE_COIL,NONE,3.57,30.95,41.27,57.54,False,False,20.24,False,124.022,113.06,0.754,3.53,17.02,-12.95,-2.77,-12.05,3.14,3.48,999,277742844.64,136.8043,-15.39,148.3028,-21.95,-7.5,51.0,False,BELOW_SMA50|NOT_NEAR_UNBROKEN_PIVOT|WEAK_RS,752,NYSE:ARES,https://www.tradingview.com/chart/?symbol=NYSE%3AARES
HUBS,2026-10-07,220.27,63.16,COMPRESSED,INSIDE_COIL,NONE,38.89,30.95,23.41,25.0,False,True,49.6,False,233.49,190.03,0.838,5.79,28.46,-4.31,5.05,-4.45,6.43,22.79,43,388256408.97,252.715,-12.84,265.0,-16.88,3.3,77.0,False,POST_GAP_COIL|BELOW_SMA50|NOT_NEAR_UNBROKEN_PIVOT,752,NYSE:HUBS,https://www.tradingview.com/chart/?symbol=NYSE%3AHUBS
FBP,2026-10-07,26.45,63.06,COMPRESSED,INSIDE_COIL,NONE,7.14,37.7,41.67,38.49,False,False,25.79,False,27.31,25.86,1.157,1.98,9.72,-4.79,-0.3,-5.37,1.08,2.21,999,41155811.67,28.43,-6.96,29.6675,-10.85,-3.31,63.0,False,BELOW_SMA50|NOT_NEAR_UNBROKEN_PIVOT|WEAK_RS,752,NYSE:FBP,https://www.tradingview.com/chart/?symbol=NYSE%3AFBP
BKU,2026-10-07,42.26,63.06,COMPRESSED,INSIDE_COIL,NONE,4.76,13.89,48.81,49.6,False,False,40.08,False,44.26,41.31,1.215,2.16,11.29,-6.5,-11.87,-6.96,1.13,4.35,999,47486677.3,46.08,-8.29,50.651,-16.57,-15.42,28.0,False,BELOW_SMA50|NOT_NEAR_UNBROKEN_PIVOT|WEAK_RS,752,NYSE:BKU,https://www.tradingview.com/chart/?symbol=NYSE%3ABKU
IFS,2026-10-07,52.3,63.04,COMPRESSED,RANGE_EXIT_CONFIRMED,DOWN_EXPANSION_CONFIRMED,17.86,36.11,18.65,37.7,False,False,45.24,False,56.72,52.55,1.411,2.58,8.51,-4.27,-12.79,-5.77,1.66,1.66,999,12323771.93,56.72,-7.79,61.38,-14.79,-14.17,31.0,False,ALREADY_EXPANDING|BELOW_SMA50|NOT_NEAR_UNBROKEN_PIVOT|WEAK_RS,752,NYSE:IFS,https://www.tradingview.com/chart/?symbol=NYSE%3AIFS
VTMX,2026-10-07,33.63,63.02,COMPRESSED,NEAR_UPPER_EDGE,NONE,16.27,31.35,34.92,29.37,False,False,40.48,False,33.49,31.6,1.037,2.23,7.14,0.45,-2.15,-0.52,2.89,2.89,479,1992694.68,34.29,-1.92,36.5031,-7.87,-3.38,63.0,False,LOW_LIQUIDITY|WEAK_RS,752,NYSE:VTMX,https://www.tradingview.com/chart/?symbol=NYSE%3AVTMX
WBI,2026-10-07,29.31,63.02,COMPRESSED,INSIDE_COIL,NONE,12.6,18.25,65.18,45.63,False,True,26.19,False,30.57,27.34,1.132,4.18,23.68,-11.24,-18.18,-6.61,4.77,4.77,999,22488718.18,34.28,-14.5,36.8316,-20.42,-18.66,22.0,False,BELOW_SMA50|NOT_NEAR_UNBROKEN_PIVOT|WEAK_RS,266,NYSE:WBI,https://www.tradingview.com/chart/?symbol=NYSE%3AWBI
ORIC,2026-10-07,12.01,63.01,COMPRESSED,INSIDE_COIL,NONE,25.79,43.65,10.32,30.56,False,False,56.35,True,14.12,11.56,0.785,6.29,21.32,-3.92,13.84,-7.41,3.65,3.65,88,20132568.83,14.12,-14.94,14.68,-18.19,6.13,81.0,False,BELOW_SMA50|NOT_NEAR_UNBROKEN_PIVOT,752,NASDAQ:ORIC,https://www.tradingview.com/chart/?symbol=NASDAQ%3AORIC
DUK,2026-10-07,115.5,62.99,COMPRESSED,NEAR_UPPER_EDGE,NONE,8.73,6.35,79.37,56.75,False,False,10.71,True,116.01,112.4,0.707,1.33,7.67,-4.09,-7.8,-3.54,0.75,1.47,999,493433827.45,121.57,-4.99,131.8219,-12.38,-10.63,43.0,False,BELOW_SMA50|WEAK_RS,752,NYSE:DUK,https://www.tradingview.com/chart/?symbol=NYSE%3ADUK
SBGI,2026-10-07,13.05,62.98,COMPRESSED,NEAR_UPPER_EDGE,NONE,17.06,9.92,61.11,57.54,False,False,5.16,False,13.14,12.23,0.913,3.35,17.55,-3.69,-3.83,-4.25,1.53,4.31,290,6561515.59,14.52,-10.12,16.6438,-21.59,-12.31,37.0,False,BELOW_SMA50|NOT_NEAR_UNBROKEN_PIVOT|WEAK_RS,752,NASDAQ:SBGI,https://www.tradingview.com/chart/?symbol=NASDAQ%3ASBGI
CTRI,2026-10-07,20.76,62.98,COMPRESSED,INSIDE_COIL,NONE,28.57,24.6,33.73,46.43,False,False,17.86,False,21.53,19.72,1.188,3.7,12.04,2.98,-21.0,-3.73,2.53,10.09,45,38200838.47,21.53,-3.58,42.985,-51.7,-24.65,13.0,False,POST_GAP_COIL|BELOW_SMA50|WEAK_RS,619,NYSE:CTRI,https://www.tradingview.com/chart/?symbol=NYSE%3ACTRI
EQX,2026-10-07,10.95,62.94,COMPRESSED,NEAR_LOWER_EDGE,NONE,36.11,34.52,23.02,48.81,False,False,6.75,False,12.395,10.8,1.44,4.84,18.95,-14.79,15.5,-7.15,5.44,7.75,999,158464707.82,13.17,-16.86,15.9386,-31.3,9.0,84.0,False,BELOW_SMA50|NOT_NEAR_UNBROKEN_PIVOT,752,AMEX:EQX,https://www.tradingview.com/chart/?symbol=AMEX%3AEQX
SPXC,2026-10-07,170.62,62.94,COMPRESSED,INSIDE_COIL,NONE,28.97,28.17,38.89,37.3,False,False,15.08,False,180.49,166.17,1.329,3.6,15.13,-11.47,-21.74,-12.17,4.01,7.22,405,121433047.22,197.67,-13.68,251.08,-32.05,-24.89,13.0,False,BELOW_SMA50|NOT_NEAR_UNBROKEN_PIVOT|WEAK_RS,752,NYSE:SPXC,https://www.tradingview.com/chart/?symbol=NYSE%3ASPXC
CVX,2026-10-07,205.15,62.92,COMPRESSED,NEAR_UPPER_EDGE,NONE,40.48,56.75,29.37,23.02,False,True,8.73,False,208.69,201.96,1.389,2.06,8.29,-4.05,13.85,1.07,1.68,3.14,999,2007093402.32,217.78,-5.8,213.31,-3.83,15.25,90.0,False,NOT_NEAR_UNBROKEN_PIVOT,752,NYSE:CVX,https://www.tradingview.com/chart/?symbol=NYSE%3ACVX
CDP,2026-10-07,33.39,62.92,COMPRESSED,NEAR_LOWER_EDGE,NONE,32.14,47.22,32.54,27.38,False,False,3.97,False,34.08,32.84,1.0,1.98,8.49,-4.06,-7.78,-5.81,1.16,1.54,999,34889516.6,35.6738,-6.4,38.5369,-13.36,-11.11,41.0,False,BELOW_SMA50|NOT_NEAR_UNBROKEN_PIVOT|WEAK_RS,752,NYSE:CDP,https://www.tradingview.com/chart/?symbol=NYSE%3ACDP
BKR,2026-10-07,55.41,62.9,COMPRESSED,NEAR_LOWER_EDGE,NONE,65.48,51.98,9.52,12.7,False,True,18.65,False,58.44,54.35,1.435,3.02,16.84,-12.93,-3.75,-8.36,1.38,5.9,999,478388706.11,66.09,-16.16,69.9181,-20.75,-6.42,55.0,False,BELOW_SMA50|NOT_NEAR_UNBROKEN_PIVOT|WEAK_RS,752,NASDAQ:BKR,https://www.tradingview.com/chart/?symbol=NASDAQ%3ABKR
LGIH,2026-10-07,44.61,62.9,COMPRESSED,RANGE_EXIT_CONFIRMED,DOWN_EXPANSION_CONFIRMED,26.59,40.87,13.89,39.68,False,False,32.54,False,51.67,44.92,1.216,4.99,20.02,-14.54,-24.18,-17.03,4.26,6.17,999,15536810.24,53.72,-16.96,66.25,-32.66,-26.86,10.0,False,ALREADY_EXPANDING|BELOW_SMA50|NOT_NEAR_UNBROKEN_PIVOT|WEAK_RS,752,NASDAQ:LGIH,https://www.tradingview.com/chart/?symbol=NASDAQ%3ALGIH
SRPT,2026-10-07,17.5,62.84,COMPRESSED,INSIDE_COIL,NONE,22.62,36.11,45.24,69.44,True,False,6.35,False,20.76,17.04,1.131,5.71,28.8,-20.53,-2.56,-7.71,2.38,11.73,21,49302579.25,23.22,-24.63,23.62,-25.91,-18.37,22.0,False,POST_GAP_COIL|BELOW_SMA50|NOT_NEAR_UNBROKEN_PIVOT|WEAK_RS,752,NASDAQ:SRPT,https://www.tradingview.com/chart/?symbol=NASDAQ%3ASRPT
CWEN,2026-10-07,30.29,62.8,COMPRESSED,NEAR_UPPER_EDGE,NONE,38.1,33.73,31.75,23.41,False,False,19.84,False,30.73,28.57,1.029,2.66,11.29,-5.55,-10.74,-3.29,1.63,4.27,999,38033829.45,33.35,-9.18,41.1155,-26.33,-11.5,40.0,False,BELOW_SMA50|NOT_NEAR_UNBROKEN_PIVOT|WEAK_RS,752,NYSE:CWEN,https://www.tradingview.com/chart/?symbol=NYSE%3ACWEN
YUM,2026-10-07,140.35,62.79,COMPRESSED,NEAR_UPPER_EDGE,NONE,76.59,56.35,26.19,9.13,True,False,6.75,True,141.22,135.35,0.608,2.19,9.16,-3.31,-10.82,-3.63,1.44,6.64,999,332680753.66,148.64,-5.58,169.2865,-17.09,-16.79,25.0,False,BELOW_SMA50|NOT_NEAR_UNBROKEN_PIVOT|WEAK_RS,752,NYSE:YUM,https://www.tradingview.com/chart/?symbol=NYSE%3AYUM
INSP,2026-10-07,67.45,62.77,COMPRESSED,NEAR_LOWER_EDGE,NONE,40.87,39.29,23.41,26.59,False,False,30.16,True,75.305,67.99,0.483,5.06,21.91,1.46,37.23,4.91,3.2,22.86,45,72705280.82,78.8,-14.4,66.205,1.88,27.27,94.0,False,POST_GAP_COIL|EXTENDED_60D_RUN|NOT_NEAR_UNBROKEN_PIVOT,752,NYSE:INSP,https://www.tradingview.com/chart/?symbol=NYSE%3AINSP
SBLK,2026-10-07,29.69,62.77,COMPRESSED,INSIDE_COIL,NONE,30.16,59.13,26.19,29.76,False,False,11.11,True,31.19,28.94,0.396,3.03,12.53,-4.72,15.23,-0.32,1.86,5.51,999,60834397.28,32.66,-9.09,32.88,-9.7,14.61,89.0,False,NOT_NEAR_UNBROKEN_PIVOT,752,NASDAQ:SBLK,https://www.tradingview.com/chart/?symbol=NASDAQ%3ASBLK
KMB,2026-10-07,96.48,62.75,COMPRESSED,INSIDE_COIL,NONE,17.86,23.02,23.81,61.51,False,False,47.22,True,99.88,93.95,0.617,2.07,7.22,-2.25,-8.6,-6.87,1.63,1.94,232,451641144.89,101.0,-4.48,115.4348,-16.42,-14.83,29.0,False,BELOW_SMA50|WEAK_RS,752,NASDAQ:KMB,https://www.tradingview.com/chart/?symbol=NASDAQ%3AKMB
MEDP,2026-10-07,604.25,62.74,COMPRESSED,INSIDE_COIL,NONE,39.29,35.32,13.49,17.06,False,False,47.22,False,642.645,587.385,0.798,3.17,10.76,3.06,12.7,0.46,1.44,22.51,53,159981268.55,642.645,-5.97,677.9,-10.86,9.19,85.0,False,POST_GAP_COIL|NOT_NEAR_UNBROKEN_PIVOT,752,NASDAQ:MEDP,https://www.tradingview.com/chart/?symbol=NASDAQ%3AMEDP
BBIO,2026-10-07,66.5,62.72,COMPRESSED,INSIDE_COIL,NONE,46.83,30.56,36.11,27.38,False,False,3.17,False,70.0,64.36,0.594,3.65,16.75,-12.59,-20.92,-11.61,2.43,4.17,112,210756931.03,76.81,-13.42,93.415,-28.81,-29.9,8.0,False,BELOW_SMA50|NOT_NEAR_UNBROKEN_PIVOT|WEAK_RS,752,NASDAQ:BBIO,https://www.tradingview.com/chart/?symbol=NASDAQ%3ABBIO
MAN,2026-10-07,52.87,62.71,COMPRESSED,INSIDE_COIL,NONE,5.16,46.03,20.24,52.38,False,False,47.62,True,59.09,51.54,0.439,4.49,14.28,-6.79,34.94,-8.19,6.3,19.89,58,48332548.25,59.09,-10.53,63.88,-17.24,37.45,96.0,False,POST_GAP_COIL|EXTENDED_60D_RUN|BELOW_SMA50|NOT_NEAR_UNBROKEN_PIVOT,752,NYSE:MAN,https://www.tradingview.com/chart/?symbol=NYSE%3AMAN
BVS,2026-10-07,12.77,62.7,COMPRESSED,RANGE_EXIT_CONFIRMED,DOWN_EXPANSION_CONFIRMED,30.16,17.86,33.73,42.86,False,False,30.16,False,14.15,13.02,1.22,3.96,14.17,-6.31,10.47,-6.78,1.68,5.44,396,5957587.64,14.15,-9.75,15.893,-19.65,0.85,73.0,False,ALREADY_EXPANDING|BELOW_SMA50|NOT_NEAR_UNBROKEN_PIVOT,752,NASDAQ:BVS,https://www.tradingview.com/chart/?symbol=NASDAQ%3ABVS
MBLY,2026-10-07,7.15,62.66,COMPRESSED,NEAR_LOWER_EDGE,NONE,11.11,44.84,19.44,44.05,False,False,37.7,False,8.08,7.06,1.0,4.85,19.16,-11.73,-29.14,-13.36,3.43,7.18,115,48487853.53,8.54,-16.28,11.26,-36.5,-28.62,9.0,False,BELOW_SMA50|NOT_NEAR_UNBROKEN_PIVOT|WEAK_RS,752,NASDAQ:MBLY,https://www.tradingview.com/chart/?symbol=NASDAQ%3AMBLY
SIMO,2026-10-07,285.78,62.64,COMPRESSED,INSIDE_COIL,NONE,63.1,23.81,46.03,34.92,True,False,3.57,False,294.98,265.0,1.577,5.21,21.39,2.91,-7.15,10.53,5.81,23.99,48,195556639.37,294.98,-3.12,354.2804,-19.34,-15.34,29.0,False,POST_GAP_COIL|WEAK_RS,752,NASDAQ:SIMO,https://www.tradingview.com/chart/?symbol=NASDAQ%3ASIMO
WCN,2026-10-07,155.16,62.62,COMPRESSED,NEAR_UPPER_EDGE,NONE,13.1,39.29,26.19,46.43,False,False,31.35,False,157.87,149.39,0.929,1.86,8.81,-3.78,-8.3,-4.29,1.21,1.55,999,223074525.41,163.19,-4.92,176.334,-12.01,-12.26,37.0,False,BELOW_SMA50|WEAK_RS,752,NYSE:WCN,https://www.tradingview.com/chart/?symbol=NYSE%3AWCN
PNTG,2026-10-07,39.62,62.6,COMPRESSED,INSIDE_COIL,NONE,59.92,34.52,17.86,5.16,False,False,27.78,False,41.593,38.05,0.838,3.58,11.84,0.05,-0.35,0.89,1.5,2.47,999,17803796.67,42.74,-7.3,42.69,-7.19,-5.73,57.0,False,NOT_NEAR_UNBROKEN_PIVOT|WEAK_RS,752,NASDAQ:PNTG,https://www.tradingview.com/chart/?symbol=NASDAQ%3APNTG
CRC,2026-10-07,52.06,62.58,COMPRESSED,INSIDE_COIL,NONE,25.79,19.84,56.35,40.08,False,False,6.75,False,53.69,50.26,1.364,3.08,14.89,-8.18,0.26,-1.67,1.51,3.04,999,48331119.83,58.01,-10.26,69.4415,-25.03,-3.98,61.0,False,NOT_NEAR_UNBROKEN_PIVOT|WEAK_RS,752,NYSE:CRC,https://www.tradingview.com/chart/?symbol=NYSE%3ACRC
IPAR,2026-10-07,111.0,62.54,COMPRESSED,NEAR_LOWER_EDGE,NONE,52.78,31.75,27.78,9.13,False,False,24.21,False,119.75,110.4,0.868,3.05,10.41,0.16,-5.09,-4.14,2.2,4.06,554,26089323.31,119.75,-7.31,128.3669,-13.53,-9.23,47.0,False,BELOW_SMA50|NOT_NEAR_UNBROKEN_PIVOT|WEAK_RS,752,NASDAQ:IPAR,https://www.tradingview.com/chart/?symbol=NASDAQ%3AIPAR
VIK,2026-10-07,81.26,62.54,COMPRESSED,NEAR_UPPER_EDGE,NONE,28.97,40.48,46.83,42.06,False,True,5.95,False,82.75,77.13,1.547,3.29,13.13,-4.48,-16.78,-10.24,3.56,3.56,999,370554612.57,87.8,-7.45,110.09,-26.19,-23.36,15.0,False,BELOW_SMA50|NOT_NEAR_UNBROKEN_PIVOT|WEAK_RS,611,NYSE:VIK,https://www.tradingview.com/chart/?symbol=NYSE%3AVIK
SBCF,2026-10-07,31.87,62.52,COMPRESSED,INSIDE_COIL,NONE,7.94,12.7,57.54,54.37,False,False,24.6,False,33.23,31.23,1.209,2.13,10.61,-5.35,-2.83,-6.01,1.51,2.44,999,29025027.21,34.61,-7.92,36.0694,-11.64,-5.13,58.0,False,BELOW_SMA50|NOT_NEAR_UNBROKEN_PIVOT|WEAK_RS,752,NASDAQ:SBCF,https://www.tradingview.com/chart/?symbol=NASDAQ%3ASBCF
ESTC,2026-10-07,93.1,62.48,COMPRESSED,INSIDE_COIL,NONE,9.13,20.24,38.49,59.92,False,False,46.43,True,98.6,84.62,0.464,4.0,17.67,7.53,49.39,9.96,2.79,24.06,27,163431828.99,98.6,-5.58,108.0,-13.8,46.37,98.0,False,POST_GAP_COIL|EXTENDED_60D_RUN|NOT_NEAR_UNBROKEN_PIVOT,752,NYSE:ESTC,https://www.tradingview.com/chart/?symbol=NYSE%3AESTC
NMAX,2026-10-07,10.0,62.46,COMPRESSED,INSIDE_COIL,NONE,34.92,23.02,15.48,44.84,False,False,40.87,False,11.23,9.34,0.375,5.51,27.7,-5.84,20.34,-1.34,1.53,4.27,133,12944884.35,12.11,-17.42,11.78,-15.11,14.55,89.0,False,NOT_NEAR_UNBROKEN_PIVOT,383,NYSE:NMAX,https://www.tradingview.com/chart/?symbol=NYSE%3ANMAX
AFL,2026-10-07,112.74,62.46,COMPRESSED,INSIDE_COIL,NONE,2.78,18.25,43.65,56.35,False,False,54.37,True,116.19,110.0,0.667,1.57,7.18,-1.74,-7.16,-4.25,1.09,1.09,999,233521212.01,118.09,-4.53,129.5675,-12.99,-10.77,42.0,False,BELOW_SMA50|WEAK_RS,752,NYSE:AFL,https://www.tradingview.com/chart/?symbol=NYSE%3AAFL
RUSHA,2026-10-07,45.13,62.42,COMPRESSED,RANGE_EXIT_CONFIRMED,DOWN_EXPANSION_CONFIRMED,7.94,50.79,21.43,40.08,False,False,36.9,False,48.68,45.33,1.982,2.92,12.19,-8.53,-10.51,-10.58,1.84,1.84,999,34015037.68,50.29,-10.26,55.5833,-18.81,-11.84,39.0,False,ALREADY_EXPANDING|BELOW_SMA50|NOT_NEAR_UNBROKEN_PIVOT|WEAK_RS,752,NASDAQ:RUSHA,https://www.tradingview.com/chart/?symbol=NASDAQ%3ARUSHA
ELV,2026-10-07,404.31,62.4,COMPRESSED,NEAR_UPPER_EDGE,NONE,29.76,10.32,39.29,40.08,False,False,38.1,False,405.13,375.74,0.961,2.42,12.72,2.31,-4.85,1.76,3.09,7.97,369,492912304.28,427.17,-5.35,434.3495,-6.92,-7.06,53.0,False,NOT_NEAR_UNBROKEN_PIVOT|WEAK_RS,752,NYSE:ELV,https://www.tradingview.com/chart/?symbol=NYSE%3AELV
WHD,2026-10-07,63.1,62.34,COMPRESSED,INSIDE_COIL,NONE,20.63,42.46,28.17,36.9,False,False,25.79,False,66.91,60.928,1.133,3.4,15.09,-9.62,20.22,-6.55,1.39,8.05,999,49667903.01,71.03,-11.16,73.9105,-14.63,13.52,88.0,False,BELOW_SMA50|NOT_NEAR_UNBROKEN_PIVOT,752,NYSE:WHD,https://www.tradingview.com/chart/?symbol=NYSE%3AWHD
LPL,2026-10-07,2.95,62.3,COMPRESSED,INSIDE_COIL,NONE,48.81,40.48,21.83,10.71,False,False,25.79,False,3.15,2.87,1.9,3.92,15.59,-8.39,-15.95,-7.29,3.44,6.19,95,6986424.58,3.33,-11.41,5.83,-49.4,-23.49,15.0,False,BELOW_SMA50|NOT_NEAR_UNBROKEN_PIVOT|LOW_LIQUIDITY|WEAK_RS,752,NYSE:LPL,https://www.tradingview.com/chart/?symbol=NYSE%3ALPL
CLSK,2026-10-07,11.52,62.22,COMPRESSED,NEAR_LOWER_EDGE,NONE,2.38,25.79,27.38,54.37,False,False,56.75,False,15.22,12.09,1.042,7.55,33.33,-13.25,-14.35,-10.15,6.62,9.57,60,228450381.48,15.265,-24.53,19.17,-39.91,-14.28,31.0,False,BELOW_SMA50|NOT_NEAR_UNBROKEN_PIVOT|WEAK_RS,752,NASDAQ:CLSK,https://www.tradingview.com/chart/?symbol=NASDAQ%3ACLSK
EXLS,2026-10-07,35.51,62.2,COMPRESSED,INSIDE_COIL,NONE,44.44,30.95,15.87,28.97,False,False,48.02,True,37.39,34.05,0.448,2.78,9.41,1.6,29.98,-0.53,2.91,3.12,999,71775705.5,37.39,-5.03,38.86,-8.62,25.01,94.0,False,NOT_NEAR_UNBROKEN_PIVOT,752,NASDAQ:EXLS,https://www.tradingview.com/chart/?symbol=NASDAQ%3AEXLS
SEI,2026-10-07,76.46,62.2,COMPRESSED,INSIDE_COIL,NONE,35.32,1.19,38.49,58.73,False,False,26.59,False,80.28,64.23,1.074,5.36,25.91,13.21,10.23,24.78,6.72,12.45,21,181098937.53,80.28,-4.76,86.0208,-11.11,8.58,84.0,False,POST_GAP_COIL|EXTENDED_FROM_SMA50,752,NYSE:SEI,https://www.tradingview.com/chart/?symbol=NYSE%3ASEI
NOVT,2026-10-07,143.64,62.2,COMPRESSED,INSIDE_COIL,NONE,30.95,25.79,36.11,41.67,False,False,19.84,False,153.67,139.77,1.362,3.89,16.01,-1.45,-2.03,-2.66,2.92,10.7,43,52533127.84,153.67,-6.53,176.38,-18.56,-8.94,48.0,False,POST_GAP_COIL|NOT_NEAR_UNBROKEN_PIVOT|WEAK_RS,752,NASDAQ:NOVT,https://www.tradingview.com/chart/?symbol=NASDAQ%3ANOVT
ATEX,2026-10-07,81.18,62.2,COMPRESSED,INSIDE_COIL,NONE,42.86,50.0,16.67,26.19,False,False,13.1,False,86.5,77.56,1.091,5.43,15.21,-3.28,-23.25,-7.28,3.91,3.91,415,24143932.04,86.64,-6.3,113.0,-28.16,-27.68,9.0,False,BELOW_SMA50|NOT_NEAR_UNBROKEN_PIVOT|WEAK_RS,752,NASDAQ:ATEX,https://www.tradingview.com/chart/?symbol=NASDAQ%3AATEX
INDB,2026-10-07,78.21,62.18,COMPRESSED,INSIDE_COIL,NONE,9.52,21.83,51.19,44.05,False,False,31.35,False,81.0957,76.67,1.092,1.97,8.96,-4.23,-6.36,-4.61,1.36,7.42,999,32849849.77,83.6752,-6.53,86.8103,-9.91,-8.91,48.0,False,BELOW_SMA50|NOT_NEAR_UNBROKEN_PIVOT|WEAK_RS,752,NASDAQ:INDB,https://www.tradingview.com/chart/?symbol=NASDAQ%3AINDB
COUR,2026-10-07,5.11,62.14,COMPRESSED,INSIDE_COIL,NONE,32.94,30.95,23.02,23.81,False,False,46.03,False,5.29,4.531,0.723,4.71,17.79,-3.58,-10.51,-8.09,6.21,14.08,48,35646712.95,5.58,-8.42,6.675,-23.45,-13.53,34.0,False,POST_GAP_COIL|BELOW_SMA50|NOT_NEAR_UNBROKEN_PIVOT|WEAK_RS,752,NYSE:COUR,https://www.tradingview.com/chart/?symbol=NYSE%3ACOUR
CACI,2026-10-07,581.85,62.1,COMPRESSED,NEAR_LOWER_EDGE,NONE,33.73,41.67,12.3,18.25,False,False,50.79,False,639.88,597.41,1.148,3.36,12.18,-4.12,24.18,-5.45,2.52,6.66,999,168142573.01,646.12,-9.95,683.39,-14.86,16.74,91.0,False,BELOW_SMA50|NOT_NEAR_UNBROKEN_PIVOT,752,NYSE:CACI,https://www.tradingview.com/chart/?symbol=NYSE%3ACACI
IPGP,2026-10-07,80.89,62.04,COMPRESSED,INSIDE_COIL,NONE,21.03,27.78,18.65,61.11,False,False,35.32,False,86.42,74.56,2.08,4.04,14.72,0.75,-24.03,0.84,4.78,7.79,107,34431276.04,86.42,-6.4,135.0,-40.08,-28.77,9.0,False,NOT_NEAR_UNBROKEN_PIVOT|WEAK_RS,752,NASDAQ:IPGP,https://www.tradingview.com/chart/?symbol=NASDAQ%3AIPGP
EXPE,2026-10-07,258.86,62.03,COMPRESSED,INSIDE_COIL,NONE,18.65,62.3,37.3,46.03,False,True,2.78,False,278.0,253.16,0.856,4.33,16.1,-5.04,-2.65,-12.76,2.33,3.51,228,617800233.79,294.84,-12.2,341.5077,-24.2,-6.84,53.0,False,BELOW_SMA50|NOT_NEAR_UNBROKEN_PIVOT|WEAK_RS,752,NASDAQ:EXPE,https://www.tradingview.com/chart/?symbol=NASDAQ%3AEXPE
WEC,2026-10-07,103.18,62.02,COMPRESSED,NEAR_UPPER_EDGE,NONE,50.4,32.54,30.95,26.59,False,False,21.43,True,103.31,99.8,0.477,1.59,7.02,-2.8,-9.54,-2.37,0.68,1.33,999,300623921.77,107.43,-3.96,118.8738,-13.2,-13.06,35.0,False,WEAK_RS,752,NYSE:WEC,https://www.tradingview.com/chart/?symbol=NYSE%3AWEC
DLX,2026-10-07,22.37,61.98,COMPRESSED,NEAR_LOWER_EDGE,NONE,1.19,36.11,25.0,62.7,False,False,54.37,True,24.5,22.33,0.591,2.91,9.79,-4.81,-8.04,-6.65,2.39,3.31,173,10465687.27,24.5,-8.69,31.2753,-28.47,-9.94,45.0,False,BELOW_SMA50|NOT_NEAR_UNBROKEN_PIVOT|WEAK_RS,752,NYSE:DLX,https://www.tradingview.com/chart/?symbol=NYSE%3ADLX
OWL,2026-10-07,9.11,61.96,COMPRESSED,INSIDE_COIL,NONE,0.4,30.56,57.14,60.71,False,False,8.73,False,9.81,8.77,0.939,4.01,22.28,-16.11,-3.48,-15.22,2.71,2.94,999,176518589.64,11.275,-19.2,12.77,-28.66,-3.81,62.0,False,BELOW_SMA50|NOT_NEAR_UNBROKEN_PIVOT|WEAK_RS,752,NYSE:OWL,https://www.tradingview.com/chart/?symbol=NYSE%3AOWL
TYL,2026-10-07,332.34,61.94,COMPRESSED,NEAR_UPPER_EDGE,NONE,43.65,31.75,42.86,38.1,False,True,24.6,True,338.7,312.04,0.727,3.38,15.03,-3.02,10.31,-1.39,3.29,3.42,999,227675633.22,362.0,-8.19,393.53,-15.55,3.21,77.0,False,NOT_NEAR_UNBROKEN_PIVOT,752,NYSE:TYL,https://www.tradingview.com/chart/?symbol=NYSE%3ATYL
RYAN,2026-10-07,37.6,61.9,COMPRESSED,INSIDE_COIL,NONE,52.38,42.86,20.24,15.08,False,False,18.25,False,39.115,35.9,0.975,3.81,12.55,-4.69,-8.41,-8.58,2.47,6.6,109,86594146.53,40.89,-8.05,48.0624,-21.77,-10.78,42.0,False,BELOW_SMA50|NOT_NEAR_UNBROKEN_PIVOT|WEAK_RS,752,NYSE:RYAN,https://www.tradingview.com/chart/?symbol=NYSE%3ARYAN
JBTM,2026-10-07,104.33,61.88,COMPRESSED,RANGE_EXIT_CONFIRMED,DOWN_EXPANSION_CONFIRMED,27.78,42.06,18.65,41.27,False,False,28.17,False,114.46,104.45,1.383,3.32,10.97,-8.43,-23.7,-10.85,2.22,10.32,45,64377844.03,117.84,-11.46,149.4156,-30.17,-27.19,10.0,False,ALREADY_EXPANDING|POST_GAP_COIL|BELOW_SMA50|NOT_NEAR_UNBROKEN_PIVOT|WEAK_RS,752,NYSE:JBTM,https://www.tradingview.com/chart/?symbol=NYSE%3AJBTM
CP,2026-10-07,83.63,61.83,COMPRESSED,NEAR_LOWER_EDGE,NONE,6.35,27.38,28.57,53.57,False,False,51.19,False,88.8662,83.59,1.212,1.98,8.28,-6.95,-8.25,-7.07,0.94,1.06,999,202965800.07,90.7222,-7.82,96.6892,-13.51,-10.87,42.0,False,BELOW_SMA50|NOT_NEAR_UNBROKEN_PIVOT|WEAK_RS,752,NYSE:CP,https://www.tradingview.com/chart/?symbol=NYSE%3ACP
ASIC,2026-10-07,25.47,61.82,COMPRESSED,NEAR_LOWER_EDGE,NONE,25.4,19.84,46.43,56.75,False,False,22.22,True,27.53,25.0,0.606,3.59,15.7,-6.12,4.17,-2.17,1.69,1.79,999,1890690.31,29.0,-12.17,27.9,-8.71,2.47,76.0,False,NOT_NEAR_UNBROKEN_PIVOT|LOW_LIQUIDITY,333,NYSE:ASIC,https://www.tradingview.com/chart/?symbol=NYSE%3AASIC
FITB,2026-10-07,50.12,61.79,COMPRESSED,NEAR_LOWER_EDGE,NONE,22.62,19.44,48.41,47.62,False,False,19.84,False,52.2856,49.15,1.459,2.03,11.72,-6.74,-11.42,-7.27,1.41,1.41,999,352621694.78,55.0228,-8.91,59.0097,-15.06,-14.27,31.0,False,BELOW_SMA50|NOT_NEAR_UNBROKEN_PIVOT|WEAK_RS,752,NYSE:FITB,https://www.tradingview.com/chart/?symbol=NYSE%3AFITB
AXON,2026-10-07,406.0,61.79,COMPRESSED,NEAR_LOWER_EDGE,NONE,25.79,28.57,34.92,53.57,False,False,15.48,False,460.98,408.0,0.872,5.04,23.3,-17.14,-25.81,-22.37,4.59,4.59,155,498384148.97,503.28,-19.33,665.07,-38.95,-33.89,5.0,False,BELOW_SMA50|NOT_NEAR_UNBROKEN_PIVOT|WEAK_RS,752,NASDAQ:AXON,https://www.tradingview.com/chart/?symbol=NASDAQ%3AAXON
PNFP,2026-10-07,93.09,61.73,COMPRESSED,NEAR_LOWER_EDGE,NONE,17.86,40.08,38.49,27.38,False,False,32.54,False,97.87,91.4,1.835,2.62,10.4,-6.09,-7.06,-7.26,1.36,1.65,302,113453563.79,101.08,-7.9,109.8117,-15.23,-10.47,43.0,False,BELOW_SMA50|NOT_NEAR_UNBROKEN_PIVOT|WEAK_RS,752,NYSE:PNFP,https://www.tradingview.com/chart/?symbol=NYSE%3APNFP
ALGM,2026-10-07,37.03,61.73,COMPRESSED,INSIDE_COIL,NONE,36.9,36.11,18.65,38.1,False,False,28.17,False,40.03,33.95,1.504,4.9,19.88,3.32,-29.22,-2.65,6.28,7.05,105,98627167.0,40.03,-7.49,71.77,-48.4,-39.12,3.0,False,NOT_NEAR_UNBROKEN_PIVOT|WEAK_RS,752,NASDAQ:ALGM,https://www.tradingview.com/chart/?symbol=NASDAQ%3AALGM
USFD,2026-10-07,96.05,61.72,COMPRESSED,NEAR_UPPER_EDGE,NONE,22.62,49.21,20.63,31.75,False,False,46.83,True,97.785,90.82,0.47,2.67,8.9,-1.44,-4.9,-5.08,1.61,4.82,999,249053671.5,104.415,-8.01,111.42,-13.79,-7.1,52.0,False,BELOW_SMA50|NOT_NEAR_UNBROKEN_PIVOT|WEAK_RS,752,NYSE:USFD,https://www.tradingview.com/chart/?symbol=NYSE%3AUSFD
TKC,2026-10-07,5.12,61.71,COMPRESSED,NEAR_UPPER_EDGE,NONE,71.43,46.83,18.25,11.51,False,True,15.08,False,5.22,4.93,0.733,2.3,11.91,-2.85,-13.22,-2.92,4.82,9.07,390,11695876.06,5.43,-5.71,6.85,-25.26,-13.03,35.0,False,NOT_NEAR_UNBROKEN_PIVOT|WEAK_RS,752,NYSE:TKC,https://www.tradingview.com/chart/?symbol=NYSE%3ATKC
VISN,2026-10-07,6.07,61.71,COMPRESSED,INSIDE_COIL,NONE,14.68,10.32,55.16,62.3,False,False,19.44,False,6.505,5.9,1.0,3.43,14.66,-5.23,-11.93,-5.35,3.23,11.17,43,46424112.01,6.79,-10.6,7.5364,-19.46,-19.14,21.0,False,POST_GAP_COIL|BELOW_SMA50|NOT_NEAR_UNBROKEN_PIVOT|WEAK_RS,752,NASDAQ:VISN,https://www.tradingview.com/chart/?symbol=NASDAQ%3AVISN
BBAR,2026-10-07,12.97,61.71,COMPRESSED,INSIDE_COIL,NONE,15.48,15.48,52.78,52.38,False,False,24.6,False,14.31,12.06,0.985,4.92,27.91,-14.45,-35.05,-13.96,4.36,4.36,237,7084887.94,15.68,-17.28,22.2908,-41.81,-36.53,4.0,False,BELOW_SMA50|NOT_NEAR_UNBROKEN_PIVOT|WEAK_RS,752,NYSE:BBAR,https://www.tradingview.com/chart/?symbol=NYSE%3ABBAR
BR,2026-10-07,160.13,61.65,COMPRESSED,INSIDE_COIL,NONE,31.75,32.14,36.9,47.62,False,True,26.98,False,165.77,155.68,0.776,2.38,12.19,-4.74,10.34,-4.84,2.42,6.97,999,155639848.6,175.2,-8.6,185.7658,-13.8,5.71,81.0,False,BELOW_SMA50|NOT_NEAR_UNBROKEN_PIVOT,752,NYSE:BR,https://www.tradingview.com/chart/?symbol=NYSE%3ABR
FWONA,2026-10-07,88.22,61.59,COMPRESSED,NEAR_UPPER_EDGE,NONE,65.48,41.27,1.98,1.98,False,False,42.46,False,89.1,82.25,1.079,2.58,8.08,-0.49,-4.25,-2.08,0.86,2.34,999,18086832.02,89.38,-1.3,98.79,-10.7,-3.81,62.0,False,WEAK_RS,752,NASDAQ:FWONA,https://www.tradingview.com/chart/?symbol=NASDAQ%3AFWONA
MSEX,2026-10-07,53.14,61.59,COMPRESSED,INSIDE_COIL,NONE,13.89,2.78,75.4,65.48,False,False,1.19,False,54.9,51.82,0.817,2.14,12.14,-8.01,-3.44,-5.97,0.96,3.53,232,7493872.13,58.62,-9.35,59.8,-11.14,-5.6,57.0,False,BELOW_SMA50|NOT_NEAR_UNBROKEN_PIVOT|WEAK_RS,752,NASDAQ:MSEX,https://www.tradingview.com/chart/?symbol=NASDAQ%3AMSEX
CVLT,2026-10-07,150.28,61.57,COMPRESSED,INSIDE_COIL,NONE,30.16,15.08,37.7,38.49,False,False,40.48,False,158.29,141.1,1.321,3.79,19.16,14.14,1.11,8.05,1.79,15.05,50,90564978.78,158.29,-5.06,154.83,-2.94,-4.41,60.0,False,POST_GAP_COIL|NOT_NEAR_UNBROKEN_PIVOT|WEAK_RS,752,NASDAQ:CVLT,https://www.tradingview.com/chart/?symbol=NASDAQ%3ACVLT
ORKA,2026-10-07,79.5,61.57,COMPRESSED,INSIDE_COIL,NONE,8.73,26.98,53.17,59.52,False,False,11.51,False,95.81,77.78,0.847,5.77,25.8,-13.11,-9.11,-16.48,1.91,2.65,75,90930954.19,98.29,-19.12,115.52,-31.18,-13.59,33.0,False,BELOW_SMA50|NOT_NEAR_UNBROKEN_PIVOT|WEAK_RS,752,NASDAQ:ORKA,https://www.tradingview.com/chart/?symbol=NASDAQ%3AORKA
HAYW,2026-10-07,11.8,61.55,COMPRESSED,RANGE_EXIT_CONFIRMED,DOWN_EXPANSION_CONFIRMED,21.03,43.25,28.97,49.6,False,True,35.71,False,12.92,12.02,1.931,2.95,13.31,-11.21,-25.69,-15.16,2.41,6.09,235,50605636.26,13.475,-12.43,17.415,-32.24,-30.22,7.0,False,ALREADY_EXPANDING|BELOW_SMA50|NOT_NEAR_UNBROKEN_PIVOT|WEAK_RS,752,NYSE:HAYW,https://www.tradingview.com/chart/?symbol=NYSE%3AHAYW
MESO,2026-10-07,13.94,61.51,COMPRESSED,INSIDE_COIL,NONE,15.08,19.44,25.79,67.06,False,False,42.46,False,15.75,13.58,1.485,3.85,17.58,-13.63,-16.73,-11.42,4.23,10.32,36,3333696.77,16.25,-14.22,19.36,-28.0,-9.65,46.0,False,POST_GAP_COIL|BELOW_SMA50|NOT_NEAR_UNBROKEN_PIVOT|LOW_LIQUIDITY|WEAK_RS,752,NASDAQ:MESO,https://www.tradingview.com/chart/?symbol=NASDAQ%3AMESO
LKQ,2026-10-07,22.03,61.51,COMPRESSED,NEAR_LOWER_EDGE,NONE,14.29,30.95,18.65,67.06,False,False,37.7,False,23.77,22.29,0.92,2.84,11.03,-8.93,-10.34,-8.68,1.61,14.1,48,75057034.89,24.92,-11.6,31.7699,-30.66,-15.87,27.0,False,POST_GAP_COIL|BELOW_SMA50|NOT_NEAR_UNBROKEN_PIVOT|WEAK_RS,752,NASDAQ:LKQ,https://www.tradingview.com/chart/?symbol=NASDAQ%3ALKQ
PLMR,2026-10-07,126.82,61.43,COMPRESSED,INSIDE_COIL,NONE,3.17,6.75,74.6,65.48,False,False,12.3,False,131.89,119.56,1.034,2.93,18.14,-4.73,-6.47,-3.39,2.07,2.51,733,31738421.98,142.57,-11.05,147.1078,-13.79,-12.21,38.0,False,BELOW_SMA50|NOT_NEAR_UNBROKEN_PIVOT|WEAK_RS,752,NASDAQ:PLMR,https://www.tradingview.com/chart/?symbol=NASDAQ%3APLMR
IBN,2026-10-07,27.86,61.41,COMPRESSED,NEAR_UPPER_EDGE,NONE,28.57,26.59,50.0,38.89,False,False,11.51,False,28.11,27.07,0.7,1.54,10.01,-4.0,-3.13,-4.56,3.14,3.14,999,122899947.03,29.86,-6.7,30.67,-9.16,-7.18,52.0,False,BELOW_SMA50|NOT_NEAR_UNBROKEN_PIVOT|WEAK_RS,752,NYSE:IBN,https://www.tradingview.com/chart/?symbol=NYSE%3AIBN
BRX,2026-10-07,26.84,61.39,COMPRESSED,RANGE_EXIT_CONFIRMED,DOWN_EXPANSION_CONFIRMED,23.81,42.46,28.57,46.43,False,False,17.86,False,27.8355,26.9752,1.471,1.7,7.65,-6.08,-14.21,-6.77,0.87,1.7,999,104312268.6,28.8738,-7.04,32.4929,-17.4,-15.92,27.0,False,ALREADY_EXPANDING|BELOW_SMA50|NOT_NEAR_UNBROKEN_PIVOT|WEAK_RS,752,NYSE:BRX,https://www.tradingview.com/chart/?symbol=NYSE%3ABRX
RGLD,2026-10-07,227.89,61.37,COMPRESSED,RANGE_EXIT_CONFIRMED,DOWN_EXPANSION_CONFIRMED,10.32,29.37,24.6,60.71,False,False,44.44,False,254.1094,229.53,1.5,3.05,14.57,-13.02,18.01,-5.67,3.89,4.8,999,167747100.15,267.1028,-14.68,275.7632,-17.36,11.23,87.0,False,ALREADY_EXPANDING|BELOW_SMA50|NOT_NEAR_UNBROKEN_PIVOT,752,NASDAQ:RGLD,https://www.tradingview.com/chart/?symbol=NASDAQ%3ARGLD
CNL,2026-10-07,11.67,61.37,COMPRESSED,NEAR_LOWER_EDGE,NONE,11.51,53.17,28.17,49.21,False,False,17.86,False,13.385,11.6,1.351,6.24,33.85,-22.2,-10.16,-16.64,4.87,13.37,39,2429418.37,16.48,-29.19,21.97,-46.88,-12.76,36.0,False,POST_GAP_COIL|BELOW_SMA50|NOT_NEAR_UNBROKEN_PIVOT|LOW_LIQUIDITY|WEAK_RS,752,AMEX:CNL,https://www.tradingview.com/chart/?symbol=AMEX%3ACNL
NVST,2026-10-07,23.04,61.33,COMPRESSED,NEAR_LOWER_EDGE,NONE,28.97,29.37,57.14,53.57,False,True,3.57,False,24.39,22.82,0.935,3.07,15.58,-12.79,-11.76,-11.95,2.75,3.82,167,74352122.65,26.96,-14.54,29.525,-21.96,-14.21,31.0,False,BELOW_SMA50|NOT_NEAR_UNBROKEN_PIVOT|WEAK_RS,752,NYSE:NVST,https://www.tradingview.com/chart/?symbol=NYSE%3ANVST
AMD,2026-10-07,645.86,61.31,COMPRESSED,NEAR_UPPER_EDGE,NONE,20.63,0.4,73.02,60.71,False,False,5.16,False,658.52,596.07,0.913,3.63,27.59,23.94,17.83,23.58,5.78,7.09,106,12946028521.03,658.52,-1.92,584.73,10.45,14.48,89.0,False,RECENT_SURGE|EXTENDED_FROM_SMA50,752,NASDAQ:AMD,https://www.tradingview.com/chart/?symbol=NASDAQ%3AAMD
TRIN,2026-10-07,17.08,61.31,COMPRESSED,RANGE_EXIT_CONFIRMED,DOWN_EXPANSION_CONFIRMED,26.59,46.03,8.33,36.51,False,False,46.83,False,17.87,17.345,1.492,1.91,7.82,-4.53,-0.44,-4.11,1.19,3.36,999,15297881.83,18.245,-6.39,18.7171,-8.75,-2.89,64.0,False,ALREADY_EXPANDING|BELOW_SMA50|NOT_NEAR_UNBROKEN_PIVOT|WEAK_RS,752,NYSE:TRIN,https://www.tradingview.com/chart/?symbol=NYSE%3ATRIN
NWBI,2026-10-07,14.72,61.31,COMPRESSED,NEAR_LOWER_EDGE,NONE,14.29,38.49,31.75,44.05,False,False,34.52,False,15.35,14.54,1.069,1.88,8.15,-4.17,-1.34,-4.37,1.07,2.99,999,17770719.19,15.74,-6.48,15.9575,-7.75,-3.94,61.0,False,BELOW_SMA50|NOT_NEAR_UNBROKEN_PIVOT|WEAK_RS,752,NASDAQ:NWBI,https://www.tradingview.com/chart/?symbol=NASDAQ%3ANWBI
WAY,2026-10-07,25.77,61.29,COMPRESSED,INSIDE_COIL,NONE,54.37,36.11,31.35,15.48,False,False,13.49,False,26.755,24.325,0.919,4.38,16.78,8.01,16.13,3.87,8.55,12.44,48,56627238.21,27.28,-5.54,27.172,-5.16,7.52,83.0,False,POST_GAP_COIL|NOT_NEAR_UNBROKEN_PIVOT,585,NASDAQ:WAY,https://www.tradingview.com/chart/?symbol=NASDAQ%3AWAY
GKOS,2026-10-07,172.18,61.23,COMPRESSED,RANGE_EXIT_CONFIRMED,UP_EXPANSION_CONFIRMED,51.19,32.94,16.27,11.51,False,False,46.43,False,168.73,151.01,2.937,3.97,16.81,-4.23,12.94,-0.36,3.15,11.48,48,146907096.8,183.33,-6.08,191.62,-10.15,7.38,82.0,False,ALREADY_EXPANDING|POST_GAP_COIL|NOT_NEAR_UNBROKEN_PIVOT,752,NYSE:GKOS,https://www.tradingview.com/chart/?symbol=NYSE%3AGKOS
ANAB,2026-10-07,45.65,61.23,COMPRESSED,NEAR_LOWER_EDGE,NONE,7.14,20.63,39.29,71.43,False,False,30.95,False,53.928,47.35,0.978,5.14,23.68,-18.04,-26.97,-16.45,1.86,2.98,218,29588056.25,57.89,-21.14,72.36,-36.91,-35.1,4.0,False,BELOW_SMA50|NOT_NEAR_UNBROKEN_PIVOT|WEAK_RS,752,NASDAQ:ANAB,https://www.tradingview.com/chart/?symbol=NASDAQ%3AANAB
ESLT,2026-10-07,669.13,61.21,COMPRESSED,NEAR_LOWER_EDGE,NONE,17.06,19.84,30.56,57.54,False,False,44.44,False,752.46,680.03,0.998,2.81,13.83,-6.34,-9.12,-10.44,3.11,5.96,93,55320196.72,760.35,-12.0,937.9714,-28.66,-15.71,28.0,False,BELOW_SMA50|NOT_NEAR_UNBROKEN_PIVOT|WEAK_RS,752,NASDAQ:ESLT,https://www.tradingview.com/chart/?symbol=NASDAQ%3AESLT
JHX,2026-10-07,24.61,61.13,COMPRESSED,NEAR_LOWER_EDGE,NONE,13.1,55.95,38.49,47.62,False,True,21.43,False,27.44,24.51,1.58,3.83,17.8,-14.87,-4.54,-12.55,3.1,6.89,284,364763394.34,29.72,-17.19,31.43,-21.7,-3.24,63.0,False,BELOW_SMA50|NOT_NEAR_UNBROKEN_PIVOT|WEAK_RS,752,NYSE:JHX,https://www.tradingview.com/chart/?symbol=NYSE%3AJHX
SR,2026-10-07,77.82,61.09,COMPRESSED,NEAR_UPPER_EDGE,NONE,9.92,24.6,59.92,57.54,False,False,22.62,True,79.4,74.84,0.624,1.97,8.76,-3.68,-3.41,-2.88,1.22,1.51,999,42920880.3,82.7732,-5.98,93.3751,-16.66,-6.09,56.0,False,NOT_NEAR_UNBROKEN_PIVOT|WEAK_RS,752,NYSE:SR,https://www.tradingview.com/chart/?symbol=NYSE%3ASR
ES,2026-10-07,65.24,61.09,COMPRESSED,NEAR_UPPER_EDGE,NONE,22.62,2.78,69.05,65.08,False,False,15.08,True,66.1,62.72,0.637,1.77,11.2,-6.29,-11.56,-5.12,1.13,2.49,999,177152451.95,70.8163,-7.87,75.679,-13.79,-14.37,31.0,False,BELOW_SMA50|NOT_NEAR_UNBROKEN_PIVOT|WEAK_RS,752,NYSE:ES,https://www.tradingview.com/chart/?symbol=NYSE%3AES
FLS,2026-10-07,70.52,61.05,COMPRESSED,RANGE_EXIT_CONFIRMED,DOWN_EXPANSION_CONFIRMED,33.73,55.16,10.32,3.97,False,False,56.75,False,77.545,71.72,2.083,3.59,13.31,-5.94,1.63,-7.78,5.96,5.96,999,115948991.52,77.545,-9.06,87.8658,-19.74,-2.17,66.0,False,ALREADY_EXPANDING|BELOW_SMA50|NOT_NEAR_UNBROKEN_PIVOT|WEAK_RS,752,NYSE:FLS,https://www.tradingview.com/chart/?symbol=NYSE%3AFLS
TY,2026-10-07,34.52,61.03,COMPRESSED,NEAR_UPPER_EDGE,NONE,47.62,54.37,17.46,22.22,False,False,25.0,True,35.02,34.0,0.679,1.47,3.62,-0.95,-0.81,-1.16,0.82,0.94,999,1315648.66,35.25,-2.07,36.2402,-4.75,-5.58,57.0,False,LOW_LIQUIDITY|WEAK_RS,752,NYSE:TY,https://www.tradingview.com/chart/?symbol=NYSE%3ATY
WAL,2026-10-07,74.35,61.01,COMPRESSED,NEAR_LOWER_EDGE,NONE,7.54,34.52,38.89,46.83,False,False,38.49,False,78.4,72.91,2.32,2.83,11.62,-6.67,-6.98,-6.04,3.74,3.74,148,96278189.35,81.25,-8.49,85.1052,-12.64,-10.25,44.0,False,BELOW_SMA50|NOT_NEAR_UNBROKEN_PIVOT|WEAK_RS,752,NYSE:WAL,https://www.tradingview.com/chart/?symbol=NYSE%3AWAL
ROAD,2026-10-07,88.71,60.99,COMPRESSED,NEAR_LOWER_EDGE,NONE,35.71,52.78,17.86,29.37,False,False,22.22,False,96.57,87.65,2.005,4.88,15.43,-9.64,-8.88,-14.14,3.25,10.02,42,59129502.7,103.405,-14.21,151.0,-41.25,-10.76,42.0,False,POST_GAP_COIL|BELOW_SMA50|NOT_NEAR_UNBROKEN_PIVOT|WEAK_RS,752,NASDAQ:ROAD,https://www.tradingview.com/chart/?symbol=NASDAQ%3AROAD
TNK,2026-10-07,102.12,60.95,COMPRESSED,INSIDE_COIL,NONE,13.49,63.89,13.89,31.75,False,False,53.57,True,105.5,92.54,0.661,3.78,12.69,6.03,41.76,12.56,3.32,3.32,999,48302922.77,105.5,-3.2,94.44,8.13,44.25,97.0,False,EXTENDED_60D_RUN|EXTENDED_FROM_SMA50,752,NYSE:TNK,https://www.tradingview.com/chart/?symbol=NYSE%3ATNK
SBSW,2026-10-07,9.68,60.93,COMPRESSED,RANGE_EXIT_CONFIRMED,DOWN_EXPANSION_CONFIRMED,3.97,28.17,51.59,69.44,False,False,12.7,False,10.9,9.71,1.968,4.79,30.64,-23.03,17.83,-9.89,6.06,9.61,79,56684947.98,12.8834,-24.86,13.6311,-28.99,14.32,89.0,False,ALREADY_EXPANDING|BELOW_SMA50|NOT_NEAR_UNBROKEN_PIVOT,752,NYSE:SBSW,https://www.tradingview.com/chart/?symbol=NYSE%3ASBSW
LFST,2026-10-07,12.11,60.9,COMPRESSED,INSIDE_COIL,NONE,23.41,36.11,56.35,48.41,False,True,11.11,False,12.51,11.47,0.817,3.57,17.26,-4.04,12.23,0.05,1.07,5.98,155,67747406.33,13.56,-10.69,13.15,-7.91,8.48,84.0,False,NOT_NEAR_UNBROKEN_PIVOT,752,NASDAQ:LFST,https://www.tradingview.com/chart/?symbol=NASDAQ%3ALFST
NEXT,2026-10-07,6.66,60.87,COMPRESSED,INSIDE_COIL,NONE,6.35,14.29,63.1,58.33,False,False,24.21,False,6.91,6.07,1.118,5.03,26.65,-11.67,-18.58,-4.29,2.92,4.07,126,18073373.13,7.845,-15.11,9.24,-27.92,-20.81,18.0,False,BELOW_SMA50|NOT_NEAR_UNBROKEN_PIVOT|WEAK_RS,752,NASDAQ:NEXT,https://www.tradingview.com/chart/?symbol=NASDAQ%3ANEXT
VERX,2026-10-07,12.33,60.85,COMPRESSED,INSIDE_COIL,NONE,29.37,28.17,28.97,40.48,False,False,38.49,False,12.655,10.78,0.862,4.52,20.44,-0.32,-1.2,-2.64,3.75,9.48,105,17137517.26,13.3,-7.29,15.0,-17.8,-7.32,52.0,False,NOT_NEAR_UNBROKEN_PIVOT|WEAK_RS,752,NASDAQ:VERX,https://www.tradingview.com/chart/?symbol=NASDAQ%3AVERX
RVMD,2026-10-07,200.87,60.81,COMPRESSED,INSIDE_COIL,NONE,26.98,56.35,21.83,18.25,False,False,36.11,False,211.51,189.05,0.951,3.9,11.61,-3.28,8.6,-1.21,1.33,1.88,112,411460312.51,213.0,-5.69,224.31,-10.45,1.45,74.0,False,NOT_NEAR_UNBROKEN_PIVOT,752,NASDAQ:RVMD,https://www.tradingview.com/chart/?symbol=NASDAQ%3ARVMD
SENEA,2026-10-07,171.61,60.77,COMPRESSED,NEAR_LOWER_EDGE,NONE,46.43,25.0,21.43,42.86,False,False,28.17,False,186.34,169.53,1.188,3.52,14.32,-10.45,1.39,-7.22,1.29,2.13,999,17921794.17,194.19,-11.63,210.0,-18.28,-5.49,57.0,False,BELOW_SMA50|NOT_NEAR_UNBROKEN_PIVOT|WEAK_RS,752,NASDAQ:SENEA,https://www.tradingview.com/chart/?symbol=NASDAQ%3ASENEA
HLIT,2026-10-07,11.27,60.77,COMPRESSED,NEAR_UPPER_EDGE,NONE,53.17,37.3,30.95,21.43,False,False,11.51,False,11.44,10.43,0.634,3.69,15.71,-4.49,-17.56,-3.67,3.5,20.67,38,17225146.33,12.2,-7.62,17.68,-36.26,-23.95,14.0,False,POST_GAP_COIL|BELOW_SMA50|NOT_NEAR_UNBROKEN_PIVOT|WEAK_RS,752,NASDAQ:HLIT,https://www.tradingview.com/chart/?symbol=NASDAQ%3AHLIT
CPA,2026-10-07,136.27,60.73,COMPRESSED,INSIDE_COIL,NONE,34.13,34.92,25.79,37.3,False,False,31.35,False,139.75,127.55,0.871,2.84,12.09,4.9,-6.26,2.69,2.07,5.49,100,48054214.27,141.35,-3.59,158.3511,-13.94,-11.52,40.0,False,WEAK_RS,752,NYSE:CPA,https://www.tradingview.com/chart/?symbol=NYSE%3ACPA
EZPW,2026-10-07,30.44,60.73,COMPRESSED,INSIDE_COIL,NONE,46.83,57.54,22.62,15.87,False,False,9.92,False,31.44,29.25,1.021,3.65,12.65,-7.95,-4.46,-1.32,1.57,4.16,105,20990556.42,33.44,-8.97,37.13,-18.02,-14.3,31.0,False,NOT_NEAR_UNBROKEN_PIVOT|WEAK_RS,752,NASDAQ:EZPW,https://www.tradingview.com/chart/?symbol=NASDAQ%3AEZPW
ASAN,2026-10-07,9.33,60.71,COMPRESSED,INSIDE_COIL,NONE,60.32,40.08,34.13,14.29,False,True,34.92,True,9.64,7.99,0.56,6.22,24.65,13.09,25.07,1.53,4.68,13.38,22,75140317.96,10.29,-9.33,10.51,-11.23,22.94,93.0,False,POST_GAP_COIL|NOT_NEAR_UNBROKEN_PIVOT,752,NYSE:ASAN,https://www.tradingview.com/chart/?symbol=NYSE%3AASAN
XPRO,2026-10-07,15.55,60.71,COMPRESSED,NEAR_LOWER_EDGE,NONE,5.95,76.19,17.86,24.21,False,False,37.7,False,17.2,15.37,1.658,4.79,18.91,-14.51,-4.89,-9.48,1.73,3.5,300,14137621.19,18.62,-16.49,19.23,-19.14,1.2,73.0,False,BELOW_SMA50|NOT_NEAR_UNBROKEN_PIVOT,752,NYSE:XPRO,https://www.tradingview.com/chart/?symbol=NYSE%3AXPRO
UAN,2026-10-07,125.28,60.69,COMPRESSED,INSIDE_COIL,NONE,38.1,27.38,59.92,49.21,True,False,12.3,False,131.0,121.05,0.982,2.38,12.59,-5.92,14.27,-0.55,1.42,2.25,999,3330968.54,136.82,-8.43,134.29,-6.71,9.57,85.0,False,NOT_NEAR_UNBROKEN_PIVOT|LOW_LIQUIDITY,752,NYSE:UAN,https://www.tradingview.com/chart/?symbol=NYSE%3AUAN
EFSC,2026-10-07,58.74,60.66,COMPRESSED,NEAR_LOWER_EDGE,NONE,9.92,11.11,68.65,57.94,False,True,38.1,False,61.41,57.68,0.853,1.93,11.18,-6.93,-9.54,-6.99,1.26,9.24,999,19310514.71,64.2475,-8.57,68.355,-14.07,-12.88,36.0,False,BELOW_SMA50|NOT_NEAR_UNBROKEN_PIVOT|WEAK_RS,752,NASDAQ:EFSC,https://www.tradingview.com/chart/?symbol=NASDAQ%3AEFSC
TTAM,2026-10-07,13.27,60.58,COMPRESSED,NEAR_LOWER_EDGE,NONE,21.03,56.35,33.73,36.9,False,False,11.11,False,14.0187,13.15,0.94,3.57,15.41,-10.07,-21.71,-10.04,2.26,2.26,999,3536199.49,15.3797,-13.72,19.5126,-31.99,-25.96,12.0,False,BELOW_SMA50|NOT_NEAR_UNBROKEN_PIVOT|LOW_LIQUIDITY|WEAK_RS,418,NYSE:TTAM,https://www.tradingview.com/chart/?symbol=NYSE%3ATTAM
DVN,2026-10-07,47.88,60.56,COMPRESSED,INSIDE_COIL,NONE,57.14,40.08,28.97,18.25,False,True,29.76,False,49.71,45.56,1.085,3.01,12.53,-1.61,11.04,1.9,2.17,3.21,999,612356104.81,51.56,-7.14,51.2512,-6.58,11.03,86.0,False,NOT_NEAR_UNBROKEN_PIVOT,752,NYSE:DVN,https://www.tradingview.com/chart/?symbol=NYSE%3ADVN
HUBB,2026-10-06,485.41,60.5,COMPRESSED,NEAR_UPPER_EDGE,NONE,16.27,18.65,38.49,47.62,False,False,51.19,False,484.5626,449.11,0.845,2.65,11.73,4.45,2.07,2.97,3.93,4.8,999,221808427.86,484.5626,0.17,562.0638,-13.64,-2.32,66.0,False,WEAK_RS,751,NYSE:HUBB,https://www.tradingview.com/chart/?symbol=NYSE%3AHUBB
TDOC,2026-10-07,5.56,60.5,COMPRESSED,NEAR_LOWER_EDGE,NONE,16.27,13.89,44.44,66.67,False,False,30.56,False,6.32,5.48,0.906,4.43,22.48,-8.85,-40.02,-13.22,1.46,16.56,48,20892233.03,6.73,-17.38,9.887,-43.76,-43.28,2.0,False,POST_GAP_COIL|BELOW_SMA50|NOT_NEAR_UNBROKEN_PIVOT|WEAK_RS,752,NYSE:TDOC,https://www.tradingview.com/chart/?symbol=NYSE%3ATDOC
BKD,2026-10-07,10.77,60.47,COMPRESSED,INSIDE_COIL,NONE,5.95,42.06,57.54,63.89,False,False,5.56,True,11.36,10.53,0.75,3.56,20.98,-11.29,-24.1,-11.7,2.14,2.41,999,53219383.46,12.79,-15.79,16.31,-33.97,-33.17,5.0,False,BELOW_SMA50|NOT_NEAR_UNBROKEN_PIVOT|WEAK_RS,752,NYSE:BKD,https://www.tradingview.com/chart/?symbol=NYSE%3ABKD
NVS,2026-10-07,143.28,60.46,COMPRESSED,INSIDE_COIL,NONE,4.37,74.21,28.97,21.83,False,False,31.75,False,147.03,139.31,2.041,1.94,7.0,4.22,-4.71,-4.23,3.27,12.53,21,281065074.84,147.03,-2.55,164.48,-12.89,-10.98,42.0,False,POST_GAP_COIL|BELOW_SMA50|WEAK_RS,752,NYSE:NVS,https://www.tradingview.com/chart/?symbol=NYSE%3ANVS
FNB,2026-10-07,17.07,60.44,COMPRESSED,NEAR_LOWER_EDGE,NONE,3.17,25.4,57.94,58.33,False,False,23.41,False,17.72,16.79,1.094,1.92,10.02,-6.16,-9.46,-6.55,1.29,3.49,999,84137651.48,18.5,-7.73,19.4503,-12.24,-11.71,39.0,False,BELOW_SMA50|NOT_NEAR_UNBROKEN_PIVOT|WEAK_RS,752,NYSE:FNB,https://www.tradingview.com/chart/?symbol=NYSE%3AFNB
SEIC,2026-10-07,102.07,60.4,COMPRESSED,INSIDE_COIL,NONE,6.75,54.76,7.94,38.1,False,False,66.67,False,106.12,98.45,0.745,2.21,10.28,-4.76,7.57,-3.86,1.07,3.58,999,92650367.58,108.94,-6.31,112.15,-8.99,4.1,78.0,False,BELOW_SMA50|NOT_NEAR_UNBROKEN_PIVOT,752,NASDAQ:SEIC,https://www.tradingview.com/chart/?symbol=NASDAQ%3ASEIC
NHI,2026-10-07,63.96,60.38,COMPRESSED,RANGE_EXIT_CONFIRMED,DOWN_EXPANSION_CONFIRMED,12.3,17.06,48.81,57.54,False,False,35.71,False,67.4946,64.51,1.72,2.0,10.43,-7.57,-14.77,-8.63,0.97,1.55,999,28183132.38,70.7579,-9.61,84.5712,-24.37,-18.45,22.0,False,ALREADY_EXPANDING|BELOW_SMA50|NOT_NEAR_UNBROKEN_PIVOT|WEAK_RS,752,NYSE:NHI,https://www.tradingview.com/chart/?symbol=NYSE%3ANHI
BRZE,2026-10-07,28.46,60.32,COMPRESSED,RANGE_EXIT_CONFIRMED,UP_EXPANSION_CONFIRMED,25.79,36.11,15.08,29.76,False,False,65.48,False,26.89,22.27,2.218,5.48,24.27,19.96,8.67,2.8,4.74,13.63,20,56453135.78,26.89,5.84,35.02,-18.73,10.92,86.0,False,ALREADY_EXPANDING|POST_GAP_COIL|RECENT_SURGE|NOT_NEAR_UNBROKEN_PIVOT,752,NASDAQ:BRZE,https://www.tradingview.com/chart/?symbol=NASDAQ%3ABRZE
ATI,2026-10-07,189.19,60.3,COMPRESSED,INSIDE_COIL,NONE,45.63,63.1,9.13,14.29,False,False,26.59,False,196.09,178.26,1.545,4.06,15.52,-8.4,-0.13,-6.52,3.88,7.25,420,298156716.51,210.31,-10.04,243.57,-22.33,-3.21,64.0,False,BELOW_SMA50|NOT_NEAR_UNBROKEN_PIVOT|WEAK_RS,752,NYSE:ATI,https://www.tradingview.com/chart/?symbol=NYSE%3AATI
ZTO,2026-10-07,19.8,60.28,COMPRESSED,NEAR_UPPER_EDGE,NONE,91.67,6.75,57.14,43.65,True,True,0.4,False,19.89,19.335,0.921,1.88,10.89,-4.44,-17.6,-7.55,4.44,7.05,999,64367083.02,21.11,-6.21,25.97,-23.76,-19.22,20.0,False,BELOW_SMA50|NOT_NEAR_UNBROKEN_PIVOT|WEAK_RS,752,NYSE:ZTO,https://www.tradingview.com/chart/?symbol=NYSE%3AZTO
NVO,2026-10-07,38.26,60.26,COMPRESSED,INSIDE_COIL,NONE,44.05,5.56,73.81,65.87,True,False,1.19,False,39.14,36.85,1.391,2.65,20.83,-14.14,-21.03,-12.66,5.06,8.16,157,596568038.02,45.4,-15.73,51.4624,-25.65,-24.38,14.0,False,BELOW_SMA50|NOT_NEAR_UNBROKEN_PIVOT|WEAK_RS,752,NYSE:NVO,https://www.tradingview.com/chart/?symbol=NYSE%3ANVO
GTM,2026-10-07,3.695,60.25,COMPRESSED,INSIDE_COIL,NONE,41.67,36.11,39.29,32.94,False,False,22.62,True,3.97,3.5,0.595,5.44,23.27,-0.67,22.35,-4.85,2.67,4.59,102,20845132.26,4.36,-15.25,6.868,-46.2,22.03,93.0,False,BELOW_SMA50|NOT_NEAR_UNBROKEN_PIVOT|LOW_LIQUIDITY,752,NASDAQ:GTM,https://www.tradingview.com/chart/?symbol=NASDAQ%3AGTM
OVV,2026-10-07,61.44,60.2,COMPRESSED,NEAR_UPPER_EDGE,NONE,51.59,21.83,47.62,21.03,False,False,16.27,False,62.09,57.46,0.807,3.0,16.19,-4.11,9.61,-1.85,2.07,6.51,999,199813145.24,67.41,-8.86,67.2001,-8.57,8.47,84.0,False,NOT_NEAR_UNBROKEN_PIVOT,752,NYSE:OVV,https://www.tradingview.com/chart/?symbol=NYSE%3AOVV
INGR,2026-10-07,94.25,60.16,COMPRESSED,NEAR_LOWER_EDGE,NONE,34.92,46.03,34.92,30.56,False,False,13.89,False,99.1337,93.97,1.841,2.0,7.83,-5.61,-3.18,-6.02,1.23,2.81,999,65210513.6,101.3543,-7.01,114.4712,-17.66,-6.13,56.0,False,BELOW_SMA50|NOT_NEAR_UNBROKEN_PIVOT|WEAK_RS,752,NYSE:INGR,https://www.tradingview.com/chart/?symbol=NYSE%3AINGR
AZO,2026-10-07,2846.27,60.16,COMPRESSED,INSIDE_COIL,NONE,57.14,69.05,0.79,13.89,False,True,35.71,False,2939.02,2730.6499,0.748,2.91,9.44,-2.22,-6.13,-3.57,3.25,3.25,999,1102041238.2,2999.3,-5.1,3729.8201,-23.69,-9.1,47.0,False,BELOW_SMA50|NOT_NEAR_UNBROKEN_PIVOT|WEAK_RS,752,NYSE:AZO,https://www.tradingview.com/chart/?symbol=NYSE%3AAZO
UPBD,2026-10-07,15.62,60.16,COMPRESSED,INSIDE_COIL,NONE,1.59,15.48,79.76,66.27,False,False,3.57,False,16.4222,14.7546,1.227,3.68,21.54,-11.56,-24.02,-12.18,2.43,6.01,360,16700614.53,18.119,-13.79,22.5269,-30.66,-24.82,13.0,False,BELOW_SMA50|NOT_NEAR_UNBROKEN_PIVOT|WEAK_RS,752,NASDAQ:UPBD,https://www.tradingview.com/chart/?symbol=NASDAQ%3AUPBD
HURN,2026-10-07,156.61,60.12,COMPRESSED,NEAR_LOWER_EDGE,NONE,40.08,35.32,26.98,36.51,False,False,26.19,False,169.45,155.46,0.436,3.4,14.09,4.64,42.71,0.19,4.7,10.48,49,39753029.12,169.45,-7.58,172.9,-9.42,49.13,98.0,False,POST_GAP_COIL|EXTENDED_60D_RUN|NOT_NEAR_UNBROKEN_PIVOT,752,NASDAQ:HURN,https://www.tradingview.com/chart/?symbol=NASDAQ%3AHURN
BWXT,2026-10-07,141.54,60.1,COMPRESSED,INSIDE_COIL,NONE,19.84,35.32,45.24,40.48,False,False,25.0,False,147.0,131.86,1.062,3.98,18.47,-9.68,-21.17,-8.37,2.81,2.81,295,183568821.61,160.71,-11.93,241.1166,-41.3,-27.84,9.0,False,BELOW_SMA50|NOT_NEAR_UNBROKEN_PIVOT|WEAK_RS,752,NYSE:BWXT,https://www.tradingview.com/chart/?symbol=NYSE%3ABWXT
APPF,2026-10-07,196.97,60.08,COMPRESSED,INSIDE_COIL,NONE,32.54,45.63,28.57,31.35,False,False,25.79,False,212.54,191.57,1.824,4.19,19.39,-4.22,12.9,-5.45,3.79,3.79,364,64047262.45,227.96,-13.59,236.58,-16.74,8.7,84.0,False,BELOW_SMA50|NOT_NEAR_UNBROKEN_PIVOT,752,NASDAQ:APPF,https://www.tradingview.com/chart/?symbol=NASDAQ%3AAPPF
NJR,2026-10-07,50.96,60.08,COMPRESSED,INSIDE_COIL,NONE,8.73,52.78,42.86,41.67,False,False,18.65,False,52.7698,49.75,0.935,1.89,7.95,-3.79,-12.44,-4.57,1.53,2.21,999,42230435.09,53.9683,-5.57,60.2773,-15.46,-14.75,30.0,False,BELOW_SMA50|NOT_NEAR_UNBROKEN_PIVOT|WEAK_RS,752,NYSE:NJR,https://www.tradingview.com/chart/?symbol=NYSE%3ANJR
AROC,2026-10-07,30.09,60.08,COMPRESSED,NEAR_LOWER_EDGE,NONE,58.73,57.94,18.65,17.06,False,False,1.98,False,31.34,29.75,1.041,3.32,11.37,-8.71,-21.39,-6.45,1.53,6.27,999,54275853.35,33.95,-11.37,41.9534,-28.28,-25.0,13.0,False,BELOW_SMA50|NOT_NEAR_UNBROKEN_PIVOT|WEAK_RS,752,NYSE:AROC,https://www.tradingview.com/chart/?symbol=NYSE%3AAROC
TNGX,2026-10-07,21.83,60.08,COMPRESSED,INSIDE_COIL,NONE,32.14,52.78,20.24,33.33,False,False,39.29,True,25.92,21.36,0.679,7.03,20.89,-9.04,-26.37,-11.49,3.5,3.5,84,79665633.09,25.92,-15.78,34.39,-36.52,-32.12,6.0,False,BELOW_SMA50|NOT_NEAR_UNBROKEN_PIVOT|WEAK_RS,752,NASDAQ:TNGX,https://www.tradingview.com/chart/?symbol=NASDAQ%3ATNGX
SDRL,2026-10-07,44.66,60.06,COMPRESSED,INSIDE_COIL,NONE,28.57,39.68,38.89,48.81,False,False,7.94,False,47.99,43.64,1.005,3.95,14.71,-7.0,3.72,-3.75,2.19,7.75,999,28370938.13,50.21,-11.05,55.47,-19.49,8.73,84.0,False,BELOW_SMA50|NOT_NEAR_UNBROKEN_PIVOT,752,NYSE:SDRL,https://www.tradingview.com/chart/?symbol=NYSE%3ASDRL
TFSL,2026-10-07,16.12,60.06,COMPRESSED,NEAR_LOWER_EDGE,NONE,26.98,58.73,28.57,24.21,False,False,23.02,False,16.92,16.08,1.316,2.11,7.38,-5.4,-7.18,-5.76,1.25,3.1,999,12157051.25,17.26,-6.6,19.1336,-15.75,-10.25,44.0,False,BELOW_SMA50|NOT_NEAR_UNBROKEN_PIVOT|WEAK_RS,752,NASDAQ:TFSL,https://www.tradingview.com/chart/?symbol=NASDAQ%3ATFSL
ULS,2026-10-07,67.13,60.04,COMPRESSED,INSIDE_COIL,NONE,49.21,36.51,26.59,11.11,False,False,38.89,False,69.49,63.73,0.717,3.15,14.43,-7.9,-23.18,-8.35,2.51,4.54,999,76877871.95,73.39,-8.53,107.1742,-37.36,-25.9,12.0,False,BELOW_SMA50|NOT_NEAR_UNBROKEN_PIVOT|WEAK_RS,624,NYSE:ULS,https://www.tradingview.com/chart/?symbol=NYSE%3AULS
POOL,2026-10-07,154.14,60.04,COMPRESSED,NEAR_LOWER_EDGE,NONE,6.35,34.52,35.71,56.35,False,False,41.27,False,168.28,157.4,1.167,3.06,15.83,-13.37,-26.14,-14.68,1.77,6.75,159,144757246.54,181.27,-14.97,245.5824,-37.23,-29.05,8.0,False,BELOW_SMA50|NOT_NEAR_UNBROKEN_PIVOT|WEAK_RS,752,NASDAQ:POOL,https://www.tradingview.com/chart/?symbol=NASDAQ%3APOOL
SCI,2026-10-07,76.86,60.0,COMPRESSED,NEAR_LOWER_EDGE,NONE,29.76,30.56,49.21,48.41,False,False,5.56,False,78.73,75.92,1.323,2.05,9.19,-3.12,-2.07,-5.36,1.2,4.98,999,84343617.37,82.9808,-7.38,90.587,-15.15,-2.9,64.0,False,BELOW_SMA50|NOT_NEAR_UNBROKEN_PIVOT|WEAK_RS,752,NYSE:SCI,https://www.tradingview.com/chart/?symbol=NYSE%3ASCI
