market,symbol,first_seen_date,initial_breakout_level,initial_level_date,first_breakout_date,first_breakout_price,max_snapshot_date,max_snapshot_price,max_gain_vs_initial_breakout_pct,tradingview_symbol,tradingview_url
US,IOVA,2026-09-10,8.06,2026-09-10,2026-09-10,8.145,2026-10-02,14.215,76.36,NASDAQ:IOVA,https://www.tradingview.com/chart/?symbol=NASDAQ%3AIOVA
US,GRAL,2026-08-31,77.125,2026-08-31,2026-08-31,79.37,2026-09-24,125.05,62.14,NASDAQ:GRAL,https://www.tradingview.com/chart/?symbol=NASDAQ%3AGRAL
US,CVI,2026-08-25,36.313,2026-08-25,2026-08-25,37.89,2026-09-22,52.2,43.75,NYSE:CVI,https://www.tradingview.com/chart/?symbol=NYSE%3ACVI
HK,6185.HK,2026-08-26,26.08,2026-08-26,2026-08-26,35.68,2026-08-26,35.68,36.81,HKEX:6185,https://www.tradingview.com/chart/?symbol=HKEX%3A6185
US,OPCH,2026-08-20,22.83,2026-08-20,2026-08-20,23.5,2026-10-08,31.05,36.01,NASDAQ:OPCH,https://www.tradingview.com/chart/?symbol=NASDAQ%3AOPCH
US,CDNA,2026-08-23,49.76,2026-08-24,2026-08-25,50.83,2026-10-02,67.19,35.03,NASDAQ:CDNA,https://www.tradingview.com/chart/?symbol=NASDAQ%3ACDNA
US,SDGR,2026-09-14,21.4,2026-09-14,2026-09-25,28.86,2026-09-25,28.86,34.86,NASDAQ:SDGR,https://www.tradingview.com/chart/?symbol=NASDAQ%3ASDGR
HK,2225.HK,2026-08-21,4.585,2026-08-21,2026-08-21,4.84,2026-09-22,6.01,31.08,HKEX:2225,https://www.tradingview.com/chart/?symbol=HKEX%3A2225
US,ILMN,2026-08-20,231.81,2026-09-03,2026-10-05,293.94,2026-10-05,293.94,26.8,NASDAQ:ILMN,https://www.tradingview.com/chart/?symbol=NASDAQ%3AILMN
US,VLO,2026-08-20,351.0,2026-08-20,2026-08-28,352.24,2026-10-08,443.93,26.48,NYSE:VLO,https://www.tradingview.com/chart/?symbol=NYSE%3AVLO
US,RVTY,2026-08-24,124.97,2026-08-24,2026-08-28,128.8,2026-10-05,157.41,25.96,NYSE:RVTY,https://www.tradingview.com/chart/?symbol=NYSE%3ARVTY
US,OKTA,2026-09-04,174.85,2026-09-08,2026-10-05,218.37,2026-10-08,220.2,25.94,NASDAQ:OKTA,https://www.tradingview.com/chart/?symbol=NASDAQ%3AOKTA
US,RXRX,2026-10-05,3.83,2026-10-05,2026-10-05,4.79,2026-10-05,4.79,25.07,NASDAQ:RXRX,https://www.tradingview.com/chart/?symbol=NASDAQ%3ARXRX
HK,0565.HK,2026-09-04,3.485,2026-09-04,2026-09-16,4.34,2026-09-16,4.34,24.53,HKEX:0565,https://www.tradingview.com/chart/?symbol=HKEX%3A0565
US,TXG,2026-09-10,67.62,2026-09-10,2026-09-11,68.6,2026-09-24,84.14,24.43,NASDAQ:TXG,https://www.tradingview.com/chart/?symbol=NASDAQ%3ATXG
HK,2556.HK,2026-08-28,49.0,2026-08-28,2026-08-28,53.45,2026-09-01,60.8,24.08,HKEX:2556,https://www.tradingview.com/chart/?symbol=HKEX%3A2556
US,ESTC,2026-08-23,77.39,2026-08-23,2026-08-23,85.89,2026-10-08,95.28,23.12,NYSE:ESTC,https://www.tradingview.com/chart/?symbol=NYSE%3AESTC
HK,1952.HK,2026-08-27,30.84,2026-08-27,2026-08-27,37.9,2026-08-27,37.9,22.89,HKEX:1952,https://www.tradingview.com/chart/?symbol=HKEX%3A1952
HK,6693.HK,2026-08-21,35.92,2026-08-21,2026-08-21,44.14,2026-08-21,44.14,22.88,HKEX:6693,https://www.tradingview.com/chart/?symbol=HKEX%3A6693
US,HAFN,2026-08-28,8.295,2026-08-28,2026-08-31,8.44,2026-10-06,10.13,22.12,NYSE:HAFN,https://www.tradingview.com/chart/?symbol=NYSE%3AHAFN
US,ASST,2026-09-18,24.68,2026-09-18,2026-09-18,30.11,2026-09-18,30.11,22.0,NASDAQ:ASST,https://www.tradingview.com/chart/?symbol=NASDAQ%3AASST
Canada,MSA.TO,2026-08-20,8.5,2026-08-26,2026-09-09,8.82,2026-10-06,10.37,22.0,TSX:MSA,https://www.tradingview.com/chart/?symbol=TSX%3AMSA
Canada,CVVY.TO,2026-08-24,1.97,2026-08-24,2026-09-11,2.22,2026-10-08,2.4,21.83,TSX:CVVY,https://www.tradingview.com/chart/?symbol=TSX%3ACVVY
US,VEON,2026-08-28,63.48,2026-08-28,2026-09-04,64.205,2026-10-08,77.3,21.77,NASDAQ:VEON,https://www.tradingview.com/chart/?symbol=NASDAQ%3AVEON
US,CRWD,2026-08-28,229.08,2026-08-28,2026-09-25,252.13,2026-10-06,278.93,21.76,NASDAQ:CRWD,https://www.tradingview.com/chart/?symbol=NASDAQ%3ACRWD
HK,1548.HK,2026-09-02,30.1,2026-09-02,2026-09-02,35.7,2026-09-03,36.46,21.13,HKEX:1548,https://www.tradingview.com/chart/?symbol=HKEX%3A1548
HK,1112.HK,2026-08-21,16.38,2026-08-21,2026-09-16,17.68,2026-10-08,19.84,21.12,HKEX:1112,https://www.tradingview.com/chart/?symbol=HKEX%3A1112
HK,0013.HK,2026-08-21,18.99,2026-08-21,2026-08-21,19.71,2026-10-01,23.0,21.12,HKEX:0013,https://www.tradingview.com/chart/?symbol=HKEX%3A0013
US,CRM,2026-08-31,213.17,2026-08-31,2026-08-31,257.62,2026-09-01,258.18,21.11,NYSE:CRM,https://www.tradingview.com/chart/?symbol=NYSE%3ACRM
US,NTRA,2026-08-20,333.56,2026-08-24,2026-09-14,341.79,2026-10-06,400.745,20.14,NASDAQ:NTRA,https://www.tradingview.com/chart/?symbol=NASDAQ%3ANTRA
US,NCNO,2026-08-20,19.705,2026-08-20,2026-08-20,20.355,2026-09-03,23.64,19.97,NASDAQ:NCNO,https://www.tradingview.com/chart/?symbol=NASDAQ%3ANCNO
US,DINO,2026-08-20,96.77,2026-08-20,2026-08-28,99.75,2026-10-07,115.63,19.49,NYSE:DINO,https://www.tradingview.com/chart/?symbol=NYSE%3ADINO
US,ANF,2026-08-31,119.92,2026-08-31,2026-08-31,143.0,2026-08-31,143.0,19.25,NYSE:ANF,https://www.tradingview.com/chart/?symbol=NYSE%3AANF
US,INBX,2026-08-31,106.4,2026-08-31,2026-08-31,126.44,2026-08-31,126.44,18.83,NASDAQ:INBX,https://www.tradingview.com/chart/?symbol=NASDAQ%3AINBX
HK,6821.HK,2026-09-04,139.7,2026-09-04,2026-10-07,165.5,2026-10-07,165.5,18.47,HKEX:6821,https://www.tradingview.com/chart/?symbol=HKEX%3A6821
US,UGP,2026-08-20,6.59,2026-08-20,2026-08-24,6.72,2026-10-08,7.785,18.13,NYSE:UGP,https://www.tradingview.com/chart/?symbol=NYSE%3AUGP
US,IDT,2026-08-20,68.31,2026-08-20,2026-08-24,68.39,2026-10-08,80.65,18.06,NYSE:IDT,https://www.tradingview.com/chart/?symbol=NYSE%3AIDT
US,MPC,2026-08-20,366.237,2026-08-20,2026-08-28,368.875,2026-10-06,432.36,18.05,NYSE:MPC,https://www.tradingview.com/chart/?symbol=NYSE%3AMPC
US,BNTX,2026-08-23,98.81,2026-08-23,2026-08-23,116.59,2026-08-23,116.59,17.99,NASDAQ:BNTX,https://www.tradingview.com/chart/?symbol=NASDAQ%3ABNTX
US,NAT,2026-08-20,7.1,2026-08-20,2026-09-03,7.11,2026-10-05,8.37,17.89,NYSE:NAT,https://www.tradingview.com/chart/?symbol=NYSE%3ANAT
US,TEN,2026-08-28,44.0,2026-08-28,2026-10-05,51.29,2026-10-08,51.83,17.8,NYSE:TEN,https://www.tradingview.com/chart/?symbol=NYSE%3ATEN
Canada,HMM-A.TO,2026-08-23,23.95,2026-08-23,2026-09-28,28.15,2026-09-30,28.17,17.62,TSX:HMM.A,https://www.tradingview.com/chart/?symbol=TSX%3AHMM.A
US,NEO,2026-08-20,16.92,2026-08-20,2026-09-09,17.65,2026-09-18,19.9,17.61,NASDAQ:NEO,https://www.tradingview.com/chart/?symbol=NASDAQ%3ANEO
US,FRO,2026-08-20,45.17,2026-08-20,2026-09-03,45.42,2026-10-07,53.06,17.47,NYSE:FRO,https://www.tradingview.com/chart/?symbol=NYSE%3AFRO
US,ALVO,2026-09-02,4.595,2026-09-02,2026-09-02,5.365,2026-09-02,5.365,16.76,NASDAQ:ALVO,https://www.tradingview.com/chart/?symbol=NASDAQ%3AALVO
US,EFOR,2026-08-26,30.86,2026-08-26,2026-08-26,31.45,2026-10-08,35.95,16.49,NYSE:EFOR,https://www.tradingview.com/chart/?symbol=NYSE%3AEFOR
Canada,MNO.TO,2026-09-14,2.01,2026-09-14,2026-09-28,2.17,2026-10-01,2.34,16.42,TSX:MNO,https://www.tradingview.com/chart/?symbol=TSX%3AMNO
HK,2245.HK,2026-09-02,17.02,2026-09-02,2026-09-02,17.5,2026-09-23,19.81,16.39,HKEX:2245,https://www.tradingview.com/chart/?symbol=HKEX%3A2245
US,INSW,2026-08-20,100.5,2026-08-20,2026-09-02,101.19,2026-10-07,116.94,16.36,NYSE:INSW,https://www.tradingview.com/chart/?symbol=NYSE%3AINSW
Canada,TNZ.TO,2026-08-25,62.5,2026-08-25,2026-08-28,64.68,2026-09-09,72.7,16.32,TSX:TNZ,https://www.tradingview.com/chart/?symbol=TSX%3ATNZ
US,CMBT,2026-08-20,17.99,2026-08-20,2026-08-24,18.17,2026-10-08,20.81,15.68,NYSE:CMBT,https://www.tradingview.com/chart/?symbol=NYSE%3ACMBT
US,RNG,2026-08-25,68.45,2026-08-25,2026-08-31,69.64,2026-10-05,79.06,15.5,NYSE:RNG,https://www.tradingview.com/chart/?symbol=NYSE%3ARNG
US,FIGS,2026-08-23,13.17,2026-08-23,2026-08-23,14.68,2026-08-24,15.21,15.49,NYSE:FIGS,https://www.tradingview.com/chart/?symbol=NYSE%3AFIGS
US,DHT,2026-08-24,20.62,2026-08-24,2026-09-04,20.87,2026-10-05,23.81,15.47,NYSE:DHT,https://www.tradingview.com/chart/?symbol=NYSE%3ADHT
US,DUOL,2026-08-20,137.97,2026-08-20,2026-08-20,147.05,2026-09-01,158.89,15.16,NASDAQ:DUOL,https://www.tradingview.com/chart/?symbol=NASDAQ%3ADUOL
US,PBR-A,2026-09-04,19.21,2026-09-04,2026-09-15,19.545,2026-10-08,22.12,15.15,NYSE:PBR-A,https://www.tradingview.com/chart/?symbol=NYSE%3APBR-A
US,BULL,2026-09-01,8.7,2026-09-01,2026-09-01,9.13,2026-09-03,10.0,14.94,NASDAQ:BULL,https://www.tradingview.com/chart/?symbol=NASDAQ%3ABULL
US,QMCO,2026-10-06,29.15,2026-10-06,2026-10-06,33.47,2026-10-06,33.47,14.82,NASDAQ:QMCO,https://www.tradingview.com/chart/?symbol=NASDAQ%3AQMCO
HK,2276.HK,2026-09-03,41.74,2026-09-03,2026-09-03,41.8,2026-09-22,47.9,14.76,HKEX:2276,https://www.tradingview.com/chart/?symbol=HKEX%3A2276
HK,1735.HK,2026-09-24,8.7,2026-09-24,2026-09-24,9.98,2026-09-24,9.98,14.71,HKEX:1735,https://www.tradingview.com/chart/?symbol=HKEX%3A1735
US,ATRC,2026-08-28,49.88,2026-08-28,2026-09-11,54.54,2026-09-16,57.17,14.62,NASDAQ:ATRC,https://www.tradingview.com/chart/?symbol=NASDAQ%3AATRC
US,CLMT,2026-08-23,51.5,2026-08-23,2026-09-18,59.01,2026-09-18,59.01,14.58,NASDAQ:CLMT,https://www.tradingview.com/chart/?symbol=NASDAQ%3ACLMT
US,ZS,2026-09-17,180.8,2026-09-17,2026-09-17,197.35,2026-09-21,207.15,14.57,NASDAQ:ZS,https://www.tradingview.com/chart/?symbol=NASDAQ%3AZS
US,PBR,2026-09-14,21.59,2026-09-14,2026-09-15,21.755,2026-10-08,24.7,14.4,NYSE:PBR,https://www.tradingview.com/chart/?symbol=NYSE%3APBR
US,SLDE,2026-08-20,22.925,2026-08-20,2026-08-24,23.65,2026-09-14,26.221,14.38,NASDAQ:SLDE,https://www.tradingview.com/chart/?symbol=NASDAQ%3ASLDE
US,ITUB,2026-10-07,8.617,2026-10-07,2026-10-07,9.71,2026-10-08,9.84,14.19,NYSE:ITUB,https://www.tradingview.com/chart/?symbol=NYSE%3AITUB
HK,0023.HK,2026-08-21,17.3,2026-08-21,2026-08-25,17.67,2026-09-28,19.74,14.1,HKEX:0023,https://www.tradingview.com/chart/?symbol=HKEX%3A0023
US,ADPT,2026-08-20,26.16,2026-08-20,2026-08-25,26.25,2026-10-05,29.84,14.07,NASDAQ:ADPT,https://www.tradingview.com/chart/?symbol=NASDAQ%3AADPT
US,PSX,2026-08-24,246.95,2026-08-24,2026-09-02,256.06,2026-10-08,281.53,14.0,NYSE:PSX,https://www.tradingview.com/chart/?symbol=NYSE%3APSX
US,CNH,2026-08-25,12.08,2026-08-25,2026-09-23,13.75,2026-09-23,13.75,13.82,NYSE:CNH,https://www.tradingview.com/chart/?symbol=NYSE%3ACNH
Canada,TLO.TO,2026-09-15,8.54,2026-09-15,2026-09-15,9.1,2026-09-21,9.72,13.82,TSX:TLO,https://www.tradingview.com/chart/?symbol=TSX%3ATLO
US,DAC,2026-08-20,149.81,2026-08-23,2026-08-24,150.5,2026-10-08,170.31,13.68,NYSE:DAC,https://www.tradingview.com/chart/?symbol=NYSE%3ADAC
HK,3738.HK,2026-09-21,3.085,2026-09-21,2026-09-21,3.505,2026-09-21,3.505,13.61,HKEX:3738,https://www.tradingview.com/chart/?symbol=HKEX%3A3738
US,DK,2026-08-20,72.0,2026-08-26,2026-08-31,74.31,2026-09-17,81.59,13.32,NYSE:DK,https://www.tradingview.com/chart/?symbol=NYSE%3ADK
HK,2142.HK,2026-08-21,14.28,2026-08-21,2026-08-21,16.18,2026-08-21,16.18,13.31,HKEX:2142,https://www.tradingview.com/chart/?symbol=HKEX%3A2142
US,REPL,2026-08-28,14.14,2026-08-28,2026-08-28,15.5,2026-09-02,15.98,13.01,NASDAQ:REPL,https://www.tradingview.com/chart/?symbol=NASDAQ%3AREPL
US,TNK,2026-08-25,94.44,2026-08-25,2026-09-09,96.29,2026-10-08,106.69,12.97,NYSE:TNK,https://www.tradingview.com/chart/?symbol=NYSE%3ATNK
US,MRVL,2026-10-02,254.6,2026-10-02,2026-10-02,272.4,2026-10-06,287.19,12.8,NASDAQ:MRVL,https://www.tradingview.com/chart/?symbol=NASDAQ%3AMRVL
US,PRGO,2026-09-02,13.688,2026-09-02,2026-09-02,14.48,2026-09-25,15.43,12.73,NYSE:PRGO,https://www.tradingview.com/chart/?symbol=NYSE%3APRGO
HK,0317.HK,2026-09-21,14.075,2026-09-21,2026-09-21,15.86,2026-09-21,15.86,12.68,HKEX:0317,https://www.tradingview.com/chart/?symbol=HKEX%3A0317
US,DHR,2026-08-20,202.36,2026-08-20,2026-08-20,216.04,2026-09-28,227.48,12.41,NYSE:DHR,https://www.tradingview.com/chart/?symbol=NYSE%3ADHR
US,IT,2026-08-23,180.45,2026-08-23,2026-08-23,195.89,2026-08-24,202.76,12.36,NYSE:IT,https://www.tradingview.com/chart/?symbol=NYSE%3AIT
HK,3788.HK,2026-08-21,3.05,2026-08-21,2026-08-21,3.425,2026-08-21,3.425,12.3,HKEX:3788,https://www.tradingview.com/chart/?symbol=HKEX%3A3788
US,TK,2026-08-28,13.7,2026-08-28,2026-09-09,13.84,2026-10-08,15.37,12.19,NYSE:TK,https://www.tradingview.com/chart/?symbol=NYSE%3ATK
Canada,XLY.TO,2026-09-01,3.3,2026-09-01,2026-09-15,3.43,2026-09-28,3.7,12.12,TSX:XLY,https://www.tradingview.com/chart/?symbol=TSX%3AXLY
US,HRB,2026-08-20,47.33,2026-08-20,2026-08-20,53.05,2026-08-20,53.05,12.09,NYSE:HRB,https://www.tradingview.com/chart/?symbol=NYSE%3AHRB
US,PEGA,2026-09-02,34.56,2026-09-02,2026-09-02,37.32,2026-09-14,38.725,12.05,NASDAQ:PEGA,https://www.tradingview.com/chart/?symbol=NASDAQ%3APEGA
US,LPG,2026-08-25,52.1,2026-08-25,2026-09-08,53.49,2026-10-08,58.23,11.77,NYSE:LPG,https://www.tradingview.com/chart/?symbol=NYSE%3ALPG
US,ZYME,2026-08-20,27.833,2026-08-20,2026-09-02,31.08,2026-09-02,31.08,11.67,NASDAQ:ZYME,https://www.tradingview.com/chart/?symbol=NASDAQ%3AZYME
US,DT,2026-08-20,54.835,2026-09-01,2026-09-16,55.19,2026-10-08,61.12,11.46,NYSE:DT,https://www.tradingview.com/chart/?symbol=NYSE%3ADT
Canada,KEI.TO,2026-08-31,8.56,2026-08-31,2026-09-08,8.73,2026-09-18,9.54,11.45,TSX:KEI,https://www.tradingview.com/chart/?symbol=TSX%3AKEI
HK,2005.HK,2026-08-21,2.46,2026-08-21,2026-08-24,2.475,2026-09-01,2.74,11.38,HKEX:2005,https://www.tradingview.com/chart/?symbol=HKEX%3A2005
US,WDAY,2026-08-25,185.82,2026-08-25,2026-08-25,194.33,2026-09-03,206.91,11.35,NASDAQ:WDAY,https://www.tradingview.com/chart/?symbol=NASDAQ%3AWDAY
Canada,ORE.TO,2026-08-28,3.0,2026-08-28,2026-09-18,3.02,2026-10-06,3.34,11.33,TSX:ORE,https://www.tradingview.com/chart/?symbol=TSX%3AORE
US,EXK,2026-08-28,10.3,2026-08-28,2026-08-28,10.75,2026-09-03,11.465,11.31,NYSE:EXK,https://www.tradingview.com/chart/?symbol=NYSE%3AEXK
HK,9688.HK,2026-08-26,18.98,2026-08-26,2026-08-26,20.1,2026-08-28,21.12,11.28,HKEX:9688,https://www.tradingview.com/chart/?symbol=HKEX%3A9688
US,BMNR,2026-09-09,23.34,2026-09-09,2026-09-09,24.215,2026-09-18,25.96,11.23,NYSE:BMNR,https://www.tradingview.com/chart/?symbol=NYSE%3ABMNR
US,ELPC,2026-09-09,12.69,2026-09-09,2026-10-07,13.95,2026-10-08,14.07,10.87,NYSE:ELPC,https://www.tradingview.com/chart/?symbol=NYSE%3AELPC
US,MORN,2026-08-20,196.325,2026-08-20,2026-08-20,217.0,2026-08-24,217.53,10.8,NASDAQ:MORN,https://www.tradingview.com/chart/?symbol=NASDAQ%3AMORN
US,COIN,2026-09-21,181.49,2026-09-21,2026-09-21,200.95,2026-09-21,200.95,10.72,NASDAQ:COIN,https://www.tradingview.com/chart/?symbol=NASDAQ%3ACOIN
US,XERS,2026-09-25,9.2,2026-09-25,2026-10-06,10.08,2026-10-08,10.185,10.71,NASDAQ:XERS,https://www.tradingview.com/chart/?symbol=NASDAQ%3AXERS
Canada,BHC.TO,2026-08-20,8.5,2026-08-20,2026-08-20,9.41,2026-08-20,9.41,10.71,TSX:BHC,https://www.tradingview.com/chart/?symbol=TSX%3ABHC
US,ZETA,2026-08-24,29.89,2026-08-24,2026-09-04,31.35,2026-10-08,33.03,10.51,NYSE:ZETA,https://www.tradingview.com/chart/?symbol=NYSE%3AZETA
Canada,LGD.TO,2026-08-28,2.0,2026-08-28,2026-09-11,2.07,2026-09-25,2.21,10.5,TSX:LGD,https://www.tradingview.com/chart/?symbol=TSX%3ALGD
US,CERT,2026-09-24,8.39,2026-09-24,2026-09-24,8.89,2026-09-29,9.265,10.43,NASDAQ:CERT,https://www.tradingview.com/chart/?symbol=NASDAQ%3ACERT
US,GTLB,2026-09-16,46.65,2026-09-16,2026-09-16,48.775,2026-10-05,51.5,10.4,NASDAQ:GTLB,https://www.tradingview.com/chart/?symbol=NASDAQ%3AGTLB
US,NUTX,2026-08-28,204.0,2026-08-28,2026-09-18,208.61,2026-10-05,225.0,10.29,NASDAQ:NUTX,https://www.tradingview.com/chart/?symbol=NASDAQ%3ANUTX
HK,1828.HK,2026-09-16,32.64,2026-09-16,2026-09-16,33.48,2026-09-21,36.0,10.29,HKEX:1828,https://www.tradingview.com/chart/?symbol=HKEX%3A1828
US,HPQ,2026-09-01,32.19,2026-09-01,2026-09-07,32.635,2026-09-11,35.475,10.21,NYSE:HPQ,https://www.tradingview.com/chart/?symbol=NYSE%3AHPQ
US,DE,2026-08-20,643.99,2026-08-20,2026-08-24,648.64,2026-09-23,709.68,10.2,NYSE:DE,https://www.tradingview.com/chart/?symbol=NYSE%3ADE
Canada,VLE.TO,2026-09-03,14.52,2026-09-03,2026-09-11,14.7,2026-10-07,16.0,10.19,TSX:VLE,https://www.tradingview.com/chart/?symbol=TSX%3AVLE
US,FDS,2026-08-20,272.4,2026-08-20,2026-08-20,300.13,2026-08-20,300.13,10.18,NYSE:FDS,https://www.tradingview.com/chart/?symbol=NYSE%3AFDS
US,BWLP,2026-08-20,23.89,2026-08-20,2026-08-28,24.41,2026-10-08,26.31,10.13,NYSE:BWLP,https://www.tradingview.com/chart/?symbol=NYSE%3ABWLP
Canada,MATR.TO,2026-09-02,19.66,2026-09-02,2026-09-14,20.4,2026-10-01,21.65,10.12,TSX:MATR,https://www.tradingview.com/chart/?symbol=TSX%3AMATR
US,DOCS,2026-08-20,23.57,2026-08-20,2026-08-20,25.95,2026-08-20,25.95,10.1,NYSE:DOCS,https://www.tradingview.com/chart/?symbol=NYSE%3ADOCS
Canada,EDR.TO,2026-08-28,14.35,2026-08-28,2026-08-28,14.96,2026-09-03,15.79,10.03,TSX:EDR,https://www.tradingview.com/chart/?symbol=TSX%3AEDR
US,DASH,2026-08-20,208.19,2026-08-20,2026-08-20,222.42,2026-08-24,229.06,10.02,NASDAQ:DASH,https://www.tradingview.com/chart/?symbol=NASDAQ%3ADASH
US,FTNT,2026-08-28,173.89,2026-08-28,2026-09-21,175.23,2026-10-06,191.29,10.01,NASDAQ:FTNT,https://www.tradingview.com/chart/?symbol=NASDAQ%3AFTNT
US,NMAX,2026-08-26,10.0,2026-08-26,2026-08-26,10.535,2026-09-02,11.0,10.0,NYSE:NMAX,https://www.tradingview.com/chart/?symbol=NYSE%3ANMAX
US,SAP,2026-08-20,199.55,2026-08-20,2026-08-20,217.07,2026-08-24,218.64,9.57,NYSE:SAP,https://www.tradingview.com/chart/?symbol=NYSE%3ASAP
US,BSBR,2026-08-20,5.495,2026-08-20,2026-08-20,5.57,2026-09-11,6.015,9.46,NYSE:BSBR,https://www.tradingview.com/chart/?symbol=NYSE%3ABSBR
US,INTU,2026-08-23,338.09,2026-08-23,2026-08-23,367.03,2026-08-24,369.9,9.41,NASDAQ:INTU,https://www.tradingview.com/chart/?symbol=NASDAQ%3AINTU
US,BR,2026-08-20,163.24,2026-08-20,2026-08-20,178.5,2026-08-20,178.5,9.35,NYSE:BR,https://www.tradingview.com/chart/?symbol=NYSE%3ABR
HK,1686.HK,2026-09-16,5.29,2026-09-16,2026-09-16,5.435,2026-09-22,5.78,9.26,HKEX:1686,https://www.tradingview.com/chart/?symbol=HKEX%3A1686
US,HLNE,2026-08-20,95.25,2026-08-20,2026-08-20,104.06,2026-08-20,104.06,9.25,NASDAQ:HLNE,https://www.tradingview.com/chart/?symbol=NASDAQ%3AHLNE
Canada,TRI.TO,2026-08-20,141.069,2026-08-20,2026-08-20,146.04,2026-09-03,154.12,9.25,TSX:TRI,https://www.tradingview.com/chart/?symbol=TSX%3ATRI
US,JKHY,2026-08-23,158.95,2026-08-23,2026-08-23,166.24,2026-08-25,173.64,9.24,NASDAQ:JKHY,https://www.tradingview.com/chart/?symbol=NASDAQ%3AJKHY
HK,3988.HK,2026-08-24,5.58,2026-08-24,2026-09-04,5.95,2026-09-30,6.085,9.05,HKEX:3988,https://www.tradingview.com/chart/?symbol=HKEX%3A3988
US,G,2026-08-20,34.88,2026-08-20,2026-08-20,36.93,2026-08-28,38.03,9.03,NYSE:G,https://www.tradingview.com/chart/?symbol=NYSE%3AG
US,GTM,2026-08-25,3.88,2026-08-25,2026-08-28,4.205,2026-08-31,4.23,9.02,NASDAQ:GTM,https://www.tradingview.com/chart/?symbol=NASDAQ%3AGTM
HK,0506.HK,2026-08-27,3.45,2026-08-27,2026-08-27,3.625,2026-08-29,3.76,8.99,HKEX:0506,https://www.tradingview.com/chart/?symbol=HKEX%3A0506
US,AUGO,2026-09-15,85.258,2026-09-15,2026-09-15,85.77,2026-09-22,92.91,8.98,NASDAQ:AUGO,https://www.tradingview.com/chart/?symbol=NASDAQ%3AAUGO
US,TIC,2026-08-23,9.0,2026-08-23,2026-08-23,9.525,2026-08-26,9.805,8.94,NYSE:TIC,https://www.tradingview.com/chart/?symbol=NYSE%3ATIC
US,LUXE,2026-10-08,9.57,2026-10-08,2026-10-08,10.42,2026-10-08,10.42,8.88,NYSE:LUXE,https://www.tradingview.com/chart/?symbol=NYSE%3ALUXE
HK,3328.HK,2026-08-24,7.68,2026-08-24,2026-09-04,7.98,2026-09-30,8.36,8.85,HKEX:3328,https://www.tradingview.com/chart/?symbol=HKEX%3A3328
US,ZLAB,2026-08-23,24.065,2026-08-23,2026-08-23,26.01,2026-08-25,26.19,8.83,NASDAQ:ZLAB,https://www.tradingview.com/chart/?symbol=NASDAQ%3AZLAB
US,ASIC,2026-08-20,26.0,2026-08-20,2026-08-24,26.33,2026-09-16,28.29,8.81,NYSE:ASIC,https://www.tradingview.com/chart/?symbol=NYSE%3AASIC
US,TOST,2026-08-20,33.99,2026-08-20,2026-08-20,35.32,2026-08-26,36.96,8.74,NYSE:TOST,https://www.tradingview.com/chart/?symbol=NYSE%3ATOST
US,ARHS,2026-08-20,8.895,2026-08-20,2026-08-20,9.665,2026-08-20,9.665,8.66,NASDAQ:ARHS,https://www.tradingview.com/chart/?symbol=NASDAQ%3AARHS
US,GAP,2026-09-07,21.887,2026-09-07,2026-09-07,22.42,2026-10-06,23.78,8.65,NYSE:GAP,https://www.tradingview.com/chart/?symbol=NYSE%3AGAP
US,KNSL,2026-08-20,364.06,2026-08-20,2026-08-20,381.27,2026-08-24,395.49,8.63,NYSE:KNSL,https://www.tradingview.com/chart/?symbol=NYSE%3AKNSL
US,VOR,2026-08-26,23.07,2026-08-26,2026-08-26,23.69,2026-09-08,25.05,8.58,NASDAQ:VOR,https://www.tradingview.com/chart/?symbol=NASDAQ%3AVOR
HK,2190.HK,2026-08-26,20.42,2026-08-26,2026-08-26,22.16,2026-08-26,22.16,8.52,HKEX:2190,https://www.tradingview.com/chart/?symbol=HKEX%3A2190
US,CAI,2026-09-29,29.085,2026-09-29,2026-09-29,31.56,2026-09-29,31.56,8.51,NASDAQ:CAI,https://www.tradingview.com/chart/?symbol=NASDAQ%3ACAI
US,AVTR,2026-08-25,14.62,2026-08-25,2026-09-02,14.65,2026-09-17,15.86,8.48,NYSE:AVTR,https://www.tradingview.com/chart/?symbol=NYSE%3AAVTR
US,SHG,2026-08-20,77.54,2026-08-23,2026-08-26,77.6,2026-09-14,84.11,8.47,NYSE:SHG,https://www.tradingview.com/chart/?symbol=NYSE%3ASHG
US,PLSE,2026-09-15,50.9,2026-09-15,2026-09-15,55.19,2026-09-15,55.19,8.43,NASDAQ:PLSE,https://www.tradingview.com/chart/?symbol=NASDAQ%3APLSE
HK,1866.HK,2026-09-05,10.74,2026-09-05,2026-09-05,11.6,2026-09-07,11.64,8.38,HKEX:1866,https://www.tradingview.com/chart/?symbol=HKEX%3A1866
US,CTSH,2026-08-28,59.74,2026-08-28,2026-08-28,64.04,2026-09-03,64.645,8.21,NASDAQ:CTSH,https://www.tradingview.com/chart/?symbol=NASDAQ%3ACTSH
US,STVN,2026-08-20,20.99,2026-08-20,2026-08-20,22.35,2026-09-17,22.71,8.19,NYSE:STVN,https://www.tradingview.com/chart/?symbol=NYSE%3ASTVN
US,RDVT,2026-08-20,74.198,2026-08-20,2026-09-04,76.35,2026-10-02,80.25,8.16,NASDAQ:RDVT,https://www.tradingview.com/chart/?symbol=NASDAQ%3ARDVT
Canada,WFC.TO,2026-08-20,21.13,2026-08-20,2026-09-29,22.0,2026-10-07,22.85,8.14,TSX:WFC,https://www.tradingview.com/chart/?symbol=TSX%3AWFC
US,TRI,2026-08-20,100.444,2026-08-20,2026-08-20,105.91,2026-08-24,108.59,8.11,NASDAQ:TRI,https://www.tradingview.com/chart/?symbol=NASDAQ%3ATRI
US,ROIV,2026-08-20,37.97,2026-08-20,2026-09-11,40.783,2026-09-14,41.01,8.01,NASDAQ:ROIV,https://www.tradingview.com/chart/?symbol=NASDAQ%3AROIV
US,FFIV,2026-09-15,435.0,2026-09-15,2026-09-24,446.55,2026-10-06,469.8,8.0,NASDAQ:FFIV,https://www.tradingview.com/chart/?symbol=NASDAQ%3AFFIV
US,WF,2026-08-25,74.0,2026-08-28,2026-09-01,74.32,2026-09-29,79.91,7.99,NYSE:WF,https://www.tradingview.com/chart/?symbol=NYSE%3AWF
US,SUZ,2026-09-03,8.85,2026-09-03,2026-09-03,9.175,2026-09-22,9.555,7.97,NYSE:SUZ,https://www.tradingview.com/chart/?symbol=NYSE%3ASUZ
US,NMR,2026-08-20,10.06,2026-08-23,2026-08-31,10.18,2026-09-11,10.86,7.95,NYSE:NMR,https://www.tradingview.com/chart/?symbol=NYSE%3ANMR
US,SM,2026-08-28,38.25,2026-08-28,2026-09-14,39.035,2026-09-15,41.29,7.95,NYSE:SM,https://www.tradingview.com/chart/?symbol=NYSE%3ASM
US,ABT,2026-08-20,105.86,2026-08-20,2026-08-20,114.26,2026-08-20,114.26,7.94,NYSE:ABT,https://www.tradingview.com/chart/?symbol=NYSE%3AABT
US,TRUP,2026-08-23,29.54,2026-08-23,2026-08-23,31.12,2026-08-25,31.87,7.89,NASDAQ:TRUP,https://www.tradingview.com/chart/?symbol=NASDAQ%3ATRUP
US,GIC,2026-08-20,40.417,2026-08-20,2026-09-23,41.7,2026-10-05,43.58,7.83,NYSE:GIC,https://www.tradingview.com/chart/?symbol=NYSE%3AGIC
HK,2315.HK,2026-08-24,62.2,2026-08-24,2026-08-24,65.0,2026-09-22,67.0,7.72,HKEX:2315,https://www.tradingview.com/chart/?symbol=HKEX%3A2315
US,PCOR,2026-08-25,59.255,2026-08-25,2026-08-25,60.57,2026-08-28,63.775,7.63,NYSE:PCOR,https://www.tradingview.com/chart/?symbol=NYSE%3APCOR
HK,3866.HK,2026-08-21,4.99,2026-08-21,2026-08-25,5.06,2026-09-05,5.37,7.62,HKEX:3866,https://www.tradingview.com/chart/?symbol=HKEX%3A3866
Canada,SGY.TO,2026-08-23,11.31,2026-08-23,2026-09-08,11.42,2026-09-14,12.16,7.52,TSX:SGY,https://www.tradingview.com/chart/?symbol=TSX%3ASGY
US,VOD,2026-08-20,16.44,2026-08-24,2026-09-03,16.57,2026-09-15,17.675,7.51,NASDAQ:VOD,https://www.tradingview.com/chart/?symbol=NASDAQ%3AVOD
US,DB,2026-08-20,38.65,2026-08-20,2026-08-28,40.36,2026-09-03,41.55,7.5,NYSE:DB,https://www.tradingview.com/chart/?symbol=NYSE%3ADB
US,NET,2026-09-16,334.6,2026-09-16,2026-09-28,353.99,2026-10-05,359.63,7.48,NYSE:NET,https://www.tradingview.com/chart/?symbol=NYSE%3ANET
US,J,2026-08-20,141.05,2026-08-20,2026-08-20,148.0,2026-08-24,151.6,7.48,NYSE:J,https://www.tradingview.com/chart/?symbol=NYSE%3AJ
US,A,2026-08-23,160.51,2026-08-24,2026-09-21,161.98,2026-09-30,172.31,7.35,NYSE:A,https://www.tradingview.com/chart/?symbol=NYSE%3AA
HK,9858.HK,2026-08-21,4.02,2026-08-21,2026-08-21,4.29,2026-09-01,4.315,7.34,HKEX:9858,https://www.tradingview.com/chart/?symbol=HKEX%3A9858
US,ELF,2026-09-03,102.22,2026-09-03,2026-09-03,107.43,2026-09-04,109.71,7.33,NYSE:ELF,https://www.tradingview.com/chart/?symbol=NYSE%3AELF
HK,1801.HK,2026-08-21,102.3,2026-08-21,2026-08-21,103.3,2026-08-26,109.8,7.33,HKEX:1801,https://www.tradingview.com/chart/?symbol=HKEX%3A1801
US,LAD,2026-08-20,360.567,2026-08-20,2026-08-20,370.52,2026-09-04,386.96,7.32,NYSE:LAD,https://www.tradingview.com/chart/?symbol=NYSE%3ALAD
HK,3396.HK,2026-09-16,20.6,2026-09-17,2026-09-18,22.1,2026-09-18,22.1,7.28,HKEX:3396,https://www.tradingview.com/chart/?symbol=HKEX%3A3396
US,BOX,2026-08-26,33.855,2026-08-26,2026-08-28,34.99,2026-10-08,36.31,7.25,NYSE:BOX,https://www.tradingview.com/chart/?symbol=NYSE%3ABOX
US,GMAB,2026-08-24,34.185,2026-08-24,2026-09-02,34.205,2026-10-07,36.655,7.23,NASDAQ:GMAB,https://www.tradingview.com/chart/?symbol=NASDAQ%3AGMAB
HK,0325.HK,2026-09-02,71.95,2026-09-02,2026-09-02,72.8,2026-09-04,77.05,7.09,HKEX:0325,https://www.tradingview.com/chart/?symbol=HKEX%3A0325
US,TMO,2026-08-23,634.7,2026-08-23,2026-09-15,641.38,2026-09-30,679.61,7.08,NYSE:TMO,https://www.tradingview.com/chart/?symbol=NYSE%3ATMO
HK,0998.HK,2026-08-26,8.075,2026-08-26,2026-09-01,8.355,2026-09-28,8.645,7.06,HKEX:0998,https://www.tradingview.com/chart/?symbol=HKEX%3A0998
US,GDRX,2026-08-20,3.405,2026-08-20,2026-08-20,3.585,2026-08-26,3.645,7.05,NASDAQ:GDRX,https://www.tradingview.com/chart/?symbol=NASDAQ%3AGDRX
US,CCC,2026-08-25,7.02,2026-08-25,2026-08-25,7.455,2026-09-04,7.515,7.05,NASDAQ:CCC,https://www.tradingview.com/chart/?symbol=NASDAQ%3ACCC
US,EPAM,2026-09-14,115.47,2026-09-14,2026-09-14,123.61,2026-09-14,123.61,7.05,NYSE:EPAM,https://www.tradingview.com/chart/?symbol=NYSE%3AEPAM
HK,0386.HK,2026-08-26,4.48,2026-08-26,2026-08-26,4.71,2026-09-04,4.795,7.03,HKEX:0386,https://www.tradingview.com/chart/?symbol=HKEX%3A0386
US,SHEL,2026-08-20,93.65,2026-08-20,2026-08-20,93.66,2026-10-08,100.195,6.99,NYSE:SHEL,https://www.tradingview.com/chart/?symbol=NYSE%3ASHEL
US,W,2026-08-20,97.96,2026-08-20,2026-08-20,103.29,2026-09-14,104.8,6.98,NYSE:W,https://www.tradingview.com/chart/?symbol=NYSE%3AW
US,EAT,2026-08-25,232.47,2026-08-25,2026-08-25,248.69,2026-08-25,248.69,6.98,NYSE:EAT,https://www.tradingview.com/chart/?symbol=NYSE%3AEAT
HK,0839.HK,2026-10-06,1.945,2026-10-06,2026-10-06,2.0,2026-10-07,2.08,6.94,HKEX:0839,https://www.tradingview.com/chart/?symbol=HKEX%3A0839
US,MSTR,2026-10-06,154.02,2026-10-06,2026-10-06,164.62,2026-10-06,164.62,6.88,NASDAQ:MSTR,https://www.tradingview.com/chart/?symbol=NASDAQ%3AMSTR
Canada,FF.TO,2026-09-07,0.88,2026-09-07,2026-09-07,0.91,2026-09-09,0.94,6.82,TSX:FF,https://www.tradingview.com/chart/?symbol=TSX%3AFF
US,ZBIO,2026-08-20,31.62,2026-08-20,2026-08-23,32.28,2026-08-25,33.77,6.8,NASDAQ:ZBIO,https://www.tradingview.com/chart/?symbol=NASDAQ%3AZBIO
US,NEOG,2026-08-20,12.85,2026-09-15,2026-09-28,13.72,2026-09-28,13.72,6.77,NASDAQ:NEOG,https://www.tradingview.com/chart/?symbol=NASDAQ%3ANEOG
US,PBF,2026-08-20,75.68,2026-08-23,2026-09-08,76.77,2026-10-02,80.78,6.74,NYSE:PBF,https://www.tradingview.com/chart/?symbol=NYSE%3APBF
US,AVY,2026-08-20,171.15,2026-08-20,2026-08-20,182.58,2026-08-20,182.58,6.68,NYSE:AVY,https://www.tradingview.com/chart/?symbol=NYSE%3AAVY
US,WWW,2026-08-20,19.65,2026-08-20,2026-08-20,20.43,2026-08-23,20.95,6.62,NYSE:WWW,https://www.tradingview.com/chart/?symbol=NYSE%3AWWW
US,RDNT,2026-08-20,72.385,2026-08-20,2026-08-20,77.05,2026-09-15,77.16,6.6,NASDAQ:RDNT,https://www.tradingview.com/chart/?symbol=NASDAQ%3ARDNT
US,SFL,2026-08-28,12.79,2026-08-28,2026-09-14,13.04,2026-09-18,13.63,6.57,NYSE:SFL,https://www.tradingview.com/chart/?symbol=NYSE%3ASFL
US,DLB,2026-08-20,60.259,2026-08-20,2026-08-20,64.2,2026-08-20,64.2,6.54,NYSE:DLB,https://www.tradingview.com/chart/?symbol=NYSE%3ADLB
US,HRMY,2026-08-23,40.15,2026-08-23,2026-09-03,41.86,2026-09-17,42.77,6.53,NASDAQ:HRMY,https://www.tradingview.com/chart/?symbol=NASDAQ%3AHRMY
US,TPG,2026-08-25,50.801,2026-08-25,2026-08-25,52.9,2026-08-31,54.12,6.53,NASDAQ:TPG,https://www.tradingview.com/chart/?symbol=NASDAQ%3ATPG
US,HCC,2026-08-31,101.612,2026-08-31,2026-08-31,108.16,2026-08-31,108.16,6.44,NYSE:HCC,https://www.tradingview.com/chart/?symbol=NYSE%3AHCC
HK,2328.HK,2026-09-01,16.34,2026-09-01,2026-09-01,17.39,2026-09-01,17.39,6.43,HKEX:2328,https://www.tradingview.com/chart/?symbol=HKEX%3A2328
US,STNG,2026-09-01,82.838,2026-09-01,2026-09-11,84.52,2026-10-08,88.15,6.41,NYSE:STNG,https://www.tradingview.com/chart/?symbol=NYSE%3ASTNG
Canada,BDT.TO,2026-08-20,78.473,2026-09-16,2026-09-30,82.03,2026-10-05,83.46,6.36,TSX:BDT,https://www.tradingview.com/chart/?symbol=TSX%3ABDT
HK,2269.HK,2026-09-21,54.45,2026-09-21,2026-09-30,56.05,2026-10-06,57.9,6.34,HKEX:2269,https://www.tradingview.com/chart/?symbol=HKEX%3A2269
US,TEVA,2026-08-23,37.83,2026-08-23,2026-08-26,37.92,2026-09-25,40.22,6.32,NYSE:TEVA,https://www.tradingview.com/chart/?symbol=NYSE%3ATEVA
US,SE,2026-08-20,115.9,2026-08-20,2026-08-20,117.21,2026-08-25,123.23,6.32,NYSE:SE,https://www.tradingview.com/chart/?symbol=NYSE%3ASE
US,FCX,2026-08-20,72.105,2026-08-20,2026-08-28,76.45,2026-09-08,76.62,6.26,NYSE:FCX,https://www.tradingview.com/chart/?symbol=NYSE%3AFCX
Canada,ARG.TO,2026-08-23,8.48,2026-08-23,2026-09-09,8.6,2026-09-22,9.01,6.25,TSX:ARG,https://www.tradingview.com/chart/?symbol=TSX%3AARG
US,ROP,2026-08-20,401.24,2026-08-20,2026-08-20,410.15,2026-08-28,426.22,6.23,NASDAQ:ROP,https://www.tradingview.com/chart/?symbol=NASDAQ%3AROP
Canada,AC.TO,2026-08-20,27.3,2026-08-20,2026-08-20,28.825,2026-08-24,29.0,6.23,TSX:AC,https://www.tradingview.com/chart/?symbol=TSX%3AAC
US,GO,2026-09-03,11.65,2026-09-03,2026-09-03,12.3,2026-09-04,12.37,6.18,NASDAQ:GO,https://www.tradingview.com/chart/?symbol=NASDAQ%3AGO
US,VIA,2026-10-02,29.11,2026-10-02,2026-10-02,29.29,2026-10-05,30.91,6.18,NYSE:VIA,https://www.tradingview.com/chart/?symbol=NYSE%3AVIA
US,EXLS,2026-08-28,36.2,2026-08-28,2026-08-28,38.41,2026-08-28,38.41,6.1,NASDAQ:EXLS,https://www.tradingview.com/chart/?symbol=NASDAQ%3AEXLS
US,JOYY,2026-08-20,76.68,2026-08-20,2026-09-11,77.26,2026-10-07,81.33,6.06,NASDAQ:JOYY,https://www.tradingview.com/chart/?symbol=NASDAQ%3AJOYY
US,UAN,2026-08-26,128.43,2026-08-26,2026-09-03,131.51,2026-09-17,136.21,6.06,NYSE:UAN,https://www.tradingview.com/chart/?symbol=NYSE%3AUAN
US,NTR,2026-08-26,76.11,2026-08-26,2026-09-04,79.47,2026-09-09,80.72,6.06,NYSE:NTR,https://www.tradingview.com/chart/?symbol=NYSE%3ANTR
US,WT,2026-08-20,23.47,2026-08-20,2026-08-28,24.43,2026-09-04,24.89,6.05,NYSE:WT,https://www.tradingview.com/chart/?symbol=NYSE%3AWT
HK,3339.HK,2026-08-21,3.33,2026-08-21,2026-09-02,3.375,2026-09-07,3.53,6.01,HKEX:3339,https://www.tradingview.com/chart/?symbol=HKEX%3A3339
US,JJSF,2026-08-20,84.7,2026-08-20,2026-08-20,88.53,2026-08-24,89.785,6.0,NASDAQ:JJSF,https://www.tradingview.com/chart/?symbol=NASDAQ%3AJJSF
US,INSM,2026-08-20,119.54,2026-08-20,2026-08-20,125.075,2026-09-03,126.68,5.97,NASDAQ:INSM,https://www.tradingview.com/chart/?symbol=NASDAQ%3AINSM
US,GNK,2026-08-20,26.53,2026-08-20,2026-08-24,26.94,2026-09-17,28.1,5.92,NYSE:GNK,https://www.tradingview.com/chart/?symbol=NYSE%3AGNK
HK,2602.HK,2026-09-17,18.848,2026-09-17,2026-09-17,18.98,2026-10-07,19.95,5.85,HKEX:2602,https://www.tradingview.com/chart/?symbol=HKEX%3A2602
US,CLX,2026-08-20,100.199,2026-08-20,2026-08-20,106.05,2026-08-20,106.05,5.84,NYSE:CLX,https://www.tradingview.com/chart/?symbol=NYSE%3ACLX
HK,0081.HK,2026-09-16,2.995,2026-09-16,2026-10-05,3.075,2026-10-08,3.17,5.84,HKEX:0081,https://www.tradingview.com/chart/?symbol=HKEX%3A0081
Canada,ARX.TO,2026-08-23,32.35,2026-09-08,2026-08-23,33.82,2026-09-01,34.23,5.81,TSX:ARX,https://www.tradingview.com/chart/?symbol=TSX%3AARX
US,PI,2026-09-14,173.83,2026-09-14,2026-09-15,174.42,2026-09-21,183.91,5.8,NASDAQ:PI,https://www.tradingview.com/chart/?symbol=NASDAQ%3API
US,SSNC,2026-08-20,80.0,2026-08-20,2026-08-20,82.11,2026-09-03,84.615,5.77,NASDAQ:SSNC,https://www.tradingview.com/chart/?symbol=NASDAQ%3ASSNC
US,AMRX,2026-09-18,19.26,2026-09-18,2026-09-29,20.2,2026-10-05,20.37,5.76,NASDAQ:AMRX,https://www.tradingview.com/chart/?symbol=NASDAQ%3AAMRX
US,MTCH,2026-08-20,41.4,2026-08-20,2026-08-26,42.07,2026-09-17,43.77,5.72,NASDAQ:MTCH,https://www.tradingview.com/chart/?symbol=NASDAQ%3AMTCH
Canada,RIO.TO,2026-09-03,3.7,2026-09-03,2026-09-22,3.91,2026-09-22,3.91,5.68,TSX:RIO,https://www.tradingview.com/chart/?symbol=TSX%3ARIO
Canada,SU.TO,2026-09-09,95.418,2026-09-09,2026-09-14,95.58,2026-10-08,100.84,5.68,TSX:SU,https://www.tradingview.com/chart/?symbol=TSX%3ASU
US,GEN,2026-08-20,29.739,2026-08-23,2026-08-31,31.0,2026-09-14,31.415,5.64,NASDAQ:GEN,https://www.tradingview.com/chart/?symbol=NASDAQ%3AGEN
US,NU,2026-08-28,14.845,2026-08-28,2026-09-02,15.395,2026-09-03,15.68,5.62,NYSE:NU,https://www.tradingview.com/chart/?symbol=NYSE%3ANU
US,HNGE,2026-08-24,93.13,2026-08-24,2026-09-14,94.79,2026-10-05,98.35,5.61,NYSE:HNGE,https://www.tradingview.com/chart/?symbol=NYSE%3AHNGE
US,KB,2026-08-20,125.66,2026-08-25,2026-09-02,126.25,2026-09-14,132.71,5.61,NYSE:KB,https://www.tradingview.com/chart/?symbol=NYSE%3AKB
Canada,GUD.TO,2026-08-25,10.17,2026-08-25,2026-09-18,10.25,2026-10-07,10.74,5.6,TSX:GUD,https://www.tradingview.com/chart/?symbol=TSX%3AGUD
US,NRP,2026-08-28,107.49,2026-08-28,2026-08-28,112.88,2026-09-04,113.5,5.59,NYSE:NRP,https://www.tradingview.com/chart/?symbol=NYSE%3ANRP
Canada,WCP.TO,2026-08-24,18.29,2026-08-24,2026-09-11,18.54,2026-09-15,19.31,5.58,TSX:WCP,https://www.tradingview.com/chart/?symbol=TSX%3AWCP
US,ADMA,2026-08-20,9.33,2026-08-20,2026-08-20,9.76,2026-08-23,9.85,5.57,NASDAQ:ADMA,https://www.tradingview.com/chart/?symbol=NASDAQ%3AADMA
US,PLTR,2026-09-21,188.37,2026-09-21,2026-09-25,189.67,2026-10-08,198.72,5.49,NASDAQ:PLTR,https://www.tradingview.com/chart/?symbol=NASDAQ%3APLTR
US,ROG,2026-10-07,145.99,2026-10-07,2026-10-07,153.99,2026-10-07,153.99,5.48,NYSE:ROG,https://www.tradingview.com/chart/?symbol=NYSE%3AROG
US,WAT,2026-08-20,420.26,2026-08-20,2026-09-17,429.63,2026-09-29,443.26,5.47,NYSE:WAT,https://www.tradingview.com/chart/?symbol=NYSE%3AWAT
US,LNG,2026-08-20,280.6,2026-08-23,2026-08-24,280.79,2026-09-02,295.81,5.42,NYSE:LNG,https://www.tradingview.com/chart/?symbol=NYSE%3ALNG
US,BL,2026-08-25,31.54,2026-08-25,2026-08-25,31.63,2026-08-31,33.24,5.39,NASDAQ:BL,https://www.tradingview.com/chart/?symbol=NASDAQ%3ABL
US,GSL,2026-08-23,44.046,2026-08-23,2026-08-24,44.66,2026-09-04,46.41,5.37,NYSE:GSL,https://www.tradingview.com/chart/?symbol=NYSE%3AGSL
US,LYFT,2026-08-20,16.8,2026-08-20,2026-08-20,17.38,2026-08-28,17.7,5.36,NASDAQ:LYFT,https://www.tradingview.com/chart/?symbol=NASDAQ%3ALYFT
US,EXE,2026-08-28,94.94,2026-08-28,2026-08-28,98.18,2026-09-01,99.99,5.32,NASDAQ:EXE,https://www.tradingview.com/chart/?symbol=NASDAQ%3AEXE
US,APA,2026-08-24,45.05,2026-08-24,2026-09-15,47.42,2026-09-15,47.42,5.26,NASDAQ:APA,https://www.tradingview.com/chart/?symbol=NASDAQ%3AAPA
Canada,HSLV.TO,2026-09-10,7.8,2026-09-10,2026-09-10,7.9,2026-09-22,8.21,5.26,TSX:HSLV,https://www.tradingview.com/chart/?symbol=TSX%3AHSLV
US,PHVS,2026-08-20,36.93,2026-08-20,2026-08-25,37.23,2026-09-14,38.86,5.23,NASDAQ:PHVS,https://www.tradingview.com/chart/?symbol=NASDAQ%3APHVS
US,HALO,2026-08-26,109.55,2026-08-26,2026-09-02,109.66,2026-09-25,115.22,5.18,NASDAQ:HALO,https://www.tradingview.com/chart/?symbol=NASDAQ%3AHALO
HK,9987.HK,2026-08-21,368.8,2026-08-21,2026-08-21,385.0,2026-08-24,387.8,5.15,HKEX:9987,https://www.tradingview.com/chart/?symbol=HKEX%3A9987
HK,0613.HK,2026-08-24,5.45,2026-08-24,2026-08-24,5.6,2026-08-25,5.73,5.14,HKEX:0613,https://www.tradingview.com/chart/?symbol=HKEX%3A0613
US,SBLK,2026-08-20,30.9,2026-08-20,2026-09-01,31.05,2026-09-18,32.48,5.11,NASDAQ:SBLK,https://www.tradingview.com/chart/?symbol=NASDAQ%3ASBLK
US,DRTS,2026-08-20,14.75,2026-08-20,2026-08-26,14.96,2026-09-21,15.5,5.08,NASDAQ:DRTS,https://www.tradingview.com/chart/?symbol=NASDAQ%3ADRTS
US,IQV,2026-08-25,261.88,2026-08-25,2026-09-02,263.87,2026-09-24,275.17,5.07,NYSE:IQV,https://www.tradingview.com/chart/?symbol=NYSE%3AIQV
US,SENEB,2026-08-20,196.63,2026-08-20,2026-09-02,206.48,2026-09-02,206.48,5.01,NASDAQ:SENEB,https://www.tradingview.com/chart/?symbol=NASDAQ%3ASENEB
US,NSIT,2026-08-20,157.35,2026-08-25,2026-09-03,159.15,2026-09-16,165.19,4.98,NASDAQ:NSIT,https://www.tradingview.com/chart/?symbol=NASDAQ%3ANSIT
US,CIG-C,2026-09-10,3.44,2026-09-10,2026-10-05,3.609,2026-10-05,3.609,4.91,NYSE:CIG-C,https://www.tradingview.com/chart/?symbol=NYSE%3ACIG-C
HK,0939.HK,2026-08-21,9.36,2026-08-21,2026-08-31,9.41,2026-09-30,9.82,4.91,HKEX:0939,https://www.tradingview.com/chart/?symbol=HKEX%3A0939
US,CNXN,2026-09-04,88.096,2026-09-04,2026-09-24,89.02,2026-10-05,92.4,4.89,NASDAQ:CNXN,https://www.tradingview.com/chart/?symbol=NASDAQ%3ACNXN
US,CVX,2026-08-20,207.68,2026-08-20,2026-09-01,211.05,2026-09-15,217.76,4.85,NYSE:CVX,https://www.tradingview.com/chart/?symbol=NYSE%3ACVX
HK,3347.HK,2026-09-29,44.98,2026-09-29,2026-09-29,45.22,2026-10-06,47.16,4.85,HKEX:3347,https://www.tradingview.com/chart/?symbol=HKEX%3A3347
HK,8279.HK,2026-09-16,1.35,2026-09-16,2026-09-16,1.38,2026-09-18,1.415,4.81,HKEX:8279,https://www.tradingview.com/chart/?symbol=HKEX%3A8279
US,EQNR,2026-08-23,43.05,2026-08-23,2026-09-01,44.22,2026-09-10,45.11,4.79,NYSE:EQNR,https://www.tradingview.com/chart/?symbol=NYSE%3AEQNR
US,BRO,2026-08-20,71.205,2026-08-20,2026-08-20,72.07,2026-08-24,74.61,4.78,NYSE:BRO,https://www.tradingview.com/chart/?symbol=NYSE%3ABRO
Canada,CRON.TO,2026-08-20,4.61,2026-08-20,2026-09-22,4.82,2026-09-28,4.83,4.77,TSX:CRON,https://www.tradingview.com/chart/?symbol=TSX%3ACRON
US,DXC,2026-09-02,11.15,2026-09-02,2026-09-02,11.64,2026-09-03,11.675,4.71,NYSE:DXC,https://www.tradingview.com/chart/?symbol=NYSE%3ADXC
US,GLP,2026-08-25,51.58,2026-08-26,2026-09-01,52.0,2026-09-10,54.0,4.69,NYSE:GLP,https://www.tradingview.com/chart/?symbol=NYSE%3AGLP
US,SJM,2026-08-20,126.465,2026-08-20,2026-08-26,130.81,2026-08-28,132.34,4.65,NYSE:SJM,https://www.tradingview.com/chart/?symbol=NYSE%3ASJM
HK,3311.HK,2026-09-30,8.506,2026-09-30,2026-09-30,8.9,2026-09-30,8.9,4.63,HKEX:3311,https://www.tradingview.com/chart/?symbol=HKEX%3A3311
US,MTDR,2026-08-28,60.38,2026-09-01,2026-09-09,60.67,2026-09-15,63.17,4.62,NYSE:MTDR,https://www.tradingview.com/chart/?symbol=NYSE%3AMTDR
US,PRLB,2026-09-22,93.0,2026-09-22,2026-09-30,94.85,2026-10-06,97.28,4.6,NYSE:PRLB,https://www.tradingview.com/chart/?symbol=NYSE%3APRLB
US,PAY,2026-08-20,36.72,2026-08-20,2026-08-20,38.41,2026-08-20,38.41,4.6,NYSE:PAY,https://www.tradingview.com/chart/?symbol=NYSE%3APAY
HK,3306.HK,2026-09-16,22.24,2026-09-16,2026-09-30,23.26,2026-09-30,23.26,4.59,HKEX:3306,https://www.tradingview.com/chart/?symbol=HKEX%3A3306
US,SCSC,2026-08-28,56.02,2026-08-28,2026-08-28,56.55,2026-09-04,58.58,4.57,NASDAQ:SCSC,https://www.tradingview.com/chart/?symbol=NASDAQ%3ASCSC
US,MTD,2026-08-25,1474.19,2026-08-25,2026-09-30,1512.2,2026-10-05,1541.22,4.55,NYSE:MTD,https://www.tradingview.com/chart/?symbol=NYSE%3AMTD
US,CHWY,2026-08-25,23.615,2026-08-25,2026-08-25,24.69,2026-08-25,24.69,4.55,NYSE:CHWY,https://www.tradingview.com/chart/?symbol=NYSE%3ACHWY
US,S,2026-09-25,24.3,2026-09-25,2026-10-07,25.31,2026-10-08,25.4,4.53,NYSE:S,https://www.tradingview.com/chart/?symbol=NYSE%3AS
HK,2196.HK,2026-09-24,17.67,2026-09-24,2026-09-29,17.87,2026-09-30,18.47,4.53,HKEX:2196,https://www.tradingview.com/chart/?symbol=HKEX%3A2196
Canada,AAV.TO,2026-08-20,10.61,2026-08-20,2026-08-20,11.09,2026-08-20,11.09,4.52,TSX:AAV,https://www.tradingview.com/chart/?symbol=TSX%3AAAV
HK,1199.HK,2026-08-26,6.0,2026-09-21,2026-09-25,6.03,2026-10-08,6.27,4.5,HKEX:1199,https://www.tradingview.com/chart/?symbol=HKEX%3A1199
Canada,VET.TO,2026-08-28,17.93,2026-08-28,2026-09-01,18.35,2026-09-15,18.73,4.46,TSX:VET,https://www.tradingview.com/chart/?symbol=TSX%3AVET
US,LDOS,2026-08-20,135.5,2026-08-20,2026-08-20,141.4,2026-08-23,141.5,4.43,NYSE:LDOS,https://www.tradingview.com/chart/?symbol=NYSE%3ALDOS
HK,1070.HK,2026-08-21,16.95,2026-09-01,2026-09-03,17.11,2026-10-06,17.7,4.42,HKEX:1070,https://www.tradingview.com/chart/?symbol=HKEX%3A1070
HK,2518.HK,2026-08-21,42.14,2026-08-21,2026-08-21,42.16,2026-08-31,44.0,4.41,HKEX:2518,https://www.tradingview.com/chart/?symbol=HKEX%3A2518
US,KMX,2026-08-20,61.15,2026-08-20,2026-08-24,62.8,2026-08-26,63.84,4.4,NYSE:KMX,https://www.tradingview.com/chart/?symbol=NYSE%3AKMX
US,TX,2026-08-20,55.66,2026-08-20,2026-08-28,55.83,2026-09-09,58.11,4.4,NYSE:TX,https://www.tradingview.com/chart/?symbol=NYSE%3ATX
US,RNW,2026-08-20,6.59,2026-08-20,2026-08-20,6.82,2026-09-04,6.88,4.4,NASDAQ:RNW,https://www.tradingview.com/chart/?symbol=NASDAQ%3ARNW
US,TBBB,2026-08-20,51.62,2026-08-26,2026-09-23,51.73,2026-10-05,53.87,4.36,NYSE:TBBB,https://www.tradingview.com/chart/?symbol=NYSE%3ATBBB
US,CEG,2026-09-07,286.559,2026-09-07,2026-09-07,298.95,2026-09-08,298.96,4.33,NASDAQ:CEG,https://www.tradingview.com/chart/?symbol=NASDAQ%3ACEG
US,MH,2026-09-18,13.19,2026-09-18,2026-09-21,13.26,2026-09-23,13.76,4.32,NYSE:MH,https://www.tradingview.com/chart/?symbol=NYSE%3AMH
US,SNOW,2026-08-23,341.95,2026-08-23,2026-09-03,356.64,2026-09-03,356.64,4.3,NYSE:SNOW,https://www.tradingview.com/chart/?symbol=NYSE%3ASNOW
US,MT,2026-08-20,75.505,2026-08-23,2026-09-03,76.07,2026-09-04,78.755,4.3,NYSE:MT,https://www.tradingview.com/chart/?symbol=NYSE%3AMT
US,IDCC,2026-08-25,335.97,2026-08-25,2026-08-25,345.5,2026-09-11,350.23,4.24,NASDAQ:IDCC,https://www.tradingview.com/chart/?symbol=NASDAQ%3AIDCC
US,LW,2026-08-20,53.119,2026-08-20,2026-08-20,53.47,2026-08-25,55.36,4.22,NYSE:LW,https://www.tradingview.com/chart/?symbol=NYSE%3ALW
US,CF,2026-08-25,132.55,2026-08-25,2026-09-08,134.33,2026-09-09,138.11,4.19,NYSE:CF,https://www.tradingview.com/chart/?symbol=NYSE%3ACF
Canada,Y.TO,2026-09-08,13.44,2026-09-08,2026-09-18,13.45,2026-10-01,14.0,4.17,TSX:Y,https://www.tradingview.com/chart/?symbol=TSX%3AY
US,GLIBA,2026-08-25,25.8,2026-08-25,2026-08-25,26.873,2026-08-25,26.873,4.16,NASDAQ:GLIBA,https://www.tradingview.com/chart/?symbol=NASDAQ%3AGLIBA
US,AVT,2026-08-20,102.7,2026-09-24,2026-10-02,106.95,2026-10-02,106.95,4.14,NASDAQ:AVT,https://www.tradingview.com/chart/?symbol=NASDAQ%3AAVT
US,FSK,2026-08-20,11.94,2026-08-20,2026-08-24,12.065,2026-09-04,12.43,4.1,NYSE:FSK,https://www.tradingview.com/chart/?symbol=NYSE%3AFSK
Canada,NPI.TO,2026-10-01,22.289,2026-10-01,2026-10-01,22.63,2026-10-06,23.2,4.09,TSX:NPI,https://www.tradingview.com/chart/?symbol=TSX%3ANPI
US,GPK,2026-08-20,11.491,2026-08-20,2026-08-20,11.63,2026-08-23,11.96,4.08,NYSE:GPK,https://www.tradingview.com/chart/?symbol=NYSE%3AGPK
Canada,CAS.TO,2026-09-04,17.847,2026-09-04,2026-09-29,18.57,2026-09-29,18.57,4.05,TSX:CAS,https://www.tradingview.com/chart/?symbol=TSX%3ACAS
US,BSY,2026-08-23,36.22,2026-08-23,2026-08-23,37.08,2026-08-24,37.67,4.0,NASDAQ:BSY,https://www.tradingview.com/chart/?symbol=NASDAQ%3ABSY
US,DBX,2026-08-24,36.3,2026-08-24,2026-09-14,37.31,2026-09-16,37.74,3.97,NASDAQ:DBX,https://www.tradingview.com/chart/?symbol=NASDAQ%3ADBX
US,CME,2026-09-01,275.5,2026-09-01,2026-09-01,286.45,2026-09-01,286.45,3.97,NASDAQ:CME,https://www.tradingview.com/chart/?symbol=NASDAQ%3ACME
US,KEYS,2026-09-30,366.882,2026-09-30,2026-10-07,381.42,2026-10-07,381.42,3.96,NYSE:KEYS,https://www.tradingview.com/chart/?symbol=NYSE%3AKEYS
US,SONY,2026-08-26,23.98,2026-08-26,2026-08-26,24.125,2026-09-03,24.93,3.96,NYSE:SONY,https://www.tradingview.com/chart/?symbol=NYSE%3ASONY
HK,2507.HK,2026-08-31,46.54,2026-08-31,2026-08-31,48.38,2026-08-31,48.38,3.95,HKEX:2507,https://www.tradingview.com/chart/?symbol=HKEX%3A2507
US,COP,2026-08-24,135.88,2026-08-24,2026-09-09,136.57,2026-09-15,141.23,3.94,NYSE:COP,https://www.tradingview.com/chart/?symbol=NYSE%3ACOP
Canada,SXGC.TO,2026-08-24,12.68,2026-08-24,2026-09-18,12.8,2026-09-22,13.18,3.94,TSX:SXGC,https://www.tradingview.com/chart/?symbol=TSX%3ASXGC
US,TRMD,2026-08-28,32.54,2026-08-28,2026-08-31,32.82,2026-09-02,33.82,3.93,NASDAQ:TRMD,https://www.tradingview.com/chart/?symbol=NASDAQ%3ATRMD
US,DMC,2026-09-02,31.65,2026-09-02,2026-09-02,32.37,2026-09-09,32.89,3.92,NYSE:DMC,https://www.tradingview.com/chart/?symbol=NYSE%3ADMC
Canada,ALS.TO,2026-08-20,66.05,2026-08-20,2026-08-26,66.2,2026-09-22,68.63,3.91,TSX:ALS,https://www.tradingview.com/chart/?symbol=TSX%3AALS
US,TECK,2026-08-20,68.46,2026-08-20,2026-08-26,71.12,2026-08-26,71.12,3.89,NYSE:TECK,https://www.tradingview.com/chart/?symbol=NYSE%3ATECK
US,BBY,2026-08-20,91.27,2026-08-24,2026-09-15,93.24,2026-09-22,94.81,3.88,NYSE:BBY,https://www.tradingview.com/chart/?symbol=NYSE%3ABBY
US,USPH,2026-08-20,82.938,2026-09-14,2026-09-17,83.08,2026-09-29,86.15,3.87,NYSE:USPH,https://www.tradingview.com/chart/?symbol=NYSE%3AUSPH
US,DMLP,2026-08-25,29.26,2026-08-25,2026-09-02,29.28,2026-09-15,30.39,3.86,NASDAQ:DMLP,https://www.tradingview.com/chart/?symbol=NASDAQ%3ADMLP
US,GEHC,2026-08-20,72.04,2026-08-20,2026-08-20,74.05,2026-08-23,74.815,3.85,NASDAQ:GEHC,https://www.tradingview.com/chart/?symbol=NASDAQ%3AGEHC
US,MRX,2026-08-23,75.4,2026-08-23,2026-09-03,75.72,2026-09-04,78.28,3.82,NASDAQ:MRX,https://www.tradingview.com/chart/?symbol=NASDAQ%3AMRX
US,ICUI,2026-08-20,176.27,2026-08-20,2026-08-20,182.54,2026-08-23,183.0,3.82,NASDAQ:ICUI,https://www.tradingview.com/chart/?symbol=NASDAQ%3AICUI
US,FRSH,2026-08-23,13.255,2026-08-23,2026-09-01,13.46,2026-10-06,13.76,3.81,NASDAQ:FRSH,https://www.tradingview.com/chart/?symbol=NASDAQ%3AFRSH
US,NVDA,2026-09-04,230.47,2026-09-04,2026-10-02,230.86,2026-10-06,239.24,3.81,NASDAQ:NVDA,https://www.tradingview.com/chart/?symbol=NASDAQ%3ANVDA
US,IMAX,2026-08-20,54.28,2026-08-20,2026-09-24,55.15,2026-09-30,56.33,3.78,NYSE:IMAX,https://www.tradingview.com/chart/?symbol=NYSE%3AIMAX
HK,0144.HK,2026-08-24,16.58,2026-09-03,2026-09-16,16.6,2026-09-29,17.2,3.74,HKEX:0144,https://www.tradingview.com/chart/?symbol=HKEX%3A0144
HK,0517.HK,2026-09-01,6.555,2026-09-16,2026-09-01,6.69,2026-10-08,6.8,3.74,HKEX:0517,https://www.tradingview.com/chart/?symbol=HKEX%3A0517
US,IOSP,2026-08-20,95.01,2026-08-20,2026-08-28,95.38,2026-10-06,98.55,3.73,NASDAQ:IOSP,https://www.tradingview.com/chart/?symbol=NASDAQ%3AIOSP
US,MUFG,2026-08-20,23.25,2026-08-26,2026-09-04,24.09,2026-09-07,24.1,3.66,NYSE:MUFG,https://www.tradingview.com/chart/?symbol=NYSE%3AMUFG
US,AMPL,2026-09-25,14.76,2026-10-01,2026-10-05,14.91,2026-10-08,15.3,3.66,NASDAQ:AMPL,https://www.tradingview.com/chart/?symbol=NASDAQ%3AAMPL
US,GIB,2026-08-20,72.671,2026-08-20,2026-08-20,74.25,2026-08-31,75.33,3.66,NYSE:GIB,https://www.tradingview.com/chart/?symbol=NYSE%3AGIB
US,PPC,2026-08-28,30.58,2026-08-28,2026-08-28,31.7,2026-08-28,31.7,3.66,NASDAQ:PPC,https://www.tradingview.com/chart/?symbol=NASDAQ%3APPC
US,CRON,2026-08-20,3.31,2026-08-20,2026-09-22,3.43,2026-09-22,3.43,3.63,NASDAQ:CRON,https://www.tradingview.com/chart/?symbol=NASDAQ%3ACRON
US,XP,2026-09-02,20.75,2026-09-18,2026-09-21,20.78,2026-10-05,21.5,3.61,NASDAQ:XP,https://www.tradingview.com/chart/?symbol=NASDAQ%3AXP
US,FTDR,2026-08-20,80.73,2026-08-20,2026-08-20,81.935,2026-08-26,83.64,3.6,NASDAQ:FTDR,https://www.tradingview.com/chart/?symbol=NASDAQ%3AFTDR
US,FUTU,2026-09-01,117.81,2026-09-01,2026-09-01,119.25,2026-09-03,122.03,3.58,NASDAQ:FUTU,https://www.tradingview.com/chart/?symbol=NASDAQ%3AFUTU
US,RPRX,2026-08-20,61.8,2026-08-20,2026-08-25,62.08,2026-09-04,63.99,3.54,NASDAQ:RPRX,https://www.tradingview.com/chart/?symbol=NASDAQ%3ARPRX
US,ING,2026-08-23,35.98,2026-08-23,2026-09-07,37.165,2026-09-11,37.25,3.53,NYSE:ING,https://www.tradingview.com/chart/?symbol=NYSE%3AING
HK,1929.HK,2026-08-28,13.14,2026-08-28,2026-08-28,13.34,2026-08-29,13.6,3.5,HKEX:1929,https://www.tradingview.com/chart/?symbol=HKEX%3A1929
US,MFG,2026-08-28,11.06,2026-08-28,2026-09-03,11.33,2026-09-11,11.445,3.48,NYSE:MFG,https://www.tradingview.com/chart/?symbol=NYSE%3AMFG
US,MRP,2026-08-28,30.96,2026-08-28,2026-09-07,32.03,2026-09-07,32.03,3.46,NYSE:MRP,https://www.tradingview.com/chart/?symbol=NYSE%3AMRP
US,VET,2026-08-28,13.01,2026-08-28,2026-09-01,13.2,2026-09-15,13.46,3.46,NYSE:VET,https://www.tradingview.com/chart/?symbol=NYSE%3AVET
US,WIX,2026-09-03,80.66,2026-09-03,2026-09-03,81.13,2026-09-21,83.45,3.46,NASDAQ:WIX,https://www.tradingview.com/chart/?symbol=NASDAQ%3AWIX
US,PAGP,2026-08-23,27.4,2026-08-25,2026-08-26,28.15,2026-09-02,28.34,3.43,NASDAQ:PAGP,https://www.tradingview.com/chart/?symbol=NASDAQ%3APAGP
HK,3968.HK,2026-08-21,51.45,2026-08-21,2026-09-01,51.5,2026-09-04,53.2,3.4,HKEX:3968,https://www.tradingview.com/chart/?symbol=HKEX%3A3968
US,JBS,2026-08-20,13.61,2026-08-20,2026-08-23,13.825,2026-08-25,14.07,3.38,NYSE:JBS,https://www.tradingview.com/chart/?symbol=NYSE%3AJBS
HK,0027.HK,2026-08-21,34.54,2026-08-21,2026-08-21,35.7,2026-08-21,35.7,3.36,HKEX:0027,https://www.tradingview.com/chart/?symbol=HKEX%3A0027
US,SCCO,2026-08-20,203.0,2026-08-20,2026-08-28,209.79,2026-08-28,209.79,3.34,NYSE:SCCO,https://www.tradingview.com/chart/?symbol=NYSE%3ASCCO
US,CRGY,2026-08-28,14.12,2026-08-28,2026-09-08,14.19,2026-09-14,14.59,3.33,NYSE:CRGY,https://www.tradingview.com/chart/?symbol=NYSE%3ACRGY
US,SEIC,2026-08-20,108.04,2026-08-20,2026-08-25,110.98,2026-08-28,111.63,3.32,NASDAQ:SEIC,https://www.tradingview.com/chart/?symbol=NASDAQ%3ASEIC
US,TDW,2026-08-24,97.5,2026-08-24,2026-09-02,100.72,2026-09-02,100.72,3.3,NYSE:TDW,https://www.tradingview.com/chart/?symbol=NYSE%3ATDW
US,UL,2026-08-20,63.238,2026-08-20,2026-08-20,63.395,2026-08-24,65.305,3.27,NYSE:UL,https://www.tradingview.com/chart/?symbol=NYSE%3AUL
US,PJT,2026-08-26,179.99,2026-08-26,2026-08-31,180.39,2026-09-03,185.865,3.26,NYSE:PJT,https://www.tradingview.com/chart/?symbol=NYSE%3APJT
US,DVN,2026-08-23,49.72,2026-08-28,2026-09-10,50.02,2026-09-15,51.33,3.24,NYSE:DVN,https://www.tradingview.com/chart/?symbol=NYSE%3ADVN
US,KT,2026-08-28,19.37,2026-08-28,2026-08-28,19.63,2026-09-14,19.995,3.23,NYSE:KT,https://www.tradingview.com/chart/?symbol=NYSE%3AKT
Canada,PRM.TO,2026-08-20,15.48,2026-08-20,2026-08-25,15.95,2026-08-26,15.98,3.23,TSX:PRM,https://www.tradingview.com/chart/?symbol=TSX%3APRM
US,PGY,2026-08-20,19.6,2026-08-20,2026-08-20,20.23,2026-08-20,20.23,3.21,NASDAQ:PGY,https://www.tradingview.com/chart/?symbol=NASDAQ%3APGY
US,CRCT,2026-09-25,6.27,2026-09-25,2026-10-05,6.47,2026-10-05,6.47,3.19,NASDAQ:CRCT,https://www.tradingview.com/chart/?symbol=NASDAQ%3ACRCT
US,ZIM,2026-08-23,29.56,2026-08-23,2026-09-11,29.57,2026-09-22,30.5,3.18,NYSE:ZIM,https://www.tradingview.com/chart/?symbol=NYSE%3AZIM
Canada,CXI.TO,2026-08-20,30.5,2026-08-20,2026-09-11,31.01,2026-09-18,31.47,3.18,TSX:CXI,https://www.tradingview.com/chart/?symbol=TSX%3ACXI
US,ECO,2026-08-20,67.81,2026-08-31,2026-09-08,69.95,2026-09-08,69.95,3.16,NYSE:ECO,https://www.tradingview.com/chart/?symbol=NYSE%3AECO
US,ICFI,2026-08-20,87.43,2026-08-20,2026-08-20,89.0,2026-08-28,90.19,3.16,NASDAQ:ICFI,https://www.tradingview.com/chart/?symbol=NASDAQ%3AICFI
US,ATI,2026-08-20,208.71,2026-08-20,2026-08-20,209.15,2026-08-25,215.28,3.15,NYSE:ATI,https://www.tradingview.com/chart/?symbol=NYSE%3AATI
US,STE,2026-08-20,230.65,2026-08-20,2026-08-20,235.85,2026-08-24,237.88,3.13,NYSE:STE,https://www.tradingview.com/chart/?symbol=NYSE%3ASTE
US,TPC,2026-08-20,88.413,2026-08-20,2026-08-20,90.35,2026-08-23,91.17,3.12,NYSE:TPC,https://www.tradingview.com/chart/?symbol=NYSE%3ATPC
US,GNW,2026-08-26,10.28,2026-08-26,2026-09-04,10.35,2026-09-14,10.6,3.11,NYSE:GNW,https://www.tradingview.com/chart/?symbol=NYSE%3AGNW
US,RGEN,2026-08-26,188.73,2026-08-26,2026-09-25,189.68,2026-09-29,194.57,3.09,NASDAQ:RGEN,https://www.tradingview.com/chart/?symbol=NASDAQ%3ARGEN
US,TSCO,2026-08-23,34.87,2026-08-23,2026-08-23,34.98,2026-08-24,35.91,2.98,NASDAQ:TSCO,https://www.tradingview.com/chart/?symbol=NASDAQ%3ATSCO
US,TWLO,2026-09-17,258.353,2026-09-17,2026-09-21,266.03,2026-09-21,266.03,2.97,NYSE:TWLO,https://www.tradingview.com/chart/?symbol=NYSE%3ATWLO
US,TAK,2026-08-20,18.5,2026-08-20,2026-09-03,18.7,2026-09-17,19.045,2.95,NYSE:TAK,https://www.tradingview.com/chart/?symbol=NYSE%3ATAK
US,BLFS,2026-08-25,38.1,2026-08-25,2026-09-24,38.58,2026-09-29,39.22,2.94,NASDAQ:BLFS,https://www.tradingview.com/chart/?symbol=NASDAQ%3ABLFS
HK,3369.HK,2026-09-03,2.38,2026-09-03,2026-09-03,2.4,2026-10-01,2.45,2.94,HKEX:3369,https://www.tradingview.com/chart/?symbol=HKEX%3A3369
Canada,WPK.TO,2026-08-20,43.39,2026-08-20,2026-08-20,44.65,2026-08-20,44.65,2.9,TSX:WPK,https://www.tradingview.com/chart/?symbol=TSX%3AWPK
US,VLTO,2026-08-20,96.67,2026-08-20,2026-08-20,99.46,2026-08-20,99.46,2.89,NYSE:VLTO,https://www.tradingview.com/chart/?symbol=NYSE%3AVLTO
US,PH,2026-08-20,1009.86,2026-08-20,2026-08-24,1015.12,2026-08-26,1038.65,2.85,NYSE:PH,https://www.tradingview.com/chart/?symbol=NYSE%3APH
US,V,2026-08-20,373.277,2026-08-20,2026-08-26,383.81,2026-08-26,383.81,2.82,NYSE:V,https://www.tradingview.com/chart/?symbol=NYSE%3AV
Canada,NWC.TO,2026-09-21,53.77,2026-09-25,2026-09-28,54.35,2026-10-08,55.28,2.81,TSX:NWC,https://www.tradingview.com/chart/?symbol=TSX%3ANWC
US,BVS,2026-08-23,14.0,2026-08-23,2026-08-23,14.39,2026-08-23,14.39,2.79,NASDAQ:BVS,https://www.tradingview.com/chart/?symbol=NASDAQ%3ABVS
Canada,CVE.TO,2026-08-24,45.94,2026-08-24,2026-09-09,46.2,2026-09-15,47.22,2.79,TSX:CVE,https://www.tradingview.com/chart/?symbol=TSX%3ACVE
US,MA,2026-08-20,583.71,2026-08-20,2026-08-24,599.83,2026-08-24,599.83,2.76,NYSE:MA,https://www.tradingview.com/chart/?symbol=NYSE%3AMA
US,ARW,2026-09-29,233.94,2026-09-29,2026-10-05,240.22,2026-10-06,240.4,2.76,NYSE:ARW,https://www.tradingview.com/chart/?symbol=NYSE%3AARW
Canada,OGC.TO,2026-09-07,41.84,2026-09-07,2026-09-07,42.32,2026-09-09,42.99,2.75,TSX:OGC,https://www.tradingview.com/chart/?symbol=TSX%3AOGC
US,ETG,2026-08-20,23.744,2026-08-20,2026-08-20,23.9,2026-08-28,24.39,2.72,NYSE:ETG,https://www.tradingview.com/chart/?symbol=NYSE%3AETG
US,WK,2026-09-04,74.64,2026-09-04,2026-09-04,76.66,2026-09-04,76.66,2.71,NYSE:WK,https://www.tradingview.com/chart/?symbol=NYSE%3AWK
US,PRCH,2026-08-23,17.47,2026-08-23,2026-09-02,17.74,2026-09-04,17.94,2.69,NASDAQ:PRCH,https://www.tradingview.com/chart/?symbol=NASDAQ%3APRCH
HK,1508.HK,2026-09-05,1.3,2026-09-05,2026-09-05,1.335,2026-09-05,1.335,2.69,HKEX:1508,https://www.tradingview.com/chart/?symbol=HKEX%3A1508
US,COR,2026-09-02,328.353,2026-09-02,2026-09-02,336.37,2026-09-03,337.14,2.68,NYSE:COR,https://www.tradingview.com/chart/?symbol=NYSE%3ACOR
US,SOLV,2026-08-20,90.0,2026-08-20,2026-08-24,91.29,2026-09-03,92.4,2.67,NYSE:SOLV,https://www.tradingview.com/chart/?symbol=NYSE%3ASOLV
US,GSBD,2026-08-20,9.96,2026-08-20,2026-08-25,10.1,2026-08-31,10.225,2.66,NYSE:GSBD,https://www.tradingview.com/chart/?symbol=NYSE%3AGSBD
US,BHP,2026-08-20,93.83,2026-08-20,2026-08-26,96.33,2026-08-26,96.33,2.66,NYSE:BHP,https://www.tradingview.com/chart/?symbol=NYSE%3ABHP
US,CHRD,2026-08-28,153.0,2026-08-28,2026-09-15,157.06,2026-09-15,157.06,2.65,NASDAQ:CHRD,https://www.tradingview.com/chart/?symbol=NASDAQ%3ACHRD
US,ALC,2026-08-20,71.815,2026-08-20,2026-08-20,72.935,2026-08-24,73.71,2.64,NYSE:ALC,https://www.tradingview.com/chart/?symbol=NYSE%3AALC
HK,2359.HK,2026-08-21,212.8,2026-08-26,2026-10-07,218.4,2026-10-07,218.4,2.63,HKEX:2359,https://www.tradingview.com/chart/?symbol=HKEX%3A2359
HK,2268.HK,2026-09-16,81.85,2026-09-23,2026-10-07,84.0,2026-10-07,84.0,2.63,HKEX:2268,https://www.tradingview.com/chart/?symbol=HKEX%3A2268
HK,0991.HK,2026-09-18,2.651,2026-09-18,2026-09-30,2.67,2026-10-06,2.72,2.6,HKEX:0991,https://www.tradingview.com/chart/?symbol=HKEX%3A0991
HK,2888.HK,2026-08-24,239.791,2026-08-24,2026-09-16,244.0,2026-09-21,246.0,2.59,HKEX:2888,https://www.tradingview.com/chart/?symbol=HKEX%3A2888
US,SU,2026-09-01,69.14,2026-09-01,2026-09-17,69.49,2026-10-08,70.91,2.56,NYSE:SU,https://www.tradingview.com/chart/?symbol=NYSE%3ASU
US,WAY,2026-09-21,25.87,2026-09-21,2026-10-05,26.53,2026-10-05,26.53,2.55,NASDAQ:WAY,https://www.tradingview.com/chart/?symbol=NASDAQ%3AWAY
US,CWK,2026-08-23,14.48,2026-08-23,2026-08-23,14.82,2026-08-25,14.845,2.52,NYSE:CWK,https://www.tradingview.com/chart/?symbol=NYSE%3ACWK
US,CIB,2026-08-20,100.74,2026-08-20,2026-08-23,101.27,2026-08-25,103.26,2.5,NYSE:CIB,https://www.tradingview.com/chart/?symbol=NYSE%3ACIB
US,EXEL,2026-08-26,57.57,2026-08-26,2026-09-04,59.01,2026-09-04,59.01,2.5,NASDAQ:EXEL,https://www.tradingview.com/chart/?symbol=NASDAQ%3AEXEL
US,TEAM,2026-09-15,198.6,2026-09-15,2026-10-08,203.57,2026-10-08,203.57,2.5,NASDAQ:TEAM,https://www.tradingview.com/chart/?symbol=NASDAQ%3ATEAM
US,AAMI,2026-08-20,93.82,2026-08-20,2026-08-26,95.67,2026-10-05,96.16,2.49,NYSE:AAMI,https://www.tradingview.com/chart/?symbol=NYSE%3AAAMI
US,GIS,2026-09-01,40.1,2026-09-01,2026-09-01,41.1,2026-09-01,41.1,2.49,NYSE:GIS,https://www.tradingview.com/chart/?symbol=NYSE%3AGIS
HK,6690.HK,2026-08-21,21.116,2026-08-21,2026-08-21,21.5,2026-09-04,21.64,2.48,HKEX:6690,https://www.tradingview.com/chart/?symbol=HKEX%3A6690
US,CQP,2026-08-24,69.5,2026-08-24,2026-09-01,70.32,2026-09-02,71.22,2.47,NYSE:CQP,https://www.tradingview.com/chart/?symbol=NYSE%3ACQP
US,PYPL,2026-08-25,60.76,2026-08-25,2026-08-25,62.26,2026-08-25,62.26,2.47,NASDAQ:PYPL,https://www.tradingview.com/chart/?symbol=NASDAQ%3APYPL
US,SPOT,2026-09-04,544.89,2026-09-04,2026-09-14,556.61,2026-09-15,558.28,2.46,NYSE:SPOT,https://www.tradingview.com/chart/?symbol=NYSE%3ASPOT
US,CET,2026-08-23,54.65,2026-08-23,2026-08-24,54.79,2026-09-11,55.99,2.45,AMEX:CET,https://www.tradingview.com/chart/?symbol=AMEX%3ACET
US,BTU,2026-09-10,28.345,2026-09-10,2026-09-10,29.04,2026-09-10,29.04,2.45,NYSE:BTU,https://www.tradingview.com/chart/?symbol=NYSE%3ABTU
US,TGT,2026-08-20,161.98,2026-08-20,2026-08-25,163.47,2026-08-31,165.93,2.44,NYSE:TGT,https://www.tradingview.com/chart/?symbol=NYSE%3ATGT
Canada,SDE.TO,2026-09-01,13.54,2026-09-01,2026-09-09,13.78,2026-10-08,13.87,2.44,TSX:SDE,https://www.tradingview.com/chart/?symbol=TSX%3ASDE
US,ULTA,2026-09-07,550.77,2026-09-07,2026-09-07,564.17,2026-09-07,564.17,2.43,NASDAQ:ULTA,https://www.tradingview.com/chart/?symbol=NASDAQ%3AULTA
US,GILD,2026-08-20,148.97,2026-08-20,2026-09-01,149.9,2026-09-22,152.58,2.42,NASDAQ:GILD,https://www.tradingview.com/chart/?symbol=NASDAQ%3AGILD
US,ADBE,2026-09-02,279.0,2026-09-02,2026-09-02,279.79,2026-09-03,285.74,2.42,NASDAQ:ADBE,https://www.tradingview.com/chart/?symbol=NASDAQ%3AADBE
US,RELX,2026-08-20,35.789,2026-08-20,2026-08-23,35.9,2026-09-03,36.65,2.41,NYSE:RELX,https://www.tradingview.com/chart/?symbol=NYSE%3ARELX
US,FRHC,2026-08-28,172.235,2026-08-28,2026-08-31,175.01,2026-09-25,176.37,2.4,NASDAQ:FRHC,https://www.tradingview.com/chart/?symbol=NASDAQ%3AFRHC
US,SENEA,2026-08-20,199.55,2026-08-20,2026-08-28,200.23,2026-09-03,204.28,2.37,NASDAQ:SENEA,https://www.tradingview.com/chart/?symbol=NASDAQ%3ASENEA
HK,0836.HK,2026-09-24,19.37,2026-09-24,2026-09-29,19.67,2026-10-07,19.83,2.37,HKEX:0836,https://www.tradingview.com/chart/?symbol=HKEX%3A0836
US,SMFG,2026-08-26,26.67,2026-08-26,2026-09-04,27.3,2026-09-04,27.3,2.36,NYSE:SMFG,https://www.tradingview.com/chart/?symbol=NYSE%3ASMFG
US,KARO,2026-08-23,67.14,2026-08-23,2026-08-28,67.2,2026-09-17,68.71,2.34,NASDAQ:KARO,https://www.tradingview.com/chart/?symbol=NASDAQ%3AKARO
US,RGA,2026-08-20,250.004,2026-08-20,2026-09-04,253.27,2026-10-08,255.82,2.33,NYSE:RGA,https://www.tradingview.com/chart/?symbol=NYSE%3ARGA
US,GLIBK,2026-08-26,25.74,2026-08-26,2026-08-26,26.34,2026-08-26,26.34,2.33,NASDAQ:GLIBK,https://www.tradingview.com/chart/?symbol=NASDAQ%3AGLIBK
US,TWFG,2026-08-20,29.59,2026-08-20,2026-08-24,30.275,2026-08-24,30.275,2.31,NASDAQ:TWFG,https://www.tradingview.com/chart/?symbol=NASDAQ%3ATWFG
US,MSFT,2026-08-20,517.78,2026-09-17,2026-10-06,529.3,2026-10-07,529.76,2.31,NASDAQ:MSFT,https://www.tradingview.com/chart/?symbol=NASDAQ%3AMSFT
US,MATX,2026-08-20,230.313,2026-08-23,2026-09-16,235.62,2026-09-16,235.62,2.3,NYSE:MATX,https://www.tradingview.com/chart/?symbol=NYSE%3AMATX
Canada,KEL.TO,2026-08-28,10.94,2026-08-28,2026-09-16,11.0,2026-09-17,11.19,2.29,TSX:KEL,https://www.tradingview.com/chart/?symbol=TSX%3AKEL
US,DOO,2026-08-23,66.64,2026-08-23,2026-08-23,68.155,2026-08-23,68.155,2.27,NASDAQ:DOO,https://www.tradingview.com/chart/?symbol=NASDAQ%3ADOO
US,ASX,2026-10-01,45.75,2026-10-01,2026-10-06,46.78,2026-10-06,46.78,2.25,NYSE:ASX,https://www.tradingview.com/chart/?symbol=NYSE%3AASX
Canada,CEU.TO,2026-09-01,19.64,2026-09-09,2026-09-11,20.08,2026-09-11,20.08,2.24,TSX:CEU,https://www.tradingview.com/chart/?symbol=TSX%3ACEU
Canada,HWX.TO,2026-08-24,14.35,2026-08-24,2026-08-31,14.46,2026-09-15,14.67,2.23,TSX:HWX,https://www.tradingview.com/chart/?symbol=TSX%3AHWX
US,AVAH,2026-09-03,14.0,2026-09-04,2026-09-09,14.026,2026-09-15,14.31,2.21,NASDAQ:AVAH,https://www.tradingview.com/chart/?symbol=NASDAQ%3AAVAH
US,OXY,2026-09-03,62.15,2026-09-09,2026-09-15,63.52,2026-09-15,63.52,2.2,NYSE:OXY,https://www.tradingview.com/chart/?symbol=NYSE%3AOXY
US,EFX,2026-08-28,190.15,2026-08-28,2026-08-28,194.33,2026-08-28,194.33,2.2,NYSE:EFX,https://www.tradingview.com/chart/?symbol=NYSE%3AEFX
US,SMA,2026-08-20,33.713,2026-08-20,2026-08-20,34.45,2026-08-20,34.45,2.19,NYSE:SMA,https://www.tradingview.com/chart/?symbol=NYSE%3ASMA
HK,0019.HK,2026-08-21,105.7,2026-08-21,2026-09-04,106.9,2026-09-08,108.0,2.18,HKEX:0019,https://www.tradingview.com/chart/?symbol=HKEX%3A0019
US,EXPD,2026-08-20,189.99,2026-08-20,2026-08-26,190.235,2026-10-05,194.12,2.17,NYSE:EXPD,https://www.tradingview.com/chart/?symbol=NYSE%3AEXPD
US,CON,2026-08-20,35.835,2026-08-20,2026-10-05,36.21,2026-10-08,36.61,2.16,NYSE:CON,https://www.tradingview.com/chart/?symbol=NYSE%3ACON
US,ICL,2026-09-09,5.766,2026-09-09,2026-09-09,5.89,2026-09-09,5.89,2.15,NYSE:ICL,https://www.tradingview.com/chart/?symbol=NYSE%3AICL
US,LTC,2026-08-20,42.607,2026-08-28,2026-09-14,42.64,2026-09-17,43.5,2.1,NYSE:LTC,https://www.tradingview.com/chart/?symbol=NYSE%3ALTC
US,DGX,2026-08-20,242.39,2026-08-20,2026-08-23,244.39,2026-09-17,247.45,2.09,NYSE:DGX,https://www.tradingview.com/chart/?symbol=NYSE%3ADGX
US,BLCO,2026-08-24,17.77,2026-08-24,2026-09-03,18.14,2026-09-03,18.14,2.08,NYSE:BLCO,https://www.tradingview.com/chart/?symbol=NYSE%3ABLCO
US,DDS,2026-09-15,665.25,2026-09-15,2026-09-29,677.52,2026-10-05,679.09,2.08,NYSE:DDS,https://www.tradingview.com/chart/?symbol=NYSE%3ADDS
US,SPSC,2026-09-15,82.5,2026-09-15,2026-09-24,82.7,2026-10-01,84.215,2.08,NASDAQ:SPSC,https://www.tradingview.com/chart/?symbol=NASDAQ%3ASPSC
US,PFE,2026-08-20,28.44,2026-08-20,2026-08-25,28.57,2026-09-02,29.03,2.07,NYSE:PFE,https://www.tradingview.com/chart/?symbol=NYSE%3APFE
US,JCAP,2026-08-20,21.865,2026-08-20,2026-08-20,22.31,2026-08-20,22.31,2.04,NASDAQ:JCAP,https://www.tradingview.com/chart/?symbol=NASDAQ%3AJCAP
US,AGM-A,2026-08-28,154.28,2026-08-28,2026-09-03,157.4,2026-09-03,157.4,2.02,NYSE:AGM-A,https://www.tradingview.com/chart/?symbol=NYSE%3AAGM-A
US,HTHT,2026-08-28,46.87,2026-08-28,2026-08-28,47.805,2026-08-28,47.805,1.99,NASDAQ:HTHT,https://www.tradingview.com/chart/?symbol=NASDAQ%3AHTHT
US,NMM,2026-08-28,91.96,2026-08-28,2026-09-04,92.07,2026-09-17,93.78,1.98,NYSE:NMM,https://www.tradingview.com/chart/?symbol=NYSE%3ANMM
US,PANW,2026-08-28,398.88,2026-08-28,2026-10-05,406.76,2026-10-05,406.76,1.98,NASDAQ:PANW,https://www.tradingview.com/chart/?symbol=NASDAQ%3APANW
US,AVPT,2026-09-28,14.385,2026-09-28,2026-10-05,14.67,2026-10-05,14.67,1.98,NASDAQ:AVPT,https://www.tradingview.com/chart/?symbol=NASDAQ%3AAVPT
US,HCI,2026-08-20,186.17,2026-08-20,2026-08-26,187.01,2026-09-03,189.844,1.97,NYSE:HCI,https://www.tradingview.com/chart/?symbol=NYSE%3AHCI
US,DEO,2026-08-23,94.21,2026-08-23,2026-08-23,94.62,2026-08-24,96.07,1.97,NYSE:DEO,https://www.tradingview.com/chart/?symbol=NYSE%3ADEO
US,ITT,2026-08-20,206.59,2026-08-20,2026-08-20,208.16,2026-08-26,210.64,1.96,NYSE:ITT,https://www.tradingview.com/chart/?symbol=NYSE%3AITT
US,CXW,2026-08-20,34.86,2026-08-20,2026-09-11,34.93,2026-09-17,35.54,1.95,NYSE:CXW,https://www.tradingview.com/chart/?symbol=NYSE%3ACXW
US,MCK,2026-08-20,912.5,2026-08-26,2026-09-02,924.54,2026-10-08,930.25,1.95,NYSE:MCK,https://www.tradingview.com/chart/?symbol=NYSE%3AMCK
US,MNDY,2026-09-03,95.46,2026-09-03,2026-09-03,97.32,2026-09-03,97.32,1.95,NASDAQ:MNDY,https://www.tradingview.com/chart/?symbol=NASDAQ%3AMNDY
US,CNX,2026-09-03,37.05,2026-09-03,2026-09-03,37.77,2026-09-03,37.77,1.94,NYSE:CNX,https://www.tradingview.com/chart/?symbol=NYSE%3ACNX
HK,6616.HK,2026-08-28,10.3,2026-08-31,2026-09-07,10.36,2026-09-08,10.5,1.94,HKEX:6616,https://www.tradingview.com/chart/?symbol=HKEX%3A6616
US,TVTX,2026-08-20,66.24,2026-08-20,2026-08-26,67.12,2026-09-10,67.51,1.92,NASDAQ:TVTX,https://www.tradingview.com/chart/?symbol=NASDAQ%3ATVTX
US,PBT,2026-08-20,35.42,2026-08-20,2026-09-10,35.55,2026-09-15,36.1,1.92,NYSE:PBT,https://www.tradingview.com/chart/?symbol=NYSE%3APBT
US,BATRA,2026-08-24,58.37,2026-08-24,2026-09-29,59.49,2026-09-29,59.49,1.92,NASDAQ:BATRA,https://www.tradingview.com/chart/?symbol=NASDAQ%3ABATRA
US,JXN,2026-08-20,137.99,2026-08-24,2026-09-04,140.63,2026-09-04,140.63,1.91,NYSE:JXN,https://www.tradingview.com/chart/?symbol=NYSE%3AJXN
US,BIIB,2026-08-20,222.15,2026-08-20,2026-09-02,222.67,2026-09-24,226.36,1.9,NASDAQ:BIIB,https://www.tradingview.com/chart/?symbol=NASDAQ%3ABIIB
US,KFRC,2026-08-20,57.3,2026-08-20,2026-08-20,58.14,2026-08-23,58.38,1.88,NYSE:KFRC,https://www.tradingview.com/chart/?symbol=NYSE%3AKFRC
US,RAPP,2026-08-20,49.9,2026-08-20,2026-08-28,50.83,2026-08-28,50.83,1.86,NASDAQ:RAPP,https://www.tradingview.com/chart/?symbol=NASDAQ%3ARAPP
US,ABBV,2026-08-20,267.47,2026-08-20,2026-10-08,272.42,2026-10-08,272.42,1.85,NYSE:ABBV,https://www.tradingview.com/chart/?symbol=NYSE%3AABBV
US,MOS,2026-09-11,24.998,2026-09-11,2026-09-11,25.195,2026-09-15,25.46,1.85,NYSE:MOS,https://www.tradingview.com/chart/?symbol=NYSE%3AMOS
US,ZD,2026-08-20,58.06,2026-08-20,2026-09-16,58.75,2026-09-17,59.13,1.84,NASDAQ:ZD,https://www.tradingview.com/chart/?symbol=NASDAQ%3AZD
Canada,BTE.TO,2026-09-11,7.07,2026-09-14,2026-09-15,7.2,2026-09-15,7.2,1.84,TSX:BTE,https://www.tradingview.com/chart/?symbol=TSX%3ABTE
US,TRIN,2026-08-20,18.394,2026-08-20,2026-08-24,18.61,2026-08-26,18.73,1.83,NYSE:TRIN,https://www.tradingview.com/chart/?symbol=NYSE%3ATRIN
US,ATHM,2026-08-20,22.39,2026-08-20,2026-08-28,22.8,2026-08-28,22.8,1.83,NYSE:ATHM,https://www.tradingview.com/chart/?symbol=NYSE%3AATHM
Canada,GIB-A.TO,2026-08-20,102.512,2026-08-20,2026-08-23,103.16,2026-08-31,104.37,1.81,TSX:GIB.A,https://www.tradingview.com/chart/?symbol=TSX%3AGIB.A
Canada,WTE.TO,2026-09-17,43.87,2026-09-17,2026-10-06,44.65,2026-10-06,44.65,1.78,TSX:WTE,https://www.tradingview.com/chart/?symbol=TSX%3AWTE
US,WEX,2026-08-20,199.69,2026-08-20,2026-08-23,199.95,2026-08-24,203.19,1.75,NYSE:WEX,https://www.tradingview.com/chart/?symbol=NYSE%3AWEX
US,BBVA,2026-08-20,29.11,2026-08-20,2026-08-24,29.19,2026-09-03,29.615,1.73,NYSE:BBVA,https://www.tradingview.com/chart/?symbol=NYSE%3ABBVA
US,SCI,2026-08-20,83.96,2026-08-20,2026-08-24,84.26,2026-08-26,85.41,1.73,NYSE:SCI,https://www.tradingview.com/chart/?symbol=NYSE%3ASCI
US,RYAN,2026-08-20,43.596,2026-08-20,2026-08-24,44.35,2026-08-24,44.35,1.73,NYSE:RYAN,https://www.tradingview.com/chart/?symbol=NYSE%3ARYAN
Canada,AYA.TO,2026-09-04,41.98,2026-09-04,2026-09-22,42.7,2026-09-22,42.7,1.72,TSX:AYA,https://www.tradingview.com/chart/?symbol=TSX%3AAYA
Canada,VBNK.TO,2026-09-15,32.384,2026-09-15,2026-09-22,32.41,2026-09-24,32.94,1.72,TSX:VBNK,https://www.tradingview.com/chart/?symbol=TSX%3AVBNK
US,WTRG,2026-08-20,41.3,2026-08-20,2026-09-02,41.55,2026-09-09,42.0,1.69,NYSE:WTRG,https://www.tradingview.com/chart/?symbol=NYSE%3AWTRG
HK,1288.HK,2026-08-26,6.52,2026-08-26,2026-09-02,6.54,2026-09-30,6.63,1.69,HKEX:1288,https://www.tradingview.com/chart/?symbol=HKEX%3A1288
US,PR,2026-08-25,24.09,2026-08-25,2026-09-15,24.49,2026-09-15,24.49,1.66,NYSE:PR,https://www.tradingview.com/chart/?symbol=NYSE%3APR
US,EMO,2026-08-25,54.568,2026-08-25,2026-08-28,54.77,2026-09-02,55.47,1.65,NYSE:EMO,https://www.tradingview.com/chart/?symbol=NYSE%3AEMO
HK,0300.HK,2026-08-21,99.75,2026-08-21,2026-08-31,101.4,2026-08-31,101.4,1.65,HKEX:0300,https://www.tradingview.com/chart/?symbol=HKEX%3A0300
US,STEP,2026-09-04,50.576,2026-09-04,2026-09-04,50.93,2026-09-14,51.4,1.63,NASDAQ:STEP,https://www.tradingview.com/chart/?symbol=NASDAQ%3ASTEP
US,AXGN,2026-08-23,50.66,2026-08-23,2026-08-28,51.47,2026-08-28,51.47,1.6,NASDAQ:AXGN,https://www.tradingview.com/chart/?symbol=NASDAQ%3AAXGN
US,GH,2026-08-20,176.58,2026-08-20,2026-09-18,179.38,2026-09-18,179.38,1.59,NASDAQ:GH,https://www.tradingview.com/chart/?symbol=NASDAQ%3AGH
US,CVE,2026-08-31,33.4,2026-08-31,2026-09-09,33.46,2026-09-15,33.925,1.57,NYSE:CVE,https://www.tradingview.com/chart/?symbol=NYSE%3ACVE
US,SEPN,2026-08-20,40.65,2026-08-20,2026-08-20,40.79,2026-08-25,41.29,1.57,NASDAQ:SEPN,https://www.tradingview.com/chart/?symbol=NASDAQ%3ASEPN
US,CSWC,2026-08-20,25.176,2026-08-20,2026-08-24,25.26,2026-08-31,25.57,1.56,NASDAQ:CSWC,https://www.tradingview.com/chart/?symbol=NASDAQ%3ACSWC
Canada,FIH-U.TO,2026-08-25,19.25,2026-08-25,2026-08-25,19.55,2026-08-25,19.55,1.56,TSX:FIH.U,https://www.tradingview.com/chart/?symbol=TSX%3AFIH.U
US,FLYW,2026-08-20,19.125,2026-08-20,2026-08-24,19.42,2026-08-24,19.42,1.54,NASDAQ:FLYW,https://www.tradingview.com/chart/?symbol=NASDAQ%3AFLYW
US,BDX,2026-08-20,187.96,2026-08-20,2026-08-24,190.74,2026-08-24,190.74,1.48,NYSE:BDX,https://www.tradingview.com/chart/?symbol=NYSE%3ABDX
US,COO,2026-08-20,75.13,2026-08-20,2026-08-20,76.15,2026-08-23,76.24,1.48,NASDAQ:COO,https://www.tradingview.com/chart/?symbol=NASDAQ%3ACOO
US,NVGS,2026-09-16,24.6,2026-09-16,2026-09-18,24.96,2026-09-18,24.96,1.46,NYSE:NVGS,https://www.tradingview.com/chart/?symbol=NYSE%3ANVGS
US,CRL,2026-08-25,300.59,2026-08-26,2026-10-06,304.96,2026-10-06,304.96,1.45,NYSE:CRL,https://www.tradingview.com/chart/?symbol=NYSE%3ACRL
US,UNM,2026-08-26,94.55,2026-08-26,2026-09-04,95.85,2026-09-07,95.9,1.43,NYSE:UNM,https://www.tradingview.com/chart/?symbol=NYSE%3AUNM
Canada,AG.TO,2026-09-09,28.83,2026-09-09,2026-09-09,29.24,2026-09-09,29.24,1.42,TSX:AG,https://www.tradingview.com/chart/?symbol=TSX%3AAG
US,BP,2026-09-10,46.3,2026-09-11,2026-09-15,46.95,2026-09-15,46.95,1.4,NYSE:BP,https://www.tradingview.com/chart/?symbol=NYSE%3ABP
US,MDLZ,2026-08-20,63.815,2026-08-20,2026-08-20,64.16,2026-08-24,64.7,1.39,NASDAQ:MDLZ,https://www.tradingview.com/chart/?symbol=NASDAQ%3AMDLZ
US,AIZ,2026-08-20,284.64,2026-08-20,2026-08-24,287.86,2026-08-26,288.54,1.37,NYSE:AIZ,https://www.tradingview.com/chart/?symbol=NYSE%3AAIZ
US,EQH,2026-08-20,53.32,2026-09-02,2026-09-03,53.55,2026-09-17,54.04,1.35,NYSE:EQH,https://www.tradingview.com/chart/?symbol=NYSE%3AEQH
US,BX,2026-08-23,141.71,2026-08-23,2026-08-23,143.38,2026-08-24,143.62,1.35,NYSE:BX,https://www.tradingview.com/chart/?symbol=NYSE%3ABX
Canada,HFPC-U.TO,2026-08-23,2.22,2026-08-23,2026-10-06,2.25,2026-10-06,2.25,1.35,TSX:HFPC.U,https://www.tradingview.com/chart/?symbol=TSX%3AHFPC.U
Canada,RUS.TO,2026-09-17,82.624,2026-09-17,2026-09-24,83.74,2026-09-24,83.74,1.35,TSX:RUS,https://www.tradingview.com/chart/?symbol=TSX%3ARUS
US,GGG,2026-08-20,80.65,2026-08-20,2026-08-20,81.725,2026-08-20,81.725,1.33,NYSE:GGG,https://www.tradingview.com/chart/?symbol=NYSE%3AGGG
Canada,PXT.TO,2026-08-28,29.24,2026-08-28,2026-09-01,29.63,2026-09-01,29.63,1.33,TSX:PXT,https://www.tradingview.com/chart/?symbol=TSX%3APXT
US,LXP-PC,2026-08-25,49.15,2026-08-25,2026-09-01,49.17,2026-09-30,49.8,1.32,NYSE:LXP-PC,https://www.tradingview.com/chart/?symbol=NYSE%3ALXP-PC
US,PAA,2026-08-28,25.75,2026-08-28,2026-09-01,25.87,2026-09-11,26.09,1.32,NASDAQ:PAA,https://www.tradingview.com/chart/?symbol=NASDAQ%3APAA
US,VZ,2026-08-31,50.78,2026-08-31,2026-09-15,51.45,2026-09-15,51.45,1.32,NYSE:VZ,https://www.tradingview.com/chart/?symbol=NYSE%3AVZ
US,SCHW,2026-08-20,112.2,2026-08-20,2026-08-23,112.3,2026-08-24,113.65,1.29,NYSE:SCHW,https://www.tradingview.com/chart/?symbol=NYSE%3ASCHW
US,APAM,2026-08-20,42.979,2026-08-20,2026-08-26,43.53,2026-08-26,43.53,1.28,NYSE:APAM,https://www.tradingview.com/chart/?symbol=NYSE%3AAPAM
US,PK,2026-08-20,15.965,2026-08-20,2026-08-25,16.17,2026-08-25,16.17,1.28,NYSE:PK,https://www.tradingview.com/chart/?symbol=NYSE%3APK
Canada,BDI.TO,2026-10-01,20.38,2026-10-01,2026-10-06,20.64,2026-10-06,20.64,1.28,TSX:BDI,https://www.tradingview.com/chart/?symbol=TSX%3ABDI
US,EXPE,2026-08-20,335.0,2026-08-20,2026-08-24,339.21,2026-08-24,339.21,1.26,NASDAQ:EXPE,https://www.tradingview.com/chart/?symbol=NASDAQ%3AEXPE
US,AMCR,2026-08-20,48.0,2026-08-20,2026-08-23,48.58,2026-08-23,48.58,1.21,NYSE:AMCR,https://www.tradingview.com/chart/?symbol=NYSE%3AAMCR
Canada,ONEX.TO,2026-08-23,115.51,2026-08-23,2026-08-25,116.575,2026-08-26,116.91,1.21,TSX:ONEX,https://www.tradingview.com/chart/?symbol=TSX%3AONEX
US,BST,2026-08-20,50.778,2026-08-20,2026-09-08,50.81,2026-10-02,51.38,1.19,NYSE:BST,https://www.tradingview.com/chart/?symbol=NYSE%3ABST
US,SUN,2026-08-23,78.0,2026-08-23,2026-09-16,78.93,2026-09-16,78.93,1.19,NYSE:SUN,https://www.tradingview.com/chart/?symbol=NYSE%3ASUN
US,KO,2026-08-20,90.92,2026-08-20,2026-08-23,91.095,2026-08-24,91.97,1.15,NYSE:KO,https://www.tradingview.com/chart/?symbol=NYSE%3AKO
US,MDT,2026-09-03,93.09,2026-09-03,2026-09-03,93.12,2026-09-04,94.16,1.15,NYSE:MDT,https://www.tradingview.com/chart/?symbol=NYSE%3AMDT
US,QQQX,2026-09-24,30.589,2026-09-24,2026-09-25,30.68,2026-10-07,30.94,1.15,NASDAQ:QQQX,https://www.tradingview.com/chart/?symbol=NASDAQ%3AQQQX
Canada,SEC.TO,2026-08-23,435.0,2026-08-23,2026-08-28,440.0,2026-08-28,440.0,1.15,TSX:SEC,https://www.tradingview.com/chart/?symbol=TSX%3ASEC
HK,0038.HK,2026-08-28,9.53,2026-08-28,2026-09-05,9.6,2026-09-08,9.64,1.15,HKEX:0038,https://www.tradingview.com/chart/?symbol=HKEX%3A0038
US,PAYX,2026-08-20,125.9,2026-08-23,2026-08-24,126.0,2026-08-31,127.34,1.14,NASDAQ:PAYX,https://www.tradingview.com/chart/?symbol=NASDAQ%3APAYX
HK,1308.HK,2026-09-01,48.429,2026-09-01,2026-09-21,48.78,2026-09-28,48.98,1.14,HKEX:1308,https://www.tradingview.com/chart/?symbol=HKEX%3A1308
US,HPE,2026-09-22,63.86,2026-09-22,2026-09-30,63.89,2026-10-02,64.58,1.13,NYSE:HPE,https://www.tradingview.com/chart/?symbol=NYSE%3AHPE
Canada,CFP.TO,2026-08-20,16.07,2026-09-14,2026-09-16,16.25,2026-09-16,16.25,1.12,TSX:CFP,https://www.tradingview.com/chart/?symbol=TSX%3ACFP
US,ATKR,2026-08-20,93.808,2026-08-20,2026-09-08,93.88,2026-10-07,94.85,1.11,NYSE:ATKR,https://www.tradingview.com/chart/?symbol=NYSE%3AATKR
US,SIG,2026-09-28,104.75,2026-09-28,2026-10-08,105.89,2026-10-08,105.89,1.09,NYSE:SIG,https://www.tradingview.com/chart/?symbol=NYSE%3ASIG
US,BTE,2026-09-11,5.12,2026-09-14,2026-09-15,5.175,2026-09-15,5.175,1.07,NYSE:BTE,https://www.tradingview.com/chart/?symbol=NYSE%3ABTE
US,ABM,2026-08-20,49.8,2026-08-26,2026-09-15,49.91,2026-09-16,50.33,1.06,NYSE:ABM,https://www.tradingview.com/chart/?symbol=NYSE%3AABM
US,UFCS,2026-08-20,55.82,2026-08-20,2026-09-04,55.98,2026-10-08,56.4,1.04,NASDAQ:UFCS,https://www.tradingview.com/chart/?symbol=NASDAQ%3AUFCS
US,AKO-A,2026-08-26,25.703,2026-08-26,2026-09-28,25.97,2026-09-28,25.97,1.04,NYSE:AKO-A,https://www.tradingview.com/chart/?symbol=NYSE%3AAKO-A
US,BXSL,2026-08-20,25.07,2026-08-23,2026-09-17,25.325,2026-09-17,25.325,1.02,NYSE:BXSL,https://www.tradingview.com/chart/?symbol=NYSE%3ABXSL
US,UBS,2026-08-20,55.15,2026-08-20,2026-09-03,55.7,2026-09-03,55.7,1.0,NYSE:UBS,https://www.tradingview.com/chart/?symbol=NYSE%3AUBS
US,AWR,2026-08-20,90.21,2026-08-20,2026-08-24,91.105,2026-08-24,91.105,0.99,NYSE:AWR,https://www.tradingview.com/chart/?symbol=NYSE%3AAWR
US,OSCR,2026-08-23,33.48,2026-08-23,2026-09-14,33.81,2026-09-14,33.81,0.99,NYSE:OSCR,https://www.tradingview.com/chart/?symbol=NYSE%3AOSCR
HK,1179.HK,2026-08-31,36.78,2026-08-31,2026-08-31,37.14,2026-08-31,37.14,0.98,HKEX:1179,https://www.tradingview.com/chart/?symbol=HKEX%3A1179
US,CG,2026-08-20,48.9,2026-08-20,2026-08-23,49.37,2026-08-23,49.37,0.96,NASDAQ:CG,https://www.tradingview.com/chart/?symbol=NASDAQ%3ACG
US,BAM,2026-08-20,51.05,2026-08-20,2026-08-20,51.52,2026-08-20,51.52,0.92,NYSE:BAM,https://www.tradingview.com/chart/?symbol=NYSE%3ABAM
US,ETV,2026-09-02,15.3,2026-09-02,2026-09-02,15.4,2026-09-21,15.44,0.92,NYSE:ETV,https://www.tradingview.com/chart/?symbol=NYSE%3AETV
US,PLPC,2026-08-20,426.0,2026-08-20,2026-08-23,429.841,2026-08-23,429.841,0.9,NASDAQ:PLPC,https://www.tradingview.com/chart/?symbol=NASDAQ%3APLPC
US,TSLX,2026-08-23,18.8,2026-08-23,2026-08-24,18.91,2026-08-25,18.97,0.9,NYSE:TSLX,https://www.tradingview.com/chart/?symbol=NYSE%3ATSLX
HK,0270.HK,2026-09-02,8.85,2026-09-02,2026-09-08,8.93,2026-09-08,8.93,0.9,HKEX:0270,https://www.tradingview.com/chart/?symbol=HKEX%3A0270
US,HTFL,2026-09-17,51.778,2026-09-17,2026-10-05,52.24,2026-10-05,52.24,0.89,NASDAQ:HTFL,https://www.tradingview.com/chart/?symbol=NASDAQ%3AHTFL
HK,0956.HK,2026-09-16,3.37,2026-09-16,2026-09-21,3.4,2026-09-21,3.4,0.89,HKEX:0956,https://www.tradingview.com/chart/?symbol=HKEX%3A0956
US,TLX,2026-09-04,12.48,2026-09-04,2026-09-17,12.505,2026-09-18,12.59,0.88,NASDAQ:TLX,https://www.tradingview.com/chart/?symbol=NASDAQ%3ATLX
Canada,GGD.TO,2026-09-04,4.55,2026-09-04,2026-09-22,4.59,2026-09-22,4.59,0.88,TSX:GGD,https://www.tradingview.com/chart/?symbol=TSX%3AGGD
US,MGNI,2026-09-02,25.45,2026-09-02,2026-09-17,25.63,2026-09-29,25.67,0.86,NASDAQ:MGNI,https://www.tradingview.com/chart/?symbol=NASDAQ%3AMGNI
US,GGB,2026-09-08,5.126,2026-09-08,2026-10-05,5.17,2026-10-05,5.17,0.86,NYSE:GGB,https://www.tradingview.com/chart/?symbol=NYSE%3AGGB
US,ELE,2026-09-14,21.55,2026-09-14,2026-09-21,21.73,2026-09-21,21.73,0.84,NASDAQ:ELE,https://www.tradingview.com/chart/?symbol=NASDAQ%3AELE
US,CRVL,2026-08-28,75.86,2026-10-02,2026-10-05,76.0,2026-10-07,76.49,0.83,NASDAQ:CRVL,https://www.tradingview.com/chart/?symbol=NASDAQ%3ACRVL
US,EPR,2026-08-20,60.724,2026-08-20,2026-08-20,61.23,2026-08-20,61.23,0.83,NYSE:EPR,https://www.tradingview.com/chart/?symbol=NYSE%3AEPR
US,IVZ,2026-08-20,32.8,2026-08-20,2026-08-26,32.995,2026-09-04,33.07,0.82,NYSE:IVZ,https://www.tradingview.com/chart/?symbol=NYSE%3AIVZ
US,VRTX,2026-08-20,553.69,2026-08-20,2026-09-02,556.9,2026-09-03,558.1,0.8,NASDAQ:VRTX,https://www.tradingview.com/chart/?symbol=NASDAQ%3AVRTX
US,WOR,2026-10-06,61.128,2026-10-06,2026-10-06,61.62,2026-10-06,61.62,0.8,NYSE:WOR,https://www.tradingview.com/chart/?symbol=NYSE%3AWOR
US,DRH,2026-08-20,12.77,2026-08-20,2026-08-20,12.78,2026-08-25,12.87,0.78,NASDAQ:DRH,https://www.tradingview.com/chart/?symbol=NASDAQ%3ADRH
US,NGL-PC,2026-10-05,25.486,2026-10-05,2026-10-05,25.68,2026-10-05,25.68,0.76,NYSE:NGL-PC,https://www.tradingview.com/chart/?symbol=NYSE%3ANGL-PC
Canada,POU.TO,2026-09-01,32.98,2026-09-11,2026-09-15,33.23,2026-09-15,33.23,0.76,TSX:POU,https://www.tradingview.com/chart/?symbol=TSX%3APOU
HK,2388.HK,2026-08-21,52.45,2026-08-21,2026-09-03,52.65,2026-09-05,52.85,0.76,HKEX:2388,https://www.tradingview.com/chart/?symbol=HKEX%3A2388
US,ALKT,2026-08-28,20.23,2026-08-28,2026-08-31,20.38,2026-08-31,20.38,0.74,NASDAQ:ALKT,https://www.tradingview.com/chart/?symbol=NASDAQ%3AALKT
US,HL-PB,2026-09-02,74.0,2026-09-02,2026-10-01,74.55,2026-10-01,74.55,0.74,NYSE:HL-PB,https://www.tradingview.com/chart/?symbol=NYSE%3AHL-PB
US,LFST,2026-08-20,12.965,2026-08-23,2026-09-10,13.0,2026-09-15,13.06,0.73,NASDAQ:LFST,https://www.tradingview.com/chart/?symbol=NASDAQ%3ALFST
US,JNJ,2026-08-20,276.47,2026-08-20,2026-09-03,278.43,2026-09-03,278.43,0.71,NYSE:JNJ,https://www.tradingview.com/chart/?symbol=NYSE%3AJNJ
US,WFC,2026-08-28,89.655,2026-08-28,2026-09-04,89.97,2026-09-11,90.29,0.71,NYSE:WFC,https://www.tradingview.com/chart/?symbol=NYSE%3AWFC
US,PARR,2026-09-09,87.03,2026-09-09,2026-10-05,87.52,2026-10-08,87.65,0.71,NYSE:PARR,https://www.tradingview.com/chart/?symbol=NYSE%3APARR
US,UTZ,2026-08-20,14.19,2026-08-20,2026-08-25,14.25,2026-10-07,14.29,0.7,NYSE:UTZ,https://www.tradingview.com/chart/?symbol=NYSE%3AUTZ
US,HTGC,2026-08-20,17.64,2026-08-26,2026-08-26,17.66,2026-09-17,17.76,0.68,NYSE:HTGC,https://www.tradingview.com/chart/?symbol=NYSE%3AHTGC
Canada,CS.TO,2026-08-20,16.09,2026-08-20,2026-09-08,16.2,2026-09-08,16.2,0.68,TSX:CS,https://www.tradingview.com/chart/?symbol=TSX%3ACS
Canada,MARI.TO,2026-09-22,8.87,2026-09-22,2026-09-22,8.93,2026-09-22,8.93,0.68,TSX:MARI,https://www.tradingview.com/chart/?symbol=TSX%3AMARI
US,GPC,2026-08-20,137.16,2026-08-20,2026-08-28,137.51,2026-09-04,138.08,0.67,NYSE:GPC,https://www.tradingview.com/chart/?symbol=NYSE%3AGPC
US,DV,2026-09-04,13.41,2026-09-04,2026-09-15,13.5,2026-09-15,13.5,0.67,NYSE:DV,https://www.tradingview.com/chart/?symbol=NYSE%3ADV
US,NDAQ,2026-08-20,98.66,2026-08-20,2026-08-24,98.79,2026-08-28,99.31,0.66,NASDAQ:NDAQ,https://www.tradingview.com/chart/?symbol=NASDAQ%3ANDAQ
US,SN,2026-08-20,191.22,2026-08-24,2026-08-28,191.23,2026-08-31,192.49,0.66,NYSE:SN,https://www.tradingview.com/chart/?symbol=NYSE%3ASN
US,ADP,2026-08-20,285.59,2026-08-25,2026-08-28,287.47,2026-08-28,287.47,0.66,NASDAQ:ADP,https://www.tradingview.com/chart/?symbol=NASDAQ%3AADP
US,OPY,2026-08-28,123.026,2026-08-28,2026-09-08,123.13,2026-09-10,123.83,0.65,NYSE:OPY,https://www.tradingview.com/chart/?symbol=NYSE%3AOPY
HK,1398.HK,2026-08-21,7.66,2026-08-21,2026-09-01,7.685,2026-09-30,7.71,0.65,HKEX:1398,https://www.tradingview.com/chart/?symbol=HKEX%3A1398
HK,1606.HK,2026-09-16,1.54,2026-09-16,2026-09-16,1.55,2026-09-16,1.55,0.65,HKEX:1606,https://www.tradingview.com/chart/?symbol=HKEX%3A1606
US,CNQ,2026-08-26,51.48,2026-08-26,2026-09-02,51.81,2026-09-02,51.81,0.64,NYSE:CNQ,https://www.tradingview.com/chart/?symbol=NYSE%3ACNQ
US,VAC,2026-09-03,105.97,2026-09-03,2026-09-04,106.645,2026-09-04,106.645,0.64,NYSE:VAC,https://www.tradingview.com/chart/?symbol=NYSE%3AVAC
Canada,PHX.TO,2026-08-26,12.74,2026-08-26,2026-08-31,12.82,2026-08-31,12.82,0.63,TSX:PHX,https://www.tradingview.com/chart/?symbol=TSX%3APHX
HK,1117.HK,2026-09-16,1.59,2026-09-16,2026-09-17,1.6,2026-09-17,1.6,0.63,HKEX:1117,https://www.tradingview.com/chart/?symbol=HKEX%3A1117
US,AOS,2026-08-20,62.67,2026-08-20,2026-08-23,63.06,2026-08-23,63.06,0.62,NYSE:AOS,https://www.tradingview.com/chart/?symbol=NYSE%3AAOS
Canada,YGR.TO,2026-08-24,1.64,2026-08-24,2026-09-15,1.65,2026-09-15,1.65,0.61,TSX:YGR,https://www.tradingview.com/chart/?symbol=TSX%3AYGR
US,CRBG,2026-08-20,34.81,2026-09-02,2026-09-15,35.02,2026-09-15,35.02,0.6,NYSE:CRBG,https://www.tradingview.com/chart/?symbol=NYSE%3ACRBG
US,BCH,2026-08-20,42.68,2026-08-20,2026-09-03,42.92,2026-09-03,42.92,0.56,NYSE:BCH,https://www.tradingview.com/chart/?symbol=NYSE%3ABCH
US,SLG,2026-08-20,59.5,2026-08-20,2026-08-25,59.83,2026-08-25,59.83,0.55,NYSE:SLG,https://www.tradingview.com/chart/?symbol=NYSE%3ASLG
US,BTX,2026-08-20,9.35,2026-08-20,2026-10-07,9.4,2026-10-07,9.4,0.53,NYSE:BTX,https://www.tradingview.com/chart/?symbol=NYSE%3ABTX
US,ENVA,2026-08-20,246.38,2026-08-20,2026-08-24,247.66,2026-08-24,247.66,0.52,NYSE:ENVA,https://www.tradingview.com/chart/?symbol=NYSE%3AENVA
Canada,ALK.TO,2026-09-04,1.95,2026-09-04,2026-09-22,1.96,2026-09-22,1.96,0.51,TSX:ALK,https://www.tradingview.com/chart/?symbol=TSX%3AALK
HK,9677.HK,2026-09-16,3.015,2026-09-16,2026-09-28,3.02,2026-09-30,3.03,0.5,HKEX:9677,https://www.tradingview.com/chart/?symbol=HKEX%3A9677
US,IOT,2026-08-25,42.68,2026-08-28,2026-09-14,42.89,2026-09-14,42.89,0.49,NYSE:IOT,https://www.tradingview.com/chart/?symbol=NYSE%3AIOT
US,AJG,2026-08-31,265.38,2026-08-31,2026-09-03,266.66,2026-09-03,266.66,0.48,NYSE:AJG,https://www.tradingview.com/chart/?symbol=NYSE%3AAJG
HK,1088.HK,2026-08-26,46.14,2026-08-28,2026-08-31,46.18,2026-09-01,46.36,0.48,HKEX:1088,https://www.tradingview.com/chart/?symbol=HKEX%3A1088
US,GEO,2026-08-20,32.62,2026-08-20,2026-08-26,32.77,2026-08-26,32.77,0.46,NYSE:GEO,https://www.tradingview.com/chart/?symbol=NYSE%3AGEO
US,ET,2026-08-20,21.64,2026-08-25,2026-09-09,21.68,2026-09-10,21.74,0.46,NYSE:ET,https://www.tradingview.com/chart/?symbol=NYSE%3AET
US,MFA-PB,2026-09-01,20.525,2026-09-01,2026-09-02,20.62,2026-09-02,20.62,0.46,NYSE:MFA-PB,https://www.tradingview.com/chart/?symbol=NYSE%3AMFA-PB
US,ANET,2026-08-20,214.89,2026-09-21,2026-10-07,215.83,2026-10-07,215.83,0.44,NYSE:ANET,https://www.tradingview.com/chart/?symbol=NYSE%3AANET
Canada,BNS.TO,2026-08-28,131.72,2026-08-28,2026-09-25,132.3,2026-09-25,132.3,0.44,TSX:BNS,https://www.tradingview.com/chart/?symbol=TSX%3ABNS
Canada,PRU.TO,2026-08-25,6.8,2026-09-08,2026-09-22,6.83,2026-09-22,6.83,0.44,TSX:PRU,https://www.tradingview.com/chart/?symbol=TSX%3APRU
US,IMCR,2026-08-20,37.44,2026-08-20,2026-09-03,37.6,2026-09-03,37.6,0.43,NASDAQ:IMCR,https://www.tradingview.com/chart/?symbol=NASDAQ%3AIMCR
US,AWK,2026-08-24,140.317,2026-08-24,2026-09-03,140.89,2026-09-03,140.89,0.41,NYSE:AWK,https://www.tradingview.com/chart/?symbol=NYSE%3AAWK
Canada,SOIL.TO,2026-09-16,7.36,2026-09-18,2026-10-06,7.39,2026-10-06,7.39,0.41,TSX:SOIL,https://www.tradingview.com/chart/?symbol=TSX%3ASOIL
US,ITGR,2026-08-20,126.14,2026-08-20,2026-09-08,126.2,2026-10-08,126.65,0.4,NYSE:ITGR,https://www.tradingview.com/chart/?symbol=NYSE%3AITGR
US,BNS,2026-08-28,94.96,2026-08-28,2026-09-21,95.34,2026-09-21,95.34,0.4,NYSE:BNS,https://www.tradingview.com/chart/?symbol=NYSE%3ABNS
US,BML-PL,2026-10-02,19.97,2026-10-02,2026-10-02,20.05,2026-10-02,20.05,0.4,NYSE:BML-PL,https://www.tradingview.com/chart/?symbol=NYSE%3ABML-PL
US,XOM,2026-08-23,168.64,2026-08-25,2026-09-15,169.29,2026-09-15,169.29,0.39,NYSE:XOM,https://www.tradingview.com/chart/?symbol=NYSE%3AXOM
US,WTW,2026-08-20,345.52,2026-08-20,2026-08-25,346.82,2026-08-25,346.82,0.38,NASDAQ:WTW,https://www.tradingview.com/chart/?symbol=NASDAQ%3AWTW
US,SLMBP,2026-09-17,74.0,2026-09-17,2026-09-17,74.281,2026-09-17,74.281,0.38,NASDAQ:SLMBP,https://www.tradingview.com/chart/?symbol=NASDAQ%3ASLMBP
Canada,WDO.TO,2026-08-23,36.47,2026-08-26,2026-09-25,36.61,2026-09-25,36.61,0.38,TSX:WDO,https://www.tradingview.com/chart/?symbol=TSX%3AWDO
US,CSW,2026-08-20,328.84,2026-08-20,2026-08-23,330.05,2026-08-23,330.05,0.37,NYSE:CSW,https://www.tradingview.com/chart/?symbol=NYSE%3ACSW
US,SPB,2026-08-20,88.65,2026-08-20,2026-08-25,88.98,2026-08-25,88.98,0.37,NYSE:SPB,https://www.tradingview.com/chart/?symbol=NYSE%3ASPB
HK,2877.HK,2026-09-18,8.45,2026-09-25,2026-09-28,8.48,2026-09-28,8.48,0.36,HKEX:2877,https://www.tradingview.com/chart/?symbol=HKEX%3A2877
US,ARLP,2026-08-23,26.45,2026-08-23,2026-08-31,26.5,2026-09-02,26.54,0.34,NASDAQ:ARLP,https://www.tradingview.com/chart/?symbol=NASDAQ%3AARLP
US,KKR,2026-08-23,109.412,2026-08-23,2026-08-31,109.72,2026-09-03,109.77,0.33,NYSE:KKR,https://www.tradingview.com/chart/?symbol=NYSE%3AKKR
Canada,OVV.TO,2026-08-20,92.85,2026-08-23,2026-09-15,93.16,2026-09-15,93.16,0.33,TSX:OVV,https://www.tradingview.com/chart/?symbol=TSX%3AOVV
US,KFY,2026-08-20,85.97,2026-08-20,2026-08-28,86.24,2026-08-28,86.24,0.31,NYSE:KFY,https://www.tradingview.com/chart/?symbol=NYSE%3AKFY
HK,6655.HK,2026-09-16,16.28,2026-09-16,2026-09-18,16.33,2026-09-18,16.33,0.31,HKEX:6655,https://www.tradingview.com/chart/?symbol=HKEX%3A6655
HK,1988.HK,2026-09-21,3.529,2026-09-21,2026-09-21,3.54,2026-09-21,3.54,0.31,HKEX:1988,https://www.tradingview.com/chart/?symbol=HKEX%3A1988
US,THC,2026-08-20,277.76,2026-08-20,2026-08-24,278.59,2026-08-24,278.59,0.3,NYSE:THC,https://www.tradingview.com/chart/?symbol=NYSE%3ATHC
US,SXT,2026-08-20,136.58,2026-08-20,2026-08-25,136.84,2026-08-26,136.96,0.28,NYSE:SXT,https://www.tradingview.com/chart/?symbol=NYSE%3ASXT
US,GCT,2026-08-20,56.27,2026-09-24,2026-10-08,56.42,2026-10-08,56.42,0.27,NASDAQ:GCT,https://www.tradingview.com/chart/?symbol=NASDAQ%3AGCT
US,NWSA,2026-08-20,30.88,2026-08-20,2026-08-25,30.93,2026-08-28,30.96,0.26,NASDAQ:NWSA,https://www.tradingview.com/chart/?symbol=NASDAQ%3ANWSA
US,DNOW,2026-09-02,16.11,2026-09-02,2026-09-08,16.15,2026-09-08,16.15,0.25,NYSE:DNOW,https://www.tradingview.com/chart/?symbol=NYSE%3ADNOW
Canada,CVG.TO,2026-08-20,81.5,2026-08-20,2026-08-26,81.7,2026-08-26,81.7,0.25,TSX:CVG,https://www.tradingview.com/chart/?symbol=TSX%3ACVG
HK,0737.HK,2026-09-01,2.005,2026-09-17,2026-09-18,2.01,2026-09-18,2.01,0.25,HKEX:0737,https://www.tradingview.com/chart/?symbol=HKEX%3A0737
US,MESO,2026-08-26,16.79,2026-08-26,2026-08-26,16.83,2026-08-26,16.83,0.24,NASDAQ:MESO,https://www.tradingview.com/chart/?symbol=NASDAQ%3AMESO
Canada,CJ.TO,2026-09-16,12.69,2026-09-16,2026-10-08,12.72,2026-10-08,12.72,0.24,TSX:CJ,https://www.tradingview.com/chart/?symbol=TSX%3ACJ
US,VOYA,2026-08-20,103.85,2026-08-24,2026-09-04,104.09,2026-09-04,104.09,0.23,NYSE:VOYA,https://www.tradingview.com/chart/?symbol=NYSE%3AVOYA
US,AMG,2026-08-20,369.93,2026-08-20,2026-08-26,370.73,2026-08-26,370.73,0.22,NYSE:AMG,https://www.tradingview.com/chart/?symbol=NYSE%3AAMG
US,NATL,2026-08-23,46.39,2026-08-23,2026-08-23,46.41,2026-08-24,46.49,0.22,NYSE:NATL,https://www.tradingview.com/chart/?symbol=NYSE%3ANATL
HK,0696.HK,2026-10-01,9.005,2026-10-01,2026-10-01,9.025,2026-10-01,9.025,0.22,HKEX:0696,https://www.tradingview.com/chart/?symbol=HKEX%3A0696
US,ADM,2026-09-09,87.902,2026-09-09,2026-09-17,88.09,2026-09-17,88.09,0.21,NYSE:ADM,https://www.tradingview.com/chart/?symbol=NYSE%3AADM
Canada,IFP.TO,2026-08-20,15.25,2026-08-20,2026-08-23,15.28,2026-08-23,15.28,0.2,TSX:IFP,https://www.tradingview.com/chart/?symbol=TSX%3AIFP
US,SAIC,2026-08-20,129.7,2026-08-20,2026-09-11,129.94,2026-09-11,129.94,0.19,NASDAQ:SAIC,https://www.tradingview.com/chart/?symbol=NASDAQ%3ASAIC
US,AMGN,2026-08-20,443.2,2026-08-20,2026-09-03,444.05,2026-09-03,444.05,0.19,NASDAQ:AMGN,https://www.tradingview.com/chart/?symbol=NASDAQ%3AAMGN
US,CRNX,2026-08-20,84.795,2026-08-20,2026-08-26,84.84,2026-09-02,84.95,0.18,NASDAQ:CRNX,https://www.tradingview.com/chart/?symbol=NASDAQ%3ACRNX
US,SAFT,2026-08-20,103.75,2026-08-20,2026-10-02,103.81,2026-10-06,103.94,0.18,NASDAQ:SAFT,https://www.tradingview.com/chart/?symbol=NASDAQ%3ASAFT
US,UMH,2026-08-20,16.64,2026-08-20,2026-08-26,16.67,2026-08-26,16.67,0.18,NYSE:UMH,https://www.tradingview.com/chart/?symbol=NYSE%3AUMH
US,KHC,2026-08-20,25.775,2026-08-20,2026-08-31,25.815,2026-08-31,25.815,0.16,NASDAQ:KHC,https://www.tradingview.com/chart/?symbol=NASDAQ%3AKHC
US,APGE,2026-08-20,134.88,2026-08-20,2026-08-28,134.97,2026-09-01,135.08,0.15,NASDAQ:APGE,https://www.tradingview.com/chart/?symbol=NASDAQ%3AAPGE
US,ARX,2026-09-03,19.81,2026-09-03,2026-09-08,19.84,2026-09-08,19.84,0.15,NYSE:ARX,https://www.tradingview.com/chart/?symbol=NYSE%3AARX
US,JCI,2026-08-20,156.622,2026-10-01,2026-10-05,156.85,2026-10-05,156.85,0.15,NYSE:JCI,https://www.tradingview.com/chart/?symbol=NYSE%3AJCI
Canada,MG.TO,2026-08-20,100.385,2026-08-20,2026-08-23,100.53,2026-08-23,100.53,0.14,TSX:MG,https://www.tradingview.com/chart/?symbol=TSX%3AMG
Canada,ELF.TO,2026-09-11,18.099,2026-10-08,2026-09-22,18.125,2026-09-22,18.125,0.14,TSX:ELF,https://www.tradingview.com/chart/?symbol=TSX%3AELF
US,LILAK,2026-08-25,8.839,2026-08-25,2026-09-15,8.845,2026-10-07,8.85,0.12,NASDAQ:LILAK,https://www.tradingview.com/chart/?symbol=NASDAQ%3ALILAK
US,LILA,2026-08-23,8.9,2026-08-23,2026-10-07,8.91,2026-10-07,8.91,0.11,NASDAQ:LILA,https://www.tradingview.com/chart/?symbol=NASDAQ%3ALILA
US,WBD,2026-08-23,30.92,2026-09-22,2026-09-30,30.935,2026-10-05,30.95,0.1,NASDAQ:WBD,https://www.tradingview.com/chart/?symbol=NASDAQ%3AWBD
US,RRC,2026-09-01,42.46,2026-09-01,2026-09-02,42.48,2026-09-02,42.48,0.05,NYSE:RRC,https://www.tradingview.com/chart/?symbol=NYSE%3ARRC
US,VRSN,2026-09-15,302.98,2026-09-15,2026-09-18,303.12,2026-09-18,303.12,0.05,NASDAQ:VRSN,https://www.tradingview.com/chart/?symbol=NASDAQ%3AVRSN
US,TTC,2026-08-20,100.31,2026-08-20,2026-08-26,100.35,2026-08-26,100.35,0.04,NYSE:TTC,https://www.tradingview.com/chart/?symbol=NYSE%3ATTC
US,ROKU,2026-08-20,159.69,2026-08-20,2026-08-25,159.74,2026-08-25,159.74,0.03,NASDAQ:ROKU,https://www.tradingview.com/chart/?symbol=NASDAQ%3AROKU
US,DSGR,2026-08-20,35.06,2026-08-20,2026-10-07,35.07,2026-10-07,35.07,0.03,NASDAQ:DSGR,https://www.tradingview.com/chart/?symbol=NASDAQ%3ADSGR
US,HZO,2026-08-28,52.46,2026-08-28,2026-10-07,52.47,2026-10-07,52.47,0.02,NYSE:HZO,https://www.tradingview.com/chart/?symbol=NYSE%3AHZO
US,MAN,2026-08-25,62.96,2026-08-26,,,2026-08-31,62.95,-0.02,NYSE:MAN,https://www.tradingview.com/chart/?symbol=NYSE%3AMAN
Canada,SCR.TO,2026-09-15,45.939,2026-09-15,,,2026-09-15,45.93,-0.02,TSX:SCR,https://www.tradingview.com/chart/?symbol=TSX%3ASCR
US,NGL-PB,2026-08-23,26.0,2026-08-23,,,2026-08-31,25.99,-0.04,NYSE:NGL-PB,https://www.tradingview.com/chart/?symbol=NYSE%3ANGL-PB
US,ZBRA,2026-08-23,386.23,2026-08-23,,,2026-10-07,386.05,-0.05,NASDAQ:ZBRA,https://www.tradingview.com/chart/?symbol=NASDAQ%3AZBRA
US,KYN,2026-08-26,15.077,2026-08-26,,,2026-09-01,15.07,-0.05,NYSE:KYN,https://www.tradingview.com/chart/?symbol=NYSE%3AKYN
US,PBI-PB,2026-08-28,21.86,2026-09-01,,,2026-08-28,21.85,-0.05,NYSE:PBI-PB,https://www.tradingview.com/chart/?symbol=NYSE%3APBI-PB
US,CART,2026-08-23,51.815,2026-08-23,,,2026-08-24,51.78,-0.07,NASDAQ:CART,https://www.tradingview.com/chart/?symbol=NASDAQ%3ACART
Canada,CUP-U.TO,2026-10-06,15.01,2026-10-06,,,2026-10-06,15.0,-0.07,TSX:CUP.U,https://www.tradingview.com/chart/?symbol=TSX%3ACUP.U
Canada,TWM.TO,2026-09-25,25.28,2026-09-25,,,2026-10-07,25.26,-0.08,TSX:TWM,https://www.tradingview.com/chart/?symbol=TSX%3ATWM
US,HLX,2026-08-28,10.63,2026-08-28,,,2026-09-01,10.62,-0.09,NYSE:HLX,https://www.tradingview.com/chart/?symbol=NYSE%3AHLX
US,VNOM,2026-09-15,46.0,2026-09-15,,,2026-09-15,45.96,-0.09,NASDAQ:VNOM,https://www.tradingview.com/chart/?symbol=NASDAQ%3AVNOM
US,OTF,2026-09-02,11.44,2026-09-02,,,2026-09-03,11.43,-0.09,NYSE:OTF,https://www.tradingview.com/chart/?symbol=NYSE%3AOTF
Canada,NTR.TO,2026-09-01,111.71,2026-09-04,,,2026-09-09,111.61,-0.09,TSX:NTR,https://www.tradingview.com/chart/?symbol=TSX%3ANTR
US,PRGS,2026-08-28,46.36,2026-09-03,,,2026-08-31,46.31,-0.11,NASDAQ:PRGS,https://www.tradingview.com/chart/?symbol=NASDAQ%3APRGS
US,SBRA,2026-08-28,20.963,2026-08-28,,,2026-09-01,20.94,-0.11,NASDAQ:SBRA,https://www.tradingview.com/chart/?symbol=NASDAQ%3ASBRA
Canada,JWEL.TO,2026-08-20,45.76,2026-08-20,,,2026-08-31,45.71,-0.11,TSX:JWEL,https://www.tradingview.com/chart/?symbol=TSX%3AJWEL
Canada,LAS-A.TO,2026-08-20,249.0,2026-09-08,,,2026-08-28,248.72,-0.11,TSX:LAS.A,https://www.tradingview.com/chart/?symbol=TSX%3ALAS.A
US,XMTR,2026-09-28,107.93,2026-09-28,,,2026-10-07,107.8,-0.12,NASDAQ:XMTR,https://www.tradingview.com/chart/?symbol=NASDAQ%3AXMTR
US,ATAI,2026-08-23,7.45,2026-08-23,,,2026-08-25,7.44,-0.13,NASDAQ:ATAI,https://www.tradingview.com/chart/?symbol=NASDAQ%3AATAI
US,TXRH,2026-08-20,205.5,2026-08-20,,,2026-08-24,205.23,-0.13,NASDAQ:TXRH,https://www.tradingview.com/chart/?symbol=NASDAQ%3ATXRH
US,STC,2026-08-25,70.0,2026-08-25,,,2026-08-28,69.91,-0.13,NYSE:STC,https://www.tradingview.com/chart/?symbol=NYSE%3ASTC
US,TECH,2026-08-20,72.62,2026-08-20,,,2026-09-24,72.52,-0.14,NASDAQ:TECH,https://www.tradingview.com/chart/?symbol=NASDAQ%3ATECH
US,LH,2026-08-23,338.19,2026-08-23,,,2026-08-25,337.68,-0.15,NYSE:LH,https://www.tradingview.com/chart/?symbol=NYSE%3ALH
Canada,CU.TO,2026-08-20,53.716,2026-08-20,,,2026-08-20,53.63,-0.16,TSX:CU,https://www.tradingview.com/chart/?symbol=TSX%3ACU
US,REGN,2026-08-20,844.92,2026-08-20,,,2026-09-03,843.46,-0.17,NASDAQ:REGN,https://www.tradingview.com/chart/?symbol=NASDAQ%3AREGN
US,NWS,2026-08-20,35.31,2026-08-20,,,2026-08-26,35.25,-0.17,NASDAQ:NWS,https://www.tradingview.com/chart/?symbol=NASDAQ%3ANWS
US,FWONK,2026-08-23,105.115,2026-08-23,,,2026-08-23,104.94,-0.17,NASDAQ:FWONK,https://www.tradingview.com/chart/?symbol=NASDAQ%3AFWONK
US,PM,2026-10-08,200.848,2026-10-08,,,2026-10-08,200.5,-0.17,NYSE:PM,https://www.tradingview.com/chart/?symbol=NYSE%3APM
US,STGW,2026-08-25,8.91,2026-08-25,,,2026-09-03,8.895,-0.17,NASDAQ:STGW,https://www.tradingview.com/chart/?symbol=NASDAQ%3ASTGW
US,WCC,2026-10-01,384.81,2026-10-01,,,2026-10-06,384.09,-0.19,NYSE:WCC,https://www.tradingview.com/chart/?symbol=NYSE%3AWCC
Canada,CNQ.TO,2026-09-01,72.29,2026-09-09,,,2026-09-01,72.15,-0.19,TSX:CNQ,https://www.tradingview.com/chart/?symbol=TSX%3ACNQ
US,AGM,2026-08-20,228.38,2026-08-20,,,2026-09-04,227.92,-0.2,NYSE:AGM,https://www.tradingview.com/chart/?symbol=NYSE%3AAGM
US,VTMX,2026-08-25,35.23,2026-08-25,,,2026-08-25,35.16,-0.2,NYSE:VTMX,https://www.tradingview.com/chart/?symbol=NYSE%3AVTMX
US,HGTY,2026-08-20,13.97,2026-08-24,,,2026-09-18,13.94,-0.21,NYSE:HGTY,https://www.tradingview.com/chart/?symbol=NYSE%3AHGTY
US,MSM,2026-10-02,130.46,2026-10-02,,,2026-10-05,130.16,-0.23,NYSE:MSM,https://www.tradingview.com/chart/?symbol=NYSE%3AMSM
US,MMYT,2026-08-23,60.67,2026-08-23,,,2026-08-25,60.53,-0.23,NASDAQ:MMYT,https://www.tradingview.com/chart/?symbol=NASDAQ%3AMMYT
US,AORT,2026-09-02,26.38,2026-09-02,,,2026-09-02,26.32,-0.23,NYSE:AORT,https://www.tradingview.com/chart/?symbol=NYSE%3AAORT
HK,2343.HK,2026-09-01,4.33,2026-09-01,,,2026-09-21,4.32,-0.23,HKEX:2343,https://www.tradingview.com/chart/?symbol=HKEX%3A2343
US,JLL,2026-08-20,393.84,2026-08-20,,,2026-08-25,392.87,-0.25,NYSE:JLL,https://www.tradingview.com/chart/?symbol=NYSE%3AJLL
US,BWIN,2026-08-20,32.565,2026-08-20,,,2026-09-15,32.48,-0.26,NASDAQ:BWIN,https://www.tradingview.com/chart/?symbol=NASDAQ%3ABWIN
US,PGEN,2026-09-16,7.72,2026-09-16,,,2026-09-21,7.7,-0.26,NASDAQ:PGEN,https://www.tradingview.com/chart/?symbol=NASDAQ%3APGEN
US,FBRX,2026-08-23,77.2,2026-08-23,,,2026-08-26,76.99,-0.27,NASDAQ:FBRX,https://www.tradingview.com/chart/?symbol=NASDAQ%3AFBRX
US,SAN,2026-08-23,15.0,2026-08-23,,,2026-09-11,14.96,-0.27,NYSE:SAN,https://www.tradingview.com/chart/?symbol=NYSE%3ASAN
US,BSAC,2026-08-20,36.25,2026-08-20,,,2026-08-25,36.15,-0.28,NYSE:BSAC,https://www.tradingview.com/chart/?symbol=NYSE%3ABSAC
Canada,COP-UN.TO,2026-09-28,17.57,2026-09-28,,,2026-09-28,17.52,-0.28,TSX:COP.UN,https://www.tradingview.com/chart/?symbol=TSX%3ACOP.UN
US,OMC,2026-08-20,88.55,2026-08-20,,,2026-08-28,88.29,-0.29,NYSE:OMC,https://www.tradingview.com/chart/?symbol=NYSE%3AOMC
US,HSBC,2026-08-20,107.401,2026-08-23,,,2026-09-04,107.09,-0.29,NYSE:HSBC,https://www.tradingview.com/chart/?symbol=NYSE%3AHSBC
US,NVS,2026-09-02,163.57,2026-09-02,,,2026-09-03,163.09,-0.29,NYSE:NVS,https://www.tradingview.com/chart/?symbol=NYSE%3ANVS
US,BDJ,2026-08-20,9.94,2026-08-20,,,2026-08-31,9.91,-0.3,NYSE:BDJ,https://www.tradingview.com/chart/?symbol=NYSE%3ABDJ
US,DLTR,2026-08-20,134.88,2026-08-20,,,2026-08-25,134.48,-0.3,NASDAQ:DLTR,https://www.tradingview.com/chart/?symbol=NASDAQ%3ADLTR
US,FRPT,2026-08-23,75.63,2026-08-23,,,2026-08-25,75.4,-0.3,NASDAQ:FRPT,https://www.tradingview.com/chart/?symbol=NASDAQ%3AFRPT
US,MRK,2026-08-23,156.92,2026-08-28,,,2026-08-25,156.45,-0.3,NYSE:MRK,https://www.tradingview.com/chart/?symbol=NYSE%3AMRK
US,OGC,2026-09-10,30.29,2026-09-10,,,2026-09-11,30.2,-0.3,NYSE:OGC,https://www.tradingview.com/chart/?symbol=NYSE%3AOGC
Canada,SEA.TO,2026-08-24,47.45,2026-08-24,,,2026-08-28,47.31,-0.3,TSX:SEA,https://www.tradingview.com/chart/?symbol=TSX%3ASEA
HK,6198.HK,2026-09-16,7.7,2026-09-17,,,2026-09-17,7.675,-0.32,HKEX:6198,https://www.tradingview.com/chart/?symbol=HKEX%3A6198
US,KOF,2026-08-23,117.09,2026-09-16,,,2026-08-25,116.7,-0.33,NYSE:KOF,https://www.tradingview.com/chart/?symbol=NYSE%3AKOF
US,DG,2026-08-20,125.75,2026-08-20,,,2026-08-24,125.33,-0.33,NYSE:DG,https://www.tradingview.com/chart/?symbol=NYSE%3ADG
HK,3908.HK,2026-08-28,22.96,2026-08-28,,,2026-08-31,22.88,-0.35,HKEX:3908,https://www.tradingview.com/chart/?symbol=HKEX%3A3908
US,MEOH,2026-09-15,64.7,2026-09-15,,,2026-09-15,64.465,-0.36,NASDAQ:MEOH,https://www.tradingview.com/chart/?symbol=NASDAQ%3AMEOH
Canada,PSK.TO,2026-08-25,37.295,2026-09-15,,,2026-09-01,37.16,-0.36,TSX:PSK,https://www.tradingview.com/chart/?symbol=TSX%3APSK
Canada,UNI.TO,2026-09-21,2.69,2026-09-21,,,2026-09-30,2.68,-0.37,TSX:UNI,https://www.tradingview.com/chart/?symbol=TSX%3AUNI
US,QSR,2026-08-25,81.88,2026-08-25,,,2026-08-25,81.57,-0.38,NYSE:QSR,https://www.tradingview.com/chart/?symbol=NYSE%3AQSR
US,IMO,2026-08-23,138.43,2026-08-28,,,2026-08-23,137.9,-0.38,AMEX:IMO,https://www.tradingview.com/chart/?symbol=AMEX%3AIMO
Canada,DSV.TO,2026-09-02,13.07,2026-09-02,,,2026-09-22,13.02,-0.38,TSX:DSV,https://www.tradingview.com/chart/?symbol=TSX%3ADSV
US,EPR-PG,2026-08-28,21.55,2026-08-28,,,2026-08-28,21.465,-0.39,NYSE:EPR-PG,https://www.tradingview.com/chart/?symbol=NYSE%3AEPR-PG
US,TFSL,2026-08-20,17.99,2026-08-20,,,2026-08-26,17.92,-0.39,NASDAQ:TFSL,https://www.tradingview.com/chart/?symbol=NASDAQ%3ATFSL
Canada,CHR.TO,2026-08-23,30.73,2026-08-23,,,2026-09-30,30.61,-0.39,TSX:CHR,https://www.tradingview.com/chart/?symbol=TSX%3ACHR
US,EOG,2026-08-23,153.67,2026-08-23,,,2026-08-23,153.05,-0.4,NYSE:EOG,https://www.tradingview.com/chart/?symbol=NYSE%3AEOG
US,MBWM,2026-08-24,62.39,2026-08-24,,,2026-09-04,62.14,-0.4,NASDAQ:MBWM,https://www.tradingview.com/chart/?symbol=NASDAQ%3AMBWM
US,OKE,2026-08-26,97.9,2026-08-26,,,2026-09-08,97.51,-0.4,NYSE:OKE,https://www.tradingview.com/chart/?symbol=NYSE%3AOKE
US,FIVN,2026-08-28,34.64,2026-08-28,,,2026-09-17,34.5,-0.4,NASDAQ:FIVN,https://www.tradingview.com/chart/?symbol=NASDAQ%3AFIVN
HK,0659.HK,2026-09-30,8.78,2026-10-07,,,2026-10-08,8.745,-0.4,HKEX:0659,https://www.tradingview.com/chart/?symbol=HKEX%3A0659
HK,0392.HK,2026-08-26,31.346,2026-08-26,,,2026-09-01,31.22,-0.4,HKEX:0392,https://www.tradingview.com/chart/?symbol=HKEX%3A0392
US,FLS,2026-08-23,82.34,2026-08-23,,,2026-08-28,82.0,-0.41,NYSE:FLS,https://www.tradingview.com/chart/?symbol=NYSE%3AFLS
Canada,RAY.TO,2026-09-02,16.409,2026-09-02,,,2026-09-08,16.34,-0.42,TSX:RAY,https://www.tradingview.com/chart/?symbol=TSX%3ARAY
US,BCPC,2026-08-20,182.07,2026-08-20,,,2026-08-23,181.28,-0.43,NASDAQ:BCPC,https://www.tradingview.com/chart/?symbol=NASDAQ%3ABCPC
US,CUBI,2026-08-20,81.44,2026-08-20,,,2026-09-04,81.08,-0.44,NYSE:CUBI,https://www.tradingview.com/chart/?symbol=NYSE%3ACUBI
US,RLI,2026-08-20,66.91,2026-08-20,,,2026-08-24,66.61,-0.45,NYSE:RLI,https://www.tradingview.com/chart/?symbol=NYSE%3ARLI
US,EE,2026-08-24,40.402,2026-08-24,,,2026-09-02,40.22,-0.45,NYSE:EE,https://www.tradingview.com/chart/?symbol=NYSE%3AEE
US,FIVE,2026-08-20,263.88,2026-09-04,,,2026-08-24,262.69,-0.45,NASDAQ:FIVE,https://www.tradingview.com/chart/?symbol=NASDAQ%3AFIVE
US,CHT,2026-10-02,46.41,2026-10-02,,,2026-10-08,46.2,-0.45,NYSE:CHT,https://www.tradingview.com/chart/?symbol=NYSE%3ACHT
US,PCG,2026-08-20,18.44,2026-08-20,,,2026-08-25,18.355,-0.46,NYSE:PCG,https://www.tradingview.com/chart/?symbol=NYSE%3APCG
US,MSI,2026-08-20,493.57,2026-08-20,,,2026-09-01,491.24,-0.47,NYSE:MSI,https://www.tradingview.com/chart/?symbol=NYSE%3AMSI
US,STT,2026-08-20,195.18,2026-08-23,,,2026-09-04,194.26,-0.47,NYSE:STT,https://www.tradingview.com/chart/?symbol=NYSE%3ASTT
US,AR,2026-08-25,40.01,2026-09-02,,,2026-09-01,39.82,-0.47,NYSE:AR,https://www.tradingview.com/chart/?symbol=NYSE%3AAR
HK,3600.HK,2026-08-21,8.49,2026-08-21,,,2026-08-26,8.45,-0.47,HKEX:3600,https://www.tradingview.com/chart/?symbol=HKEX%3A3600
US,KNTK,2026-08-20,55.34,2026-08-20,,,2026-08-26,55.075,-0.48,NYSE:KNTK,https://www.tradingview.com/chart/?symbol=NYSE%3AKNTK
US,ARGX,2026-08-28,1061.57,2026-08-28,,,2026-09-02,1056.43,-0.48,NASDAQ:ARGX,https://www.tradingview.com/chart/?symbol=NASDAQ%3AARGX
US,DGII,2026-08-20,76.41,2026-08-20,,,2026-08-26,76.04,-0.48,NASDAQ:DGII,https://www.tradingview.com/chart/?symbol=NASDAQ%3ADGII
Canada,BLCO.TO,2026-08-31,25.1,2026-08-31,,,2026-09-04,24.98,-0.48,TSX:BLCO,https://www.tradingview.com/chart/?symbol=TSX%3ABLCO
Canada,GWO.TO,2026-09-02,93.392,2026-09-02,,,2026-09-16,92.94,-0.48,TSX:GWO,https://www.tradingview.com/chart/?symbol=TSX%3AGWO
US,ACT,2026-08-20,50.316,2026-08-20,,,2026-09-14,50.07,-0.49,NASDAQ:ACT,https://www.tradingview.com/chart/?symbol=NASDAQ%3AACT
US,TALO,2026-09-10,18.44,2026-09-10,,,2026-09-15,18.35,-0.49,NYSE:TALO,https://www.tradingview.com/chart/?symbol=NYSE%3ATALO
Canada,FNV.TO,2026-08-28,377.7,2026-08-28,,,2026-09-22,375.84,-0.49,TSX:FNV,https://www.tradingview.com/chart/?symbol=TSX%3AFNV
US,MSEX,2026-08-20,59.77,2026-08-20,,,2026-08-24,59.47,-0.5,NASDAQ:MSEX,https://www.tradingview.com/chart/?symbol=NASDAQ%3AMSEX
US,ECL,2026-08-20,288.45,2026-08-20,,,2026-08-24,286.98,-0.51,NYSE:ECL,https://www.tradingview.com/chart/?symbol=NYSE%3AECL
US,BNY,2026-08-23,165.69,2026-08-24,,,2026-09-04,164.84,-0.51,NYSE:BNY,https://www.tradingview.com/chart/?symbol=NYSE%3ABNY
US,DLO,2026-08-26,15.65,2026-08-26,,,2026-09-02,15.57,-0.51,NASDAQ:DLO,https://www.tradingview.com/chart/?symbol=NASDAQ%3ADLO
US,RCUS,2026-08-23,31.735,2026-08-23,,,2026-08-25,31.57,-0.52,NYSE:RCUS,https://www.tradingview.com/chart/?symbol=NYSE%3ARCUS
US,HLN,2026-08-20,10.248,2026-08-24,,,2026-08-26,10.195,-0.52,NYSE:HLN,https://www.tradingview.com/chart/?symbol=NYSE%3AHLN
US,COKE,2026-08-24,200.01,2026-08-24,,,2026-09-17,198.97,-0.52,NASDAQ:COKE,https://www.tradingview.com/chart/?symbol=NASDAQ%3ACOKE
US,EXG,2026-08-25,10.094,2026-08-25,,,2026-08-28,10.04,-0.53,NYSE:EXG,https://www.tradingview.com/chart/?symbol=NYSE%3AEXG
US,EPD,2026-08-28,39.23,2026-08-28,,,2026-08-28,39.02,-0.54,NYSE:EPD,https://www.tradingview.com/chart/?symbol=NYSE%3AEPD
US,RAL,2026-10-05,74.36,2026-10-05,,,2026-10-05,73.96,-0.54,NYSE:RAL,https://www.tradingview.com/chart/?symbol=NYSE%3ARAL
US,PCTY,2026-08-20,158.81,2026-08-28,,,2026-08-28,157.93,-0.55,NASDAQ:PCTY,https://www.tradingview.com/chart/?symbol=NASDAQ%3APCTY
Canada,JFS-UN.TO,2026-09-24,29.0,2026-09-24,,,2026-09-24,28.84,-0.55,TSX:JFS.UN,https://www.tradingview.com/chart/?symbol=TSX%3AJFS.UN
US,IBKR,2026-08-23,97.84,2026-08-23,,,2026-08-31,97.29,-0.56,NASDAQ:IBKR,https://www.tradingview.com/chart/?symbol=NASDAQ%3AIBKR
US,CHYM,2026-08-31,34.16,2026-08-31,,,2026-09-14,33.97,-0.56,NASDAQ:CHYM,https://www.tradingview.com/chart/?symbol=NASDAQ%3ACHYM
Canada,TECK-B.TO,2026-09-08,99.81,2026-09-08,,,2026-09-08,99.25,-0.56,TSX:TECK.B,https://www.tradingview.com/chart/?symbol=TSX%3ATECK.B
US,FTI,2026-08-23,80.55,2026-08-23,,,2026-09-03,80.08,-0.58,NYSE:FTI,https://www.tradingview.com/chart/?symbol=NYSE%3AFTI
US,CNR,2026-08-28,101.83,2026-08-28,,,2026-09-01,101.24,-0.58,NYSE:CNR,https://www.tradingview.com/chart/?symbol=NYSE%3ACNR
HK,1138.HK,2026-09-18,20.68,2026-10-05,,,2026-09-21,20.56,-0.58,HKEX:1138,https://www.tradingview.com/chart/?symbol=HKEX%3A1138
US,ALRM,2026-08-20,57.91,2026-08-20,,,2026-08-24,57.57,-0.59,NASDAQ:ALRM,https://www.tradingview.com/chart/?symbol=NASDAQ%3AALRM
US,EC,2026-08-20,18.18,2026-08-20,,,2026-09-10,18.07,-0.61,NYSE:EC,https://www.tradingview.com/chart/?symbol=NYSE%3AEC
US,OVV,2026-08-23,67.39,2026-08-23,,,2026-09-15,66.97,-0.62,NYSE:OVV,https://www.tradingview.com/chart/?symbol=NYSE%3AOVV
US,HAS,2026-08-24,97.34,2026-08-24,,,2026-08-25,96.74,-0.62,NASDAQ:HAS,https://www.tradingview.com/chart/?symbol=NASDAQ%3AHAS
US,ADI,2026-10-05,421.7,2026-10-05,,,2026-10-05,419.1,-0.62,NASDAQ:ADI,https://www.tradingview.com/chart/?symbol=NASDAQ%3AADI
US,NDSN,2026-08-23,336.7,2026-08-23,,,2026-08-26,334.58,-0.63,NASDAQ:NDSN,https://www.tradingview.com/chart/?symbol=NASDAQ%3ANDSN
US,CPAC,2026-08-25,12.7,2026-08-25,,,2026-09-03,12.62,-0.63,NYSE:CPAC,https://www.tradingview.com/chart/?symbol=NYSE%3ACPAC
HK,1658.HK,2026-09-02,5.575,2026-09-22,,,2026-09-30,5.54,-0.63,HKEX:1658,https://www.tradingview.com/chart/?symbol=HKEX%3A1658
Canada,WEF.TO,2026-08-20,19.87,2026-08-20,,,2026-08-23,19.74,-0.65,TSX:WEF,https://www.tradingview.com/chart/?symbol=TSX%3AWEF
US,EBC,2026-08-20,22.89,2026-08-20,,,2026-08-20,22.74,-0.66,NASDAQ:EBC,https://www.tradingview.com/chart/?symbol=NASDAQ%3AEBC
Canada,MFC.TO,2026-08-20,63.054,2026-09-02,,,2026-09-21,62.64,-0.66,TSX:MFC,https://www.tradingview.com/chart/?symbol=TSX%3AMFC
Canada,TECK-A.TO,2026-09-08,99.57,2026-09-08,,,2026-09-08,98.91,-0.66,TSX:TECK.A,https://www.tradingview.com/chart/?symbol=TSX%3ATECK.A
HK,0639.HK,2026-09-16,2.945,2026-09-16,,,2026-09-16,2.925,-0.68,HKEX:0639,https://www.tradingview.com/chart/?symbol=HKEX%3A0639
Canada,XTC.TO,2026-08-20,8.71,2026-08-20,,,2026-08-20,8.65,-0.69,TSX:XTC,https://www.tradingview.com/chart/?symbol=TSX%3AXTC
US,ACA,2026-08-20,146.869,2026-08-20,,,2026-09-18,145.84,-0.7,NYSE:ACA,https://www.tradingview.com/chart/?symbol=NYSE%3AACA
US,NFJ,2026-08-20,15.75,2026-08-20,,,2026-08-25,15.64,-0.7,NYSE:NFJ,https://www.tradingview.com/chart/?symbol=NYSE%3ANFJ
US,PBH,2026-09-02,53.22,2026-09-02,,,2026-09-02,52.85,-0.7,NYSE:PBH,https://www.tradingview.com/chart/?symbol=NYSE%3APBH
HK,0945.HK,2026-08-21,351.494,2026-09-04,,,2026-09-21,349.0,-0.71,HKEX:0945,https://www.tradingview.com/chart/?symbol=HKEX%3A0945
US,TAL,2026-09-23,12.58,2026-09-23,,,2026-10-08,12.49,-0.72,NYSE:TAL,https://www.tradingview.com/chart/?symbol=NYSE%3ATAL
US,BSM,2026-08-25,15.1,2026-08-25,,,2026-09-11,14.99,-0.73,NYSE:BSM,https://www.tradingview.com/chart/?symbol=NYSE%3ABSM
US,VTRS,2026-09-24,18.253,2026-09-24,,,2026-09-29,18.12,-0.73,NASDAQ:VTRS,https://www.tradingview.com/chart/?symbol=NASDAQ%3AVTRS
US,FCPT,2026-08-25,25.547,2026-08-25,,,2026-08-25,25.36,-0.73,NYSE:FCPT,https://www.tradingview.com/chart/?symbol=NYSE%3AFCPT
US,AMH,2026-08-20,35.07,2026-08-20,,,2026-08-24,34.81,-0.74,NYSE:AMH,https://www.tradingview.com/chart/?symbol=NYSE%3AAMH
US,FBK,2026-08-20,59.075,2026-08-20,,,2026-08-23,58.64,-0.74,NYSE:FBK,https://www.tradingview.com/chart/?symbol=NYSE%3AFBK
Canada,ECOR.TO,2026-09-04,3.39,2026-09-04,,,2026-09-09,3.365,-0.74,TSX:ECOR,https://www.tradingview.com/chart/?symbol=TSX%3AECOR
HK,1963.HK,2026-08-26,8.74,2026-08-26,,,2026-09-05,8.675,-0.74,HKEX:1963,https://www.tradingview.com/chart/?symbol=HKEX%3A1963
US,ONC,2026-08-20,379.2,2026-08-20,,,2026-08-25,376.37,-0.75,NASDAQ:ONC,https://www.tradingview.com/chart/?symbol=NASDAQ%3AONC
US,UVE,2026-08-24,45.11,2026-08-24,,,2026-09-03,44.77,-0.75,NYSE:UVE,https://www.tradingview.com/chart/?symbol=NYSE%3AUVE
US,NOG,2026-09-01,27.35,2026-09-01,,,2026-09-15,27.145,-0.75,NYSE:NOG,https://www.tradingview.com/chart/?symbol=NYSE%3ANOG
Canada,CYB.TO,2026-09-02,97.98,2026-09-10,,,2026-09-17,97.25,-0.75,TSX:CYB,https://www.tradingview.com/chart/?symbol=TSX%3ACYB
US,FLR,2026-09-01,57.93,2026-09-01,,,2026-09-03,57.49,-0.76,NYSE:FLR,https://www.tradingview.com/chart/?symbol=NYSE%3AFLR
US,BCC,2026-08-20,83.09,2026-08-20,,,2026-08-23,82.46,-0.76,NYSE:BCC,https://www.tradingview.com/chart/?symbol=NYSE%3ABCC
US,MTG,2026-08-20,31.715,2026-08-20,,,2026-09-03,31.47,-0.77,NYSE:MTG,https://www.tradingview.com/chart/?symbol=NYSE%3AMTG
US,HAE,2026-08-28,109.57,2026-08-28,,,2026-09-21,108.73,-0.77,NYSE:HAE,https://www.tradingview.com/chart/?symbol=NYSE%3AHAE
US,RTX,2026-08-20,214.179,2026-08-20,,,2026-08-20,212.53,-0.77,NYSE:RTX,https://www.tradingview.com/chart/?symbol=NYSE%3ARTX
US,CHEF,2026-08-24,117.33,2026-08-24,,,2026-10-05,116.42,-0.78,NASDAQ:CHEF,https://www.tradingview.com/chart/?symbol=NASDAQ%3ACHEF
HK,0598.HK,2026-09-16,4.717,2026-09-16,,,2026-09-17,4.68,-0.78,HKEX:0598,https://www.tradingview.com/chart/?symbol=HKEX%3A0598
US,TRU,2026-08-20,86.361,2026-08-20,,,2026-08-28,85.675,-0.79,NYSE:TRU,https://www.tradingview.com/chart/?symbol=NYSE%3ATRU
US,LXP,2026-08-20,61.61,2026-08-20,,,2026-08-24,61.12,-0.8,NYSE:LXP,https://www.tradingview.com/chart/?symbol=NYSE%3ALXP
US,BMY,2026-08-20,68.64,2026-08-20,,,2026-09-03,68.09,-0.8,NYSE:BMY,https://www.tradingview.com/chart/?symbol=NYSE%3ABMY
US,MFC,2026-08-20,44.954,2026-08-26,,,2026-09-03,44.585,-0.82,NYSE:MFC,https://www.tradingview.com/chart/?symbol=NYSE%3AMFC
Canada,X.TO,2026-09-03,54.94,2026-09-03,,,2026-09-24,54.49,-0.82,TSX:X,https://www.tradingview.com/chart/?symbol=TSX%3AX
US,DCI,2026-08-20,96.029,2026-08-20,,,2026-08-26,95.23,-0.83,NYSE:DCI,https://www.tradingview.com/chart/?symbol=NYSE%3ADCI
US,ARCC,2026-08-20,20.23,2026-08-20,,,2026-08-31,20.06,-0.84,NASDAQ:ARCC,https://www.tradingview.com/chart/?symbol=NASDAQ%3AARCC
US,CDLR,2026-09-02,26.2,2026-09-09,,,2026-09-21,25.98,-0.84,NYSE:CDLR,https://www.tradingview.com/chart/?symbol=NYSE%3ACDLR
US,ITW,2026-08-20,287.94,2026-08-20,,,2026-08-26,285.525,-0.84,NYSE:ITW,https://www.tradingview.com/chart/?symbol=NYSE%3AITW
US,BLK,2026-08-23,1186.74,2026-08-23,,,2026-08-25,1176.67,-0.85,NYSE:BLK,https://www.tradingview.com/chart/?symbol=NYSE%3ABLK
US,RELY,2026-08-23,27.15,2026-08-23,,,2026-09-03,26.92,-0.85,NASDAQ:RELY,https://www.tradingview.com/chart/?symbol=NASDAQ%3ARELY
US,FNV,2026-08-28,272.76,2026-08-28,,,2026-09-03,270.42,-0.86,NYSE:FNV,https://www.tradingview.com/chart/?symbol=NYSE%3AFNV
Canada,MAU.TO,2026-08-26,20.85,2026-08-26,,,2026-09-22,20.67,-0.86,TSX:MAU,https://www.tradingview.com/chart/?symbol=TSX%3AMAU
US,RJF,2026-08-20,182.73,2026-08-24,,,2026-09-03,181.1,-0.89,NYSE:RJF,https://www.tradingview.com/chart/?symbol=NYSE%3ARJF
Canada,SKE.TO,2026-08-26,49.04,2026-08-26,,,2026-08-28,48.6,-0.9,TSX:SKE,https://www.tradingview.com/chart/?symbol=TSX%3ASKE
US,MMI,2026-08-20,33.0,2026-08-20,,,2026-08-20,32.7,-0.91,NYSE:MMI,https://www.tradingview.com/chart/?symbol=NYSE%3AMMI
US,VALE,2026-09-10,15.42,2026-09-10,,,2026-09-10,15.28,-0.91,NYSE:VALE,https://www.tradingview.com/chart/?symbol=NYSE%3AVALE
US,HNI,2026-08-23,50.41,2026-08-23,,,2026-08-25,49.94,-0.93,NYSE:HNI,https://www.tradingview.com/chart/?symbol=NYSE%3AHNI
Canada,SES.TO,2026-08-20,24.85,2026-08-24,,,2026-09-02,24.62,-0.93,TSX:SES,https://www.tradingview.com/chart/?symbol=TSX%3ASES
Canada,TXG.TO,2026-09-22,72.85,2026-09-22,,,2026-09-22,72.16,-0.95,TSX:TXG,https://www.tradingview.com/chart/?symbol=TSX%3ATXG
HK,0066.HK,2026-09-16,33.56,2026-09-16,,,2026-09-21,33.24,-0.95,HKEX:0066,https://www.tradingview.com/chart/?symbol=HKEX%3A0066
US,DXCM,2026-08-20,91.96,2026-08-20,,,2026-08-31,91.08,-0.96,NASDAQ:DXCM,https://www.tradingview.com/chart/?symbol=NASDAQ%3ADXCM
HK,1038.HK,2026-08-21,66.8,2026-08-26,,,2026-09-08,66.15,-0.97,HKEX:1038,https://www.tradingview.com/chart/?symbol=HKEX%3A1038
HK,1093.HK,2026-08-28,10.17,2026-08-28,,,2026-09-30,10.07,-0.98,HKEX:1093,https://www.tradingview.com/chart/?symbol=HKEX%3A1093
US,FSUN,2026-08-20,41.335,2026-08-20,,,2026-09-04,40.92,-1.0,NASDAQ:FSUN,https://www.tradingview.com/chart/?symbol=NASDAQ%3AFSUN
US,LQDT,2026-08-20,44.09,2026-08-20,,,2026-10-02,43.64,-1.02,NASDAQ:LQDT,https://www.tradingview.com/chart/?symbol=NASDAQ%3ALQDT
US,APH,2026-09-11,88.165,2026-09-11,,,2026-10-05,87.27,-1.02,NYSE:APH,https://www.tradingview.com/chart/?symbol=NYSE%3AAPH
US,AMN,2026-09-30,37.22,2026-09-30,,,2026-10-05,36.84,-1.02,NYSE:AMN,https://www.tradingview.com/chart/?symbol=NYSE%3AAMN
US,MU,2026-10-01,1108.72,2026-10-01,,,2026-10-01,1097.39,-1.02,NASDAQ:MU,https://www.tradingview.com/chart/?symbol=NASDAQ%3AMU
US,NBBK,2026-08-20,23.4,2026-08-24,,,2026-09-04,23.16,-1.03,NASDAQ:NBBK,https://www.tradingview.com/chart/?symbol=NASDAQ%3ANBBK
US,BEKE,2026-08-28,18.51,2026-08-28,,,2026-08-28,18.32,-1.03,NYSE:BEKE,https://www.tradingview.com/chart/?symbol=NYSE%3ABEKE
HK,9969.HK,2026-08-21,14.55,2026-08-21,,,2026-08-26,14.4,-1.03,HKEX:9969,https://www.tradingview.com/chart/?symbol=HKEX%3A9969
US,ETSY,2026-08-20,87.974,2026-08-24,,,2026-08-24,87.06,-1.04,NYSE:ETSY,https://www.tradingview.com/chart/?symbol=NYSE%3AETSY
US,RSG,2026-08-26,228.22,2026-08-26,,,2026-09-14,225.85,-1.04,NYSE:RSG,https://www.tradingview.com/chart/?symbol=NYSE%3ARSG
US,VG,2026-09-01,15.45,2026-09-01,,,2026-09-09,15.29,-1.04,NYSE:VG,https://www.tradingview.com/chart/?symbol=NYSE%3AVG
US,ESNT,2026-08-20,70.37,2026-08-20,,,2026-09-03,69.63,-1.05,NYSE:ESNT,https://www.tradingview.com/chart/?symbol=NYSE%3AESNT
US,VCTR,2026-08-23,119.56,2026-08-23,,,2026-08-28,118.31,-1.05,NASDAQ:VCTR,https://www.tradingview.com/chart/?symbol=NASDAQ%3AVCTR
US,WES,2026-08-23,50.07,2026-08-23,,,2026-09-04,49.545,-1.05,NYSE:WES,https://www.tradingview.com/chart/?symbol=NYSE%3AWES
Canada,CGX.TO,2026-08-24,13.28,2026-08-24,,,2026-09-28,13.14,-1.05,TSX:CGX,https://www.tradingview.com/chart/?symbol=TSX%3ACGX
HK,6699.HK,2026-09-02,99.75,2026-09-02,,,2026-09-05,98.7,-1.05,HKEX:6699,https://www.tradingview.com/chart/?symbol=HKEX%3A6699
US,SON,2026-08-20,60.105,2026-08-20,,,2026-08-23,59.47,-1.06,NYSE:SON,https://www.tradingview.com/chart/?symbol=NYSE%3ASON
US,TSM,2026-10-01,487.47,2026-10-06,,,2026-10-06,482.3,-1.06,NYSE:TSM,https://www.tradingview.com/chart/?symbol=NYSE%3ATSM
HK,6186.HK,2026-08-21,3.3,2026-08-21,,,2026-08-26,3.265,-1.06,HKEX:6186,https://www.tradingview.com/chart/?symbol=HKEX%3A6186
US,CP,2026-08-20,95.86,2026-08-20,,,2026-08-20,94.83,-1.07,NYSE:CP,https://www.tradingview.com/chart/?symbol=NYSE%3ACP
Canada,CTC-A.TO,2026-08-20,201.572,2026-08-20,,,2026-08-23,199.39,-1.08,TSX:CTC.A,https://www.tradingview.com/chart/?symbol=TSX%3ACTC.A
US,SHC,2026-08-20,19.788,2026-08-20,,,2026-08-23,19.57,-1.1,NASDAQ:SHC,https://www.tradingview.com/chart/?symbol=NASDAQ%3ASHC
Canada,SFC.TO,2026-09-09,9.1,2026-09-09,,,2026-09-10,9.0,-1.1,TSX:SFC,https://www.tradingview.com/chart/?symbol=TSX%3ASFC
US,ROST,2026-08-20,244.22,2026-08-20,,,2026-08-24,241.5,-1.11,NASDAQ:ROST,https://www.tradingview.com/chart/?symbol=NASDAQ%3AROST
US,AAPL,2026-09-11,344.273,2026-09-11,,,2026-10-08,340.42,-1.12,NASDAQ:AAPL,https://www.tradingview.com/chart/?symbol=NASDAQ%3AAAPL
US,DIS,2026-08-20,111.87,2026-09-16,,,2026-08-24,110.61,-1.13,NYSE:DIS,https://www.tradingview.com/chart/?symbol=NYSE%3ADIS
US,UHAL-B,2026-08-28,61.2,2026-08-28,,,2026-08-28,60.5,-1.14,NYSE:UHAL-B,https://www.tradingview.com/chart/?symbol=NYSE%3AUHAL-B
Canada,SSRM.TO,2026-09-02,54.5,2026-09-02,,,2026-09-22,53.88,-1.14,TSX:SSRM,https://www.tradingview.com/chart/?symbol=TSX%3ASSRM
US,XPEL,2026-08-20,52.05,2026-08-20,,,2026-09-04,51.45,-1.15,NASDAQ:XPEL,https://www.tradingview.com/chart/?symbol=NASDAQ%3AXPEL
Canada,CCL-A.TO,2026-08-24,97.12,2026-09-03,,,2026-08-24,96.0,-1.15,TSX:CCL.A,https://www.tradingview.com/chart/?symbol=TSX%3ACCL.A
US,BMEZ,2026-08-20,17.25,2026-08-20,,,2026-08-25,17.05,-1.16,NYSE:BMEZ,https://www.tradingview.com/chart/?symbol=NYSE%3ABMEZ
US,MAIN,2026-08-20,59.61,2026-08-20,,,2026-08-31,58.91,-1.17,NYSE:MAIN,https://www.tradingview.com/chart/?symbol=NYSE%3AMAIN
US,NSC,2026-08-20,357.186,2026-08-20,,,2026-08-24,352.995,-1.17,NYSE:NSC,https://www.tradingview.com/chart/?symbol=NYSE%3ANSC
US,CBZ,2026-09-03,55.56,2026-09-03,,,2026-09-03,54.91,-1.17,NYSE:CBZ,https://www.tradingview.com/chart/?symbol=NYSE%3ACBZ
HK,1330.HK,2026-09-17,6.43,2026-09-17,,,2026-09-17,6.355,-1.17,HKEX:1330,https://www.tradingview.com/chart/?symbol=HKEX%3A1330
US,TTEK,2026-08-23,37.44,2026-08-24,,,2026-08-23,37.0,-1.18,NASDAQ:TTEK,https://www.tradingview.com/chart/?symbol=NASDAQ%3ATTEK
US,ZBH,2026-08-28,102.12,2026-08-28,,,2026-08-28,100.91,-1.18,NYSE:ZBH,https://www.tradingview.com/chart/?symbol=NYSE%3AZBH
Canada,KXS.TO,2026-09-14,181.97,2026-09-14,,,2026-09-17,179.79,-1.2,TSX:KXS,https://www.tradingview.com/chart/?symbol=TSX%3AKXS
HK,0087.HK,2026-08-21,15.8,2026-08-21,,,2026-09-08,15.61,-1.2,HKEX:0087,https://www.tradingview.com/chart/?symbol=HKEX%3A0087
US,JPM,2026-08-24,366.5,2026-08-24,,,2026-09-03,362.06,-1.21,NYSE:JPM,https://www.tradingview.com/chart/?symbol=NYSE%3AJPM
Canada,ALC.TO,2026-08-20,25.285,2026-08-23,,,2026-08-20,24.98,-1.21,TSX:ALC,https://www.tradingview.com/chart/?symbol=TSX%3AALC
HK,0525.HK,2026-09-04,2.475,2026-09-05,,,2026-09-04,2.445,-1.21,HKEX:0525,https://www.tradingview.com/chart/?symbol=HKEX%3A0525
US,BKNG,2026-08-23,216.42,2026-08-23,,,2026-08-25,213.78,-1.22,NASDAQ:BKNG,https://www.tradingview.com/chart/?symbol=NASDAQ%3ABKNG
US,HMC,2026-08-24,33.45,2026-08-24,,,2026-09-03,33.04,-1.23,NYSE:HMC,https://www.tradingview.com/chart/?symbol=NYSE%3AHMC
US,BSTZ,2026-08-20,31.89,2026-08-20,,,2026-09-09,31.49,-1.25,NYSE:BSTZ,https://www.tradingview.com/chart/?symbol=NYSE%3ABSTZ
US,LECO,2026-08-23,288.5,2026-08-23,,,2026-08-28,284.895,-1.25,NASDAQ:LECO,https://www.tradingview.com/chart/?symbol=NASDAQ%3ALECO
Canada,FRX.TO,2026-08-26,17.64,2026-08-26,,,2026-09-04,17.42,-1.25,TSX:FRX,https://www.tradingview.com/chart/?symbol=TSX%3AFRX
US,ACAD,2026-08-23,30.96,2026-08-23,,,2026-08-25,30.57,-1.26,NASDAQ:ACAD,https://www.tradingview.com/chart/?symbol=NASDAQ%3AACAD
US,RNR,2026-08-24,335.97,2026-08-24,,,2026-08-26,331.73,-1.26,NYSE:RNR,https://www.tradingview.com/chart/?symbol=NYSE%3ARNR
US,NICE,2026-09-07,106.78,2026-09-07,,,2026-09-07,105.42,-1.27,NASDAQ:NICE,https://www.tradingview.com/chart/?symbol=NASDAQ%3ANICE
US,JOE,2026-08-25,70.41,2026-08-25,,,2026-08-25,69.51,-1.28,NYSE:JOE,https://www.tradingview.com/chart/?symbol=NYSE%3AJOE
HK,0135.HK,2026-08-31,7.79,2026-09-29,,,2026-09-16,7.69,-1.28,HKEX:0135,https://www.tradingview.com/chart/?symbol=HKEX%3A0135
US,MMSI,2026-08-20,92.26,2026-08-20,,,2026-08-25,91.07,-1.29,NASDAQ:MMSI,https://www.tradingview.com/chart/?symbol=NASDAQ%3AMMSI
HK,0005.HK,2026-08-21,169.595,2026-08-24,,,2026-09-07,167.4,-1.29,HKEX:0005,https://www.tradingview.com/chart/?symbol=HKEX%3A0005
US,OSBC,2026-08-20,26.06,2026-08-20,,,2026-09-04,25.72,-1.3,NASDAQ:OSBC,https://www.tradingview.com/chart/?symbol=NASDAQ%3AOSBC
Canada,PLZ-UN.TO,2026-08-20,5.37,2026-08-20,,,2026-08-20,5.3,-1.3,TSX:PLZ.UN,https://www.tradingview.com/chart/?symbol=TSX%3APLZ.UN
US,AMP,2026-08-23,572.56,2026-08-23,,,2026-09-03,565.08,-1.31,NYSE:AMP,https://www.tradingview.com/chart/?symbol=NYSE%3AAMP
US,LYV,2026-08-24,189.25,2026-08-24,,,2026-08-25,186.77,-1.31,NYSE:LYV,https://www.tradingview.com/chart/?symbol=NYSE%3ALYV
US,FTRE,2026-10-05,21.39,2026-10-05,,,2026-10-05,21.11,-1.31,NASDAQ:FTRE,https://www.tradingview.com/chart/?symbol=NASDAQ%3AFTRE
US,CNI,2026-08-20,131.55,2026-08-20,,,2026-08-23,129.81,-1.32,NYSE:CNI,https://www.tradingview.com/chart/?symbol=NYSE%3ACNI
US,CVSA,2026-08-31,135.96,2026-08-31,,,2026-09-02,134.17,-1.32,NYSE:CVSA,https://www.tradingview.com/chart/?symbol=NYSE%3ACVSA
US,IDYA,2026-08-20,40.58,2026-08-20,,,2026-08-24,40.04,-1.33,NASDAQ:IDYA,https://www.tradingview.com/chart/?symbol=NASDAQ%3AIDYA
US,NTNX,2026-08-25,74.42,2026-10-01,,,2026-10-05,73.43,-1.33,NASDAQ:NTNX,https://www.tradingview.com/chart/?symbol=NASDAQ%3ANTNX
Canada,EDV.TO,2026-09-03,91.44,2026-09-03,,,2026-09-22,90.22,-1.33,TSX:EDV,https://www.tradingview.com/chart/?symbol=TSX%3AEDV
US,VIR,2026-09-22,11.94,2026-09-22,,,2026-10-05,11.78,-1.34,NASDAQ:VIR,https://www.tradingview.com/chart/?symbol=NASDAQ%3AVIR
Canada,IPO.TO,2026-09-11,18.63,2026-09-11,,,2026-09-15,18.38,-1.34,TSX:IPO,https://www.tradingview.com/chart/?symbol=TSX%3AIPO
US,DAR,2026-08-20,68.77,2026-08-20,,,2026-08-20,67.84,-1.35,NYSE:DAR,https://www.tradingview.com/chart/?symbol=NYSE%3ADAR
US,NWG,2026-08-20,19.21,2026-08-23,,,2026-09-03,18.95,-1.35,NYSE:NWG,https://www.tradingview.com/chart/?symbol=NYSE%3ANWG
US,RMD,2026-09-02,234.14,2026-09-02,,,2026-09-02,230.99,-1.35,NYSE:RMD,https://www.tradingview.com/chart/?symbol=NYSE%3ARMD
HK,9989.HK,2026-08-21,4.45,2026-08-21,,,2026-08-29,4.39,-1.35,HKEX:9989,https://www.tradingview.com/chart/?symbol=HKEX%3A9989
US,CHE,2026-08-20,556.268,2026-08-20,,,2026-08-26,548.73,-1.36,NYSE:CHE,https://www.tradingview.com/chart/?symbol=NYSE%3ACHE
US,CMPS,2026-08-28,15.4,2026-08-28,,,2026-09-18,15.19,-1.36,NASDAQ:CMPS,https://www.tradingview.com/chart/?symbol=NASDAQ%3ACMPS
US,THG,2026-08-20,236.07,2026-08-24,,,2026-09-15,232.83,-1.37,NYSE:THG,https://www.tradingview.com/chart/?symbol=NYSE%3ATHG
HK,0006.HK,2026-09-01,61.647,2026-09-16,,,2026-09-08,60.8,-1.37,HKEX:0006,https://www.tradingview.com/chart/?symbol=HKEX%3A0006
US,GPN,2026-08-20,95.58,2026-08-20,,,2026-08-24,94.26,-1.38,NYSE:GPN,https://www.tradingview.com/chart/?symbol=NYSE%3AGPN
US,AOD,2026-09-08,10.85,2026-09-08,,,2026-09-08,10.7,-1.38,NYSE:AOD,https://www.tradingview.com/chart/?symbol=NYSE%3AAOD
US,MCO,2026-08-20,522.206,2026-08-20,,,2026-08-28,514.95,-1.39,NYSE:MCO,https://www.tradingview.com/chart/?symbol=NYSE%3AMCO
Canada,NGEX.TO,2026-08-23,29.48,2026-08-23,,,2026-08-23,29.07,-1.39,TSX:NGEX,https://www.tradingview.com/chart/?symbol=TSX%3ANGEX
US,NHC,2026-08-20,239.19,2026-08-20,,,2026-08-20,235.83,-1.4,AMEX:NHC,https://www.tradingview.com/chart/?symbol=AMEX%3ANHC
US,SYF,2026-08-23,81.92,2026-08-23,,,2026-08-25,80.77,-1.4,NYSE:SYF,https://www.tradingview.com/chart/?symbol=NYSE%3ASYF
US,MPLX,2026-08-26,60.16,2026-08-26,,,2026-08-26,59.32,-1.4,NYSE:MPLX,https://www.tradingview.com/chart/?symbol=NYSE%3AMPLX
US,INTA,2026-09-01,43.72,2026-09-01,,,2026-09-03,43.11,-1.4,NASDAQ:INTA,https://www.tradingview.com/chart/?symbol=NASDAQ%3AINTA
US,TR,2026-08-25,41.98,2026-08-25,,,2026-08-25,41.39,-1.41,NYSE:TR,https://www.tradingview.com/chart/?symbol=NYSE%3ATR
US,QTWO,2026-09-02,65.0,2026-09-02,,,2026-09-03,64.08,-1.42,NYSE:QTWO,https://www.tradingview.com/chart/?symbol=NYSE%3AQTWO
Canada,PET.TO,2026-08-20,19.76,2026-08-20,,,2026-08-20,19.48,-1.42,TSX:PET,https://www.tradingview.com/chart/?symbol=TSX%3APET
US,HSIC,2026-08-20,92.18,2026-08-20,,,2026-09-03,90.86,-1.43,NASDAQ:HSIC,https://www.tradingview.com/chart/?symbol=NASDAQ%3AHSIC
US,CGON,2026-08-20,80.97,2026-08-20,,,2026-08-23,79.81,-1.43,NASDAQ:CGON,https://www.tradingview.com/chart/?symbol=NASDAQ%3ACGON
US,NOV,2026-08-31,21.67,2026-08-31,,,2026-09-01,21.36,-1.43,NYSE:NOV,https://www.tradingview.com/chart/?symbol=NYSE%3ANOV
HK,1579.HK,2026-08-25,16.06,2026-08-25,,,2026-08-31,15.83,-1.43,HKEX:1579,https://www.tradingview.com/chart/?symbol=HKEX%3A1579
US,OBK,2026-08-20,55.316,2026-08-26,,,2026-09-04,54.52,-1.44,NYSE:OBK,https://www.tradingview.com/chart/?symbol=NYSE%3AOBK
Canada,COP-U.TO,2026-09-29,12.54,2026-09-29,,,2026-09-29,12.36,-1.44,TSX:COP.U,https://www.tradingview.com/chart/?symbol=TSX%3ACOP.U
Canada,ROOT.TO,2026-10-06,4.14,2026-10-06,,,2026-10-07,4.08,-1.45,TSX:ROOT,https://www.tradingview.com/chart/?symbol=TSX%3AROOT
HK,1501.HK,2026-09-03,35.5,2026-09-03,,,2026-09-03,34.98,-1.46,HKEX:1501,https://www.tradingview.com/chart/?symbol=HKEX%3A1501
US,CPAY,2026-08-20,425.95,2026-08-20,,,2026-09-03,419.68,-1.47,NYSE:CPAY,https://www.tradingview.com/chart/?symbol=NYSE%3ACPAY
US,CNO,2026-08-20,57.59,2026-08-26,,,2026-09-04,56.74,-1.48,NYSE:CNO,https://www.tradingview.com/chart/?symbol=NYSE%3ACNO
US,CNK,2026-08-20,38.98,2026-08-24,,,2026-08-24,38.4,-1.49,NYSE:CNK,https://www.tradingview.com/chart/?symbol=NYSE%3ACNK
HK,6823.HK,2026-08-21,12.6,2026-08-21,,,2026-09-08,12.41,-1.51,HKEX:6823,https://www.tradingview.com/chart/?symbol=HKEX%3A6823
US,ABNB,2026-08-25,193.453,2026-08-26,,,2026-08-25,190.48,-1.54,NASDAQ:ABNB,https://www.tradingview.com/chart/?symbol=NASDAQ%3AABNB
US,PHYS,2026-08-28,34.35,2026-08-28,,,2026-08-28,33.82,-1.54,AMEX:PHYS,https://www.tradingview.com/chart/?symbol=AMEX%3APHYS
US,IFF,2026-08-20,89.32,2026-08-24,,,2026-08-28,87.94,-1.55,NYSE:IFF,https://www.tradingview.com/chart/?symbol=NYSE%3AIFF
US,CBRE,2026-08-26,153.25,2026-08-26,,,2026-08-28,150.87,-1.55,NYSE:CBRE,https://www.tradingview.com/chart/?symbol=NYSE%3ACBRE
US,EVT,2026-08-20,29.57,2026-08-20,,,2026-08-23,29.11,-1.56,NYSE:EVT,https://www.tradingview.com/chart/?symbol=NYSE%3AEVT
Canada,IMO.TO,2026-08-25,191.22,2026-09-01,,,2026-09-15,188.23,-1.56,TSX:IMO,https://www.tradingview.com/chart/?symbol=TSX%3AIMO
HK,6993.HK,2026-08-26,3.85,2026-09-04,,,2026-09-08,3.79,-1.56,HKEX:6993,https://www.tradingview.com/chart/?symbol=HKEX%3A6993
Canada,MHC-UN.TO,2026-08-20,32.5,2026-08-20,,,2026-08-20,31.99,-1.57,TSX:MHC.UN,https://www.tradingview.com/chart/?symbol=TSX%3AMHC.UN
US,NGL,2026-09-01,18.99,2026-09-01,,,2026-09-02,18.69,-1.58,NYSE:NGL,https://www.tradingview.com/chart/?symbol=NYSE%3ANGL
Canada,AIF.TO,2026-08-20,48.6,2026-08-20,,,2026-08-24,47.83,-1.58,TSX:AIF,https://www.tradingview.com/chart/?symbol=TSX%3AAIF
US,USFD,2026-08-20,111.42,2026-08-20,,,2026-08-23,109.62,-1.62,NYSE:USFD,https://www.tradingview.com/chart/?symbol=NYSE%3AUSFD
US,LLYVK,2026-08-20,109.75,2026-08-20,,,2026-08-25,107.97,-1.62,NASDAQ:LLYVK,https://www.tradingview.com/chart/?symbol=NASDAQ%3ALLYVK
US,OSK,2026-08-20,160.092,2026-08-20,,,2026-08-26,157.48,-1.63,NYSE:OSK,https://www.tradingview.com/chart/?symbol=NYSE%3AOSK
US,HOG,2026-08-23,28.77,2026-08-23,,,2026-09-04,28.3,-1.63,NYSE:HOG,https://www.tradingview.com/chart/?symbol=NYSE%3AHOG
US,ADUS,2026-08-20,123.14,2026-08-24,,,2026-08-25,121.1,-1.66,NASDAQ:ADUS,https://www.tradingview.com/chart/?symbol=NASDAQ%3AADUS
US,MET,2026-08-20,100.93,2026-08-24,,,2026-09-03,99.24,-1.67,NYSE:MET,https://www.tradingview.com/chart/?symbol=NYSE%3AMET
US,ERIE,2026-08-31,262.7,2026-08-31,,,2026-09-03,258.3,-1.67,NASDAQ:ERIE,https://www.tradingview.com/chart/?symbol=NASDAQ%3AERIE
US,SBH,2026-08-20,17.29,2026-08-23,,,2026-09-25,17.0,-1.68,NYSE:SBH,https://www.tradingview.com/chart/?symbol=NYSE%3ASBH
US,BFST,2026-08-20,32.374,2026-09-02,,,2026-09-04,31.83,-1.68,NASDAQ:BFST,https://www.tradingview.com/chart/?symbol=NASDAQ%3ABFST
US,TTE,2026-09-16,93.46,2026-09-16,,,2026-09-25,91.89,-1.68,NYSE:TTE,https://www.tradingview.com/chart/?symbol=NYSE%3ATTE
US,UFPT,2026-09-17,279.49,2026-09-17,,,2026-09-17,274.78,-1.69,NASDAQ:UFPT,https://www.tradingview.com/chart/?symbol=NASDAQ%3AUFPT
US,UNP,2026-08-20,315.99,2026-08-20,,,2026-08-26,310.63,-1.7,NYSE:UNP,https://www.tradingview.com/chart/?symbol=NYSE%3AUNP
US,APD,2026-08-26,314.87,2026-08-26,,,2026-08-31,309.46,-1.72,NYSE:APD,https://www.tradingview.com/chart/?symbol=NYSE%3AAPD
US,TD,2026-08-20,125.47,2026-08-28,,,2026-09-03,123.31,-1.72,NYSE:TD,https://www.tradingview.com/chart/?symbol=NYSE%3ATD
US,DCOM,2026-09-02,41.97,2026-09-02,,,2026-09-04,41.25,-1.72,NYSE:DCOM,https://www.tradingview.com/chart/?symbol=NYSE%3ADCOM
US,ECPG,2026-08-23,104.98,2026-08-23,,,2026-08-24,103.16,-1.73,NASDAQ:ECPG,https://www.tradingview.com/chart/?symbol=NASDAQ%3AECPG
US,OPK,2026-09-18,1.73,2026-09-18,,,2026-09-23,1.7,-1.73,NASDAQ:OPK,https://www.tradingview.com/chart/?symbol=NASDAQ%3AOPK
US,RUSHA,2026-08-20,80.17,2026-08-20,,,2026-08-24,78.78,-1.73,NASDAQ:RUSHA,https://www.tradingview.com/chart/?symbol=NASDAQ%3ARUSHA
US,CLBK,2026-08-20,12.0,2026-08-20,,,2026-08-23,11.79,-1.75,NASDAQ:CLBK,https://www.tradingview.com/chart/?symbol=NASDAQ%3ACLBK
US,MANU,2026-08-20,24.45,2026-08-20,,,2026-08-20,24.02,-1.76,NYSE:MANU,https://www.tradingview.com/chart/?symbol=NYSE%3AMANU
Canada,VZLA.TO,2026-09-24,5.65,2026-09-24,,,2026-09-24,5.55,-1.77,TSX:VZLA,https://www.tradingview.com/chart/?symbol=TSX%3AVZLA
US,TFX,2026-08-28,144.641,2026-08-28,,,2026-08-31,142.05,-1.79,NYSE:TFX,https://www.tradingview.com/chart/?symbol=NYSE%3ATFX
US,BFC,2026-08-24,159.1,2026-08-24,,,2026-09-04,156.23,-1.8,NASDAQ:BFC,https://www.tradingview.com/chart/?symbol=NASDAQ%3ABFC
US,JAZZ,2026-08-20,265.05,2026-08-25,,,2026-08-25,260.28,-1.8,NASDAQ:JAZZ,https://www.tradingview.com/chart/?symbol=NASDAQ%3AJAZZ
US,NPK,2026-08-26,158.17,2026-08-26,,,2026-09-15,155.31,-1.81,NYSE:NPK,https://www.tradingview.com/chart/?symbol=NYSE%3ANPK
US,HESM,2026-08-31,40.975,2026-08-31,,,2026-09-01,40.23,-1.82,NYSE:HESM,https://www.tradingview.com/chart/?symbol=NYSE%3AHESM
US,VIST,2026-09-15,79.77,2026-09-15,,,2026-09-15,78.32,-1.82,NYSE:VIST,https://www.tradingview.com/chart/?symbol=NYSE%3AVIST
Canada,MKZ-UN.TO,2026-09-25,0.55,2026-09-25,,,2026-09-25,0.54,-1.82,TSX:MKZ.UN,https://www.tradingview.com/chart/?symbol=TSX%3AMKZ.UN
HK,2510.HK,2026-09-18,14.3,2026-09-18,,,2026-09-18,14.04,-1.82,HKEX:2510,https://www.tradingview.com/chart/?symbol=HKEX%3A2510
US,WAB,2026-08-20,306.324,2026-08-20,,,2026-08-26,300.72,-1.83,NYSE:WAB,https://www.tradingview.com/chart/?symbol=NYSE%3AWAB
US,KSPI,2026-08-28,109.94,2026-08-28,,,2026-09-03,107.93,-1.83,NASDAQ:KSPI,https://www.tradingview.com/chart/?symbol=NASDAQ%3AKSPI
US,DRI,2026-08-20,229.76,2026-08-23,,,2026-08-24,225.54,-1.84,NYSE:DRI,https://www.tradingview.com/chart/?symbol=NYSE%3ADRI
Canada,MHC-U.TO,2026-08-20,23.43,2026-08-20,,,2026-08-26,23.0,-1.84,TSX:MHC.U,https://www.tradingview.com/chart/?symbol=TSX%3AMHC.U
US,HQH,2026-08-20,24.85,2026-08-20,,,2026-08-23,24.39,-1.85,NYSE:HQH,https://www.tradingview.com/chart/?symbol=NYSE%3AHQH
US,SBUX,2026-08-28,109.879,2026-08-28,,,2026-08-28,107.85,-1.85,NASDAQ:SBUX,https://www.tradingview.com/chart/?symbol=NASDAQ%3ASBUX
Canada,ACX.TO,2026-09-04,8.07,2026-09-04,,,2026-10-08,7.92,-1.86,TSX:ACX,https://www.tradingview.com/chart/?symbol=TSX%3AACX
Canada,CG.TO,2026-08-20,33.69,2026-08-28,,,2026-09-22,33.06,-1.87,TSX:CG,https://www.tradingview.com/chart/?symbol=TSX%3ACG
US,ELVN,2026-08-23,62.32,2026-08-23,,,2026-08-24,61.15,-1.88,NASDAQ:ELVN,https://www.tradingview.com/chart/?symbol=NASDAQ%3AELVN
US,ALSN,2026-08-24,134.14,2026-08-24,,,2026-08-25,131.62,-1.88,NYSE:ALSN,https://www.tradingview.com/chart/?symbol=NYSE%3AALSN
US,WDS,2026-09-01,24.42,2026-09-01,,,2026-09-15,23.96,-1.88,NYSE:WDS,https://www.tradingview.com/chart/?symbol=NYSE%3AWDS
US,E,2026-09-15,57.75,2026-09-15,,,2026-09-15,56.66,-1.89,NYSE:E,https://www.tradingview.com/chart/?symbol=NYSE%3AE
US,PCVX,2026-08-20,63.83,2026-08-20,,,2026-08-23,62.62,-1.9,NASDAQ:PCVX,https://www.tradingview.com/chart/?symbol=NASDAQ%3APCVX
Canada,JAG.TO,2026-09-22,8.35,2026-09-22,,,2026-09-22,8.19,-1.92,TSX:JAG,https://www.tradingview.com/chart/?symbol=TSX%3AJAG
Canada,FTT.TO,2026-10-06,114.19,2026-10-06,,,2026-10-06,112.0,-1.92,TSX:FTT,https://www.tradingview.com/chart/?symbol=TSX%3AFTT
US,MRSH,2026-08-20,198.49,2026-08-23,,,2026-08-24,194.66,-1.93,NYSE:MRSH,https://www.tradingview.com/chart/?symbol=NYSE%3AMRSH
US,CNC,2026-09-02,69.36,2026-09-02,,,2026-09-03,68.02,-1.93,NYSE:CNC,https://www.tradingview.com/chart/?symbol=NYSE%3ACNC
Canada,LOVE.TO,2026-08-20,2.07,2026-08-20,,,2026-09-21,2.03,-1.93,TSX:LOVE,https://www.tradingview.com/chart/?symbol=TSX%3ALOVE
US,LLYVA,2026-08-20,106.055,2026-08-20,,,2026-08-25,104.0,-1.94,NASDAQ:LLYVA,https://www.tradingview.com/chart/?symbol=NASDAQ%3ALLYVA
Canada,QSR.TO,2026-09-03,113.1,2026-09-03,,,2026-09-04,110.91,-1.94,TSX:QSR,https://www.tradingview.com/chart/?symbol=TSX%3AQSR
US,SKE,2026-08-26,35.82,2026-08-26,,,2026-08-28,35.12,-1.95,NYSE:SKE,https://www.tradingview.com/chart/?symbol=NYSE%3ASKE
US,BIO,2026-08-20,396.23,2026-08-28,,,2026-09-02,388.51,-1.95,NYSE:BIO,https://www.tradingview.com/chart/?symbol=NYSE%3ABIO
US,VRTS,2026-08-20,171.9,2026-08-25,,,2026-08-28,168.52,-1.97,NYSE:VRTS,https://www.tradingview.com/chart/?symbol=NYSE%3AVRTS
US,SDRL,2026-09-03,51.075,2026-09-03,,,2026-09-03,50.07,-1.97,NYSE:SDRL,https://www.tradingview.com/chart/?symbol=NYSE%3ASDRL
Canada,TVE.TO,2026-08-24,13.98,2026-08-24,,,2026-10-08,13.7,-2.0,TSX:TVE,https://www.tradingview.com/chart/?symbol=TSX%3ATVE
US,AMBP,2026-08-20,5.47,2026-08-20,,,2026-08-23,5.36,-2.01,NYSE:AMBP,https://www.tradingview.com/chart/?symbol=NYSE%3AAMBP
US,GPOR,2026-09-09,179.91,2026-09-09,,,2026-09-10,176.3,-2.01,NYSE:GPOR,https://www.tradingview.com/chart/?symbol=NYSE%3AGPOR
Canada,HMMC.TO,2026-09-10,8.46,2026-09-10,,,2026-09-14,8.29,-2.01,TSX:HMMC,https://www.tradingview.com/chart/?symbol=TSX%3AHMMC
US,CCK,2026-08-20,122.91,2026-08-23,,,2026-08-25,120.43,-2.02,NYSE:CCK,https://www.tradingview.com/chart/?symbol=NYSE%3ACCK
US,NWBI,2026-08-20,15.957,2026-09-02,,,2026-09-04,15.635,-2.02,NASDAQ:NWBI,https://www.tradingview.com/chart/?symbol=NASDAQ%3ANWBI
US,NVT,2026-10-02,177.38,2026-10-02,,,2026-10-06,173.8,-2.02,NYSE:NVT,https://www.tradingview.com/chart/?symbol=NYSE%3ANVT
US,AKO-B,2026-08-23,32.016,2026-08-23,,,2026-08-23,31.36,-2.05,NYSE:AKO-B,https://www.tradingview.com/chart/?symbol=NYSE%3AAKO-B
US,STEW,2026-08-20,19.05,2026-08-26,,,2026-08-26,18.66,-2.05,NYSE:STEW,https://www.tradingview.com/chart/?symbol=NYSE%3ASTEW
US,HQY,2026-08-20,107.62,2026-08-20,,,2026-08-25,105.4,-2.06,NASDAQ:HQY,https://www.tradingview.com/chart/?symbol=NASDAQ%3AHQY
US,MANH,2026-09-01,227.03,2026-09-01,,,2026-09-03,222.35,-2.06,NASDAQ:MANH,https://www.tradingview.com/chart/?symbol=NASDAQ%3AMANH
US,PCAR,2026-08-20,133.915,2026-08-20,,,2026-08-23,131.13,-2.08,NASDAQ:PCAR,https://www.tradingview.com/chart/?symbol=NASDAQ%3APCAR
US,EMR,2026-08-20,165.788,2026-08-24,,,2026-10-05,162.33,-2.09,NYSE:EMR,https://www.tradingview.com/chart/?symbol=NYSE%3AEMR
US,UCB,2026-08-20,36.33,2026-08-20,,,2026-08-23,35.57,-2.09,NYSE:UCB,https://www.tradingview.com/chart/?symbol=NYSE%3AUCB
Canada,LFE.TO,2026-09-17,9.529,2026-09-17,,,2026-09-21,9.33,-2.09,TSX:LFE,https://www.tradingview.com/chart/?symbol=TSX%3ALFE
US,FHI,2026-08-20,66.796,2026-08-23,,,2026-08-25,65.39,-2.1,NYSE:FHI,https://www.tradingview.com/chart/?symbol=NYSE%3AFHI
US,LPLA,2026-08-20,378.697,2026-08-23,,,2026-08-28,370.69,-2.11,NASDAQ:LPLA,https://www.tradingview.com/chart/?symbol=NASDAQ%3ALPLA
US,CVBF,2026-09-03,23.41,2026-09-03,,,2026-09-15,22.91,-2.14,NASDAQ:CVBF,https://www.tradingview.com/chart/?symbol=NASDAQ%3ACVBF
US,SHOO,2026-08-20,47.11,2026-08-20,,,2026-08-23,46.1,-2.14,NASDAQ:SHOO,https://www.tradingview.com/chart/?symbol=NASDAQ%3ASHOO
US,AMTB,2026-09-02,30.506,2026-09-02,,,2026-09-15,29.85,-2.15,NYSE:AMTB,https://www.tradingview.com/chart/?symbol=NYSE%3AAMTB
US,SYRE,2026-08-20,110.175,2026-08-20,,,2026-08-20,107.79,-2.16,NASDAQ:SYRE,https://www.tradingview.com/chart/?symbol=NASDAQ%3ASYRE
US,INCY,2026-08-20,132.6,2026-08-20,,,2026-08-25,129.71,-2.18,NASDAQ:INCY,https://www.tradingview.com/chart/?symbol=NASDAQ%3AINCY
HK,2607.HK,2026-08-21,11.93,2026-08-21,,,2026-08-24,11.67,-2.18,HKEX:2607,https://www.tradingview.com/chart/?symbol=HKEX%3A2607
US,XYZ,2026-08-25,86.75,2026-08-25,,,2026-08-31,84.85,-2.19,NYSE:XYZ,https://www.tradingview.com/chart/?symbol=NYSE%3AXYZ
US,RITM,2026-08-20,10.47,2026-08-28,,,2026-08-24,10.24,-2.2,NYSE:RITM,https://www.tradingview.com/chart/?symbol=NYSE%3ARITM
US,EHC,2026-08-20,127.5,2026-09-01,,,2026-10-06,124.69,-2.2,NYSE:EHC,https://www.tradingview.com/chart/?symbol=NYSE%3AEHC
US,MSA,2026-08-20,196.001,2026-08-20,,,2026-08-31,191.67,-2.21,NYSE:MSA,https://www.tradingview.com/chart/?symbol=NYSE%3AMSA
US,MGA,2026-08-20,71.99,2026-08-20,,,2026-08-20,70.39,-2.22,NYSE:MGA,https://www.tradingview.com/chart/?symbol=NYSE%3AMGA
US,FLNG,2026-08-26,33.26,2026-09-02,,,2026-09-17,32.52,-2.22,NYSE:FLNG,https://www.tradingview.com/chart/?symbol=NYSE%3AFLNG
US,NTAP,2026-09-11,209.06,2026-09-11,,,2026-09-28,204.41,-2.22,NASDAQ:NTAP,https://www.tradingview.com/chart/?symbol=NASDAQ%3ANTAP
Canada,LCS.TO,2026-09-18,12.876,2026-09-18,,,2026-09-21,12.59,-2.22,TSX:LCS,https://www.tradingview.com/chart/?symbol=TSX%3ALCS
US,FBNC,2026-08-24,66.78,2026-08-24,,,2026-08-24,65.29,-2.23,NASDAQ:FBNC,https://www.tradingview.com/chart/?symbol=NASDAQ%3AFBNC
US,TBBK,2026-08-20,68.65,2026-08-20,,,2026-08-23,67.12,-2.23,NASDAQ:TBBK,https://www.tradingview.com/chart/?symbol=NASDAQ%3ATBBK
US,PDM,2026-08-20,10.13,2026-08-20,,,2026-08-25,9.9,-2.27,NYSE:PDM,https://www.tradingview.com/chart/?symbol=NYSE%3APDM
US,HLMN,2026-08-20,8.545,2026-08-20,,,2026-08-23,8.35,-2.28,NASDAQ:HLMN,https://www.tradingview.com/chart/?symbol=NASDAQ%3AHLMN
US,OFG,2026-08-20,54.47,2026-08-28,,,2026-09-04,53.22,-2.29,NYSE:OFG,https://www.tradingview.com/chart/?symbol=NYSE%3AOFG
US,CHCO,2026-08-20,148.99,2026-08-20,,,2026-09-04,145.57,-2.3,NASDAQ:CHCO,https://www.tradingview.com/chart/?symbol=NASDAQ%3ACHCO
US,OII,2026-08-20,54.25,2026-08-20,,,2026-08-23,53.0,-2.3,NYSE:OII,https://www.tradingview.com/chart/?symbol=NYSE%3AOII
US,PFG,2026-09-04,121.18,2026-09-04,,,2026-09-15,118.39,-2.3,NASDAQ:PFG,https://www.tradingview.com/chart/?symbol=NASDAQ%3APFG
US,CPK,2026-08-20,140.83,2026-08-20,,,2026-08-20,137.58,-2.31,NYSE:CPK,https://www.tradingview.com/chart/?symbol=NYSE%3ACPK
US,IMVT,2026-08-20,45.42,2026-08-20,,,2026-08-23,44.37,-2.31,NASDAQ:IMVT,https://www.tradingview.com/chart/?symbol=NASDAQ%3AIMVT
US,INDB,2026-08-20,85.74,2026-08-20,,,2026-08-23,83.76,-2.31,NASDAQ:INDB,https://www.tradingview.com/chart/?symbol=NASDAQ%3AINDB
US,GKOS,2026-08-20,190.06,2026-08-20,,,2026-08-24,185.65,-2.32,NYSE:GKOS,https://www.tradingview.com/chart/?symbol=NYSE%3AGKOS
US,RVMD,2026-08-20,220.34,2026-08-20,,,2026-08-26,215.2,-2.33,NASDAQ:RVMD,https://www.tradingview.com/chart/?symbol=NASDAQ%3ARVMD
US,YPF,2026-09-21,55.24,2026-09-21,,,2026-09-23,53.95,-2.34,NYSE:YPF,https://www.tradingview.com/chart/?symbol=NYSE%3AYPF
Canada,IPCO.TO,2026-09-17,37.45,2026-09-17,,,2026-10-08,36.57,-2.35,TSX:IPCO,https://www.tradingview.com/chart/?symbol=TSX%3AIPCO
US,HBT,2026-08-23,37.51,2026-08-23,,,2026-09-14,36.62,-2.37,NASDAQ:HBT,https://www.tradingview.com/chart/?symbol=NASDAQ%3AHBT
Canada,CCL-B.TO,2026-08-20,98.59,2026-09-04,,,2026-09-16,96.25,-2.37,TSX:CCL.B,https://www.tradingview.com/chart/?symbol=TSX%3ACCL.B
Canada,KNT.TO,2026-08-23,31.5,2026-08-28,,,2026-08-24,30.75,-2.38,TSX:KNT,https://www.tradingview.com/chart/?symbol=TSX%3AKNT
HK,3877.HK,2026-09-16,2.525,2026-09-17,,,2026-09-16,2.465,-2.38,HKEX:3877,https://www.tradingview.com/chart/?symbol=HKEX%3A3877
US,SYK,2026-08-20,338.79,2026-08-20,,,2026-08-28,330.69,-2.39,NYSE:SYK,https://www.tradingview.com/chart/?symbol=NYSE%3ASYK
US,WLYB,2026-08-20,55.51,2026-08-20,,,2026-08-28,54.18,-2.4,NYSE:WLYB,https://www.tradingview.com/chart/?symbol=NYSE%3AWLYB
US,KVUE,2026-08-23,19.908,2026-08-23,,,2026-08-24,19.43,-2.4,NYSE:KVUE,https://www.tradingview.com/chart/?symbol=NYSE%3AKVUE
US,LYG,2026-08-20,6.25,2026-08-25,,,2026-09-03,6.1,-2.4,NYSE:LYG,https://www.tradingview.com/chart/?symbol=NYSE%3ALYG
Canada,MDI.TO,2026-09-22,17.83,2026-09-22,,,2026-09-25,17.4,-2.41,TSX:MDI,https://www.tradingview.com/chart/?symbol=TSX%3AMDI
Canada,IAU.TO,2026-09-22,2.685,2026-09-22,,,2026-09-22,2.62,-2.42,TSX:IAU,https://www.tradingview.com/chart/?symbol=TSX%3AIAU
US,BF-A,2026-08-20,30.1,2026-08-20,,,2026-08-24,29.37,-2.43,NYSE:BF-A,https://www.tradingview.com/chart/?symbol=NYSE%3ABF-A
US,EQBK,2026-09-03,52.27,2026-09-03,,,2026-09-03,51.0,-2.43,NYSE:EQBK,https://www.tradingview.com/chart/?symbol=NYSE%3AEQBK
US,NVAX,2026-09-25,11.09,2026-09-25,,,2026-09-30,10.82,-2.43,NASDAQ:NVAX,https://www.tradingview.com/chart/?symbol=NASDAQ%3ANVAX
US,SBR,2026-09-15,76.9,2026-09-15,,,2026-09-15,75.02,-2.44,NYSE:SBR,https://www.tradingview.com/chart/?symbol=NYSE%3ASBR
HK,3330.HK,2026-09-21,23.8,2026-09-21,,,2026-09-21,23.22,-2.44,HKEX:3330,https://www.tradingview.com/chart/?symbol=HKEX%3A3330
US,BHRB,2026-08-24,74.526,2026-08-24,,,2026-08-24,72.7,-2.45,NASDAQ:BHRB,https://www.tradingview.com/chart/?symbol=NASDAQ%3ABHRB
Canada,CFW.TO,2026-08-23,7.35,2026-08-23,,,2026-09-08,7.17,-2.45,TSX:CFW,https://www.tradingview.com/chart/?symbol=TSX%3ACFW
US,PFS,2026-08-20,24.324,2026-08-20,,,2026-09-04,23.725,-2.46,NYSE:PFS,https://www.tradingview.com/chart/?symbol=NYSE%3APFS
Canada,POW.TO,2026-08-20,97.66,2026-09-03,,,2026-09-04,95.26,-2.46,TSX:POW,https://www.tradingview.com/chart/?symbol=TSX%3APOW
US,FORTY,2026-09-11,125.72,2026-09-11,,,2026-09-11,122.61,-2.47,NASDAQ:FORTY,https://www.tradingview.com/chart/?symbol=NASDAQ%3AFORTY
Canada,IGM.TO,2026-08-20,92.01,2026-08-24,,,2026-09-11,89.74,-2.47,TSX:IGM,https://www.tradingview.com/chart/?symbol=TSX%3AIGM
US,FANG,2026-09-15,216.9,2026-09-15,,,2026-09-15,211.525,-2.48,NASDAQ:FANG,https://www.tradingview.com/chart/?symbol=NASDAQ%3AFANG
HK,0622.HK,2026-09-16,3.23,2026-09-23,,,2026-09-29,3.15,-2.48,HKEX:0622,https://www.tradingview.com/chart/?symbol=HKEX%3A0622
US,TRGP,2026-08-23,306.73,2026-08-23,,,2026-08-23,299.1,-2.49,NYSE:TRGP,https://www.tradingview.com/chart/?symbol=NYSE%3ATRGP
US,TRMK,2026-09-15,48.733,2026-09-15,,,2026-09-15,47.52,-2.49,NASDAQ:TRMK,https://www.tradingview.com/chart/?symbol=NASDAQ%3ATRMK
HK,1919.HK,2026-08-26,18.04,2026-08-26,,,2026-08-28,17.59,-2.49,HKEX:1919,https://www.tradingview.com/chart/?symbol=HKEX%3A1919
HK,0003.HK,2026-09-04,7.471,2026-09-24,,,2026-09-08,7.285,-2.49,HKEX:0003,https://www.tradingview.com/chart/?symbol=HKEX%3A0003
US,PAG,2026-08-20,225.505,2026-08-20,,,2026-09-04,219.86,-2.5,NYSE:PAG,https://www.tradingview.com/chart/?symbol=NYSE%3APAG
US,AFG,2026-08-26,148.71,2026-08-26,,,2026-08-26,144.97,-2.51,NYSE:AFG,https://www.tradingview.com/chart/?symbol=NYSE%3AAFG
US,WSFS,2026-08-20,82.737,2026-09-04,,,2026-09-15,80.66,-2.51,NASDAQ:WSFS,https://www.tradingview.com/chart/?symbol=NASDAQ%3AWSFS
Canada,GEI.TO,2026-08-20,32.99,2026-09-01,,,2026-10-08,32.16,-2.52,TSX:GEI,https://www.tradingview.com/chart/?symbol=TSX%3AGEI
US,O,2026-08-25,64.468,2026-08-25,,,2026-08-25,62.835,-2.53,NYSE:O,https://www.tradingview.com/chart/?symbol=NYSE%3AO
US,FWONA,2026-08-25,98.79,2026-08-25,,,2026-08-25,96.26,-2.56,NASDAQ:FWONA,https://www.tradingview.com/chart/?symbol=NASDAQ%3AFWONA
US,WST,2026-09-17,385.748,2026-09-17,,,2026-09-23,375.87,-2.56,NYSE:WST,https://www.tradingview.com/chart/?symbol=NYSE%3AWST
US,BBT,2026-08-20,32.72,2026-08-20,,,2026-09-04,31.88,-2.57,NYSE:BBT,https://www.tradingview.com/chart/?symbol=NYSE%3ABBT
US,AHR,2026-08-20,58.7,2026-08-20,,,2026-08-26,57.19,-2.57,NYSE:AHR,https://www.tradingview.com/chart/?symbol=NYSE%3AAHR
US,PVLA,2026-08-26,161.38,2026-08-26,,,2026-09-04,157.24,-2.57,NASDAQ:PVLA,https://www.tradingview.com/chart/?symbol=NASDAQ%3APVLA
US,SPNT,2026-09-21,26.48,2026-09-21,,,2026-09-24,25.8,-2.57,NYSE:SPNT,https://www.tradingview.com/chart/?symbol=NYSE%3ASPNT
US,CTVA,2026-09-01,90.97,2026-09-01,,,2026-09-03,88.62,-2.58,NYSE:CTVA,https://www.tradingview.com/chart/?symbol=NYSE%3ACTVA
US,NLY,2026-08-20,23.91,2026-08-20,,,2026-08-20,23.29,-2.59,NYSE:NLY,https://www.tradingview.com/chart/?symbol=NYSE%3ANLY
US,AM,2026-08-28,23.108,2026-08-28,,,2026-09-02,22.51,-2.59,NYSE:AM,https://www.tradingview.com/chart/?symbol=NYSE%3AAM
US,CTBI,2026-08-20,79.92,2026-09-02,,,2026-09-14,77.84,-2.6,NASDAQ:CTBI,https://www.tradingview.com/chart/?symbol=NASDAQ%3ACTBI
US,GEF-B,2026-08-20,113.99,2026-08-20,,,2026-09-24,111.02,-2.61,NYSE:GEF-B,https://www.tradingview.com/chart/?symbol=NYSE%3AGEF-B
US,WHD,2026-09-01,74.07,2026-09-01,,,2026-09-02,72.14,-2.61,NYSE:WHD,https://www.tradingview.com/chart/?symbol=NYSE%3AWHD
Canada,HWO.TO,2026-09-16,1.15,2026-09-16,,,2026-10-05,1.12,-2.61,TSX:HWO,https://www.tradingview.com/chart/?symbol=TSX%3AHWO
US,CAKE,2026-08-25,118.46,2026-08-25,,,2026-08-26,115.35,-2.63,NASDAQ:CAKE,https://www.tradingview.com/chart/?symbol=NASDAQ%3ACAKE
US,WABC,2026-08-20,60.057,2026-08-20,,,2026-08-23,58.48,-2.63,NASDAQ:WABC,https://www.tradingview.com/chart/?symbol=NASDAQ%3AWABC
Canada,CGG.TO,2026-09-10,48.88,2026-09-10,,,2026-09-11,47.59,-2.64,TSX:CGG,https://www.tradingview.com/chart/?symbol=TSX%3ACGG
US,OMF,2026-08-20,66.35,2026-08-23,,,2026-09-03,64.59,-2.65,NYSE:OMF,https://www.tradingview.com/chart/?symbol=NYSE%3AOMF
US,RF,2026-08-20,31.55,2026-08-20,,,2026-08-26,30.715,-2.65,NYSE:RF,https://www.tradingview.com/chart/?symbol=NYSE%3ARF
HK,2356.HK,2026-08-24,15.45,2026-08-24,,,2026-09-30,15.04,-2.65,HKEX:2356,https://www.tradingview.com/chart/?symbol=HKEX%3A2356
HK,0966.HK,2026-09-02,22.6,2026-09-02,,,2026-09-04,22.0,-2.65,HKEX:0966,https://www.tradingview.com/chart/?symbol=HKEX%3A0966
US,MMM,2026-08-20,184.9,2026-08-23,,,2026-08-26,179.99,-2.66,NYSE:MMM,https://www.tradingview.com/chart/?symbol=NYSE%3AMMM
US,DCO,2026-08-20,196.8,2026-08-20,,,2026-08-23,191.57,-2.66,NYSE:DCO,https://www.tradingview.com/chart/?symbol=NYSE%3ADCO
Canada,IAG.TO,2026-08-20,222.531,2026-09-14,,,2026-09-21,216.6,-2.67,TSX:IAG,https://www.tradingview.com/chart/?symbol=TSX%3AIAG
US,KRP,2026-08-28,15.651,2026-08-28,,,2026-08-28,15.23,-2.69,NYSE:KRP,https://www.tradingview.com/chart/?symbol=NYSE%3AKRP
US,MEDP,2026-08-20,637.645,2026-10-05,,,2026-10-05,620.51,-2.69,NASDAQ:MEDP,https://www.tradingview.com/chart/?symbol=NASDAQ%3AMEDP
US,AME,2026-08-20,260.78,2026-10-05,,,2026-10-06,253.72,-2.71,NYSE:AME,https://www.tradingview.com/chart/?symbol=NYSE%3AAME
US,HTO,2026-08-20,66.619,2026-08-20,,,2026-09-08,64.81,-2.72,NASDAQ:HTO,https://www.tradingview.com/chart/?symbol=NASDAQ%3AHTO
US,WBS,2026-08-24,79.74,2026-08-24,,,2026-08-24,77.57,-2.72,NYSE:WBS,https://www.tradingview.com/chart/?symbol=NYSE%3AWBS
US,CFG,2026-08-20,72.469,2026-08-20,,,2026-08-26,70.5,-2.72,NYSE:CFG,https://www.tradingview.com/chart/?symbol=NYSE%3ACFG
HK,0267.HK,2026-09-18,13.703,2026-09-18,,,2026-09-21,13.33,-2.72,HKEX:0267,https://www.tradingview.com/chart/?symbol=HKEX%3A0267
US,CDW,2026-09-14,158.05,2026-09-14,,,2026-09-15,153.74,-2.73,NASDAQ:CDW,https://www.tradingview.com/chart/?symbol=NASDAQ%3ACDW
US,NMIH,2026-08-20,46.74,2026-08-20,,,2026-08-24,45.46,-2.74,NASDAQ:NMIH,https://www.tradingview.com/chart/?symbol=NASDAQ%3ANMIH
Canada,TCS.TO,2026-10-07,39.71,2026-10-07,,,2026-10-07,38.62,-2.74,TSX:TCS,https://www.tradingview.com/chart/?symbol=TSX%3ATCS
Canada,RBY.TO,2026-08-20,4.73,2026-08-20,,,2026-08-23,4.6,-2.75,TSX:RBY,https://www.tradingview.com/chart/?symbol=TSX%3ARBY
US,BOW,2026-08-20,35.07,2026-08-20,,,2026-10-08,34.1,-2.77,NYSE:BOW,https://www.tradingview.com/chart/?symbol=NYSE%3ABOW
US,RY,2026-08-20,218.11,2026-09-03,,,2026-09-03,212.07,-2.77,NYSE:RY,https://www.tradingview.com/chart/?symbol=NYSE%3ARY
US,KDP,2026-08-24,33.82,2026-08-24,,,2026-09-03,32.88,-2.78,NASDAQ:KDP,https://www.tradingview.com/chart/?symbol=NASDAQ%3AKDP
US,DELL,2026-09-09,595.51,2026-10-06,,,2026-10-07,578.96,-2.78,NYSE:DELL,https://www.tradingview.com/chart/?symbol=NYSE%3ADELL
US,PKG,2026-08-20,259.98,2026-08-23,,,2026-08-23,252.73,-2.79,NYSE:PKG,https://www.tradingview.com/chart/?symbol=NYSE%3APKG
US,CBRL,2026-08-20,60.26,2026-08-23,,,2026-08-26,58.58,-2.79,NASDAQ:CBRL,https://www.tradingview.com/chart/?symbol=NASDAQ%3ACBRL
US,AIT,2026-08-20,352.257,2026-08-20,,,2026-08-26,342.44,-2.79,NYSE:AIT,https://www.tradingview.com/chart/?symbol=NYSE%3AAIT
Canada,VLN.TO,2026-08-20,19.3,2026-08-20,,,2026-09-30,18.76,-2.8,TSX:VLN,https://www.tradingview.com/chart/?symbol=TSX%3AVLN
US,SCL,2026-08-20,66.75,2026-08-20,,,2026-09-23,64.87,-2.82,NYSE:SCL,https://www.tradingview.com/chart/?symbol=NYSE%3ASCL
US,MTB,2026-08-20,248.74,2026-08-20,,,2026-08-24,241.72,-2.82,NYSE:MTB,https://www.tradingview.com/chart/?symbol=NYSE%3AMTB
Canada,DHT-UN.TO,2026-09-28,19.18,2026-09-28,,,2026-09-28,18.64,-2.82,TSX:DHT.UN,https://www.tradingview.com/chart/?symbol=TSX%3ADHT.UN
US,TMP,2026-08-20,102.59,2026-09-03,,,2026-09-04,99.69,-2.83,AMEX:TMP,https://www.tradingview.com/chart/?symbol=AMEX%3ATMP
HK,0293.HK,2026-08-21,15.22,2026-08-24,,,2026-08-26,14.79,-2.83,HKEX:0293,https://www.tradingview.com/chart/?symbol=HKEX%3A0293
US,PTEN,2026-09-09,13.31,2026-09-09,,,2026-09-09,12.93,-2.85,NASDAQ:PTEN,https://www.tradingview.com/chart/?symbol=NASDAQ%3APTEN
US,CFFN,2026-08-20,9.172,2026-09-03,,,2026-09-14,8.91,-2.86,NASDAQ:CFFN,https://www.tradingview.com/chart/?symbol=NASDAQ%3ACFFN
US,CRC,2026-09-16,56.07,2026-09-16,,,2026-09-16,54.465,-2.86,NYSE:CRC,https://www.tradingview.com/chart/?symbol=NYSE%3ACRC
US,SSRM,2026-09-02,39.43,2026-09-02,,,2026-09-22,38.3,-2.87,NASDAQ:SSRM,https://www.tradingview.com/chart/?symbol=NASDAQ%3ASSRM
HK,3668.HK,2026-09-16,35.209,2026-09-16,,,2026-09-16,34.2,-2.87,HKEX:3668,https://www.tradingview.com/chart/?symbol=HKEX%3A3668
US,LLY,2026-08-20,1292.65,2026-08-20,,,2026-08-23,1255.4,-2.88,NYSE:LLY,https://www.tradingview.com/chart/?symbol=NYSE%3ALLY
US,ANRO,2026-09-03,37.48,2026-09-03,,,2026-09-03,36.4,-2.88,NYSE:ANRO,https://www.tradingview.com/chart/?symbol=NYSE%3AANRO
Canada,PSI.TO,2026-09-11,15.26,2026-09-11,,,2026-09-15,14.82,-2.88,TSX:PSI,https://www.tradingview.com/chart/?symbol=TSX%3APSI
US,RUSHB,2026-08-23,81.52,2026-08-23,,,2026-08-23,79.16,-2.89,NASDAQ:RUSHB,https://www.tradingview.com/chart/?symbol=NASDAQ%3ARUSHB
US,KRYS,2026-09-01,382.535,2026-09-01,,,2026-09-03,371.47,-2.89,NASDAQ:KRYS,https://www.tradingview.com/chart/?symbol=NASDAQ%3AKRYS
US,PAYC,2026-09-02,243.28,2026-09-02,,,2026-09-02,236.25,-2.89,NYSE:PAYC,https://www.tradingview.com/chart/?symbol=NYSE%3APAYC
US,RACE,2026-08-24,437.15,2026-08-24,,,2026-08-24,424.44,-2.91,NYSE:RACE,https://www.tradingview.com/chart/?symbol=NYSE%3ARACE
Canada,KBL.TO,2026-08-26,48.586,2026-08-26,,,2026-08-28,47.17,-2.91,TSX:KBL,https://www.tradingview.com/chart/?symbol=TSX%3AKBL
US,MHK,2026-08-20,140.3,2026-08-20,,,2026-08-23,136.21,-2.92,NYSE:MHK,https://www.tradingview.com/chart/?symbol=NYSE%3AMHK
Canada,CWL.TO,2026-09-09,1.164,2026-09-09,,,2026-09-09,1.13,-2.92,TSX:CWL,https://www.tradingview.com/chart/?symbol=TSX%3ACWL
Canada,VCM.TO,2026-10-02,14.05,2026-10-02,,,2026-10-02,13.64,-2.92,TSX:VCM,https://www.tradingview.com/chart/?symbol=TSX%3AVCM
Canada,SWP.TO,2026-09-21,9.55,2026-09-21,,,2026-09-21,9.27,-2.93,TSX:SWP,https://www.tradingview.com/chart/?symbol=TSX%3ASWP
US,GEF,2026-08-20,90.57,2026-08-20,,,2026-08-23,87.91,-2.94,NYSE:GEF,https://www.tradingview.com/chart/?symbol=NYSE%3AGEF
US,EPC,2026-08-20,29.95,2026-08-23,,,2026-08-28,29.07,-2.94,NYSE:EPC,https://www.tradingview.com/chart/?symbol=NYSE%3AEPC
US,SYY,2026-08-23,86.65,2026-08-23,,,2026-08-23,84.1,-2.94,NYSE:SYY,https://www.tradingview.com/chart/?symbol=NYSE%3ASYY
US,CCNE,2026-09-03,35.967,2026-09-03,,,2026-09-04,34.91,-2.94,NASDAQ:CCNE,https://www.tradingview.com/chart/?symbol=NASDAQ%3ACCNE
US,BY,2026-09-03,40.03,2026-09-03,,,2026-09-04,38.85,-2.95,NYSE:BY,https://www.tradingview.com/chart/?symbol=NYSE%3ABY
US,NNN,2026-08-25,47.53,2026-08-25,,,2026-08-25,46.13,-2.95,NYSE:NNN,https://www.tradingview.com/chart/?symbol=NYSE%3ANNN
US,PLGO,2026-09-03,26.34,2026-09-03,,,2026-09-03,25.56,-2.96,NYSE:PLGO,https://www.tradingview.com/chart/?symbol=NYSE%3APLGO
US,HRTG,2026-09-03,36.5,2026-09-03,,,2026-09-17,35.42,-2.96,NYSE:HRTG,https://www.tradingview.com/chart/?symbol=NYSE%3AHRTG
US,OCFC,2026-08-20,19.675,2026-08-20,,,2026-08-20,19.09,-2.97,NASDAQ:OCFC,https://www.tradingview.com/chart/?symbol=NASDAQ%3AOCFC
US,KNSA,2026-08-23,82.94,2026-08-23,,,2026-09-03,80.47,-2.98,NASDAQ:KNSA,https://www.tradingview.com/chart/?symbol=NASDAQ%3AKNSA
US,BFH,2026-09-03,114.281,2026-09-03,,,2026-09-04,110.87,-2.98,NYSE:BFH,https://www.tradingview.com/chart/?symbol=NYSE%3ABFH
US,SOBO,2026-09-01,38.94,2026-09-01,,,2026-09-01,37.77,-3.0,NYSE:SOBO,https://www.tradingview.com/chart/?symbol=NYSE%3ASOBO
US,JHX,2026-08-20,31.36,2026-08-20,,,2026-08-23,30.415,-3.01,NYSE:JHX,https://www.tradingview.com/chart/?symbol=NYSE%3AJHX
US,NSSC,2026-08-20,39.24,2026-08-20,,,2026-08-23,38.06,-3.01,NASDAQ:NSSC,https://www.tradingview.com/chart/?symbol=NASDAQ%3ANSSC
US,COF,2026-08-20,227.337,2026-09-03,,,2026-09-03,220.48,-3.02,NYSE:COF,https://www.tradingview.com/chart/?symbol=NYSE%3ACOF
US,EWTX,2026-09-17,48.4,2026-09-17,,,2026-09-17,46.94,-3.02,NASDAQ:EWTX,https://www.tradingview.com/chart/?symbol=NASDAQ%3AEWTX
Canada,MBX.TO,2026-08-28,0.33,2026-08-28,,,2026-08-28,0.32,-3.03,TSX:MBX,https://www.tradingview.com/chart/?symbol=TSX%3AMBX
US,AGNC,2026-08-20,11.324,2026-08-20,,,2026-08-24,10.98,-3.04,NASDAQ:AGNC,https://www.tradingview.com/chart/?symbol=NASDAQ%3AAGNC
US,MD,2026-08-23,27.94,2026-08-23,,,2026-09-09,27.09,-3.04,NYSE:MD,https://www.tradingview.com/chart/?symbol=NYSE%3AMD
US,HCM,2026-08-20,14.93,2026-10-07,,,2026-09-21,14.475,-3.05,NASDAQ:HCM,https://www.tradingview.com/chart/?symbol=NASDAQ%3AHCM
Canada,FM.TO,2026-08-28,49.27,2026-08-28,,,2026-08-28,47.76,-3.06,TSX:FM,https://www.tradingview.com/chart/?symbol=TSX%3AFM
HK,3939.HK,2026-09-16,16.36,2026-09-16,,,2026-09-18,15.86,-3.06,HKEX:3939,https://www.tradingview.com/chart/?symbol=HKEX%3A3939
US,ALLE,2026-08-25,165.49,2026-08-25,,,2026-08-25,160.41,-3.07,NYSE:ALLE,https://www.tradingview.com/chart/?symbol=NYSE%3AALLE
Canada,PME.TO,2026-08-31,6.18,2026-08-31,,,2026-08-31,5.99,-3.07,TSX:PME,https://www.tradingview.com/chart/?symbol=TSX%3APME
US,TOWN,2026-08-20,39.03,2026-08-20,,,2026-08-24,37.82,-3.1,NASDAQ:TOWN,https://www.tradingview.com/chart/?symbol=NASDAQ%3ATOWN
US,FAST,2026-08-20,52.92,2026-08-20,,,2026-08-24,51.28,-3.1,NASDAQ:FAST,https://www.tradingview.com/chart/?symbol=NASDAQ%3AFAST
US,ATR,2026-08-20,139.57,2026-08-20,,,2026-08-26,135.25,-3.1,NYSE:ATR,https://www.tradingview.com/chart/?symbol=NYSE%3AATR
US,ZM,2026-08-20,110.89,2026-08-20,,,2026-08-23,107.43,-3.12,NASDAQ:ZM,https://www.tradingview.com/chart/?symbol=NASDAQ%3AZM
US,APLE,2026-08-20,17.28,2026-08-20,,,2026-08-25,16.74,-3.13,NYSE:APLE,https://www.tradingview.com/chart/?symbol=NYSE%3AAPLE
HK,6160.HK,2026-08-26,235.6,2026-08-26,,,2026-08-26,228.2,-3.14,HKEX:6160,https://www.tradingview.com/chart/?symbol=HKEX%3A6160
US,CCEP,2026-08-20,113.67,2026-08-23,,,2026-08-24,110.09,-3.15,NASDAQ:CCEP,https://www.tradingview.com/chart/?symbol=NASDAQ%3ACCEP
US,HOPE,2026-09-02,14.59,2026-09-02,,,2026-09-04,14.13,-3.15,NASDAQ:HOPE,https://www.tradingview.com/chart/?symbol=NASDAQ%3AHOPE
US,HP,2026-08-31,45.0,2026-08-31,,,2026-08-31,43.58,-3.16,NYSE:HP,https://www.tradingview.com/chart/?symbol=NYSE%3AHP
Canada,ERO.TO,2026-10-02,56.62,2026-10-02,,,2026-10-05,54.83,-3.16,TSX:ERO,https://www.tradingview.com/chart/?symbol=TSX%3AERO
US,BF-B,2026-08-20,29.69,2026-08-20,,,2026-08-24,28.75,-3.17,NYSE:BF-B,https://www.tradingview.com/chart/?symbol=NYSE%3ABF-B
US,SLF,2026-08-20,83.648,2026-09-03,,,2026-09-04,80.97,-3.2,NYSE:SLF,https://www.tradingview.com/chart/?symbol=NYSE%3ASLF
US,ONB,2026-08-20,26.7,2026-08-20,,,2026-08-28,25.845,-3.2,NASDAQ:ONB,https://www.tradingview.com/chart/?symbol=NASDAQ%3AONB
US,LTH,2026-08-20,47.235,2026-08-23,,,2026-08-24,45.72,-3.21,NYSE:LTH,https://www.tradingview.com/chart/?symbol=NYSE%3ALTH
US,BUSE,2026-08-20,31.7,2026-09-02,,,2026-09-03,30.68,-3.22,NASDAQ:BUSE,https://www.tradingview.com/chart/?symbol=NASDAQ%3ABUSE
US,HG,2026-09-02,37.31,2026-09-02,,,2026-09-03,36.11,-3.22,NYSE:HG,https://www.tradingview.com/chart/?symbol=NYSE%3AHG
Canada,MMP-UN.TO,2026-09-03,4.91,2026-09-03,,,2026-09-03,4.75,-3.26,TSX:MMP.UN,https://www.tradingview.com/chart/?symbol=TSX%3AMMP.UN
Canada,CSU.TO,2026-09-01,3165.073,2026-09-01,,,2026-09-01,3062.0,-3.26,TSX:CSU,https://www.tradingview.com/chart/?symbol=TSX%3ACSU
Canada,SCZ.TO,2026-09-28,13.2,2026-09-28,,,2026-09-28,12.77,-3.26,TSX:SCZ,https://www.tradingview.com/chart/?symbol=TSX%3ASCZ
HK,1184.HK,2026-09-01,9.2,2026-09-02,,,2026-09-02,8.9,-3.26,HKEX:1184,https://www.tradingview.com/chart/?symbol=HKEX%3A1184
Canada,TWC.TO,2026-08-23,29.98,2026-08-23,,,2026-08-24,29.0,-3.27,TSX:TWC,https://www.tradingview.com/chart/?symbol=TSX%3ATWC
US,RHP,2026-08-24,137.46,2026-08-24,,,2026-08-25,132.95,-3.28,NYSE:RHP,https://www.tradingview.com/chart/?symbol=NYSE%3ARHP
US,HRI,2026-08-20,167.5,2026-08-20,,,2026-08-23,162.01,-3.28,NYSE:HRI,https://www.tradingview.com/chart/?symbol=NYSE%3AHRI
US,RLAY,2026-08-20,21.27,2026-08-25,,,2026-08-25,20.57,-3.29,NASDAQ:RLAY,https://www.tradingview.com/chart/?symbol=NASDAQ%3ARLAY
HK,2628.HK,2026-09-08,31.6,2026-09-08,,,2026-09-08,30.56,-3.29,HKEX:2628,https://www.tradingview.com/chart/?symbol=HKEX%3A2628
US,SRG-PA,2026-08-20,22.74,2026-08-20,,,2026-08-20,21.99,-3.3,NYSE:SRG-PA,https://www.tradingview.com/chart/?symbol=NYSE%3ASRG-PA
US,FMBH,2026-08-20,53.093,2026-09-02,,,2026-09-04,51.33,-3.32,NASDAQ:FMBH,https://www.tradingview.com/chart/?symbol=NASDAQ%3AFMBH
US,VIRT,2026-08-26,68.68,2026-08-26,,,2026-08-28,66.39,-3.33,NYSE:VIRT,https://www.tradingview.com/chart/?symbol=NYSE%3AVIRT
US,LB,2026-08-25,91.566,2026-08-31,,,2026-08-26,88.511,-3.34,NYSE:LB,https://www.tradingview.com/chart/?symbol=NYSE%3ALB
US,NBTB,2026-08-20,54.076,2026-09-03,,,2026-09-04,52.27,-3.34,NASDAQ:NBTB,https://www.tradingview.com/chart/?symbol=NASDAQ%3ANBTB
US,FCF,2026-08-20,22.194,2026-09-03,,,2026-09-15,21.45,-3.35,NYSE:FCF,https://www.tradingview.com/chart/?symbol=NYSE%3AFCF
HK,1972.HK,2026-08-26,25.7,2026-08-26,,,2026-08-26,24.84,-3.35,HKEX:1972,https://www.tradingview.com/chart/?symbol=HKEX%3A1972
US,BAC,2026-09-02,65.23,2026-09-02,,,2026-09-03,63.04,-3.36,NYSE:BAC,https://www.tradingview.com/chart/?symbol=NYSE%3ABAC
US,NTRS,2026-08-20,195.78,2026-08-24,,,2026-09-11,189.19,-3.37,NASDAQ:NTRS,https://www.tradingview.com/chart/?symbol=NASDAQ%3ANTRS
US,EXPO,2026-09-14,71.602,2026-09-14,,,2026-09-14,69.19,-3.37,NASDAQ:EXPO,https://www.tradingview.com/chart/?symbol=NASDAQ%3AEXPO
US,QLYS,2026-08-20,201.54,2026-10-02,,,2026-10-07,194.75,-3.37,NASDAQ:QLYS,https://www.tradingview.com/chart/?symbol=NASDAQ%3AQLYS
US,ASH,2026-08-28,78.25,2026-08-28,,,2026-09-01,75.6,-3.39,NYSE:ASH,https://www.tradingview.com/chart/?symbol=NYSE%3AASH
US,SRRK,2026-08-23,58.49,2026-08-23,,,2026-08-23,56.5,-3.4,NASDAQ:SRRK,https://www.tradingview.com/chart/?symbol=NASDAQ%3ASRRK
US,GL,2026-08-20,181.987,2026-08-20,,,2026-08-28,175.77,-3.42,NYSE:GL,https://www.tradingview.com/chart/?symbol=NYSE%3AGL
US,VZLA,2026-09-25,4.09,2026-09-25,,,2026-09-25,3.95,-3.42,AMEX:VZLA,https://www.tradingview.com/chart/?symbol=AMEX%3AVZLA
HK,2423.HK,2026-09-05,49.66,2026-09-05,,,2026-09-05,47.96,-3.42,HKEX:2423,https://www.tradingview.com/chart/?symbol=HKEX%3A2423
US,CSX,2026-08-20,53.6,2026-08-20,,,2026-08-26,51.76,-3.43,NASDAQ:CSX,https://www.tradingview.com/chart/?symbol=NASDAQ%3ACSX
US,EMBJ,2026-08-23,79.76,2026-08-23,,,2026-09-21,77.02,-3.44,NYSE:EMBJ,https://www.tradingview.com/chart/?symbol=NYSE%3AEMBJ
US,CORT,2026-10-05,126.38,2026-10-05,,,2026-10-05,122.03,-3.44,NASDAQ:CORT,https://www.tradingview.com/chart/?symbol=NASDAQ%3ACORT
US,ALNT,2026-08-20,121.42,2026-10-06,,,2026-10-06,117.24,-3.44,NASDAQ:ALNT,https://www.tradingview.com/chart/?symbol=NASDAQ%3AALNT
US,BEN,2026-08-24,36.28,2026-08-24,,,2026-08-25,35.03,-3.45,NYSE:BEN,https://www.tradingview.com/chart/?symbol=NYSE%3ABEN
US,AG,2026-09-10,20.88,2026-09-10,,,2026-09-10,20.16,-3.45,NYSE:AG,https://www.tradingview.com/chart/?symbol=NYSE%3AAG
US,DYN,2026-08-20,27.305,2026-08-20,,,2026-08-26,26.36,-3.46,NASDAQ:DYN,https://www.tradingview.com/chart/?symbol=NASDAQ%3ADYN
US,KYMR,2026-08-26,130.05,2026-08-26,,,2026-08-26,125.55,-3.46,NASDAQ:KYMR,https://www.tradingview.com/chart/?symbol=NASDAQ%3AKYMR
US,PFBC,2026-09-15,109.99,2026-09-15,,,2026-09-16,106.18,-3.46,NASDAQ:PFBC,https://www.tradingview.com/chart/?symbol=NASDAQ%3APFBC
US,CDP,2026-08-20,38.9,2026-08-20,,,2026-08-25,37.55,-3.47,NYSE:CDP,https://www.tradingview.com/chart/?symbol=NYSE%3ACDP
US,GABC,2026-08-20,51.909,2026-08-24,,,2026-08-24,50.1,-3.48,NASDAQ:GABC,https://www.tradingview.com/chart/?symbol=NASDAQ%3AGABC
US,KN,2026-10-05,40.82,2026-10-05,,,2026-10-05,39.4,-3.48,NYSE:KN,https://www.tradingview.com/chart/?symbol=NYSE%3AKN
US,CGAU,2026-08-28,24.32,2026-08-28,,,2026-09-22,23.47,-3.5,NYSE:CGAU,https://www.tradingview.com/chart/?symbol=NYSE%3ACGAU
US,CBSH,2026-09-07,60.633,2026-09-07,,,2026-09-15,58.51,-3.5,NASDAQ:CBSH,https://www.tradingview.com/chart/?symbol=NASDAQ%3ACBSH
Canada,EPRX.TO,2026-09-29,12.29,2026-09-29,,,2026-09-29,11.86,-3.5,TSX:EPRX,https://www.tradingview.com/chart/?symbol=TSX%3AEPRX
US,CATY,2026-09-03,64.861,2026-09-03,,,2026-09-03,62.58,-3.52,NASDAQ:CATY,https://www.tradingview.com/chart/?symbol=NASDAQ%3ACATY
US,ASB,2026-09-03,32.205,2026-09-03,,,2026-09-04,31.07,-3.52,NYSE:ASB,https://www.tradingview.com/chart/?symbol=NYSE%3AASB
US,UHAL,2026-08-20,74.18,2026-08-20,,,2026-08-20,71.57,-3.52,NYSE:UHAL,https://www.tradingview.com/chart/?symbol=NYSE%3AUHAL
Canada,CNR.TO,2026-08-20,185.25,2026-08-20,,,2026-08-23,178.73,-3.52,TSX:CNR,https://www.tradingview.com/chart/?symbol=TSX%3ACNR
US,PRU,2026-08-20,127.72,2026-08-24,,,2026-09-03,123.21,-3.53,NYSE:PRU,https://www.tradingview.com/chart/?symbol=NYSE%3APRU
US,TILE,2026-08-20,40.5,2026-08-20,,,2026-08-20,39.067,-3.54,NASDAQ:TILE,https://www.tradingview.com/chart/?symbol=NASDAQ%3ATILE
US,XPRO,2026-08-20,19.14,2026-08-20,,,2026-09-02,18.46,-3.55,NYSE:XPRO,https://www.tradingview.com/chart/?symbol=NYSE%3AXPRO
US,UBSI,2026-08-20,49.62,2026-09-04,,,2026-09-15,47.86,-3.55,NASDAQ:UBSI,https://www.tradingview.com/chart/?symbol=NASDAQ%3AUBSI
US,LOB,2026-08-20,42.49,2026-08-20,,,2026-08-23,40.98,-3.55,NYSE:LOB,https://www.tradingview.com/chart/?symbol=NYSE%3ALOB
Canada,DC-A.TO,2026-09-22,5.63,2026-09-22,,,2026-09-22,5.43,-3.55,TSX:DC.A,https://www.tradingview.com/chart/?symbol=TSX%3ADC.A
US,DOCU,2026-08-25,74.065,2026-10-08,,,2026-10-08,71.43,-3.56,NASDAQ:DOCU,https://www.tradingview.com/chart/?symbol=NASDAQ%3ADOCU
Canada,BBD-B.TO,2026-08-20,354.57,2026-08-20,,,2026-08-23,341.91,-3.57,TSX:BBD.B,https://www.tradingview.com/chart/?symbol=TSX%3ABBD.B
US,QRVO,2026-09-24,121.09,2026-09-24,,,2026-09-29,116.75,-3.58,NASDAQ:QRVO,https://www.tradingview.com/chart/?symbol=NASDAQ%3AQRVO
US,NEM,2026-09-03,135.29,2026-09-03,,,2026-09-03,130.43,-3.59,NYSE:NEM,https://www.tradingview.com/chart/?symbol=NYSE%3ANEM
US,CFR,2026-09-03,169.712,2026-09-03,,,2026-09-08,163.61,-3.6,NYSE:CFR,https://www.tradingview.com/chart/?symbol=NYSE%3ACFR
US,AYA,2026-09-04,30.24,2026-09-04,,,2026-09-08,29.15,-3.6,NASDAQ:AYA,https://www.tradingview.com/chart/?symbol=NASDAQ%3AAYA
US,TNET,2026-08-23,73.08,2026-08-23,,,2026-08-23,70.44,-3.61,NYSE:TNET,https://www.tradingview.com/chart/?symbol=NYSE%3ATNET
US,BANR,2026-08-20,74.84,2026-08-20,,,2026-09-15,72.13,-3.62,NASDAQ:BANR,https://www.tradingview.com/chart/?symbol=NASDAQ%3ABANR
US,MCBS,2026-09-15,36.958,2026-09-15,,,2026-09-15,35.62,-3.62,NASDAQ:MCBS,https://www.tradingview.com/chart/?symbol=NASDAQ%3AMCBS
US,ROCK,2026-08-20,48.27,2026-08-20,,,2026-08-23,46.52,-3.63,NASDAQ:ROCK,https://www.tradingview.com/chart/?symbol=NASDAQ%3AROCK
US,FOX,2026-09-15,62.621,2026-09-15,,,2026-09-15,60.34,-3.64,NASDAQ:FOX,https://www.tradingview.com/chart/?symbol=NASDAQ%3AFOX
US,ABCL,2026-09-25,13.18,2026-09-25,,,2026-09-25,12.7,-3.64,NASDAQ:ABCL,https://www.tradingview.com/chart/?symbol=NASDAQ%3AABCL
US,VEEV,2026-09-02,296.24,2026-09-30,,,2026-09-30,285.45,-3.64,NYSE:VEEV,https://www.tradingview.com/chart/?symbol=NYSE%3AVEEV
US,AMD,2026-10-01,639.0,2026-10-01,,,2026-10-01,615.73,-3.64,NASDAQ:AMD,https://www.tradingview.com/chart/?symbol=NASDAQ%3AAMD
US,IEX,2026-08-20,243.8,2026-08-20,,,2026-08-26,234.89,-3.65,NYSE:IEX,https://www.tradingview.com/chart/?symbol=NYSE%3AIEX
US,UGI,2026-08-25,40.0,2026-08-25,,,2026-09-09,38.54,-3.65,NYSE:UGI,https://www.tradingview.com/chart/?symbol=NYSE%3AUGI
Canada,PMZ-UN.TO,2026-08-20,22.677,2026-08-20,,,2026-08-24,21.85,-3.65,TSX:PMZ.UN,https://www.tradingview.com/chart/?symbol=TSX%3APMZ.UN
HK,2866.HK,2026-09-18,0.955,2026-09-18,,,2026-09-18,0.92,-3.66,HKEX:2866,https://www.tradingview.com/chart/?symbol=HKEX%3A2866
Canada,ELE.TO,2026-09-10,31.675,2026-09-17,,,2026-09-21,30.51,-3.68,TSX:ELE,https://www.tradingview.com/chart/?symbol=TSX%3AELE
Canada,TOT.TO,2026-09-01,37.9,2026-09-23,,,2026-09-24,36.5,-3.69,TSX:TOT,https://www.tradingview.com/chart/?symbol=TSX%3ATOT
US,EG,2026-09-03,401.07,2026-09-03,,,2026-09-03,386.25,-3.7,NYSE:EG,https://www.tradingview.com/chart/?symbol=NYSE%3AEG
US,CGEM,2026-08-31,23.19,2026-08-31,,,2026-09-02,22.33,-3.71,NASDAQ:CGEM,https://www.tradingview.com/chart/?symbol=NASDAQ%3ACGEM
US,LMT,2026-08-20,593.77,2026-08-20,,,2026-08-20,571.75,-3.71,NYSE:LMT,https://www.tradingview.com/chart/?symbol=NYSE%3ALMT
US,FULT,2026-08-20,24.71,2026-08-20,,,2026-08-26,23.79,-3.72,NASDAQ:FULT,https://www.tradingview.com/chart/?symbol=NASDAQ%3AFULT
US,CNS,2026-08-20,86.56,2026-08-24,,,2026-08-26,83.33,-3.73,NYSE:CNS,https://www.tradingview.com/chart/?symbol=NYSE%3ACNS
US,SSB,2026-08-20,112.2,2026-09-03,,,2026-09-04,108.01,-3.73,NYSE:SSB,https://www.tradingview.com/chart/?symbol=NYSE%3ASSB
US,SWKS,2026-09-25,92.8,2026-09-25,,,2026-09-25,89.34,-3.73,NASDAQ:SWKS,https://www.tradingview.com/chart/?symbol=NASDAQ%3ASWKS
US,HIG,2026-09-03,145.432,2026-09-03,,,2026-09-03,140.0,-3.74,NYSE:HIG,https://www.tradingview.com/chart/?symbol=NYSE%3AHIG
US,SLM,2026-08-20,28.131,2026-09-07,,,2026-09-07,27.08,-3.74,NASDAQ:SLM,https://www.tradingview.com/chart/?symbol=NASDAQ%3ASLM
US,VTOL,2026-08-20,47.781,2026-08-20,,,2026-08-20,45.99,-3.75,NYSE:VTOL,https://www.tradingview.com/chart/?symbol=NYSE%3AVTOL
US,BXP,2026-08-25,74.94,2026-08-25,,,2026-08-25,72.13,-3.75,NYSE:BXP,https://www.tradingview.com/chart/?symbol=NYSE%3ABXP
US,CAH,2026-09-02,258.3,2026-09-02,,,2026-09-03,248.61,-3.75,NYSE:CAH,https://www.tradingview.com/chart/?symbol=NYSE%3ACAH
US,PLUS,2026-10-02,97.833,2026-10-02,,,2026-10-06,94.16,-3.75,NASDAQ:PLUS,https://www.tradingview.com/chart/?symbol=NASDAQ%3APLUS
Canada,NFI.TO,2026-08-20,26.4,2026-10-02,,,2026-10-08,25.41,-3.75,TSX:NFI,https://www.tradingview.com/chart/?symbol=TSX%3ANFI
US,IRDM,2026-09-24,50.804,2026-09-24,,,2026-09-24,48.89,-3.77,NASDAQ:IRDM,https://www.tradingview.com/chart/?symbol=NASDAQ%3AIRDM
US,FRNM,2026-08-23,17.5,2026-10-05,,,2026-10-05,16.84,-3.77,NASDAQ:FRNM,https://www.tradingview.com/chart/?symbol=NASDAQ%3AFRNM
Canada,OBE.TO,2026-09-14,18.05,2026-09-14,,,2026-09-14,17.37,-3.77,TSX:OBE,https://www.tradingview.com/chart/?symbol=TSX%3AOBE
US,PTGX,2026-08-23,160.81,2026-08-23,,,2026-08-24,154.72,-3.79,NASDAQ:PTGX,https://www.tradingview.com/chart/?symbol=NASDAQ%3APTGX
HK,9879.HK,2026-08-28,9.77,2026-08-28,,,2026-08-28,9.4,-3.79,HKEX:9879,https://www.tradingview.com/chart/?symbol=HKEX%3A9879
US,SW,2026-08-23,51.52,2026-08-23,,,2026-08-26,49.56,-3.8,NYSE:SW,https://www.tradingview.com/chart/?symbol=NYSE%3ASW
US,USAC,2026-09-18,27.93,2026-09-18,,,2026-09-18,26.87,-3.8,NYSE:USAC,https://www.tradingview.com/chart/?symbol=NYSE%3AUSAC
Canada,BTO.TO,2026-09-03,8.16,2026-09-03,,,2026-09-22,7.85,-3.8,TSX:BTO,https://www.tradingview.com/chart/?symbol=TSX%3ABTO
HK,2299.HK,2026-09-25,6.082,2026-09-25,,,2026-10-02,5.85,-3.81,HKEX:2299,https://www.tradingview.com/chart/?symbol=HKEX%3A2299
US,MBIN,2026-08-20,56.87,2026-08-20,,,2026-08-23,54.69,-3.83,NASDAQ:MBIN,https://www.tradingview.com/chart/?symbol=NASDAQ%3AMBIN
US,FCNCA,2026-08-20,2296.3,2026-08-28,,,2026-09-04,2208.22,-3.84,NASDAQ:FCNCA,https://www.tradingview.com/chart/?symbol=NASDAQ%3AFCNCA
US,CLH,2026-08-20,335.94,2026-08-20,,,2026-09-14,322.99,-3.85,NYSE:CLH,https://www.tradingview.com/chart/?symbol=NYSE%3ACLH
US,AEG,2026-08-20,9.61,2026-09-02,,,2026-09-02,9.24,-3.85,NYSE:AEG,https://www.tradingview.com/chart/?symbol=NYSE%3AAEG
US,USB,2026-09-03,66.08,2026-09-03,,,2026-09-03,63.53,-3.86,NYSE:USB,https://www.tradingview.com/chart/?symbol=NYSE%3AUSB
US,FBP,2026-08-23,29.667,2026-09-02,,,2026-08-23,28.52,-3.87,NYSE:FBP,https://www.tradingview.com/chart/?symbol=NYSE%3AFBP
HK,1258.HK,2026-08-25,16.45,2026-08-25,,,2026-08-25,15.81,-3.89,HKEX:1258,https://www.tradingview.com/chart/?symbol=HKEX%3A1258
US,CMG,2026-09-03,39.09,2026-09-03,,,2026-09-03,37.56,-3.91,NYSE:CMG,https://www.tradingview.com/chart/?symbol=NYSE%3ACMG
US,ASND,2026-09-03,282.15,2026-09-03,,,2026-09-03,271.12,-3.91,NASDAQ:ASND,https://www.tradingview.com/chart/?symbol=NASDAQ%3AASND
US,NWE,2026-09-09,73.438,2026-09-09,,,2026-09-09,70.57,-3.91,NASDAQ:NWE,https://www.tradingview.com/chart/?symbol=NASDAQ%3ANWE
US,LIVN,2026-09-02,85.76,2026-09-02,,,2026-09-02,82.4,-3.92,NASDAQ:LIVN,https://www.tradingview.com/chart/?symbol=NASDAQ%3ALIVN
US,WSBC,2026-08-23,43.02,2026-09-03,,,2026-09-04,41.33,-3.93,NASDAQ:WSBC,https://www.tradingview.com/chart/?symbol=NASDAQ%3AWSBC
HK,6990.HK,2026-08-21,560.0,2026-08-21,,,2026-08-24,538.0,-3.93,HKEX:6990,https://www.tradingview.com/chart/?symbol=HKEX%3A6990
US,AVNT,2026-08-23,46.64,2026-08-23,,,2026-08-26,44.8,-3.95,NYSE:AVNT,https://www.tradingview.com/chart/?symbol=NYSE%3AAVNT
US,MDGL,2026-09-02,569.44,2026-09-02,,,2026-09-02,546.93,-3.95,NASDAQ:MDGL,https://www.tradingview.com/chart/?symbol=NASDAQ%3AMDGL
Canada,LCFS.TO,2026-09-17,21.27,2026-09-17,,,2026-09-17,20.43,-3.95,TSX:LCFS,https://www.tradingview.com/chart/?symbol=TSX%3ALCFS
US,IMNM,2026-08-26,30.06,2026-08-26,,,2026-08-28,28.87,-3.96,NASDAQ:IMNM,https://www.tradingview.com/chart/?symbol=NASDAQ%3AIMNM
Canada,RY.TO,2026-08-20,299.761,2026-08-20,,,2026-08-26,287.9,-3.96,TSX:RY,https://www.tradingview.com/chart/?symbol=TSX%3ARY
HK,0656.HK,2026-08-21,5.555,2026-09-02,,,2026-09-02,5.335,-3.96,HKEX:0656,https://www.tradingview.com/chart/?symbol=HKEX%3A0656
US,T,2026-09-16,26.93,2026-09-16,,,2026-09-16,25.86,-3.97,NYSE:T,https://www.tradingview.com/chart/?symbol=NYSE%3AT
US,LFUS,2026-10-02,475.382,2026-10-02,,,2026-10-02,456.53,-3.97,NASDAQ:LFUS,https://www.tradingview.com/chart/?symbol=NASDAQ%3ALFUS
US,VNO,2026-08-25,41.6,2026-08-25,,,2026-08-25,39.94,-3.99,NYSE:VNO,https://www.tradingview.com/chart/?symbol=NYSE%3AVNO
US,WPP,2026-08-25,27.78,2026-08-25,,,2026-08-25,26.67,-4.0,NYSE:WPP,https://www.tradingview.com/chart/?symbol=NYSE%3AWPP
US,TRLV,2026-09-28,12.93,2026-09-28,,,2026-09-30,12.41,-4.02,NYSE:TRLV,https://www.tradingview.com/chart/?symbol=NYSE%3ATRLV
Canada,FVI.TO,2026-09-04,17.92,2026-09-04,,,2026-09-22,17.2,-4.02,TSX:FVI,https://www.tradingview.com/chart/?symbol=TSX%3AFVI
Canada,ENI-UN.TO,2026-09-25,2.438,2026-09-25,,,2026-09-25,2.34,-4.02,TSX:ENI.UN,https://www.tradingview.com/chart/?symbol=TSX%3AENI.UN
HK,2232.HK,2026-08-26,7.57,2026-08-26,,,2026-08-26,7.265,-4.03,HKEX:2232,https://www.tradingview.com/chart/?symbol=HKEX%3A2232
US,TGTX,2026-09-02,59.3,2026-09-02,,,2026-09-02,56.9,-4.05,NASDAQ:TGTX,https://www.tradingview.com/chart/?symbol=NASDAQ%3ATGTX
US,HFWA,2026-08-20,30.33,2026-08-20,,,2026-08-23,29.1,-4.06,NASDAQ:HFWA,https://www.tradingview.com/chart/?symbol=NASDAQ%3AHFWA
US,CNMD,2026-08-20,53.66,2026-08-20,,,2026-08-24,51.47,-4.08,NYSE:CNMD,https://www.tradingview.com/chart/?symbol=NYSE%3ACNMD
US,NVST,2026-08-20,29.0,2026-08-26,,,2026-08-26,27.81,-4.1,NYSE:NVST,https://www.tradingview.com/chart/?symbol=NYSE%3ANVST
US,SYBT,2026-08-20,85.56,2026-08-20,,,2026-08-20,82.05,-4.1,NASDAQ:SYBT,https://www.tradingview.com/chart/?symbol=NASDAQ%3ASYBT
US,STRA,2026-08-25,89.73,2026-08-25,,,2026-08-25,86.03,-4.12,NASDAQ:STRA,https://www.tradingview.com/chart/?symbol=NASDAQ%3ASTRA
US,SF,2026-08-20,85.827,2026-09-03,,,2026-09-03,82.28,-4.13,NYSE:SF,https://www.tradingview.com/chart/?symbol=NYSE%3ASF
Canada,INC-UN.TO,2026-08-28,10.89,2026-08-28,,,2026-09-11,10.44,-4.13,TSX:INC.UN,https://www.tradingview.com/chart/?symbol=TSX%3AINC.UN
US,NIC,2026-09-04,179.617,2026-09-04,,,2026-09-08,172.16,-4.15,NYSE:NIC,https://www.tradingview.com/chart/?symbol=NYSE%3ANIC
US,WTS,2026-08-23,394.54,2026-08-23,,,2026-08-26,378.14,-4.16,NYSE:WTS,https://www.tradingview.com/chart/?symbol=NYSE%3AWTS
Canada,EIF.TO,2026-08-20,136.75,2026-08-20,,,2026-08-20,131.06,-4.16,TSX:EIF,https://www.tradingview.com/chart/?symbol=TSX%3AEIF
US,AXTA,2026-08-20,38.61,2026-08-28,,,2026-08-28,37.0,-4.17,NYSE:AXTA,https://www.tradingview.com/chart/?symbol=NYSE%3AAXTA
US,NRIX,2026-08-20,28.23,2026-08-20,,,2026-08-20,27.05,-4.18,NASDAQ:NRIX,https://www.tradingview.com/chart/?symbol=NASDAQ%3ANRIX
US,FAF,2026-09-03,79.87,2026-09-03,,,2026-09-03,76.51,-4.21,NYSE:FAF,https://www.tradingview.com/chart/?symbol=NYSE%3AFAF
US,LNC,2026-08-20,47.67,2026-09-03,,,2026-09-03,45.665,-4.21,NYSE:LNC,https://www.tradingview.com/chart/?symbol=NYSE%3ALNC
US,BGC,2026-09-04,12.757,2026-09-04,,,2026-09-10,12.22,-4.21,NASDAQ:BGC,https://www.tradingview.com/chart/?symbol=NASDAQ%3ABGC
US,ETN,2026-08-20,437.683,2026-08-20,,,2026-08-23,419.24,-4.21,NYSE:ETN,https://www.tradingview.com/chart/?symbol=NYSE%3AETN
US,NSP,2026-08-20,55.9,2026-08-28,,,2026-08-28,53.54,-4.22,NYSE:NSP,https://www.tradingview.com/chart/?symbol=NYSE%3ANSP
US,HOMB,2026-09-04,31.54,2026-09-04,,,2026-09-15,30.21,-4.22,NYSE:HOMB,https://www.tradingview.com/chart/?symbol=NYSE%3AHOMB
US,SRCE,2026-08-20,91.24,2026-09-04,,,2026-09-14,87.37,-4.24,NASDAQ:SRCE,https://www.tradingview.com/chart/?symbol=NASDAQ%3ASRCE
Canada,MTL.TO,2026-09-29,28.628,2026-09-29,,,2026-10-02,27.41,-4.25,TSX:MTL,https://www.tradingview.com/chart/?symbol=TSX%3AMTL
US,GM,2026-08-20,91.85,2026-08-23,,,2026-08-23,87.935,-4.26,NYSE:GM,https://www.tradingview.com/chart/?symbol=NYSE%3AGM
US,ARIS,2026-09-03,21.465,2026-09-03,,,2026-09-03,20.55,-4.26,NYSE:ARIS,https://www.tradingview.com/chart/?symbol=NYSE%3AARIS
HK,3928.HK,2026-08-31,29.56,2026-08-31,,,2026-08-31,28.3,-4.26,HKEX:3928,https://www.tradingview.com/chart/?symbol=HKEX%3A3928
US,BAX,2026-09-11,24.92,2026-09-11,,,2026-09-14,23.855,-4.27,NYSE:BAX,https://www.tradingview.com/chart/?symbol=NYSE%3ABAX
US,TGB,2026-08-20,9.08,2026-08-20,,,2026-08-20,8.69,-4.3,AMEX:TGB,https://www.tradingview.com/chart/?symbol=AMEX%3ATGB
US,PLMR,2026-09-16,147.108,2026-09-16,,,2026-09-16,140.78,-4.3,NASDAQ:PLMR,https://www.tradingview.com/chart/?symbol=NASDAQ%3APLMR
US,PNTG,2026-09-25,42.74,2026-09-25,,,2026-09-28,40.9,-4.31,NASDAQ:PNTG,https://www.tradingview.com/chart/?symbol=NASDAQ%3APNTG
US,FSCO,2026-09-24,5.335,2026-09-24,,,2026-09-25,5.105,-4.31,NYSE:FSCO,https://www.tradingview.com/chart/?symbol=NYSE%3AFSCO
HK,2319.HK,2026-08-21,19.67,2026-08-24,,,2026-08-24,18.82,-4.32,HKEX:2319,https://www.tradingview.com/chart/?symbol=HKEX%3A2319
US,FFIN,2026-08-20,35.77,2026-08-20,,,2026-08-20,34.22,-4.33,NASDAQ:FFIN,https://www.tradingview.com/chart/?symbol=NASDAQ%3AFFIN
US,FOXA,2026-09-15,70.638,2026-09-15,,,2026-09-15,67.57,-4.34,NASDAQ:FOXA,https://www.tradingview.com/chart/?symbol=NASDAQ%3AFOXA
Canada,WPM.TO,2026-09-03,226.61,2026-09-03,,,2026-09-09,216.78,-4.34,TSX:WPM,https://www.tradingview.com/chart/?symbol=TSX%3AWPM
HK,0805.HK,2026-09-04,10.26,2026-09-04,,,2026-09-04,9.815,-4.34,HKEX:0805,https://www.tradingview.com/chart/?symbol=HKEX%3A0805
US,WPM,2026-09-03,163.9,2026-09-03,,,2026-09-09,156.76,-4.36,NYSE:WPM,https://www.tradingview.com/chart/?symbol=NYSE%3AWPM
US,DKL,2026-09-18,60.343,2026-09-18,,,2026-09-18,57.71,-4.36,NYSE:DKL,https://www.tradingview.com/chart/?symbol=NYSE%3ADKL
US,ALX,2026-08-20,284.726,2026-08-20,,,2026-08-20,272.26,-4.38,NYSE:ALX,https://www.tradingview.com/chart/?symbol=NYSE%3AALX
US,ZION,2026-08-20,71.47,2026-08-20,,,2026-08-26,68.34,-4.38,NASDAQ:ZION,https://www.tradingview.com/chart/?symbol=NASDAQ%3AZION
US,ENTG,2026-10-08,169.63,2026-10-08,,,2026-10-08,162.19,-4.39,NASDAQ:ENTG,https://www.tradingview.com/chart/?symbol=NASDAQ%3AENTG
US,ARMK,2026-08-23,62.526,2026-08-23,,,2026-08-23,59.77,-4.41,NYSE:ARMK,https://www.tradingview.com/chart/?symbol=NYSE%3AARMK
US,BPOP,2026-08-20,179.24,2026-09-03,,,2026-09-03,171.33,-4.41,NASDAQ:BPOP,https://www.tradingview.com/chart/?symbol=NASDAQ%3ABPOP
HK,0316.HK,2026-08-26,178.9,2026-08-26,,,2026-08-28,171.0,-4.42,HKEX:0316,https://www.tradingview.com/chart/?symbol=HKEX%3A0316
US,CCS,2026-08-25,73.58,2026-08-25,,,2026-08-25,70.31,-4.44,NYSE:CCS,https://www.tradingview.com/chart/?symbol=NYSE%3ACCS
US,SWK,2026-08-20,104.68,2026-08-23,,,2026-08-23,100.02,-4.45,NYSE:SWK,https://www.tradingview.com/chart/?symbol=NYSE%3ASWK
US,HUM,2026-09-11,428.88,2026-09-11,,,2026-09-11,409.8,-4.45,NYSE:HUM,https://www.tradingview.com/chart/?symbol=NYSE%3AHUM
Canada,TLG.TO,2026-09-22,2.47,2026-09-22,,,2026-09-22,2.36,-4.45,TSX:TLG,https://www.tradingview.com/chart/?symbol=TSX%3ATLG
US,NEU,2026-08-23,981.66,2026-08-23,,,2026-08-23,937.645,-4.48,NYSE:NEU,https://www.tradingview.com/chart/?symbol=NYSE%3ANEU
US,URBN,2026-09-07,85.43,2026-10-05,,,2026-10-05,81.6,-4.48,NASDAQ:URBN,https://www.tradingview.com/chart/?symbol=NASDAQ%3AURBN
US,TRV,2026-09-14,397.341,2026-09-14,,,2026-09-17,379.49,-4.49,NYSE:TRV,https://www.tradingview.com/chart/?symbol=NYSE%3ATRV
US,NTB,2026-08-20,62.55,2026-08-20,,,2026-09-09,59.72,-4.52,NYSE:NTB,https://www.tradingview.com/chart/?symbol=NYSE%3ANTB
HK,0669.HK,2026-08-21,150.0,2026-08-24,,,2026-08-24,143.2,-4.53,HKEX:0669,https://www.tradingview.com/chart/?symbol=HKEX%3A0669
Canada,ARIS.TO,2026-09-03,29.71,2026-09-03,,,2026-09-03,28.36,-4.54,TSX:ARIS,https://www.tradingview.com/chart/?symbol=TSX%3AARIS
US,AVAL,2026-09-03,5.595,2026-09-03,,,2026-09-04,5.34,-4.56,NYSE:AVAL,https://www.tradingview.com/chart/?symbol=NYSE%3AAVAL
US,NBN,2026-09-15,139.99,2026-09-15,,,2026-09-15,133.59,-4.57,NASDAQ:NBN,https://www.tradingview.com/chart/?symbol=NASDAQ%3ANBN
US,SBCF,2026-09-04,36.27,2026-09-04,,,2026-09-04,34.6,-4.6,NASDAQ:SBCF,https://www.tradingview.com/chart/?symbol=NASDAQ%3ASBCF
Canada,IMG.TO,2026-09-22,30.86,2026-09-22,,,2026-09-22,29.44,-4.6,TSX:IMG,https://www.tradingview.com/chart/?symbol=TSX%3AIMG
US,LAUR,2026-08-28,40.925,2026-08-28,,,2026-08-28,39.04,-4.61,NASDAQ:LAUR,https://www.tradingview.com/chart/?symbol=NASDAQ%3ALAUR
US,HWC,2026-08-20,79.6,2026-09-15,,,2026-09-15,75.93,-4.61,NASDAQ:HWC,https://www.tradingview.com/chart/?symbol=NASDAQ%3AHWC
US,BALL,2026-08-24,67.55,2026-08-24,,,2026-08-24,64.42,-4.63,NYSE:BALL,https://www.tradingview.com/chart/?symbol=NYSE%3ABALL
US,STBA,2026-09-04,53.112,2026-09-04,,,2026-09-04,50.64,-4.65,NASDAQ:STBA,https://www.tradingview.com/chart/?symbol=NASDAQ%3ASTBA
US,PEBO,2026-08-20,42.13,2026-09-15,,,2026-09-15,40.17,-4.65,NASDAQ:PEBO,https://www.tradingview.com/chart/?symbol=NASDAQ%3APEBO
US,BMRN,2026-08-20,70.98,2026-08-20,,,2026-08-20,67.67,-4.66,NASDAQ:BMRN,https://www.tradingview.com/chart/?symbol=NASDAQ%3ABMRN
US,ORI,2026-08-20,44.65,2026-08-26,,,2026-09-03,42.57,-4.66,NYSE:ORI,https://www.tradingview.com/chart/?symbol=NYSE%3AORI
US,BRKR,2026-10-05,66.98,2026-10-05,,,2026-10-05,63.86,-4.66,NASDAQ:BRKR,https://www.tradingview.com/chart/?symbol=NASDAQ%3ABRKR
HK,0857.HK,2026-10-08,10.31,2026-10-08,,,2026-10-08,9.83,-4.66,HKEX:0857,https://www.tradingview.com/chart/?symbol=HKEX%3A0857
US,SHAK,2026-09-11,66.77,2026-09-11,,,2026-09-11,63.65,-4.67,NYSE:SHAK,https://www.tradingview.com/chart/?symbol=NYSE%3ASHAK
US,AMAL,2026-09-03,51.59,2026-09-03,,,2026-09-04,49.17,-4.69,NASDAQ:AMAL,https://www.tradingview.com/chart/?symbol=NASDAQ%3AAMAL
Canada,CF.TO,2026-08-28,15.55,2026-08-28,,,2026-08-28,14.82,-4.69,TSX:CF,https://www.tradingview.com/chart/?symbol=TSX%3ACF
Canada,CDR.TO,2026-09-02,4.9,2026-09-02,,,2026-09-02,4.67,-4.69,TSX:CDR,https://www.tradingview.com/chart/?symbol=TSX%3ACDR
US,ALL,2026-08-20,276.071,2026-09-03,,,2026-09-03,263.1,-4.7,NYSE:ALL,https://www.tradingview.com/chart/?symbol=NYSE%3AALL
US,FSM,2026-09-04,12.94,2026-09-04,,,2026-09-09,12.33,-4.71,NYSE:FSM,https://www.tradingview.com/chart/?symbol=NYSE%3AFSM
Canada,MDP.TO,2026-08-31,5.5,2026-08-31,,,2026-08-31,5.24,-4.73,TSX:MDP,https://www.tradingview.com/chart/?symbol=TSX%3AMDP
HK,6190.HK,2026-08-24,3.15,2026-08-24,,,2026-08-24,3.0,-4.76,HKEX:6190,https://www.tradingview.com/chart/?symbol=HKEX%3A6190
US,WMB,2026-08-31,79.0,2026-08-31,,,2026-09-01,75.23,-4.77,NYSE:WMB,https://www.tradingview.com/chart/?symbol=NYSE%3AWMB
US,MTN,2026-08-23,160.49,2026-08-23,,,2026-08-23,152.81,-4.79,NYSE:MTN,https://www.tradingview.com/chart/?symbol=NYSE%3AMTN
US,RBCAA,2026-08-20,102.22,2026-09-10,,,2026-09-10,97.32,-4.79,NASDAQ:RBCAA,https://www.tradingview.com/chart/?symbol=NASDAQ%3ARBCAA
Canada,ARE.TO,2026-09-29,54.95,2026-09-29,,,2026-09-29,52.31,-4.8,TSX:ARE,https://www.tradingview.com/chart/?symbol=TSX%3AARE
Canada,JOY.TO,2026-09-11,6.44,2026-09-11,,,2026-09-11,6.13,-4.81,TSX:JOY,https://www.tradingview.com/chart/?symbol=TSX%3AJOY
US,PRK,2026-08-23,213.83,2026-08-24,,,2026-08-24,203.465,-4.85,AMEX:PRK,https://www.tradingview.com/chart/?symbol=AMEX%3APRK
US,META,2026-10-05,779.82,2026-10-05,,,2026-10-05,741.9,-4.86,NASDAQ:META,https://www.tradingview.com/chart/?symbol=NASDAQ%3AMETA
US,CWT,2026-08-24,53.463,2026-08-24,,,2026-08-24,50.85,-4.89,NYSE:CWT,https://www.tradingview.com/chart/?symbol=NYSE%3ACWT
US,UNF,2026-08-20,306.67,2026-08-24,,,2026-08-24,291.68,-4.89,NYSE:UNF,https://www.tradingview.com/chart/?symbol=NYSE%3AUNF
US,DNTH,2026-08-25,117.88,2026-08-25,,,2026-08-25,112.11,-4.89,NASDAQ:DNTH,https://www.tradingview.com/chart/?symbol=NASDAQ%3ADNTH
US,BRC,2026-08-24,99.25,2026-08-24,,,2026-08-24,94.38,-4.91,NYSE:BRC,https://www.tradingview.com/chart/?symbol=NYSE%3ABRC
HK,0992.HK,2026-08-25,37.88,2026-09-24,,,2026-09-24,36.02,-4.91,HKEX:0992,https://www.tradingview.com/chart/?symbol=HKEX%3A0992
US,BTG,2026-09-04,5.9,2026-09-04,,,2026-09-04,5.61,-4.92,AMEX:BTG,https://www.tradingview.com/chart/?symbol=AMEX%3ABTG
US,DFIN,2026-09-04,53.56,2026-09-04,,,2026-09-04,50.92,-4.93,NYSE:DFIN,https://www.tradingview.com/chart/?symbol=NYSE%3ADFIN
US,MLKN,2026-08-28,24.71,2026-08-28,,,2026-08-28,23.49,-4.94,NASDAQ:MLKN,https://www.tradingview.com/chart/?symbol=NASDAQ%3AMLKN
US,NESR,2026-08-31,36.94,2026-08-31,,,2026-08-31,35.11,-4.95,NASDAQ:NESR,https://www.tradingview.com/chart/?symbol=NASDAQ%3ANESR
US,WSM,2026-08-20,254.89,2026-10-06,,,2026-10-06,242.25,-4.96,NYSE:WSM,https://www.tradingview.com/chart/?symbol=NYSE%3AWSM
US,APO,2026-08-31,143.723,2026-08-31,,,2026-08-31,136.58,-4.97,NYSE:APO,https://www.tradingview.com/chart/?symbol=NYSE%3AAPO
US,QCRH,2026-08-20,108.11,2026-09-03,,,2026-09-03,102.735,-4.97,NASDAQ:QCRH,https://www.tradingview.com/chart/?symbol=NASDAQ%3AQCRH
US,WELL,2026-08-26,254.24,2026-08-26,,,2026-08-26,241.56,-4.99,NYSE:WELL,https://www.tradingview.com/chart/?symbol=NYSE%3AWELL
US,PNFP,2026-08-20,107.443,2026-08-20,,,2026-08-20,101.95,-5.11,NYSE:PNFP,https://www.tradingview.com/chart/?symbol=NYSE%3APNFP
US,EFSC,2026-08-20,67.53,2026-08-20,,,2026-08-20,63.97,-5.27,NASDAQ:EFSC,https://www.tradingview.com/chart/?symbol=NASDAQ%3AEFSC
Canada,DFY.TO,2026-08-20,77.53,2026-08-20,,,2026-08-20,73.43,-5.29,TSX:DFY,https://www.tradingview.com/chart/?symbol=TSX%3ADFY
US,TDY,2026-08-20,674.66,2026-08-20,,,2026-08-23,636.435,-5.67,NYSE:TDY,https://www.tradingview.com/chart/?symbol=NYSE%3ATDY
US,VLY,2026-08-20,15.01,2026-08-20,,,2026-08-20,14.125,-5.9,NASDAQ:VLY,https://www.tradingview.com/chart/?symbol=NASDAQ%3AVLY
US,PRI,2026-08-20,317.94,2026-08-20,,,2026-08-20,297.85,-6.32,NYSE:PRI,https://www.tradingview.com/chart/?symbol=NYSE%3APRI
Canada,NA.TO,2026-08-20,231.69,2026-08-20,,,2026-08-20,216.71,-6.47,TSX:NA,https://www.tradingview.com/chart/?symbol=TSX%3ANA
US,XENE,2026-08-20,63.97,2026-08-20,,,2026-08-20,59.795,-6.53,NASDAQ:XENE,https://www.tradingview.com/chart/?symbol=NASDAQ%3AXENE
US,WTFC,2026-08-20,163.511,2026-08-20,,,2026-08-20,152.53,-6.72,NASDAQ:WTFC,https://www.tradingview.com/chart/?symbol=NASDAQ%3AWTFC
Canada,DFN.TO,2026-08-20,9.183,2026-08-20,,,2026-08-23,8.56,-6.78,TSX:DFN,https://www.tradingview.com/chart/?symbol=TSX%3ADFN
US,FITB,2026-08-20,58.52,2026-08-20,,,2026-08-20,54.505,-6.86,NYSE:FITB,https://www.tradingview.com/chart/?symbol=NYSE%3AFITB
Canada,TD.TO,2026-08-20,173.34,2026-08-20,,,2026-08-20,161.29,-6.95,TSX:TD,https://www.tradingview.com/chart/?symbol=TSX%3ATD
HK,1836.HK,2026-08-21,14.2,2026-08-21,,,2026-08-21,13.02,-8.31,HKEX:1836,https://www.tradingview.com/chart/?symbol=HKEX%3A1836
US,PATH,2026-09-04,16.945,2026-09-04,,,2026-09-04,15.205,-10.27,NYSE:PATH,https://www.tradingview.com/chart/?symbol=NYSE%3APATH
US,RH,2026-08-20,174.61,2026-08-20,,,2026-08-20,156.16,-10.57,NYSE:RH,https://www.tradingview.com/chart/?symbol=NYSE%3ARH
US,LIND,2026-08-31,30.44,2026-08-31,,,2026-08-31,26.55,-12.78,NASDAQ:LIND,https://www.tradingview.com/chart/?symbol=NASDAQ%3ALIND
US,OCSL,2026-08-20,13.25,2026-08-20,,,2026-08-31,13.25,0.0,NASDAQ:OCSL,https://www.tradingview.com/chart/?symbol=NASDAQ%3AOCSL
US,RHI,2026-08-20,45.32,2026-08-20,,,2026-08-31,45.32,0.0,NYSE:RHI,https://www.tradingview.com/chart/?symbol=NYSE%3ARHI
US,PAYO,2026-08-23,7.18,2026-08-23,,,2026-09-03,7.18,0.0,NASDAQ:PAYO,https://www.tradingview.com/chart/?symbol=NASDAQ%3APAYO
US,BPYPP,2026-08-28,16.45,2026-08-28,,,2026-09-01,16.45,0.0,NASDAQ:BPYPP,https://www.tradingview.com/chart/?symbol=NASDAQ%3ABPYPP
US,ACVA,2026-08-20,10.5,2026-10-01,,,2026-10-05,10.5,0.0,NYSE:ACVA,https://www.tradingview.com/chart/?symbol=NYSE%3AACVA
US,GLBE,2026-08-20,40.77,2026-08-20,,,2026-08-20,40.77,0.0,NASDAQ:GLBE,https://www.tradingview.com/chart/?symbol=NASDAQ%3AGLBE
US,TBN,2026-09-11,39.08,2026-09-11,,,2026-09-11,39.08,0.0,NYSE:TBN,https://www.tradingview.com/chart/?symbol=NYSE%3ATBN
Canada,YCM.TO,2026-08-20,11.6,2026-08-20,,,2026-08-20,11.6,0.0,TSX:YCM,https://www.tradingview.com/chart/?symbol=TSX%3AYCM
Canada,TGO.TO,2026-08-20,1.5,2026-08-20,,,2026-08-20,1.5,0.0,TSX:TGO,https://www.tradingview.com/chart/?symbol=TSX%3ATGO
Canada,GVC.TO,2026-08-20,0.38,2026-08-20,,,2026-08-20,0.38,0.0,TSX:GVC,https://www.tradingview.com/chart/?symbol=TSX%3AGVC
Canada,RIC.TO,2026-08-26,32.99,2026-08-26,,,2026-08-26,32.99,0.0,TSX:RIC,https://www.tradingview.com/chart/?symbol=TSX%3ARIC
Canada,RBN-UN.TO,2026-09-04,8.84,2026-09-04,,,2026-09-04,8.84,0.0,TSX:RBN.UN,https://www.tradingview.com/chart/?symbol=TSX%3ARBN.UN
Canada,MER.TO,2026-09-09,2.33,2026-09-09,,,2026-09-15,2.33,0.0,TSX:MER,https://www.tradingview.com/chart/?symbol=TSX%3AMER
Canada,QSP-UN.TO,2026-09-10,110.09,2026-09-10,,,2026-09-10,110.09,0.0,TSX:QSP.UN,https://www.tradingview.com/chart/?symbol=TSX%3AQSP.UN
Canada,MX.TO,2026-09-14,89.75,2026-09-15,,,2026-09-15,89.75,0.0,TSX:MX,https://www.tradingview.com/chart/?symbol=TSX%3AMX
Canada,RTG.TO,2026-10-02,0.05,2026-10-02,,,2026-10-02,0.05,0.0,TSX:RTG,https://www.tradingview.com/chart/?symbol=TSX%3ARTG
Canada,SIH-UN.TO,2026-10-08,17.75,2026-10-08,,,2026-10-08,17.75,0.0,TSX:SIH.UN,https://www.tradingview.com/chart/?symbol=TSX%3ASIH.UN
HK,0177.HK,2026-09-25,10.69,2026-09-25,,,2026-09-30,10.69,0.0,HKEX:0177,https://www.tradingview.com/chart/?symbol=HKEX%3A0177
