market,symbol,first_seen_date,initial_breakout_level,initial_level_date,first_breakout_date,first_breakout_price,max_snapshot_date,max_snapshot_price,max_gain_vs_initial_breakout_pct,tradingview_symbol,tradingview_url,breakout_strength,false_break,false_break_date,false_break_type,reclaim_date,second_breakout_date,second_breakout_after_false_break,current_snapshot_date,current_snapshot_price,current_status,current_candle
US,IOVA,2026-09-10,8.06,2026-09-10,2026-09-10,8.145,2026-10-02,14.215,76.36,NASDAQ:IOVA,https://www.tradingview.com/chart/?symbol=NASDAQ%3AIOVA,10%+,False,,,,,False,2026-10-05,14.15,WATCH_CLUSTER,BULL_CANDLE
US,GRAL,2026-08-31,77.125,2026-08-31,2026-08-31,79.37,2026-09-24,125.05,62.14,NASDAQ:GRAL,https://www.tradingview.com/chart/?symbol=NASDAQ%3AGRAL,10%+,True,2026-09-11,BREAKOUT+EMA20,2026-09-17,2026-09-17,True,2026-09-24,125.05,WATCH_CLUSTER,DOJI
US,CVI,2026-08-25,36.313,2026-08-25,2026-08-25,37.89,2026-09-22,52.2,43.75,NYSE:CVI,https://www.tradingview.com/chart/?symbol=NYSE%3ACVI,10%+,False,,,,,False,2026-09-30,51.01,WATCH_CLUSTER,SHOOTING_STAR_BULL_BODY
HK,6185.HK,2026-08-26,26.08,2026-08-26,2026-08-26,35.68,2026-08-26,35.68,36.81,HKEX:6185,https://www.tradingview.com/chart/?symbol=HKEX%3A6185,10%+,False,,,,,False,2026-08-26,35.68,WATCH_CLUSTER,STRONG_BULL_CANDLE
US,OPCH,2026-08-20,22.83,2026-08-20,2026-08-20,23.5,2026-10-08,31.05,36.01,NASDAQ:OPCH,https://www.tradingview.com/chart/?symbol=NASDAQ%3AOPCH,10%+,False,,,,,False,2026-10-08,31.05,WATCH_CLUSTER,DOJI
US,CDNA,2026-08-23,49.76,2026-08-24,2026-08-25,50.83,2026-10-02,67.19,35.03,NASDAQ:CDNA,https://www.tradingview.com/chart/?symbol=NASDAQ%3ACDNA,10%+,False,,,,,False,2026-10-02,67.19,WATCH_CLUSTER,BULL_CANDLE
US,SDGR,2026-09-14,21.4,2026-09-14,2026-09-25,28.86,2026-09-25,28.86,34.86,NASDAQ:SDGR,https://www.tradingview.com/chart/?symbol=NASDAQ%3ASDGR,10%+,False,,,,,False,2026-09-25,28.86,WATCH_CLUSTER,BULL_CANDLE
HK,2225.HK,2026-08-21,4.585,2026-08-21,2026-08-21,4.84,2026-09-22,6.01,31.08,HKEX:2225,https://www.tradingview.com/chart/?symbol=HKEX%3A2225,10%+,True,2026-09-24,BREAKOUT,,,False,2026-09-26,5.785,WATCH_CLUSTER,BULL_CANDLE
US,ILMN,2026-08-20,231.81,2026-09-03,2026-10-05,293.94,2026-10-05,293.94,26.8,NASDAQ:ILMN,https://www.tradingview.com/chart/?symbol=NASDAQ%3AILMN,10%+,False,,,,,False,2026-10-05,293.94,WATCH_CLUSTER,STRONG_BULL_CANDLE
US,VLO,2026-08-20,351.0,2026-08-20,2026-08-28,352.24,2026-10-08,443.93,26.48,NYSE:VLO,https://www.tradingview.com/chart/?symbol=NYSE%3AVLO,10%+,False,,,,,False,2026-10-09,433.75,,
US,RVTY,2026-08-24,124.97,2026-08-24,2026-08-28,128.8,2026-10-05,157.41,25.96,NYSE:RVTY,https://www.tradingview.com/chart/?symbol=NYSE%3ARVTY,10%+,True,2026-09-09,BREAKOUT+EMA20,2026-09-14,2026-09-14,True,2026-10-06,153.3,,
US,OKTA,2026-09-04,174.85,2026-09-08,2026-10-05,218.37,2026-10-08,220.2,25.94,NASDAQ:OKTA,https://www.tradingview.com/chart/?symbol=NASDAQ%3AOKTA,10%+,False,,,,,False,2026-10-08,220.2,WATCH_CLUSTER,BULLISH_ENGULFING
US,RXRX,2026-10-05,3.83,2026-10-05,2026-10-05,4.79,2026-10-05,4.79,25.07,NASDAQ:RXRX,https://www.tradingview.com/chart/?symbol=NASDAQ%3ARXRX,10%+,False,,,,,False,2026-10-05,4.79,WATCH_CLUSTER,BULL_CANDLE
HK,0565.HK,2026-09-04,3.485,2026-09-04,2026-09-16,4.34,2026-09-16,4.34,24.53,HKEX:0565,https://www.tradingview.com/chart/?symbol=HKEX%3A0565,10%+,False,,,,,False,2026-09-24,4.29,,
US,TXG,2026-09-10,67.62,2026-09-10,2026-09-11,68.6,2026-09-24,84.14,24.43,NASDAQ:TXG,https://www.tradingview.com/chart/?symbol=NASDAQ%3ATXG,10%+,False,,,,,False,2026-09-24,84.14,WATCH_CLUSTER,STRONG_BEAR_CANDLE
HK,2556.HK,2026-08-28,49.0,2026-08-28,2026-08-28,53.45,2026-09-01,60.8,24.08,HKEX:2556,https://www.tradingview.com/chart/?symbol=HKEX%3A2556,10%+,False,,,,,False,2026-09-01,60.8,WATCH_CLUSTER,STRONG_BULL_CANDLE
US,ESTC,2026-08-23,77.39,2026-08-23,2026-08-23,85.89,2026-10-08,95.28,23.12,NYSE:ESTC,https://www.tradingview.com/chart/?symbol=NYSE%3AESTC,10%+,True,2026-09-09,BREAKOUT,2026-09-21,2026-09-21,True,2026-10-08,95.28,WATCH_CLUSTER,STRONG_BULL_CANDLE
HK,1952.HK,2026-08-27,30.84,2026-08-27,2026-08-27,37.9,2026-08-27,37.9,22.89,HKEX:1952,https://www.tradingview.com/chart/?symbol=HKEX%3A1952,10%+,True,2026-09-07,EMA20,2026-09-08,2026-09-08,True,2026-09-08,33.2,READY_NOW,BULL_CANDLE
HK,6693.HK,2026-08-21,35.92,2026-08-21,2026-08-21,44.14,2026-08-21,44.14,22.88,HKEX:6693,https://www.tradingview.com/chart/?symbol=HKEX%3A6693,10%+,False,,,,,False,2026-08-21,44.14,WATCH_CLUSTER,STRONG_BULL_CANDLE
US,TRMD,2026-08-28,32.54,2026-08-28,2026-08-31,32.82,2026-10-09,39.94,22.74,NASDAQ:TRMD,https://www.tradingview.com/chart/?symbol=NASDAQ%3ATRMD,10%+,False,,,,,False,2026-10-09,39.94,,
Canada,MSA.TO,2026-08-20,8.5,2026-08-26,2026-09-09,8.82,2026-10-09,10.42,22.59,TSX:MSA,https://www.tradingview.com/chart/?symbol=TSX%3AMSA,10%+,False,,,,,False,2026-10-09,10.42,,
US,HAFN,2026-08-28,8.295,2026-08-28,2026-08-31,8.44,2026-10-06,10.13,22.12,NYSE:HAFN,https://www.tradingview.com/chart/?symbol=NYSE%3AHAFN,10%+,False,,,,,False,2026-10-06,10.13,,
US,ASST,2026-09-18,24.68,2026-09-18,2026-09-18,30.11,2026-09-18,30.11,22.0,NASDAQ:ASST,https://www.tradingview.com/chart/?symbol=NASDAQ%3AASST,10%+,False,,,,,False,2026-09-18,30.11,WATCH_CLUSTER,BULL_CANDLE
US,PTC,2026-10-09,159.46,2026-10-09,2026-10-09,194.46,2026-10-09,194.46,21.95,NASDAQ:PTC,https://www.tradingview.com/chart/?symbol=NASDAQ%3APTC,10%+,False,,,,,False,2026-10-09,194.46,WATCH_CLUSTER,BULL_CANDLE
Canada,CVVY.TO,2026-08-24,1.97,2026-08-24,2026-09-11,2.22,2026-10-08,2.4,21.83,TSX:CVVY,https://www.tradingview.com/chart/?symbol=TSX%3ACVVY,10%+,False,,,,,False,2026-10-08,2.4,,
US,VEON,2026-08-28,63.48,2026-08-28,2026-09-04,64.205,2026-10-08,77.3,21.77,NASDAQ:VEON,https://www.tradingview.com/chart/?symbol=NASDAQ%3AVEON,10%+,False,,,,,False,2026-10-09,77.13,WATCH_CLUSTER,BULL_CANDLE
US,CRWD,2026-08-28,229.08,2026-08-28,2026-09-25,252.13,2026-10-06,278.93,21.76,NASDAQ:CRWD,https://www.tradingview.com/chart/?symbol=NASDAQ%3ACRWD,10%+,False,,,,,False,2026-10-09,275.04,,
US,EFOR,2026-08-26,30.86,2026-08-26,2026-08-26,31.45,2026-10-09,37.49,21.48,NYSE:EFOR,https://www.tradingview.com/chart/?symbol=NYSE%3AEFOR,10%+,True,2026-09-01,BREAKOUT+EMA20,2026-09-02,2026-09-02,True,2026-10-09,37.49,WATCH_CLUSTER,BULL_CANDLE
HK,1548.HK,2026-09-02,30.1,2026-09-02,2026-09-02,35.7,2026-09-03,36.46,21.13,HKEX:1548,https://www.tradingview.com/chart/?symbol=HKEX%3A1548,10%+,True,2026-09-07,EMA20,2026-09-08,2026-09-08,True,2026-09-08,31.0,WATCH_CLUSTER,SHOOTING_STAR
HK,1112.HK,2026-08-21,16.38,2026-08-21,2026-09-16,17.68,2026-10-08,19.84,21.12,HKEX:1112,https://www.tradingview.com/chart/?symbol=HKEX%3A1112,10%+,True,2026-09-17,BREAKOUT+EMA20,2026-09-22,2026-09-22,True,2026-10-08,19.84,WATCH_CLUSTER,BULL_CANDLE
HK,0013.HK,2026-08-21,18.99,2026-08-21,2026-08-21,19.71,2026-10-01,23.0,21.12,HKEX:0013,https://www.tradingview.com/chart/?symbol=HKEX%3A0013,10%+,True,2026-09-01,EMA20,2026-09-03,2026-09-03,True,2026-10-09,21.74,WATCH_CLUSTER,HAMMER
US,CRM,2026-08-31,213.17,2026-08-31,2026-08-31,257.62,2026-09-01,258.18,21.11,NYSE:CRM,https://www.tradingview.com/chart/?symbol=NYSE%3ACRM,10%+,False,,,,,False,2026-09-01,258.18,WATCH_CLUSTER,BULL_CANDLE
US,NTRA,2026-08-20,333.56,2026-08-24,2026-09-14,341.79,2026-10-06,400.745,20.14,NASDAQ:NTRA,https://www.tradingview.com/chart/?symbol=NASDAQ%3ANTRA,10%+,True,2026-10-08,BREAKOUT,2026-10-09,2026-10-09,True,2026-10-09,400.73,WATCH_CLUSTER,BULL_CANDLE
US,NCNO,2026-08-20,19.705,2026-08-20,2026-08-20,20.355,2026-09-03,23.64,19.97,NASDAQ:NCNO,https://www.tradingview.com/chart/?symbol=NASDAQ%3ANCNO,10%+,True,2026-09-10,BREAKOUT+EMA20,2026-09-14,2026-09-14,True,2026-09-24,19.98,WATCH_CLUSTER,BEAR_CANDLE
US,UGP,2026-08-20,6.59,2026-08-20,2026-08-24,6.72,2026-10-09,7.9,19.88,NYSE:UGP,https://www.tradingview.com/chart/?symbol=NYSE%3AUGP,10%+,True,2026-09-25,BREAKOUT+EMA20,2026-10-02,2026-10-02,True,2026-10-09,7.9,WATCH_CLUSTER,SHOOTING_STAR_BULL_BODY
US,DHT,2026-08-24,20.62,2026-08-24,2026-09-04,20.87,2026-10-09,24.64,19.5,NYSE:DHT,https://www.tradingview.com/chart/?symbol=NYSE%3ADHT,10%+,True,2026-09-22,BREAKOUT,2026-09-24,2026-09-24,True,2026-10-09,24.64,,
US,DINO,2026-08-20,96.77,2026-08-20,2026-08-28,99.75,2026-10-07,115.63,19.49,NYSE:DINO,https://www.tradingview.com/chart/?symbol=NYSE%3ADINO,10%+,False,,,,,False,2026-10-07,115.63,,
US,NAT,2026-08-20,7.1,2026-08-20,2026-09-03,7.11,2026-10-09,8.47,19.3,NYSE:NAT,https://www.tradingview.com/chart/?symbol=NYSE%3ANAT,10%+,False,,,,,False,2026-10-09,8.47,,
US,ANF,2026-08-31,119.92,2026-08-31,2026-08-31,143.0,2026-08-31,143.0,19.25,NYSE:ANF,https://www.tradingview.com/chart/?symbol=NYSE%3AANF,10%+,False,,,,,False,2026-09-02,136.6,WATCH_CLUSTER,BEAR_CANDLE
US,INSW,2026-08-20,100.5,2026-08-20,2026-09-02,101.19,2026-10-09,119.82,19.22,NYSE:INSW,https://www.tradingview.com/chart/?symbol=NYSE%3AINSW,10%+,True,2026-09-23,BREAKOUT+EMA20,2026-09-24,2026-09-24,True,2026-10-09,119.82,,
US,INBX,2026-08-31,106.4,2026-08-31,2026-08-31,126.44,2026-08-31,126.44,18.83,NASDAQ:INBX,https://www.tradingview.com/chart/?symbol=NASDAQ%3AINBX,10%+,True,2026-09-24,BREAKOUT+EMA20,,,False,2026-10-01,98.11,WATCH_CLUSTER,STRONG_BEAR_CANDLE
HK,6821.HK,2026-09-04,139.7,2026-09-04,2026-10-07,165.5,2026-10-07,165.5,18.47,HKEX:6821,https://www.tradingview.com/chart/?symbol=HKEX%3A6821,10%+,True,2026-10-09,BREAKOUT+EMA20,,,False,2026-10-09,155.1,WATCH_CLUSTER,BEAR_CANDLE
US,IDT,2026-08-20,68.31,2026-08-20,2026-08-24,68.39,2026-10-08,80.65,18.06,NYSE:IDT,https://www.tradingview.com/chart/?symbol=NYSE%3AIDT,10%+,False,,,,,False,2026-10-08,80.65,,
US,MPC,2026-08-20,366.237,2026-08-20,2026-08-28,368.875,2026-10-06,432.36,18.05,NYSE:MPC,https://www.tradingview.com/chart/?symbol=NYSE%3AMPC,10%+,True,2026-09-22,EMA20,2026-09-25,2026-09-25,True,2026-10-06,432.36,,
US,BNTX,2026-08-23,98.81,2026-08-23,2026-08-23,116.59,2026-08-23,116.59,17.99,NASDAQ:BNTX,https://www.tradingview.com/chart/?symbol=NASDAQ%3ABNTX,10%+,True,2026-09-11,BREAKOUT+EMA20,2026-09-22,2026-09-22,True,2026-10-01,96.79,RECLAIM_PENDING,DOJI
US,TEN,2026-08-28,44.0,2026-08-28,2026-10-05,51.29,2026-10-08,51.83,17.8,NYSE:TEN,https://www.tradingview.com/chart/?symbol=NYSE%3ATEN,10%+,False,,,,,False,2026-10-09,51.4,,
Canada,HMM-A.TO,2026-08-23,23.95,2026-08-23,2026-09-28,28.15,2026-09-30,28.17,17.62,TSX:HMM.A,https://www.tradingview.com/chart/?symbol=TSX%3AHMM.A,10%+,False,,,,,False,2026-09-30,28.17,,
US,NEO,2026-08-20,16.92,2026-08-20,2026-09-09,17.65,2026-09-18,19.9,17.61,NASDAQ:NEO,https://www.tradingview.com/chart/?symbol=NASDAQ%3ANEO,10%+,True,2026-09-11,BREAKOUT,2026-09-14,2026-09-14,True,2026-10-09,16.355,WATCH_CLUSTER,BULL_CANDLE
US,FRO,2026-08-20,45.17,2026-08-20,2026-09-03,45.42,2026-10-07,53.06,17.47,NYSE:FRO,https://www.tradingview.com/chart/?symbol=NYSE%3AFRO,10%+,False,,,,,False,2026-10-07,53.06,,
US,PBR,2026-09-14,21.59,2026-09-14,2026-09-15,21.755,2026-10-09,25.29,17.14,NYSE:PBR,https://www.tradingview.com/chart/?symbol=NYSE%3APBR,10%+,True,2026-09-25,EMA20,2026-09-28,2026-10-02,True,2026-10-09,25.29,WATCH_CLUSTER,BULL_CANDLE
US,PBR-A,2026-09-04,19.21,2026-09-04,2026-09-15,19.545,2026-10-09,22.485,17.05,NYSE:PBR-A,https://www.tradingview.com/chart/?symbol=NYSE%3APBR-A,10%+,False,,,,,False,2026-10-09,22.485,WATCH_CLUSTER,BULL_CANDLE
US,ALVO,2026-09-02,4.595,2026-09-02,2026-09-02,5.365,2026-09-02,5.365,16.76,NASDAQ:ALVO,https://www.tradingview.com/chart/?symbol=NASDAQ%3AALVO,10%+,False,,,,,False,2026-09-04,5.325,WATCH_CLUSTER,DOJI
Canada,MNO.TO,2026-09-14,2.01,2026-09-14,2026-09-28,2.17,2026-10-01,2.34,16.42,TSX:MNO,https://www.tradingview.com/chart/?symbol=TSX%3AMNO,10%+,False,,,,,False,2026-10-01,2.34,WATCH_CLUSTER,UNKNOWN
HK,2245.HK,2026-09-02,17.02,2026-09-02,2026-09-02,17.5,2026-09-23,19.81,16.39,HKEX:2245,https://www.tradingview.com/chart/?symbol=HKEX%3A2245,10%+,True,2026-09-16,EMA20,2026-09-18,2026-09-18,True,2026-10-09,19.33,RECLAIM_PENDING,DOJI
Canada,TNZ.TO,2026-08-25,62.5,2026-08-25,2026-08-28,64.68,2026-09-09,72.7,16.32,TSX:TNZ,https://www.tradingview.com/chart/?symbol=TSX%3ATNZ,10%+,True,2026-09-22,BREAKOUT+EMA20,2026-10-08,2026-10-08,True,2026-10-09,68.2,WATCH_CLUSTER,BEAR_CANDLE
US,RNG,2026-08-25,68.45,2026-08-25,2026-08-31,69.64,2026-10-09,79.27,15.81,NYSE:RNG,https://www.tradingview.com/chart/?symbol=NYSE%3ARNG,10%+,False,,,,,False,2026-10-09,79.27,,
US,DT,2026-08-20,54.835,2026-09-01,2026-09-16,55.19,2026-10-09,63.5,15.8,NYSE:DT,https://www.tradingview.com/chart/?symbol=NYSE%3ADT,10%+,False,,,,,False,2026-10-09,63.5,WATCH_CLUSTER,STRONG_BULL_CANDLE
US,CMBT,2026-08-20,17.99,2026-08-20,2026-08-24,18.17,2026-10-08,20.81,15.68,NYSE:CMBT,https://www.tradingview.com/chart/?symbol=NYSE%3ACMBT,10%+,False,,,,,False,2026-10-09,20.59,WATCH_CLUSTER,BEAR_CANDLE
US,FIGS,2026-08-23,13.17,2026-08-23,2026-08-23,14.68,2026-08-24,15.21,15.49,NYSE:FIGS,https://www.tradingview.com/chart/?symbol=NYSE%3AFIGS,10%+,False,,,,,False,2026-08-25,14.68,WATCH_CLUSTER,BEARISH_ENGULFING
US,DUOL,2026-08-20,137.97,2026-08-20,2026-08-20,147.05,2026-09-01,158.89,15.16,NASDAQ:DUOL,https://www.tradingview.com/chart/?symbol=NASDAQ%3ADUOL,10%+,True,2026-09-16,BREAKOUT,,,False,2026-10-09,149.9,WATCH_CLUSTER,BEAR_CANDLE
US,BULL,2026-09-01,8.7,2026-09-01,2026-09-01,9.13,2026-09-03,10.0,14.94,NASDAQ:BULL,https://www.tradingview.com/chart/?symbol=NASDAQ%3ABULL,10%+,True,2026-09-17,BREAKOUT+EMA20,,,False,2026-09-23,7.65,WATCH_CLUSTER,BEAR_CANDLE
US,QMCO,2026-10-06,29.15,2026-10-06,2026-10-06,33.47,2026-10-06,33.47,14.82,NASDAQ:QMCO,https://www.tradingview.com/chart/?symbol=NASDAQ%3AQMCO,10%+,True,2026-10-08,EMA20,2026-10-09,2026-10-09,True,2026-10-09,30.41,READY_NOW,HAMMER
HK,2276.HK,2026-09-03,41.74,2026-09-03,2026-09-03,41.8,2026-09-22,47.9,14.76,HKEX:2276,https://www.tradingview.com/chart/?symbol=HKEX%3A2276,10%+,True,2026-09-16,BREAKOUT+EMA20,2026-09-21,2026-09-21,True,2026-09-22,47.9,WATCH_CLUSTER,BULL_CANDLE
HK,1735.HK,2026-09-24,8.7,2026-09-24,2026-09-24,9.98,2026-09-24,9.98,14.71,HKEX:1735,https://www.tradingview.com/chart/?symbol=HKEX%3A1735,10%+,False,,,,,False,2026-09-24,9.98,WATCH_CLUSTER,BULLISH_ENGULFING
US,ATRC,2026-08-28,49.88,2026-08-28,2026-09-11,54.54,2026-09-16,57.17,14.62,NASDAQ:ATRC,https://www.tradingview.com/chart/?symbol=NASDAQ%3AATRC,10%+,True,2026-09-30,BREAKOUT,,,False,2026-10-05,56.38,WATCH_CLUSTER,STRONG_BULL_CANDLE
US,CLMT,2026-08-23,51.5,2026-08-23,2026-09-18,59.01,2026-09-18,59.01,14.58,NASDAQ:CLMT,https://www.tradingview.com/chart/?symbol=NASDAQ%3ACLMT,10%+,True,2026-09-23,BREAKOUT,2026-10-02,2026-10-02,True,2026-10-09,56.46,WATCH_CLUSTER,BEAR_CANDLE
US,ZS,2026-09-17,180.8,2026-09-17,2026-09-17,197.35,2026-09-21,207.15,14.57,NASDAQ:ZS,https://www.tradingview.com/chart/?symbol=NASDAQ%3AZS,10%+,False,,,,,False,2026-09-21,207.15,WATCH_CLUSTER,BULLISH_ENGULFING
US,SLDE,2026-08-20,22.925,2026-08-20,2026-08-24,23.65,2026-09-14,26.221,14.38,NASDAQ:SLDE,https://www.tradingview.com/chart/?symbol=NASDAQ%3ASLDE,10%+,False,,,,,False,2026-09-16,25.67,,
US,ITUB,2026-10-07,8.617,2026-10-07,2026-10-07,9.71,2026-10-08,9.84,14.19,NYSE:ITUB,https://www.tradingview.com/chart/?symbol=NYSE%3AITUB,10%+,False,,,,,False,2026-10-08,9.84,WATCH_CLUSTER,BULL_CANDLE
HK,0023.HK,2026-08-21,17.3,2026-08-21,2026-08-25,17.67,2026-09-28,19.74,14.1,HKEX:0023,https://www.tradingview.com/chart/?symbol=HKEX%3A0023,10%+,False,,,,,False,2026-10-02,19.25,,
US,ADPT,2026-08-20,26.16,2026-08-20,2026-08-25,26.25,2026-10-05,29.84,14.07,NASDAQ:ADPT,https://www.tradingview.com/chart/?symbol=NASDAQ%3AADPT,10%+,True,2026-08-31,BREAKOUT+EMA20,2026-09-15,2026-09-15,True,2026-10-06,29.84,,
US,PSX,2026-08-24,246.95,2026-08-24,2026-09-02,256.06,2026-10-08,281.53,14.0,NYSE:PSX,https://www.tradingview.com/chart/?symbol=NYSE%3APSX,10%+,False,,,,,False,2026-10-09,278.18,,
US,XERS,2026-09-25,9.2,2026-09-25,2026-10-06,10.08,2026-10-09,10.48,13.91,NASDAQ:XERS,https://www.tradingview.com/chart/?symbol=NASDAQ%3AXERS,10%+,False,,,,,False,2026-10-09,10.48,WATCH_CLUSTER,BULL_CANDLE
Canada,TLO.TO,2026-09-15,8.54,2026-09-15,2026-09-15,9.1,2026-09-21,9.72,13.82,TSX:TLO,https://www.tradingview.com/chart/?symbol=TSX%3ATLO,10%+,False,,,,,False,2026-09-21,9.72,WATCH_CLUSTER,BEAR_CANDLE
US,CNH,2026-08-25,12.08,2026-08-25,2026-09-23,13.75,2026-09-23,13.75,13.82,NYSE:CNH,https://www.tradingview.com/chart/?symbol=NYSE%3ACNH,10%+,False,,,,,False,2026-09-24,13.75,,
US,DAC,2026-08-20,149.81,2026-08-23,2026-08-24,150.5,2026-10-08,170.31,13.68,NYSE:DAC,https://www.tradingview.com/chart/?symbol=NYSE%3ADAC,10%+,False,,,,,False,2026-10-09,169.09,,
HK,3738.HK,2026-09-21,3.085,2026-09-21,2026-09-21,3.505,2026-09-21,3.505,13.61,HKEX:3738,https://www.tradingview.com/chart/?symbol=HKEX%3A3738,10%+,True,2026-10-09,BREAKOUT+EMA20,,,False,2026-10-09,2.995,WATCH_CLUSTER,HAMMER
US,DK,2026-08-20,72.0,2026-08-26,2026-08-31,74.31,2026-09-17,81.59,13.32,NYSE:DK,https://www.tradingview.com/chart/?symbol=NYSE%3ADK,10%+,False,,,,,False,2026-09-18,78.12,,
HK,2142.HK,2026-08-21,14.28,2026-08-21,2026-08-21,16.18,2026-08-21,16.18,13.31,HKEX:2142,https://www.tradingview.com/chart/?symbol=HKEX%3A2142,10%+,True,2026-09-16,BREAKOUT+EMA20,2026-09-21,2026-09-21,True,2026-09-22,15.11,WATCH_CLUSTER,BULL_CANDLE
US,REPL,2026-08-28,14.14,2026-08-28,2026-08-28,15.5,2026-09-02,15.98,13.01,NASDAQ:REPL,https://www.tradingview.com/chart/?symbol=NASDAQ%3AREPL,10%+,True,2026-09-11,BREAKOUT+EMA20,,,False,2026-09-18,13.07,WATCH_CLUSTER,BULL_CANDLE
US,TNK,2026-08-25,94.44,2026-08-25,2026-09-09,96.29,2026-10-08,106.69,12.97,NYSE:TNK,https://www.tradingview.com/chart/?symbol=NYSE%3ATNK,10%+,False,,,,,False,2026-10-09,106.14,,
US,MRVL,2026-10-02,254.6,2026-10-02,2026-10-02,272.4,2026-10-06,287.19,12.8,NASDAQ:MRVL,https://www.tradingview.com/chart/?symbol=NASDAQ%3AMRVL,10%+,False,,,,,False,2026-10-06,287.19,WATCH_CLUSTER,BULL_CANDLE
US,PRGO,2026-09-02,13.688,2026-09-02,2026-09-02,14.48,2026-09-25,15.43,12.73,NYSE:PRGO,https://www.tradingview.com/chart/?symbol=NYSE%3APRGO,10%+,True,2026-09-10,BREAKOUT+EMA20,2026-09-21,2026-09-21,True,2026-09-25,15.43,WATCH_CLUSTER,BULL_CANDLE
HK,0317.HK,2026-09-21,14.075,2026-09-21,2026-09-21,15.86,2026-09-21,15.86,12.68,HKEX:0317,https://www.tradingview.com/chart/?symbol=HKEX%3A0317,10%+,False,,,,,False,2026-09-21,15.86,WATCH_CLUSTER,BULL_CANDLE
US,DHR,2026-08-20,202.36,2026-08-20,2026-08-20,216.04,2026-09-28,227.48,12.41,NYSE:DHR,https://www.tradingview.com/chart/?symbol=NYSE%3ADHR,10%+,True,2026-09-01,BREAKOUT+EMA20,2026-09-17,2026-09-17,True,2026-10-05,221.21,WATCH_CLUSTER,STRONG_BULL_CANDLE
US,IT,2026-08-23,180.45,2026-08-23,2026-08-23,195.89,2026-08-24,202.76,12.36,NYSE:IT,https://www.tradingview.com/chart/?symbol=NYSE%3AIT,10%+,False,,,,,False,2026-08-24,202.76,WATCH_CLUSTER,STRONG_BULL_CANDLE
HK,3788.HK,2026-08-21,3.05,2026-08-21,2026-08-21,3.425,2026-08-21,3.425,12.3,HKEX:3788,https://www.tradingview.com/chart/?symbol=HKEX%3A3788,10%+,False,,,,,False,2026-08-21,3.425,WATCH_CLUSTER,DOJI
US,TK,2026-08-28,13.7,2026-08-28,2026-09-09,13.84,2026-10-08,15.37,12.19,NYSE:TK,https://www.tradingview.com/chart/?symbol=NYSE%3ATK,10%+,True,2026-09-22,BREAKOUT,2026-09-30,2026-09-30,True,2026-10-09,15.285,WATCH_CLUSTER,DOJI
Canada,XLY.TO,2026-09-01,3.3,2026-09-01,2026-09-15,3.43,2026-09-28,3.7,12.12,TSX:XLY,https://www.tradingview.com/chart/?symbol=TSX%3AXLY,10%+,False,,,,,False,2026-09-29,3.61,,
US,HRB,2026-08-20,47.33,2026-08-20,2026-08-20,53.05,2026-08-20,53.05,12.09,NYSE:HRB,https://www.tradingview.com/chart/?symbol=NYSE%3AHRB,10%+,True,2026-09-15,BREAKOUT+EMA20,,,False,2026-09-24,42.595,WATCH_CLUSTER,BEAR_CANDLE
US,PEGA,2026-09-02,34.56,2026-09-02,2026-09-02,37.32,2026-09-14,38.725,12.05,NASDAQ:PEGA,https://www.tradingview.com/chart/?symbol=NASDAQ%3APEGA,10%+,True,2026-09-25,BREAKOUT+EMA20,2026-10-06,2026-10-06,True,2026-10-09,35.635,WATCH_CLUSTER,BULL_CANDLE
US,ELPC,2026-09-09,12.69,2026-09-09,2026-10-07,13.95,2026-10-09,14.19,11.82,NYSE:ELPC,https://www.tradingview.com/chart/?symbol=NYSE%3AELPC,10%+,False,,,,,False,2026-10-09,14.19,WATCH_CLUSTER,SHOOTING_STAR
US,LPG,2026-08-25,52.1,2026-08-25,2026-09-08,53.49,2026-10-08,58.23,11.77,NYSE:LPG,https://www.tradingview.com/chart/?symbol=NYSE%3ALPG,10%+,False,,,,,False,2026-10-09,57.54,WATCH_CLUSTER,SHOOTING_STAR
US,ZYME,2026-08-20,27.833,2026-08-20,2026-09-02,31.08,2026-09-02,31.08,11.67,NASDAQ:ZYME,https://www.tradingview.com/chart/?symbol=NASDAQ%3AZYME,10%+,False,,,,,False,2026-09-02,31.08,WATCH_CLUSTER,STRONG_BULL_CANDLE
Canada,KEI.TO,2026-08-31,8.56,2026-08-31,2026-09-08,8.73,2026-09-18,9.54,11.45,TSX:KEI,https://www.tradingview.com/chart/?symbol=TSX%3AKEI,10%+,False,,,,,False,2026-10-08,9.23,,
HK,2005.HK,2026-08-21,2.46,2026-08-21,2026-08-24,2.475,2026-09-01,2.74,11.38,HKEX:2005,https://www.tradingview.com/chart/?symbol=HKEX%3A2005,10%+,False,,,,,False,2026-09-08,2.7,WATCH_CLUSTER,BEARISH_ENGULFING
US,WDAY,2026-08-25,185.82,2026-08-25,2026-08-25,194.33,2026-09-03,206.91,11.35,NASDAQ:WDAY,https://www.tradingview.com/chart/?symbol=NASDAQ%3AWDAY,10%+,True,2026-09-09,EMA20,2026-09-14,2026-09-14,True,2026-09-28,188.5,RECLAIM_PENDING,BULL_CANDLE
Canada,ORE.TO,2026-08-28,3.0,2026-08-28,2026-09-18,3.02,2026-10-06,3.34,11.33,TSX:ORE,https://www.tradingview.com/chart/?symbol=TSX%3AORE,10%+,False,,,,,False,2026-10-09,3.23,WATCH_CLUSTER,BEAR_CANDLE
US,EXK,2026-08-28,10.3,2026-08-28,2026-08-28,10.75,2026-09-03,11.465,11.31,NYSE:EXK,https://www.tradingview.com/chart/?symbol=NYSE%3AEXK,10%+,True,2026-09-01,BREAKOUT,2026-09-02,2026-09-02,True,2026-09-24,9.155,WATCH_CLUSTER,STRONG_BEAR_CANDLE
HK,9688.HK,2026-08-26,18.98,2026-08-26,2026-08-26,20.1,2026-08-28,21.12,11.28,HKEX:9688,https://www.tradingview.com/chart/?symbol=HKEX%3A9688,10%+,True,2026-09-16,EMA20,2026-09-17,2026-09-17,True,2026-09-17,19.7,WATCH_CLUSTER,DOJI
US,BMNR,2026-09-09,23.34,2026-09-09,2026-09-09,24.215,2026-09-18,25.96,11.23,NYSE:BMNR,https://www.tradingview.com/chart/?symbol=NYSE%3ABMNR,10%+,True,2026-09-16,BREAKOUT+EMA20,2026-09-17,2026-09-17,True,2026-09-18,25.96,WATCH_CLUSTER,BULL_CANDLE
US,VIA,2026-10-02,29.11,2026-10-02,2026-10-02,29.29,2026-10-09,32.33,11.06,NYSE:VIA,https://www.tradingview.com/chart/?symbol=NYSE%3AVIA,10%+,False,,,,,False,2026-10-09,32.33,WATCH_CLUSTER,BULL_CANDLE
US,MORN,2026-08-20,196.325,2026-08-20,2026-08-20,217.0,2026-08-24,217.53,10.8,NASDAQ:MORN,https://www.tradingview.com/chart/?symbol=NASDAQ%3AMORN,10%+,False,,,,,False,2026-08-24,217.53,WATCH_CLUSTER,SHOOTING_STAR_BULL_BODY
US,COIN,2026-09-21,181.49,2026-09-21,2026-09-21,200.95,2026-09-21,200.95,10.72,NASDAQ:COIN,https://www.tradingview.com/chart/?symbol=NASDAQ%3ACOIN,10%+,False,,,,,False,2026-09-21,200.95,WATCH_CLUSTER,BEAR_CANDLE
US,ZETA,2026-08-24,29.89,2026-08-24,2026-09-04,31.35,2026-10-09,33.09,10.71,NYSE:ZETA,https://www.tradingview.com/chart/?symbol=NYSE%3AZETA,10%+,False,,,,,False,2026-10-09,33.09,WATCH_CLUSTER,BEAR_CANDLE
Canada,BHC.TO,2026-08-20,8.5,2026-08-20,2026-08-20,9.41,2026-08-20,9.41,10.71,TSX:BHC,https://www.tradingview.com/chart/?symbol=TSX%3ABHC,10%+,True,2026-09-14,BREAKOUT+EMA20,,,False,2026-09-16,7.97,WATCH_CLUSTER,UNKNOWN
Canada,MATR.TO,2026-09-02,19.66,2026-09-02,2026-09-14,20.4,2026-10-09,21.73,10.53,TSX:MATR,https://www.tradingview.com/chart/?symbol=TSX%3AMATR,10%+,False,,,,,False,2026-10-09,21.73,,
Canada,LGD.TO,2026-08-28,2.0,2026-08-28,2026-09-11,2.07,2026-09-25,2.21,10.5,TSX:LGD,https://www.tradingview.com/chart/?symbol=TSX%3ALGD,10%+,False,,,,,False,2026-09-25,2.21,,
US,CERT,2026-09-24,8.39,2026-09-24,2026-09-24,8.89,2026-09-29,9.265,10.43,NASDAQ:CERT,https://www.tradingview.com/chart/?symbol=NASDAQ%3ACERT,10%+,False,,,,,False,2026-09-30,9.2,WATCH_CLUSTER,BULL_CANDLE
US,GTLB,2026-09-16,46.65,2026-09-16,2026-09-16,48.775,2026-10-05,51.5,10.4,NASDAQ:GTLB,https://www.tradingview.com/chart/?symbol=NASDAQ%3AGTLB,10%+,True,2026-09-25,EMA20,2026-09-30,2026-09-30,True,2026-10-05,51.5,WATCH_CLUSTER,STRONG_BULL_CANDLE
US,NUTX,2026-08-28,204.0,2026-08-28,2026-09-18,208.61,2026-10-05,225.0,10.29,NASDAQ:NUTX,https://www.tradingview.com/chart/?symbol=NASDAQ%3ANUTX,10%+,True,2026-09-21,BREAKOUT,2026-09-22,2026-09-22,True,2026-10-09,205.96,RECLAIM_PENDING,SHOOTING_STAR_BULL_BODY
HK,1828.HK,2026-09-16,32.64,2026-09-16,2026-09-16,33.48,2026-09-21,36.0,10.29,HKEX:1828,https://www.tradingview.com/chart/?symbol=HKEX%3A1828,10%+,False,,,,,False,2026-09-21,36.0,WATCH_CLUSTER,BULL_CANDLE
US,HPQ,2026-09-01,32.19,2026-09-01,2026-09-07,32.635,2026-09-11,35.475,10.21,NYSE:HPQ,https://www.tradingview.com/chart/?symbol=NYSE%3AHPQ,10%+,True,2026-09-23,BREAKOUT+EMA20,,,False,2026-09-23,32.17,WATCH_CLUSTER,SHOOTING_STAR
US,DE,2026-08-20,643.99,2026-08-20,2026-08-24,648.64,2026-09-23,709.68,10.2,NYSE:DE,https://www.tradingview.com/chart/?symbol=NYSE%3ADE,10%+,True,2026-09-16,BREAKOUT,2026-09-17,2026-09-17,True,2026-10-09,620.83,WATCH_CLUSTER,STRONG_BEAR_CANDLE
Canada,VLE.TO,2026-09-03,14.52,2026-09-03,2026-09-11,14.7,2026-10-07,16.0,10.19,TSX:VLE,https://www.tradingview.com/chart/?symbol=TSX%3AVLE,10%+,False,,,,,False,2026-10-07,16.0,WATCH_CLUSTER,UNKNOWN
US,FDS,2026-08-20,272.4,2026-08-20,2026-08-20,300.13,2026-08-20,300.13,10.18,NYSE:FDS,https://www.tradingview.com/chart/?symbol=NYSE%3AFDS,10%+,False,,,,,False,2026-08-20,300.13,WATCH_CLUSTER,BULL_CANDLE
US,BWLP,2026-08-20,23.89,2026-08-20,2026-08-28,24.41,2026-10-08,26.31,10.13,NYSE:BWLP,https://www.tradingview.com/chart/?symbol=NYSE%3ABWLP,10%+,False,,,,,False,2026-10-09,26.0,WATCH_CLUSTER,DOJI
US,DOCS,2026-08-20,23.57,2026-08-20,2026-08-20,25.95,2026-08-20,25.95,10.1,NYSE:DOCS,https://www.tradingview.com/chart/?symbol=NYSE%3ADOCS,10%+,False,,,,,False,2026-08-24,25.31,WATCH_CLUSTER,DOJI
Canada,EDR.TO,2026-08-28,14.35,2026-08-28,2026-08-28,14.96,2026-09-03,15.79,10.03,TSX:EDR,https://www.tradingview.com/chart/?symbol=TSX%3AEDR,10%+,True,2026-09-01,BREAKOUT,2026-09-02,2026-09-02,True,2026-09-24,12.93,WATCH_CLUSTER,BEAR_CANDLE
US,DASH,2026-08-20,208.19,2026-08-20,2026-08-20,222.42,2026-08-24,229.06,10.02,NASDAQ:DASH,https://www.tradingview.com/chart/?symbol=NASDAQ%3ADASH,10%+,False,,,,,False,2026-08-24,229.06,WATCH_CLUSTER,STRONG_BULL_CANDLE
US,FTNT,2026-08-28,173.89,2026-08-28,2026-09-21,175.23,2026-10-06,191.29,10.01,NASDAQ:FTNT,https://www.tradingview.com/chart/?symbol=NASDAQ%3AFTNT,10%+,False,,,,,False,2026-10-08,189.1,,
US,NMAX,2026-08-26,10.0,2026-08-26,2026-08-26,10.535,2026-09-02,11.0,10.0,NYSE:NMAX,https://www.tradingview.com/chart/?symbol=NYSE%3ANMAX,10%+,False,,,,,False,2026-09-04,10.62,WATCH_CLUSTER,BEAR_CANDLE
HK,3988.HK,2026-08-24,5.58,2026-08-24,2026-09-04,5.95,2026-10-09,6.125,9.77,HKEX:3988,https://www.tradingview.com/chart/?symbol=HKEX%3A3988,5%+,True,2026-10-02,EMA20,2026-10-06,2026-10-06,True,2026-10-09,6.125,WATCH_CLUSTER,BULL_CANDLE
US,SAP,2026-08-20,199.55,2026-08-20,2026-08-20,217.07,2026-08-24,218.64,9.57,NYSE:SAP,https://www.tradingview.com/chart/?symbol=NYSE%3ASAP,5%+,False,,,,,False,2026-08-26,211.64,WATCH_CLUSTER,BULL_CANDLE
Canada,LCFS.TO,2026-09-17,21.27,2026-09-17,2026-10-09,23.3,2026-10-09,23.3,9.54,TSX:LCFS,https://www.tradingview.com/chart/?symbol=TSX%3ALCFS,5%+,False,,,,,False,2026-10-09,23.3,,
US,BSBR,2026-08-20,5.495,2026-08-20,2026-08-20,5.57,2026-09-11,6.015,9.46,NYSE:BSBR,https://www.tradingview.com/chart/?symbol=NYSE%3ABSBR,5%+,True,2026-09-09,BREAKOUT,2026-09-11,2026-09-11,True,2026-10-09,5.8,WATCH_CLUSTER,BEARISH_ENGULFING
US,INTU,2026-08-23,338.09,2026-08-23,2026-08-23,367.03,2026-08-24,369.9,9.41,NASDAQ:INTU,https://www.tradingview.com/chart/?symbol=NASDAQ%3AINTU,5%+,True,2026-09-02,EMA20,2026-09-14,2026-09-14,True,2026-09-18,303.14,WATCH_CLUSTER,BEAR_CANDLE
US,BR,2026-08-20,163.24,2026-08-20,2026-08-20,178.5,2026-08-20,178.5,9.35,NYSE:BR,https://www.tradingview.com/chart/?symbol=NYSE%3ABR,5%+,False,,,,,False,2026-08-20,178.5,WATCH_CLUSTER,STRONG_BULL_CANDLE
HK,1686.HK,2026-09-16,5.29,2026-09-16,2026-09-16,5.435,2026-09-22,5.78,9.26,HKEX:1686,https://www.tradingview.com/chart/?symbol=HKEX%3A1686,5%+,False,,,,,False,2026-09-22,5.78,WATCH_CLUSTER,BULL_CANDLE
Canada,TRI.TO,2026-08-20,141.069,2026-08-20,2026-08-20,146.04,2026-09-03,154.12,9.25,TSX:TRI,https://www.tradingview.com/chart/?symbol=TSX%3ATRI,5%+,True,2026-09-08,BREAKOUT+EMA20,,,False,2026-09-11,135.0,WATCH_CLUSTER,BULL_CANDLE
US,HLNE,2026-08-20,95.25,2026-08-20,2026-08-20,104.06,2026-08-20,104.06,9.25,NASDAQ:HLNE,https://www.tradingview.com/chart/?symbol=NASDAQ%3AHLNE,5%+,False,,,,,False,2026-08-20,104.06,WATCH_CLUSTER,BEAR_CANDLE
US,JKHY,2026-08-23,158.95,2026-08-23,2026-08-23,166.24,2026-08-25,173.64,9.24,NASDAQ:JKHY,https://www.tradingview.com/chart/?symbol=NASDAQ%3AJKHY,5%+,False,,,,,False,2026-08-25,173.64,WATCH_CLUSTER,BULL_CANDLE
HK,3328.HK,2026-08-24,7.68,2026-08-24,2026-09-04,7.98,2026-10-09,8.39,9.24,HKEX:3328,https://www.tradingview.com/chart/?symbol=HKEX%3A3328,5%+,False,,,,,False,2026-10-09,8.39,,
US,G,2026-08-20,34.88,2026-08-20,2026-08-20,36.93,2026-08-28,38.03,9.03,NYSE:G,https://www.tradingview.com/chart/?symbol=NYSE%3AG,5%+,False,,,,,False,2026-09-01,37.69,WATCH_CLUSTER,BEARISH_ENGULFING
US,GTM,2026-08-25,3.88,2026-08-25,2026-08-28,4.205,2026-08-31,4.23,9.02,NASDAQ:GTM,https://www.tradingview.com/chart/?symbol=NASDAQ%3AGTM,5%+,True,2026-09-08,EMA20,2026-09-14,2026-09-14,True,2026-09-21,3.905,RECLAIM_PENDING,BULL_CANDLE
HK,0506.HK,2026-08-27,3.45,2026-08-27,2026-08-27,3.625,2026-08-29,3.76,8.99,HKEX:0506,https://www.tradingview.com/chart/?symbol=HKEX%3A0506,5%+,False,,,,,False,2026-08-29,3.76,WATCH_CLUSTER,HAMMER
US,AUGO,2026-09-15,85.258,2026-09-15,2026-09-15,85.77,2026-09-22,92.91,8.98,NASDAQ:AUGO,https://www.tradingview.com/chart/?symbol=NASDAQ%3AAUGO,5%+,True,2026-09-24,BREAKOUT+EMA20,,,False,2026-10-05,85.085,WATCH_CLUSTER,BULL_CANDLE
US,TIC,2026-08-23,9.0,2026-08-23,2026-08-23,9.525,2026-08-26,9.805,8.94,NYSE:TIC,https://www.tradingview.com/chart/?symbol=NYSE%3ATIC,5%+,True,2026-09-21,EMA20,,,False,2026-09-23,8.94,RECLAIM_PENDING,HAMMER
US,ZLAB,2026-08-23,24.065,2026-08-23,2026-08-23,26.01,2026-08-25,26.19,8.83,NASDAQ:ZLAB,https://www.tradingview.com/chart/?symbol=NASDAQ%3AZLAB,5%+,False,,,,,False,2026-09-01,25.3,WATCH_CLUSTER,BULL_CANDLE
US,ASIC,2026-08-20,26.0,2026-08-20,2026-08-24,26.33,2026-09-16,28.29,8.81,NYSE:ASIC,https://www.tradingview.com/chart/?symbol=NYSE%3AASIC,5%+,False,,,,,False,2026-09-18,27.61,,
US,TOST,2026-08-20,33.99,2026-08-20,2026-08-20,35.32,2026-08-26,36.96,8.74,NYSE:TOST,https://www.tradingview.com/chart/?symbol=NYSE%3ATOST,5%+,True,2026-08-31,EMA20,,,False,2026-09-17,30.645,WATCH_CLUSTER,STRONG_BEAR_CANDLE
US,ARHS,2026-08-20,8.895,2026-08-20,2026-08-20,9.665,2026-08-20,9.665,8.66,NASDAQ:ARHS,https://www.tradingview.com/chart/?symbol=NASDAQ%3AARHS,5%+,True,2026-08-25,EMA20,,,False,2026-09-11,8.115,WATCH_CLUSTER,DOJI
US,GAP,2026-09-07,21.887,2026-09-07,2026-09-07,22.42,2026-10-06,23.78,8.65,NYSE:GAP,https://www.tradingview.com/chart/?symbol=NYSE%3AGAP,5%+,True,2026-09-09,BREAKOUT+EMA20,2026-09-28,2026-09-28,True,2026-10-09,23.22,WATCH_CLUSTER,BULL_CANDLE
US,KNSL,2026-08-20,364.06,2026-08-20,2026-08-20,381.27,2026-08-24,395.49,8.63,NYSE:KNSL,https://www.tradingview.com/chart/?symbol=NYSE%3AKNSL,5%+,False,,,,,False,2026-08-24,395.49,WATCH_CLUSTER,STRONG_BULL_CANDLE
US,VOR,2026-08-26,23.07,2026-08-26,2026-08-26,23.69,2026-09-08,25.05,8.58,NASDAQ:VOR,https://www.tradingview.com/chart/?symbol=NASDAQ%3AVOR,5%+,True,2026-08-28,BREAKOUT+EMA20,2026-09-02,2026-09-02,True,2026-09-21,21.88,WATCH_CLUSTER,BULL_CANDLE
HK,2190.HK,2026-08-26,20.42,2026-08-26,2026-08-26,22.16,2026-08-26,22.16,8.52,HKEX:2190,https://www.tradingview.com/chart/?symbol=HKEX%3A2190,5%+,True,2026-10-01,BREAKOUT,2026-10-06,2026-10-06,True,2026-10-09,20.5,WATCH_CLUSTER,BEAR_CANDLE
US,CAI,2026-09-29,29.085,2026-09-29,2026-09-29,31.56,2026-09-29,31.56,8.51,NASDAQ:CAI,https://www.tradingview.com/chart/?symbol=NASDAQ%3ACAI,5%+,True,2026-10-01,BREAKOUT+EMA20,2026-10-05,2026-10-05,True,2026-10-09,29.71,WATCH_CLUSTER,STRONG_BULL_CANDLE
US,AVTR,2026-08-25,14.62,2026-08-25,2026-09-02,14.65,2026-09-17,15.86,8.48,NYSE:AVTR,https://www.tradingview.com/chart/?symbol=NYSE%3AAVTR,5%+,True,2026-09-23,BREAKOUT+EMA20,2026-09-24,2026-09-24,True,2026-10-09,15.675,WATCH_CLUSTER,BULL_CANDLE
US,SHG,2026-08-20,77.54,2026-08-23,2026-08-26,77.6,2026-09-14,84.11,8.47,NYSE:SHG,https://www.tradingview.com/chart/?symbol=NYSE%3ASHG,5%+,True,2026-09-16,BREAKOUT,2026-09-17,2026-09-17,True,2026-10-06,77.91,WATCH_CLUSTER,DOJI
US,PLSE,2026-09-15,50.9,2026-09-15,2026-09-15,55.19,2026-09-15,55.19,8.43,NASDAQ:PLSE,https://www.tradingview.com/chart/?symbol=NASDAQ%3APLSE,5%+,True,2026-09-16,BREAKOUT+EMA20,2026-09-18,2026-09-18,True,2026-10-09,53.965,READY_NOW,STRONG_BULL_CANDLE
US,GMAB,2026-08-24,34.185,2026-08-24,2026-09-02,34.205,2026-10-09,37.05,8.38,NASDAQ:GMAB,https://www.tradingview.com/chart/?symbol=NASDAQ%3AGMAB,5%+,True,2026-09-09,BREAKOUT,2026-09-15,2026-09-16,True,2026-10-09,37.05,WATCH_CLUSTER,BULL_CANDLE
HK,1866.HK,2026-09-05,10.74,2026-09-05,2026-09-05,11.6,2026-09-07,11.64,8.38,HKEX:1866,https://www.tradingview.com/chart/?symbol=HKEX%3A1866,5%+,True,2026-09-08,BREAKOUT,,,False,2026-09-18,9.955,WATCH_CLUSTER,BEARISH_ENGULFING
US,CTSH,2026-08-28,59.74,2026-08-28,2026-08-28,64.04,2026-09-03,64.645,8.21,NASDAQ:CTSH,https://www.tradingview.com/chart/?symbol=NASDAQ%3ACTSH,5%+,True,2026-09-08,EMA20,2026-09-14,2026-09-14,True,2026-10-02,58.51,RECLAIM_PENDING,SHOOTING_STAR
US,STVN,2026-08-20,20.99,2026-08-20,2026-08-20,22.35,2026-09-17,22.71,8.19,NYSE:STVN,https://www.tradingview.com/chart/?symbol=NYSE%3ASTVN,5%+,True,2026-08-28,BREAKOUT+EMA20,2026-09-17,2026-09-17,True,2026-10-01,19.95,WATCH_CLUSTER,STRONG_BEAR_CANDLE
US,RDVT,2026-08-20,74.198,2026-08-20,2026-09-04,76.35,2026-10-02,80.25,8.16,NASDAQ:RDVT,https://www.tradingview.com/chart/?symbol=NASDAQ%3ARDVT,5%+,True,2026-09-22,EMA20,2026-09-23,2026-09-23,True,2026-10-09,79.78,,
Canada,WFC.TO,2026-08-20,21.13,2026-08-20,2026-09-29,22.0,2026-10-07,22.85,8.14,TSX:WFC,https://www.tradingview.com/chart/?symbol=TSX%3AWFC,5%+,False,,,,,False,2026-10-07,22.85,,
US,TRI,2026-08-20,100.444,2026-08-20,2026-08-20,105.91,2026-08-24,108.59,8.11,NASDAQ:TRI,https://www.tradingview.com/chart/?symbol=NASDAQ%3ATRI,5%+,True,2026-09-10,BREAKOUT+EMA20,,,False,2026-09-10,95.71,WATCH_CLUSTER,BEAR_CANDLE
US,ROIV,2026-08-20,37.97,2026-08-20,2026-09-11,40.783,2026-09-14,41.01,8.01,NASDAQ:ROIV,https://www.tradingview.com/chart/?symbol=NASDAQ%3AROIV,5%+,True,2026-09-22,EMA20,,,False,2026-10-01,35.5,WATCH_CLUSTER,BEAR_CANDLE
US,FFIV,2026-09-15,435.0,2026-09-15,2026-09-24,446.55,2026-10-06,469.8,8.0,NASDAQ:FFIV,https://www.tradingview.com/chart/?symbol=NASDAQ%3AFFIV,5%+,False,,,,,False,2026-10-06,469.8,WATCH_CLUSTER,BULL_CANDLE
US,WF,2026-08-25,74.0,2026-08-28,2026-09-01,74.32,2026-09-29,79.91,7.99,NYSE:WF,https://www.tradingview.com/chart/?symbol=NYSE%3AWF,5%+,True,2026-09-23,BREAKOUT,2026-09-25,2026-09-25,True,2026-10-09,72.89,WATCH_CLUSTER,STRONG_BULL_CANDLE
Canada,SU.TO,2026-09-09,95.418,2026-09-09,2026-09-14,95.58,2026-10-09,103.03,7.98,TSX:SU,https://www.tradingview.com/chart/?symbol=TSX%3ASU,5%+,True,2026-10-05,BREAKOUT,2026-10-08,2026-10-08,True,2026-10-09,103.03,WATCH_CLUSTER,STRONG_BULL_CANDLE
US,SUZ,2026-09-03,8.85,2026-09-03,2026-09-03,9.175,2026-09-22,9.555,7.97,NYSE:SUZ,https://www.tradingview.com/chart/?symbol=NYSE%3ASUZ,5%+,True,2026-09-24,BREAKOUT+EMA20,,,False,2026-10-07,8.42,WATCH_CLUSTER,DOJI
US,SM,2026-08-28,38.25,2026-08-28,2026-09-14,39.035,2026-09-15,41.29,7.95,NYSE:SM,https://www.tradingview.com/chart/?symbol=NYSE%3ASM,5%+,False,,,,,False,2026-09-15,41.29,WATCH_CLUSTER,STRONG_BULL_CANDLE
US,NMR,2026-08-20,10.06,2026-08-23,2026-08-31,10.18,2026-09-11,10.86,7.95,NYSE:NMR,https://www.tradingview.com/chart/?symbol=NYSE%3ANMR,5%+,True,2026-09-17,BREAKOUT+EMA20,,,False,2026-10-01,9.74,WATCH_CLUSTER,STRONG_BEAR_CANDLE
US,ABT,2026-08-20,105.86,2026-08-20,2026-08-20,114.26,2026-08-20,114.26,7.94,NYSE:ABT,https://www.tradingview.com/chart/?symbol=NYSE%3AABT,5%+,False,,,,,False,2026-08-20,114.26,WATCH_CLUSTER,SHOOTING_STAR_BULL_BODY
US,TRUP,2026-08-23,29.54,2026-08-23,2026-08-23,31.12,2026-08-25,31.87,7.89,NASDAQ:TRUP,https://www.tradingview.com/chart/?symbol=NASDAQ%3ATRUP,5%+,True,2026-08-31,BREAKOUT+EMA20,,,False,2026-09-08,26.12,WATCH_CLUSTER,BEAR_CANDLE
US,SNOW,2026-08-23,341.95,2026-08-23,2026-09-03,356.64,2026-10-09,368.92,7.89,NYSE:SNOW,https://www.tradingview.com/chart/?symbol=NYSE%3ASNOW,5%+,True,2026-10-01,BREAKOUT,2026-10-08,2026-10-08,True,2026-10-09,368.92,WATCH_CLUSTER,STRONG_BULL_CANDLE
US,NET,2026-09-16,334.6,2026-09-16,2026-09-28,353.99,2026-10-09,360.93,7.87,NYSE:NET,https://www.tradingview.com/chart/?symbol=NYSE%3ANET,5%+,False,,,,,False,2026-10-09,360.93,WATCH_CLUSTER,STRONG_BULL_CANDLE
US,GIC,2026-08-20,40.417,2026-08-20,2026-09-23,41.7,2026-10-05,43.58,7.83,NYSE:GIC,https://www.tradingview.com/chart/?symbol=NYSE%3AGIC,5%+,False,,,,,False,2026-10-09,42.95,,
HK,2315.HK,2026-08-24,62.2,2026-08-24,2026-08-24,65.0,2026-09-22,67.0,7.72,HKEX:2315,https://www.tradingview.com/chart/?symbol=HKEX%3A2315,5%+,True,2026-08-25,BREAKOUT+EMA20,2026-09-03,2026-09-03,True,2026-09-22,67.0,WATCH_CLUSTER,BEAR_CANDLE
US,PCOR,2026-08-25,59.255,2026-08-25,2026-08-25,60.57,2026-08-28,63.775,7.63,NYSE:PCOR,https://www.tradingview.com/chart/?symbol=NYSE%3APCOR,5%+,True,2026-09-04,BREAKOUT+EMA20,,,False,2026-09-14,56.725,WATCH_CLUSTER,STRONG_BULL_CANDLE
HK,3866.HK,2026-08-21,4.99,2026-08-21,2026-08-25,5.06,2026-09-05,5.37,7.62,HKEX:3866,https://www.tradingview.com/chart/?symbol=HKEX%3A3866,5%+,False,,,,,False,2026-09-08,5.165,,
Canada,SGY.TO,2026-08-23,11.31,2026-08-23,2026-09-08,11.42,2026-09-14,12.16,7.52,TSX:SGY,https://www.tradingview.com/chart/?symbol=TSX%3ASGY,5%+,False,,,,,False,2026-09-14,12.16,,
US,VOD,2026-08-20,16.44,2026-08-24,2026-09-03,16.57,2026-09-15,17.675,7.51,NASDAQ:VOD,https://www.tradingview.com/chart/?symbol=NASDAQ%3AVOD,5%+,True,2026-09-22,BREAKOUT+EMA20,2026-10-02,2026-10-02,True,2026-10-09,15.555,WATCH_CLUSTER,BEAR_CANDLE
US,DB,2026-08-20,38.65,2026-08-20,2026-08-28,40.36,2026-09-03,41.55,7.5,NYSE:DB,https://www.tradingview.com/chart/?symbol=NYSE%3ADB,5%+,True,2026-09-10,BREAKOUT,,,False,2026-09-15,38.7,WATCH_CLUSTER,DOJI
US,J,2026-08-20,141.05,2026-08-20,2026-08-20,148.0,2026-08-24,151.6,7.48,NYSE:J,https://www.tradingview.com/chart/?symbol=NYSE%3AJ,5%+,True,2026-09-14,EMA20,2026-09-15,2026-09-15,True,2026-09-17,144.16,WATCH_CLUSTER,BEAR_CANDLE
US,LITE,2026-10-09,1026.76,2026-10-09,2026-10-09,1103.2,2026-10-09,1103.2,7.44,NASDAQ:LITE,https://www.tradingview.com/chart/?symbol=NASDAQ%3ALITE,5%+,False,,,,,False,2026-10-09,1103.2,WATCH_CLUSTER,BEAR_CANDLE
US,A,2026-08-23,160.51,2026-08-24,2026-09-21,161.98,2026-09-30,172.31,7.35,NYSE:A,https://www.tradingview.com/chart/?symbol=NYSE%3AA,5%+,True,2026-10-08,BREAKOUT,2026-10-09,2026-10-09,True,2026-10-09,170.54,WATCH_CLUSTER,BULL_CANDLE
HK,9858.HK,2026-08-21,4.02,2026-08-21,2026-08-21,4.29,2026-09-01,4.315,7.34,HKEX:9858,https://www.tradingview.com/chart/?symbol=HKEX%3A9858,5%+,True,2026-08-26,BREAKOUT+EMA20,2026-08-31,2026-08-31,True,2026-09-04,4.18,WATCH_CLUSTER,BEAR_CANDLE
US,ELF,2026-09-03,102.22,2026-09-03,2026-09-03,107.43,2026-09-04,109.71,7.33,NYSE:ELF,https://www.tradingview.com/chart/?symbol=NYSE%3AELF,5%+,True,2026-09-09,BREAKOUT+EMA20,2026-10-01,2026-10-01,True,2026-10-07,105.02,WATCH_CLUSTER,BULL_CANDLE
HK,1801.HK,2026-08-21,102.3,2026-08-21,2026-08-21,103.3,2026-08-26,109.8,7.33,HKEX:1801,https://www.tradingview.com/chart/?symbol=HKEX%3A1801,5%+,False,,,,,False,2026-08-26,109.8,WATCH_CLUSTER,BULL_CANDLE
US,LAD,2026-08-20,360.567,2026-08-20,2026-08-20,370.52,2026-09-04,386.96,7.32,NYSE:LAD,https://www.tradingview.com/chart/?symbol=NYSE%3ALAD,5%+,True,2026-08-31,EMA20,2026-09-01,2026-09-01,True,2026-09-11,358.21,RECLAIM_PENDING,STRONG_BEAR_CANDLE
HK,3396.HK,2026-09-16,20.6,2026-09-17,2026-09-18,22.1,2026-09-18,22.1,7.28,HKEX:3396,https://www.tradingview.com/chart/?symbol=HKEX%3A3396,5%+,False,,,,,False,2026-09-18,22.1,WATCH_CLUSTER,STRONG_BULL_CANDLE
US,BOX,2026-08-26,33.855,2026-08-26,2026-08-28,34.99,2026-10-08,36.31,7.25,NYSE:BOX,https://www.tradingview.com/chart/?symbol=NYSE%3ABOX,5%+,True,2026-09-11,EMA20,2026-09-14,2026-09-14,True,2026-10-08,36.31,,
HK,0517.HK,2026-09-01,6.555,2026-09-16,2026-09-01,6.69,2026-10-09,7.03,7.25,HKEX:0517,https://www.tradingview.com/chart/?symbol=HKEX%3A0517,5%+,True,2026-09-29,BREAKOUT,2026-09-30,2026-09-30,True,2026-10-09,7.03,WATCH_CLUSTER,STRONG_BULL_CANDLE
HK,0081.HK,2026-09-16,2.995,2026-09-16,2026-10-05,3.075,2026-10-09,3.21,7.18,HKEX:0081,https://www.tradingview.com/chart/?symbol=HKEX%3A0081,5%+,False,,,,,False,2026-10-09,3.21,,
US,SID,2026-10-09,1.19,2026-10-09,2026-10-09,1.275,2026-10-09,1.275,7.14,NYSE:SID,https://www.tradingview.com/chart/?symbol=NYSE%3ASID,5%+,False,,,,,False,2026-10-09,1.275,WATCH_CLUSTER,BULL_CANDLE
HK,0325.HK,2026-09-02,71.95,2026-09-02,2026-09-02,72.8,2026-09-04,77.05,7.09,HKEX:0325,https://www.tradingview.com/chart/?symbol=HKEX%3A0325,5%+,True,2026-09-16,BREAKOUT+EMA20,,,False,2026-09-17,66.75,WATCH_CLUSTER,BULL_CANDLE
US,TMO,2026-08-23,634.7,2026-08-23,2026-09-15,641.38,2026-09-30,679.61,7.08,NYSE:TMO,https://www.tradingview.com/chart/?symbol=NYSE%3ATMO,5%+,True,2026-10-06,BREAKOUT,,,False,2026-10-09,657.97,WATCH_CLUSTER,BULLISH_ENGULFING
HK,0998.HK,2026-08-26,8.075,2026-08-26,2026-09-01,8.355,2026-09-28,8.645,7.06,HKEX:0998,https://www.tradingview.com/chart/?symbol=HKEX%3A0998,5%+,True,2026-10-02,EMA20,2026-10-09,2026-10-09,True,2026-10-09,8.435,WATCH_CLUSTER,STRONG_BULL_CANDLE
US,GDRX,2026-08-20,3.405,2026-08-20,2026-08-20,3.585,2026-08-26,3.645,7.05,NASDAQ:GDRX,https://www.tradingview.com/chart/?symbol=NASDAQ%3AGDRX,5%+,True,2026-08-23,EMA20,2026-08-25,2026-08-25,True,2026-09-21,3.39,RECLAIM_PENDING,BEAR_CANDLE
US,EPAM,2026-09-14,115.47,2026-09-14,2026-09-14,123.61,2026-09-14,123.61,7.05,NYSE:EPAM,https://www.tradingview.com/chart/?symbol=NYSE%3AEPAM,5%+,False,,,,,False,2026-09-14,123.61,WATCH_CLUSTER,BULL_CANDLE
US,CCC,2026-08-25,7.02,2026-08-25,2026-08-25,7.455,2026-09-04,7.515,7.05,NASDAQ:CCC,https://www.tradingview.com/chart/?symbol=NASDAQ%3ACCC,5%+,True,2026-09-08,EMA20,,,False,2026-09-24,6.895,WATCH_CLUSTER,BULL_CANDLE
HK,0386.HK,2026-08-26,4.48,2026-08-26,2026-08-26,4.71,2026-09-04,4.795,7.03,HKEX:0386,https://www.tradingview.com/chart/?symbol=HKEX%3A0386,5%+,False,,,,,False,2026-09-08,4.725,WATCH_CLUSTER,BEAR_CANDLE
US,SHEL,2026-08-20,93.65,2026-08-20,2026-08-20,93.66,2026-10-08,100.195,6.99,NYSE:SHEL,https://www.tradingview.com/chart/?symbol=NYSE%3ASHEL,5%+,True,2026-10-01,BREAKOUT,2026-10-06,2026-10-06,True,2026-10-09,100.18,,
US,W,2026-08-20,97.96,2026-08-20,2026-08-20,103.29,2026-09-14,104.8,6.98,NYSE:W,https://www.tradingview.com/chart/?symbol=NYSE%3AW,5%+,True,2026-09-02,BREAKOUT+EMA20,2026-09-08,2026-09-08,True,2026-09-17,102.5,WATCH_CLUSTER,STRONG_BEAR_CANDLE
US,EAT,2026-08-25,232.47,2026-08-25,2026-08-25,248.69,2026-08-25,248.69,6.98,NYSE:EAT,https://www.tradingview.com/chart/?symbol=NYSE%3AEAT,5%+,True,2026-08-28,BREAKOUT+EMA20,2026-09-01,2026-09-01,True,2026-09-11,212.71,WATCH_CLUSTER,BEARISH_ENGULFING
HK,0839.HK,2026-10-06,1.945,2026-10-06,2026-10-06,2.0,2026-10-07,2.08,6.94,HKEX:0839,https://www.tradingview.com/chart/?symbol=HKEX%3A0839,5%+,True,2026-10-08,BREAKOUT,,,False,2026-10-09,1.92,RECLAIM_PENDING,BEAR_CANDLE
US,MSTR,2026-10-06,154.02,2026-10-06,2026-10-06,164.62,2026-10-06,164.62,6.88,NASDAQ:MSTR,https://www.tradingview.com/chart/?symbol=NASDAQ%3AMSTR,5%+,True,2026-10-07,BREAKOUT,2026-10-09,2026-10-09,True,2026-10-09,154.31,READY_NOW,DOJI
Canada,FF.TO,2026-09-07,0.88,2026-09-07,2026-09-07,0.91,2026-09-09,0.94,6.82,TSX:FF,https://www.tradingview.com/chart/?symbol=TSX%3AFF,5%+,True,2026-09-18,BREAKOUT+EMA20,,,False,2026-09-28,0.79,WATCH_CLUSTER,BEAR_CANDLE
US,ZBIO,2026-08-20,31.62,2026-08-20,2026-08-23,32.28,2026-08-25,33.77,6.8,NASDAQ:ZBIO,https://www.tradingview.com/chart/?symbol=NASDAQ%3AZBIO,5%+,True,2026-08-28,BREAKOUT+EMA20,2026-08-31,2026-08-31,True,2026-09-02,33.09,WATCH_CLUSTER,BULL_CANDLE
US,NEOG,2026-08-20,12.85,2026-09-15,2026-09-28,13.72,2026-09-28,13.72,6.77,NASDAQ:NEOG,https://www.tradingview.com/chart/?symbol=NASDAQ%3ANEOG,5%+,False,,,,,False,2026-09-29,13.72,,
US,PBF,2026-08-20,75.68,2026-08-23,2026-09-08,76.77,2026-10-02,80.78,6.74,NYSE:PBF,https://www.tradingview.com/chart/?symbol=NYSE%3APBF,5%+,False,,,,,False,2026-10-05,80.78,,
US,AVY,2026-08-20,171.15,2026-08-20,2026-08-20,182.58,2026-08-20,182.58,6.68,NYSE:AVY,https://www.tradingview.com/chart/?symbol=NYSE%3AAVY,5%+,True,2026-09-09,BREAKOUT+EMA20,,,False,2026-09-14,170.91,RECLAIM_PENDING,BULL_CANDLE
US,WWW,2026-08-20,19.65,2026-08-20,2026-08-20,20.43,2026-08-23,20.95,6.62,NYSE:WWW,https://www.tradingview.com/chart/?symbol=NYSE%3AWWW,5%+,True,2026-08-31,EMA20,2026-09-04,2026-09-04,True,2026-09-10,19.285,RECLAIM_PENDING,BEAR_CANDLE
US,RDNT,2026-08-20,72.385,2026-08-20,2026-08-20,77.05,2026-09-15,77.16,6.6,NASDAQ:RDNT,https://www.tradingview.com/chart/?symbol=NASDAQ%3ARDNT,5%+,True,2026-09-04,EMA20,2026-09-10,2026-09-10,True,2026-09-24,71.25,RECLAIM_PENDING,BEAR_CANDLE
US,SFL,2026-08-28,12.79,2026-08-28,2026-09-14,13.04,2026-09-18,13.63,6.57,NYSE:SFL,https://www.tradingview.com/chart/?symbol=NYSE%3ASFL,5%+,True,2026-10-06,BREAKOUT,2026-10-08,2026-10-08,True,2026-10-09,13.34,WATCH_CLUSTER,BEARISH_ENGULFING
US,DLB,2026-08-20,60.259,2026-08-20,2026-08-20,64.2,2026-08-20,64.2,6.54,NYSE:DLB,https://www.tradingview.com/chart/?symbol=NYSE%3ADLB,5%+,False,,,,,False,2026-08-20,64.2,WATCH_CLUSTER,STRONG_BULL_CANDLE
US,TPG,2026-08-25,50.801,2026-08-25,2026-08-25,52.9,2026-08-31,54.12,6.53,NASDAQ:TPG,https://www.tradingview.com/chart/?symbol=NASDAQ%3ATPG,5%+,True,2026-09-08,EMA20,,,False,2026-09-17,46.21,WATCH_CLUSTER,STRONG_BEAR_CANDLE
US,HRMY,2026-08-23,40.15,2026-08-23,2026-09-03,41.86,2026-09-17,42.77,6.53,NASDAQ:HRMY,https://www.tradingview.com/chart/?symbol=NASDAQ%3AHRMY,5%+,True,2026-09-23,BREAKOUT+EMA20,,,False,2026-10-06,39.37,WATCH_CLUSTER,SHOOTING_STAR_BULL_BODY
US,HCC,2026-08-31,101.612,2026-08-31,2026-08-31,108.16,2026-08-31,108.16,6.44,NYSE:HCC,https://www.tradingview.com/chart/?symbol=NYSE%3AHCC,5%+,True,2026-09-10,BREAKOUT+EMA20,,,False,2026-09-14,95.39,WATCH_CLUSTER,BEAR_CANDLE
HK,2328.HK,2026-09-01,16.34,2026-09-01,2026-09-01,17.39,2026-09-01,17.39,6.43,HKEX:2328,https://www.tradingview.com/chart/?symbol=HKEX%3A2328,5%+,True,2026-09-16,BREAKOUT,,,False,2026-10-02,15.86,WATCH_CLUSTER,SHOOTING_STAR_BULL_BODY
US,STNG,2026-09-01,82.838,2026-09-01,2026-09-11,84.52,2026-10-08,88.15,6.41,NYSE:STNG,https://www.tradingview.com/chart/?symbol=NYSE%3ASTNG,5%+,False,,,,,False,2026-10-08,88.15,,
Canada,BDT.TO,2026-08-20,78.473,2026-09-16,2026-09-30,82.03,2026-10-05,83.46,6.36,TSX:BDT,https://www.tradingview.com/chart/?symbol=TSX%3ABDT,5%+,True,2026-10-08,BREAKOUT,,,False,2026-10-09,80.45,WATCH_CLUSTER,DOJI
HK,2269.HK,2026-09-21,54.45,2026-09-21,2026-09-30,56.05,2026-10-06,57.9,6.34,HKEX:2269,https://www.tradingview.com/chart/?symbol=HKEX%3A2269,5%+,False,,,,,False,2026-10-08,56.7,,
US,TEVA,2026-08-23,37.83,2026-08-23,2026-08-26,37.92,2026-09-25,40.22,6.32,NYSE:TEVA,https://www.tradingview.com/chart/?symbol=NYSE%3ATEVA,5%+,False,,,,,False,2026-10-08,39.25,,
US,SE,2026-08-20,115.9,2026-08-20,2026-08-20,117.21,2026-08-25,123.23,6.32,NYSE:SE,https://www.tradingview.com/chart/?symbol=NYSE%3ASE,5%+,True,2026-08-24,BREAKOUT,2026-08-25,2026-08-25,True,2026-09-14,108.68,WATCH_CLUSTER,BULLISH_ENGULFING
US,FCX,2026-08-20,72.105,2026-08-20,2026-08-28,76.45,2026-09-08,76.62,6.26,NYSE:FCX,https://www.tradingview.com/chart/?symbol=NYSE%3AFCX,5%+,False,,,,,False,2026-09-09,76.23,,
Canada,ARG.TO,2026-08-23,8.48,2026-08-23,2026-09-09,8.6,2026-09-22,9.01,6.25,TSX:ARG,https://www.tradingview.com/chart/?symbol=TSX%3AARG,5%+,False,,,,,False,2026-10-06,8.77,,
US,ROP,2026-08-20,401.24,2026-08-20,2026-08-20,410.15,2026-08-28,426.22,6.23,NASDAQ:ROP,https://www.tradingview.com/chart/?symbol=NASDAQ%3AROP,5%+,True,2026-09-04,EMA20,,,False,2026-09-11,388.48,WATCH_CLUSTER,DOJI
Canada,AC.TO,2026-08-20,27.3,2026-08-20,2026-08-20,28.825,2026-08-24,29.0,6.23,TSX:AC,https://www.tradingview.com/chart/?symbol=TSX%3AAC,5%+,True,2026-08-26,EMA20,2026-09-01,2026-09-01,True,2026-09-25,27.28,WATCH_CLUSTER,UNKNOWN
US,GO,2026-09-03,11.65,2026-09-03,2026-09-03,12.3,2026-09-04,12.37,6.18,NASDAQ:GO,https://www.tradingview.com/chart/?symbol=NASDAQ%3AGO,5%+,True,2026-09-09,BREAKOUT+EMA20,2026-10-01,2026-10-01,True,2026-10-07,11.94,READY_NOW,BULLISH_ENGULFING
Canada,GUD.TO,2026-08-25,10.17,2026-08-25,2026-09-18,10.25,2026-10-09,10.79,6.1,TSX:GUD,https://www.tradingview.com/chart/?symbol=TSX%3AGUD,5%+,True,2026-10-02,BREAKOUT,2026-10-06,2026-10-06,True,2026-10-09,10.79,WATCH_CLUSTER,BULL_CANDLE
US,EXLS,2026-08-28,36.2,2026-08-28,2026-08-28,38.41,2026-08-28,38.41,6.1,NASDAQ:EXLS,https://www.tradingview.com/chart/?symbol=NASDAQ%3AEXLS,5%+,True,2026-09-08,BREAKOUT+EMA20,2026-09-14,2026-09-14,True,2026-10-02,35.75,WATCH_CLUSTER,BULL_CANDLE
US,UAN,2026-08-26,128.43,2026-08-26,2026-09-03,131.51,2026-09-17,136.21,6.06,NYSE:UAN,https://www.tradingview.com/chart/?symbol=NYSE%3AUAN,5%+,True,2026-09-18,BREAKOUT,,,False,2026-09-22,128.99,WATCH_CLUSTER,BEAR_CANDLE
US,NTR,2026-08-26,76.11,2026-08-26,2026-09-04,79.47,2026-09-09,80.72,6.06,NYSE:NTR,https://www.tradingview.com/chart/?symbol=NYSE%3ANTR,5%+,True,2026-09-14,BREAKOUT,2026-09-15,2026-09-15,True,2026-09-24,73.97,WATCH_CLUSTER,BEAR_CANDLE
US,JOYY,2026-08-20,76.68,2026-08-20,2026-09-11,77.26,2026-10-07,81.33,6.06,NASDAQ:JOYY,https://www.tradingview.com/chart/?symbol=NASDAQ%3AJOYY,5%+,False,,,,,False,2026-10-09,81.05,,
US,WT,2026-08-20,23.47,2026-08-20,2026-08-28,24.43,2026-09-04,24.89,6.05,NYSE:WT,https://www.tradingview.com/chart/?symbol=NYSE%3AWT,5%+,True,2026-09-09,BREAKOUT,2026-09-10,2026-09-10,True,2026-10-09,22.615,WATCH_CLUSTER,DOJI
HK,3339.HK,2026-08-21,3.33,2026-08-21,2026-09-02,3.375,2026-09-07,3.53,6.01,HKEX:3339,https://www.tradingview.com/chart/?symbol=HKEX%3A3339,5%+,True,2026-09-16,BREAKOUT+EMA20,,,False,2026-10-05,3.135,WATCH_CLUSTER,BEAR_CANDLE
US,JJSF,2026-08-20,84.7,2026-08-20,2026-08-20,88.53,2026-08-24,89.785,6.0,NASDAQ:JJSF,https://www.tradingview.com/chart/?symbol=NASDAQ%3AJJSF,5%+,True,2026-09-02,EMA20,,,False,2026-09-21,77.94,WATCH_CLUSTER,DOJI
US,INSM,2026-08-20,119.54,2026-08-20,2026-08-20,125.075,2026-09-03,126.68,5.97,NASDAQ:INSM,https://www.tradingview.com/chart/?symbol=NASDAQ%3AINSM,5%+,True,2026-08-28,BREAKOUT+EMA20,2026-08-31,2026-08-31,True,2026-09-08,124.94,WATCH_CLUSTER,DOJI
US,GNK,2026-08-20,26.53,2026-08-20,2026-08-24,26.94,2026-09-17,28.1,5.92,NYSE:GNK,https://www.tradingview.com/chart/?symbol=NYSE%3AGNK,5%+,True,2026-09-22,BREAKOUT+EMA20,,,False,2026-10-08,27.81,,
US,CLX,2026-08-20,100.199,2026-08-20,2026-08-20,106.05,2026-08-20,106.05,5.84,NYSE:CLX,https://www.tradingview.com/chart/?symbol=NYSE%3ACLX,5%+,True,2026-09-02,BREAKOUT+EMA20,,,False,2026-09-04,93.06,WATCH_CLUSTER,BEAR_CANDLE
Canada,ARX.TO,2026-08-23,32.35,2026-09-08,2026-08-23,33.82,2026-09-01,34.23,5.81,TSX:ARX,https://www.tradingview.com/chart/?symbol=TSX%3AARX,5%+,False,,,,,False,2026-09-08,32.27,,
US,PI,2026-09-14,173.83,2026-09-14,2026-09-15,174.42,2026-09-21,183.91,5.8,NASDAQ:PI,https://www.tradingview.com/chart/?symbol=NASDAQ%3API,5%+,False,,,,,False,2026-09-23,177.63,READY_NOW,DOJI
US,SSNC,2026-08-20,80.0,2026-08-20,2026-08-20,82.11,2026-09-03,84.615,5.77,NASDAQ:SSNC,https://www.tradingview.com/chart/?symbol=NASDAQ%3ASSNC,5%+,True,2026-09-08,EMA20,2026-09-14,2026-09-14,True,2026-09-17,80.09,RECLAIM_PENDING,BEAR_CANDLE
US,AMRX,2026-09-18,19.26,2026-09-18,2026-09-29,20.2,2026-10-05,20.37,5.76,NASDAQ:AMRX,https://www.tradingview.com/chart/?symbol=NASDAQ%3AAMRX,5%+,False,,,,,False,2026-10-09,19.92,WATCH_CLUSTER,STRONG_BULL_CANDLE
US,MTCH,2026-08-20,41.4,2026-08-20,2026-08-26,42.07,2026-09-17,43.77,5.72,NASDAQ:MTCH,https://www.tradingview.com/chart/?symbol=NASDAQ%3AMTCH,5%+,False,,,,,False,2026-09-23,43.16,,
Canada,RIO.TO,2026-09-03,3.7,2026-09-03,2026-09-22,3.91,2026-09-22,3.91,5.68,TSX:RIO,https://www.tradingview.com/chart/?symbol=TSX%3ARIO,5%+,False,,,,,False,2026-09-24,3.6,READY_NOW,BEAR_CANDLE
US,GEN,2026-08-20,29.739,2026-08-23,2026-08-31,31.0,2026-09-14,31.415,5.64,NASDAQ:GEN,https://www.tradingview.com/chart/?symbol=NASDAQ%3AGEN,5%+,True,2026-09-17,BREAKOUT,,,False,2026-09-22,27.3,WATCH_CLUSTER,BEAR_CANDLE
US,NU,2026-08-28,14.845,2026-08-28,2026-09-02,15.395,2026-09-03,15.68,5.62,NYSE:NU,https://www.tradingview.com/chart/?symbol=NYSE%3ANU,5%+,True,2026-09-11,BREAKOUT+EMA20,,,False,2026-09-22,14.165,WATCH_CLUSTER,BULL_CANDLE
US,KB,2026-08-20,125.66,2026-08-25,2026-09-02,126.25,2026-09-14,132.71,5.61,NYSE:KB,https://www.tradingview.com/chart/?symbol=NYSE%3AKB,5%+,True,2026-09-10,BREAKOUT,2026-09-11,2026-09-11,True,2026-10-08,121.945,WATCH_CLUSTER,BULL_CANDLE
US,HNGE,2026-08-24,93.13,2026-08-24,2026-09-14,94.79,2026-10-05,98.35,5.61,NYSE:HNGE,https://www.tradingview.com/chart/?symbol=NYSE%3AHNGE,5%+,False,,,,,False,2026-10-08,98.0,,
US,NRP,2026-08-28,107.49,2026-08-28,2026-08-28,112.88,2026-09-04,113.5,5.59,NYSE:NRP,https://www.tradingview.com/chart/?symbol=NYSE%3ANRP,5%+,True,2026-09-14,EMA20,2026-09-15,2026-09-15,True,2026-10-08,111.086,WATCH_CLUSTER,STRONG_BULL_CANDLE
Canada,WCP.TO,2026-08-24,18.29,2026-08-24,2026-09-11,18.54,2026-09-15,19.31,5.58,TSX:WCP,https://www.tradingview.com/chart/?symbol=TSX%3AWCP,5%+,False,,,,,False,2026-10-09,18.69,,
US,ADMA,2026-08-20,9.33,2026-08-20,2026-08-20,9.76,2026-08-23,9.85,5.57,NASDAQ:ADMA,https://www.tradingview.com/chart/?symbol=NASDAQ%3AADMA,5%+,True,2026-08-28,EMA20,2026-09-02,2026-09-02,True,2026-09-21,9.5,READY_NOW,BULL_CANDLE
US,PLTR,2026-09-21,188.37,2026-09-21,2026-09-25,189.67,2026-10-08,198.72,5.49,NASDAQ:PLTR,https://www.tradingview.com/chart/?symbol=NASDAQ%3APLTR,5%+,False,,,,,False,2026-10-08,198.72,WATCH_CLUSTER,DOJI
US,ROG,2026-10-07,145.99,2026-10-07,2026-10-07,153.99,2026-10-07,153.99,5.48,NYSE:ROG,https://www.tradingview.com/chart/?symbol=NYSE%3AROG,5%+,False,,,,,False,2026-10-09,147.34,WATCH_CLUSTER,BEAR_CANDLE
US,WAT,2026-08-20,420.26,2026-08-20,2026-09-17,429.63,2026-09-29,443.26,5.47,NYSE:WAT,https://www.tradingview.com/chart/?symbol=NYSE%3AWAT,5%+,True,2026-10-01,BREAKOUT,2026-10-05,2026-10-05,True,2026-10-09,433.78,RECLAIM_PENDING,BULL_CANDLE
US,LNG,2026-08-20,280.6,2026-08-23,2026-08-24,280.79,2026-09-02,295.81,5.42,NYSE:LNG,https://www.tradingview.com/chart/?symbol=NYSE%3ALNG,5%+,True,2026-09-08,BREAKOUT+EMA20,,,False,2026-09-17,269.86,WATCH_CLUSTER,BULLISH_ENGULFING
US,BL,2026-08-25,31.54,2026-08-25,2026-08-25,31.63,2026-08-31,33.24,5.39,NASDAQ:BL,https://www.tradingview.com/chart/?symbol=NASDAQ%3ABL,5%+,True,2026-08-26,BREAKOUT,2026-08-28,2026-08-28,True,2026-09-10,28.72,WATCH_CLUSTER,STRONG_BEAR_CANDLE
US,GSL,2026-08-23,44.046,2026-08-23,2026-08-24,44.66,2026-09-04,46.41,5.37,NYSE:GSL,https://www.tradingview.com/chart/?symbol=NYSE%3AGSL,5%+,True,2026-09-08,BREAKOUT,2026-09-09,2026-09-09,True,2026-10-08,45.47,READY_NOW,BULL_CANDLE
US,LYFT,2026-08-20,16.8,2026-08-20,2026-08-20,17.38,2026-08-28,17.7,5.36,NASDAQ:LYFT,https://www.tradingview.com/chart/?symbol=NASDAQ%3ALYFT,5%+,True,2026-08-31,EMA20,2026-09-02,2026-09-02,True,2026-09-15,15.69,WATCH_CLUSTER,DOJI
US,EXE,2026-08-28,94.94,2026-08-28,2026-08-28,98.18,2026-09-01,99.99,5.32,NASDAQ:EXE,https://www.tradingview.com/chart/?symbol=NASDAQ%3AEXE,5%+,True,2026-09-09,EMA20,2026-09-10,2026-09-10,True,2026-09-17,88.32,WATCH_CLUSTER,SHOOTING_STAR_BULL_BODY
Canada,HSLV.TO,2026-09-10,7.8,2026-09-10,2026-09-10,7.9,2026-09-22,8.21,5.26,TSX:HSLV,https://www.tradingview.com/chart/?symbol=TSX%3AHSLV,5%+,True,2026-09-11,BREAKOUT,2026-09-21,2026-09-21,True,2026-10-02,7.48,WATCH_CLUSTER,UNKNOWN
US,APA,2026-08-24,45.05,2026-08-24,2026-09-15,47.42,2026-09-15,47.42,5.26,NASDAQ:APA,https://www.tradingview.com/chart/?symbol=NASDAQ%3AAPA,5%+,False,,,,,False,2026-10-09,45.88,,
US,CNXN,2026-09-04,88.096,2026-09-04,2026-09-24,89.02,2026-10-09,92.72,5.25,NASDAQ:CNXN,https://www.tradingview.com/chart/?symbol=NASDAQ%3ACNXN,5%+,False,,,,,False,2026-10-09,92.72,WATCH_CLUSTER,BULL_CANDLE
US,PHVS,2026-08-20,36.93,2026-08-20,2026-08-25,37.23,2026-09-14,38.86,5.23,NASDAQ:PHVS,https://www.tradingview.com/chart/?symbol=NASDAQ%3APHVS,5%+,True,2026-09-18,BREAKOUT+EMA20,,,False,2026-09-23,33.11,WATCH_CLUSTER,BEAR_CANDLE
US,MTD,2026-08-25,1474.19,2026-08-25,2026-09-30,1512.2,2026-10-09,1551.09,5.22,NYSE:MTD,https://www.tradingview.com/chart/?symbol=NYSE%3AMTD,5%+,False,,,,,False,2026-10-09,1551.09,WATCH_CLUSTER,BULL_CANDLE
US,HALO,2026-08-26,109.55,2026-08-26,2026-09-02,109.66,2026-09-25,115.22,5.18,NASDAQ:HALO,https://www.tradingview.com/chart/?symbol=NASDAQ%3AHALO,5%+,False,,,,,False,2026-09-30,111.56,,
HK,9987.HK,2026-08-21,368.8,2026-08-21,2026-08-21,385.0,2026-08-24,387.8,5.15,HKEX:9987,https://www.tradingview.com/chart/?symbol=HKEX%3A9987,5%+,True,2026-08-26,EMA20,2026-08-27,2026-08-27,True,2026-09-07,341.6,WATCH_CLUSTER,DOJI
HK,0613.HK,2026-08-24,5.45,2026-08-24,2026-08-24,5.6,2026-08-25,5.73,5.14,HKEX:0613,https://www.tradingview.com/chart/?symbol=HKEX%3A0613,5%+,True,2026-08-26,BREAKOUT+EMA20,,,False,2026-08-27,4.9,WATCH_CLUSTER,STRONG_BEAR_CANDLE
US,SBLK,2026-08-20,30.9,2026-08-20,2026-09-01,31.05,2026-09-18,32.48,5.11,NASDAQ:SBLK,https://www.tradingview.com/chart/?symbol=NASDAQ%3ASBLK,5%+,True,2026-09-16,BREAKOUT,2026-09-17,2026-09-17,True,2026-09-28,29.29,WATCH_CLUSTER,STRONG_BEAR_CANDLE
US,DRTS,2026-08-20,14.75,2026-08-20,2026-08-26,14.96,2026-09-21,15.5,5.08,NASDAQ:DRTS,https://www.tradingview.com/chart/?symbol=NASDAQ%3ADRTS,5%+,True,2026-09-14,BREAKOUT,2026-09-15,2026-09-15,True,2026-10-06,14.49,WATCH_CLUSTER,BULL_CANDLE
US,IQV,2026-08-25,261.88,2026-08-25,2026-09-02,263.87,2026-09-24,275.17,5.07,NYSE:IQV,https://www.tradingview.com/chart/?symbol=NYSE%3AIQV,5%+,True,2026-10-01,BREAKOUT+EMA20,,,False,2026-10-09,260.03,WATCH_CLUSTER,BULL_CANDLE
US,FRSH,2026-08-23,13.255,2026-08-23,2026-09-01,13.46,2026-10-09,13.92,5.02,NASDAQ:FRSH,https://www.tradingview.com/chart/?symbol=NASDAQ%3AFRSH,5%+,False,,,,,False,2026-10-09,13.92,,
US,SENEB,2026-08-20,196.63,2026-08-20,2026-09-02,206.48,2026-09-02,206.48,5.01,NASDAQ:SENEB,https://www.tradingview.com/chart/?symbol=NASDAQ%3ASENEB,5%+,True,2026-09-08,BREAKOUT+EMA20,,,False,2026-09-08,190.61,WATCH_CLUSTER,STRONG_BULL_CANDLE
US,PANW,2026-08-28,398.88,2026-08-28,2026-10-05,406.76,2026-10-09,418.78,4.99,NASDAQ:PANW,https://www.tradingview.com/chart/?symbol=NASDAQ%3APANW,2%+,False,,,,,False,2026-10-09,418.78,,
US,NSIT,2026-08-20,157.35,2026-08-25,2026-09-03,159.15,2026-09-16,165.19,4.98,NASDAQ:NSIT,https://www.tradingview.com/chart/?symbol=NASDAQ%3ANSIT,2%+,True,2026-10-05,BREAKOUT,2026-10-09,2026-10-09,True,2026-10-09,163.51,WATCH_CLUSTER,BULL_CANDLE
US,CIG-C,2026-09-10,3.44,2026-09-10,2026-10-05,3.609,2026-10-05,3.609,4.91,NYSE:CIG-C,https://www.tradingview.com/chart/?symbol=NYSE%3ACIG-C,2%+,False,,,,,False,2026-10-05,3.609,WATCH_CLUSTER,STRONG_BEAR_CANDLE
HK,0939.HK,2026-08-21,9.36,2026-08-21,2026-08-31,9.41,2026-09-30,9.82,4.91,HKEX:0939,https://www.tradingview.com/chart/?symbol=HKEX%3A0939,2%+,True,2026-09-25,EMA20,2026-09-28,2026-09-28,True,2026-10-09,9.735,WATCH_CLUSTER,BEAR_CANDLE
US,CVX,2026-08-20,207.68,2026-08-20,2026-09-01,211.05,2026-09-15,217.76,4.85,NYSE:CVX,https://www.tradingview.com/chart/?symbol=NYSE%3ACVX,2%+,True,2026-09-22,EMA20,2026-10-01,2026-10-08,True,2026-10-09,211.98,,
HK,3347.HK,2026-09-29,44.98,2026-09-29,2026-09-29,45.22,2026-10-06,47.16,4.85,HKEX:3347,https://www.tradingview.com/chart/?symbol=HKEX%3A3347,2%+,True,2026-10-08,BREAKOUT+EMA20,,,False,2026-10-09,44.56,WATCH_CLUSTER,HAMMER_BEAR_BODY
HK,1199.HK,2026-08-26,6.0,2026-09-21,2026-09-25,6.03,2026-10-09,6.29,4.83,HKEX:1199,https://www.tradingview.com/chart/?symbol=HKEX%3A1199,2%+,False,,,,,False,2026-10-09,6.29,,
HK,8279.HK,2026-09-16,1.35,2026-09-16,2026-09-16,1.38,2026-09-18,1.415,4.81,HKEX:8279,https://www.tradingview.com/chart/?symbol=HKEX%3A8279,2%+,True,2026-09-21,BREAKOUT+EMA20,,,False,2026-09-23,1.21,WATCH_CLUSTER,BEAR_CANDLE
US,EQNR,2026-08-23,43.05,2026-08-23,2026-09-01,44.22,2026-09-10,45.11,4.79,NYSE:EQNR,https://www.tradingview.com/chart/?symbol=NYSE%3AEQNR,2%+,True,2026-09-16,BREAKOUT,2026-09-17,2026-09-17,True,2026-09-25,42.18,WATCH_CLUSTER,BEAR_CANDLE
US,BRO,2026-08-20,71.205,2026-08-20,2026-08-20,72.07,2026-08-24,74.61,4.78,NYSE:BRO,https://www.tradingview.com/chart/?symbol=NYSE%3ABRO,2%+,True,2026-09-04,EMA20,,,False,2026-09-10,66.33,WATCH_CLUSTER,STRONG_BEAR_CANDLE
Canada,CRON.TO,2026-08-20,4.61,2026-08-20,2026-09-22,4.82,2026-09-28,4.83,4.77,TSX:CRON,https://www.tradingview.com/chart/?symbol=TSX%3ACRON,2%+,False,,,,,False,2026-09-29,4.81,,
US,DXC,2026-09-02,11.15,2026-09-02,2026-09-02,11.64,2026-09-03,11.675,4.71,NYSE:DXC,https://www.tradingview.com/chart/?symbol=NYSE%3ADXC,2%+,True,2026-09-09,BREAKOUT+EMA20,2026-09-11,2026-09-11,True,2026-09-11,11.396,READY_NOW,STRONG_BULL_CANDLE
US,GLP,2026-08-25,51.58,2026-08-26,2026-09-01,52.0,2026-09-10,54.0,4.69,NYSE:GLP,https://www.tradingview.com/chart/?symbol=NYSE%3AGLP,2%+,True,2026-09-14,BREAKOUT+EMA20,,,False,2026-09-24,47.83,WATCH_CLUSTER,STRONG_BEAR_CANDLE
US,SJM,2026-08-20,126.465,2026-08-20,2026-08-26,130.81,2026-08-28,132.34,4.65,NYSE:SJM,https://www.tradingview.com/chart/?symbol=NYSE%3ASJM,2%+,True,2026-09-04,BREAKOUT,,,False,2026-09-25,120.98,WATCH_CLUSTER,BEAR_CANDLE
HK,3311.HK,2026-09-30,8.506,2026-09-30,2026-09-30,8.9,2026-09-30,8.9,4.63,HKEX:3311,https://www.tradingview.com/chart/?symbol=HKEX%3A3311,2%+,True,2026-10-09,BREAKOUT,,,False,2026-10-09,8.69,WATCH_CLUSTER,STRONG_BULL_CANDLE
US,MTDR,2026-08-28,60.38,2026-09-01,2026-09-09,60.67,2026-09-15,63.17,4.62,NYSE:MTDR,https://www.tradingview.com/chart/?symbol=NYSE%3AMTDR,2%+,True,2026-09-25,BREAKOUT+EMA20,,,False,2026-10-01,52.98,WATCH_CLUSTER,BULL_CANDLE
US,PRLB,2026-09-22,93.0,2026-09-22,2026-09-30,94.85,2026-10-06,97.28,4.6,NYSE:PRLB,https://www.tradingview.com/chart/?symbol=NYSE%3APRLB,2%+,False,,,,,False,2026-10-06,97.28,,
US,PAY,2026-08-20,36.72,2026-08-20,2026-08-20,38.41,2026-08-20,38.41,4.6,NYSE:PAY,https://www.tradingview.com/chart/?symbol=NYSE%3APAY,2%+,True,2026-08-31,BREAKOUT+EMA20,2026-09-14,2026-09-14,True,2026-09-17,36.12,RECLAIM_PENDING,STRONG_BEAR_CANDLE
HK,3306.HK,2026-09-16,22.24,2026-09-16,2026-09-30,23.26,2026-09-30,23.26,4.59,HKEX:3306,https://www.tradingview.com/chart/?symbol=HKEX%3A3306,2%+,False,,,,,False,2026-10-09,22.82,WATCH_CLUSTER,STRONG_BULL_CANDLE
US,SCSC,2026-08-28,56.02,2026-08-28,2026-08-28,56.55,2026-09-04,58.58,4.57,NASDAQ:SCSC,https://www.tradingview.com/chart/?symbol=NASDAQ%3ASCSC,2%+,True,2026-09-10,BREAKOUT+EMA20,,,False,2026-09-10,55.48,RECLAIM_PENDING,BEAR_CANDLE
US,CHWY,2026-08-25,23.615,2026-08-25,2026-08-25,24.69,2026-08-25,24.69,4.55,NYSE:CHWY,https://www.tradingview.com/chart/?symbol=NYSE%3ACHWY,2%+,True,2026-08-26,BREAKOUT+EMA20,2026-08-31,2026-08-31,True,2026-09-09,20.75,WATCH_CLUSTER,BEAR_CANDLE
US,TX,2026-08-20,55.66,2026-08-20,2026-08-28,55.83,2026-10-09,58.18,4.53,NYSE:TX,https://www.tradingview.com/chart/?symbol=NYSE%3ATX,2%+,False,,,,,False,2026-10-09,58.18,,
US,S,2026-09-25,24.3,2026-09-25,2026-10-07,25.31,2026-10-08,25.4,4.53,NYSE:S,https://www.tradingview.com/chart/?symbol=NYSE%3AS,2%+,False,,,,,False,2026-10-08,25.4,,
HK,2196.HK,2026-09-24,17.67,2026-09-24,2026-09-29,17.87,2026-09-30,18.47,4.53,HKEX:2196,https://www.tradingview.com/chart/?symbol=HKEX%3A2196,2%+,False,,,,,False,2026-10-05,17.86,WATCH_CLUSTER,BEAR_CANDLE
Canada,AAV.TO,2026-08-20,10.61,2026-08-20,2026-08-20,11.09,2026-08-20,11.09,4.52,TSX:AAV,https://www.tradingview.com/chart/?symbol=TSX%3AAAV,2%+,False,,,,,False,2026-08-20,11.09,WATCH_CLUSTER,STRONG_BULL_CANDLE
Canada,VET.TO,2026-08-28,17.93,2026-08-28,2026-09-01,18.35,2026-09-15,18.73,4.46,TSX:VET,https://www.tradingview.com/chart/?symbol=TSX%3AVET,2%+,True,2026-09-16,BREAKOUT,,,False,2026-09-21,16.71,WATCH_CLUSTER,STRONG_BEAR_CANDLE
US,LDOS,2026-08-20,135.5,2026-08-20,2026-08-20,141.4,2026-08-23,141.5,4.43,NYSE:LDOS,https://www.tradingview.com/chart/?symbol=NYSE%3ALDOS,2%+,True,2026-08-25,BREAKOUT,2026-08-26,2026-08-26,True,2026-09-21,128.32,WATCH_CLUSTER,BULL_CANDLE
HK,1070.HK,2026-08-21,16.95,2026-09-01,2026-09-03,17.11,2026-10-06,17.7,4.42,HKEX:1070,https://www.tradingview.com/chart/?symbol=HKEX%3A1070,2%+,False,,,,,False,2026-10-07,17.7,,
HK,2518.HK,2026-08-21,42.14,2026-08-21,2026-08-21,42.16,2026-08-31,44.0,4.41,HKEX:2518,https://www.tradingview.com/chart/?symbol=HKEX%3A2518,2%+,True,2026-08-24,EMA20,2026-08-29,2026-08-29,True,2026-09-08,42.46,RECLAIM_PENDING,DOJI
US,RNW,2026-08-20,6.59,2026-08-20,2026-08-20,6.82,2026-09-04,6.88,4.4,NASDAQ:RNW,https://www.tradingview.com/chart/?symbol=NASDAQ%3ARNW,2%+,False,,,,,False,2026-09-16,6.84,WATCH_CLUSTER,DOJI
US,KMX,2026-08-20,61.15,2026-08-20,2026-08-24,62.8,2026-08-26,63.84,4.4,NYSE:KMX,https://www.tradingview.com/chart/?symbol=NYSE%3AKMX,2%+,False,,,,,False,2026-09-07,63.29,,
US,TBBB,2026-08-20,51.62,2026-08-26,2026-09-23,51.73,2026-10-05,53.87,4.36,NYSE:TBBB,https://www.tradingview.com/chart/?symbol=NYSE%3ATBBB,2%+,False,,,,,False,2026-10-08,53.07,,
US,KEYS,2026-09-30,366.882,2026-09-30,2026-10-07,381.42,2026-10-09,382.75,4.33,NYSE:KEYS,https://www.tradingview.com/chart/?symbol=NYSE%3AKEYS,2%+,False,,,,,False,2026-10-09,382.75,,
US,CEG,2026-09-07,286.559,2026-09-07,2026-09-07,298.95,2026-09-08,298.96,4.33,NASDAQ:CEG,https://www.tradingview.com/chart/?symbol=NASDAQ%3ACEG,2%+,True,2026-09-10,BREAKOUT,,,False,2026-09-15,259.89,WATCH_CLUSTER,STRONG_BEAR_CANDLE
US,MH,2026-09-18,13.19,2026-09-18,2026-09-21,13.26,2026-09-23,13.76,4.32,NYSE:MH,https://www.tradingview.com/chart/?symbol=NYSE%3AMH,2%+,True,2026-09-25,BREAKOUT+EMA20,,,False,2026-09-28,12.505,WATCH_CLUSTER,DOJI
US,MT,2026-08-20,75.505,2026-08-23,2026-09-03,76.07,2026-09-04,78.755,4.3,NYSE:MT,https://www.tradingview.com/chart/?symbol=NYSE%3AMT,2%+,True,2026-09-10,BREAKOUT,,,False,2026-09-11,74.5,WATCH_CLUSTER,BEARISH_ENGULFING
US,IDCC,2026-08-25,335.97,2026-08-25,2026-08-25,345.5,2026-09-11,350.23,4.24,NASDAQ:IDCC,https://www.tradingview.com/chart/?symbol=NASDAQ%3AIDCC,2%+,True,2026-08-28,BREAKOUT,2026-09-03,2026-09-03,True,2026-09-23,326.89,WATCH_CLUSTER,DOJI
US,LW,2026-08-20,53.119,2026-08-20,2026-08-20,53.47,2026-08-25,55.36,4.22,NYSE:LW,https://www.tradingview.com/chart/?symbol=NYSE%3ALW,2%+,True,2026-09-01,BREAKOUT+EMA20,,,False,2026-09-09,48.12,WATCH_CLUSTER,BEAR_CANDLE
US,CF,2026-08-25,132.55,2026-08-25,2026-09-08,134.33,2026-09-09,138.11,4.19,NYSE:CF,https://www.tradingview.com/chart/?symbol=NYSE%3ACF,2%+,False,,,,,False,2026-09-15,135.54,,
Canada,Y.TO,2026-09-08,13.44,2026-09-08,2026-09-18,13.45,2026-10-01,14.0,4.17,TSX:Y,https://www.tradingview.com/chart/?symbol=TSX%3AY,2%+,False,,,,,False,2026-10-08,13.7,,
US,GLIBA,2026-08-25,25.8,2026-08-25,2026-08-25,26.873,2026-08-25,26.873,4.16,NASDAQ:GLIBA,https://www.tradingview.com/chart/?symbol=NASDAQ%3AGLIBA,2%+,True,2026-09-09,EMA20,2026-09-14,2026-09-14,True,2026-09-24,23.49,WATCH_CLUSTER,BEAR_CANDLE
US,AVT,2026-08-20,102.7,2026-09-24,2026-10-02,106.95,2026-10-02,106.95,4.14,NASDAQ:AVT,https://www.tradingview.com/chart/?symbol=NASDAQ%3AAVT,2%+,False,,,,,False,2026-10-06,106.37,,
US,FSK,2026-08-20,11.94,2026-08-20,2026-08-24,12.065,2026-09-04,12.43,4.1,NYSE:FSK,https://www.tradingview.com/chart/?symbol=NYSE%3AFSK,2%+,True,2026-09-09,EMA20,2026-09-14,2026-09-14,True,2026-09-23,11.18,WATCH_CLUSTER,BULL_CANDLE
Canada,NPI.TO,2026-10-01,22.289,2026-10-01,2026-10-01,22.63,2026-10-06,23.2,4.09,TSX:NPI,https://www.tradingview.com/chart/?symbol=TSX%3ANPI,2%+,False,,,,,False,2026-10-06,23.2,WATCH_CLUSTER,UNKNOWN
US,GPK,2026-08-20,11.491,2026-08-20,2026-08-20,11.63,2026-08-23,11.96,4.08,NYSE:GPK,https://www.tradingview.com/chart/?symbol=NYSE%3AGPK,2%+,True,2026-08-24,BREAKOUT+EMA20,,,False,2026-09-03,10.7,WATCH_CLUSTER,BEARISH_ENGULFING
Canada,CAS.TO,2026-09-04,17.847,2026-09-04,2026-09-29,18.57,2026-09-29,18.57,4.05,TSX:CAS,https://www.tradingview.com/chart/?symbol=TSX%3ACAS,2%+,True,2026-10-06,BREAKOUT,,,False,2026-10-09,17.74,RECLAIM_PENDING,BULLISH_ENGULFING
Canada,TGO.TO,2026-08-20,1.5,2026-08-20,2026-10-09,1.56,2026-10-09,1.56,4.0,TSX:TGO,https://www.tradingview.com/chart/?symbol=TSX%3ATGO,2%+,False,,,,,False,2026-10-09,1.56,,
US,BSY,2026-08-23,36.22,2026-08-23,2026-08-23,37.08,2026-08-24,37.67,4.0,NASDAQ:BSY,https://www.tradingview.com/chart/?symbol=NASDAQ%3ABSY,2%+,True,2026-09-01,BREAKOUT+EMA20,,,False,2026-09-04,33.7,WATCH_CLUSTER,BEAR_CANDLE
US,EXEL,2026-08-26,57.57,2026-08-26,2026-09-04,59.01,2026-10-09,59.86,3.98,NASDAQ:EXEL,https://www.tradingview.com/chart/?symbol=NASDAQ%3AEXEL,2%+,True,2026-09-10,BREAKOUT,2026-09-17,2026-09-17,True,2026-10-09,59.86,WATCH_CLUSTER,BULL_CANDLE
US,DBX,2026-08-24,36.3,2026-08-24,2026-09-14,37.31,2026-09-16,37.74,3.97,NASDAQ:DBX,https://www.tradingview.com/chart/?symbol=NASDAQ%3ADBX,2%+,True,2026-09-21,BREAKOUT,,,False,2026-09-23,34.21,WATCH_CLUSTER,BEAR_CANDLE
US,CME,2026-09-01,275.5,2026-09-01,2026-09-01,286.45,2026-09-01,286.45,3.97,NASDAQ:CME,https://www.tradingview.com/chart/?symbol=NASDAQ%3ACME,2%+,True,2026-09-04,BREAKOUT,,,False,2026-09-24,268.96,WATCH_CLUSTER,BULL_CANDLE
US,SONY,2026-08-26,23.98,2026-08-26,2026-08-26,24.125,2026-09-03,24.93,3.96,NYSE:SONY,https://www.tradingview.com/chart/?symbol=NYSE%3ASONY,2%+,True,2026-09-08,BREAKOUT+EMA20,2026-09-14,2026-09-14,True,2026-09-29,23.37,RECLAIM_PENDING,DOJI
HK,2507.HK,2026-08-31,46.54,2026-08-31,2026-08-31,48.38,2026-08-31,48.38,3.95,HKEX:2507,https://www.tradingview.com/chart/?symbol=HKEX%3A2507,2%+,True,2026-09-01,BREAKOUT,,,False,2026-09-08,44.72,WATCH_CLUSTER,DOJI
Canada,SXGC.TO,2026-08-24,12.68,2026-08-24,2026-09-18,12.8,2026-09-22,13.18,3.94,TSX:SXGC,https://www.tradingview.com/chart/?symbol=TSX%3ASXGC,2%+,False,,,,,False,2026-09-23,12.73,,
US,COP,2026-08-24,135.88,2026-08-24,2026-09-09,136.57,2026-09-15,141.23,3.94,NYSE:COP,https://www.tradingview.com/chart/?symbol=NYSE%3ACOP,2%+,False,,,,,False,2026-09-15,141.23,WATCH_CLUSTER,STRONG_BULL_CANDLE
US,DMC,2026-09-02,31.65,2026-09-02,2026-09-02,32.37,2026-09-09,32.89,3.92,NYSE:DMC,https://www.tradingview.com/chart/?symbol=NYSE%3ADMC,2%+,True,2026-09-03,BREAKOUT,2026-09-04,2026-09-04,True,2026-10-02,29.69,WATCH_CLUSTER,STRONG_BEAR_CANDLE
Canada,ALS.TO,2026-08-20,66.05,2026-08-20,2026-08-26,66.2,2026-09-22,68.63,3.91,TSX:ALS,https://www.tradingview.com/chart/?symbol=TSX%3AALS,2%+,True,2026-09-10,BREAKOUT,2026-09-11,2026-09-11,True,2026-10-08,63.27,WATCH_CLUSTER,STRONG_BEAR_CANDLE
US,TECK,2026-08-20,68.46,2026-08-20,2026-08-26,71.12,2026-08-26,71.12,3.89,NYSE:TECK,https://www.tradingview.com/chart/?symbol=NYSE%3ATECK,2%+,False,,,,,False,2026-09-22,68.88,,
US,BBY,2026-08-20,91.27,2026-08-24,2026-09-15,93.24,2026-09-22,94.81,3.88,NYSE:BBY,https://www.tradingview.com/chart/?symbol=NYSE%3ABBY,2%+,True,2026-09-28,BREAKOUT,,,False,2026-10-09,87.01,WATCH_CLUSTER,BEAR_CANDLE
US,USPH,2026-08-20,82.938,2026-09-14,2026-09-17,83.08,2026-09-29,86.15,3.87,NYSE:USPH,https://www.tradingview.com/chart/?symbol=NYSE%3AUSPH,2%+,False,,,,,False,2026-10-09,84.67,,
US,DMLP,2026-08-25,29.26,2026-08-25,2026-09-02,29.28,2026-09-15,30.39,3.86,NASDAQ:DMLP,https://www.tradingview.com/chart/?symbol=NASDAQ%3ADMLP,2%+,True,2026-09-17,BREAKOUT,,,False,2026-10-09,29.75,,
US,GEHC,2026-08-20,72.04,2026-08-20,2026-08-20,74.05,2026-08-23,74.815,3.85,NASDAQ:GEHC,https://www.tradingview.com/chart/?symbol=NASDAQ%3AGEHC,2%+,True,2026-08-28,BREAKOUT+EMA20,,,False,2026-09-08,66.78,WATCH_CLUSTER,STRONG_BEAR_CANDLE
US,MRX,2026-08-23,75.4,2026-08-23,2026-09-03,75.72,2026-09-04,78.28,3.82,NASDAQ:MRX,https://www.tradingview.com/chart/?symbol=NASDAQ%3AMRX,2%+,False,,,,,False,2026-10-06,75.21,,
US,ICUI,2026-08-20,176.27,2026-08-20,2026-08-20,182.54,2026-08-23,183.0,3.82,NASDAQ:ICUI,https://www.tradingview.com/chart/?symbol=NASDAQ%3AICUI,2%+,True,2026-08-28,BREAKOUT+EMA20,,,False,2026-09-09,160.88,WATCH_CLUSTER,DOJI
US,NVDA,2026-09-04,230.47,2026-09-04,2026-10-02,230.86,2026-10-06,239.24,3.81,NASDAQ:NVDA,https://www.tradingview.com/chart/?symbol=NASDAQ%3ANVDA,2%+,False,,,,,False,2026-10-07,237.47,,
US,IMAX,2026-08-20,54.28,2026-08-20,2026-09-24,55.15,2026-09-30,56.33,3.78,NYSE:IMAX,https://www.tradingview.com/chart/?symbol=NYSE%3AIMAX,2%+,False,,,,,False,2026-09-30,56.33,,
HK,0144.HK,2026-08-24,16.58,2026-09-03,2026-09-16,16.6,2026-09-29,17.2,3.74,HKEX:0144,https://www.tradingview.com/chart/?symbol=HKEX%3A0144,2%+,False,,,,,False,2026-10-09,17.18,WATCH_CLUSTER,DOJI
US,IOSP,2026-08-20,95.01,2026-08-20,2026-08-28,95.38,2026-10-06,98.55,3.73,NASDAQ:IOSP,https://www.tradingview.com/chart/?symbol=NASDAQ%3AIOSP,2%+,False,,,,,False,2026-10-08,97.69,,
US,PPC,2026-08-28,30.58,2026-08-28,2026-08-28,31.7,2026-08-28,31.7,3.66,NASDAQ:PPC,https://www.tradingview.com/chart/?symbol=NASDAQ%3APPC,2%+,True,2026-09-03,BREAKOUT,,,False,2026-09-23,27.63,WATCH_CLUSTER,BEAR_CANDLE
US,MUFG,2026-08-20,23.25,2026-08-26,2026-09-04,24.09,2026-09-07,24.1,3.66,NYSE:MUFG,https://www.tradingview.com/chart/?symbol=NYSE%3AMUFG,2%+,True,2026-09-09,BREAKOUT,2026-09-11,2026-09-11,True,2026-10-09,22.385,WATCH_CLUSTER,STRONG_BULL_CANDLE
US,GIB,2026-08-20,72.671,2026-08-20,2026-08-20,74.25,2026-08-31,75.33,3.66,NYSE:GIB,https://www.tradingview.com/chart/?symbol=NYSE%3AGIB,2%+,True,2026-09-02,EMA20,2026-09-03,2026-09-03,True,2026-09-09,68.875,WATCH_CLUSTER,BEAR_CANDLE
US,AMPL,2026-09-25,14.76,2026-10-01,2026-10-05,14.91,2026-10-08,15.3,3.66,NASDAQ:AMPL,https://www.tradingview.com/chart/?symbol=NASDAQ%3AAMPL,2%+,False,,,,,False,2026-10-08,15.3,WATCH_CLUSTER,STRONG_BULL_CANDLE
US,CRON,2026-08-20,3.31,2026-08-20,2026-09-22,3.43,2026-09-22,3.43,3.63,NASDAQ:CRON,https://www.tradingview.com/chart/?symbol=NASDAQ%3ACRON,2%+,False,,,,,False,2026-09-22,3.43,,
US,XP,2026-09-02,20.75,2026-09-18,2026-09-21,20.78,2026-10-05,21.5,3.61,NASDAQ:XP,https://www.tradingview.com/chart/?symbol=NASDAQ%3AXP,2%+,False,,,,,False,2026-10-05,21.5,,
US,FTDR,2026-08-20,80.73,2026-08-20,2026-08-20,81.935,2026-08-26,83.64,3.6,NASDAQ:FTDR,https://www.tradingview.com/chart/?symbol=NASDAQ%3AFTDR,2%+,True,2026-08-31,EMA20,2026-09-03,2026-09-03,True,2026-09-21,79.73,WATCH_CLUSTER,HAMMER
US,FUTU,2026-09-01,117.81,2026-09-01,2026-09-01,119.25,2026-09-03,122.03,3.58,NASDAQ:FUTU,https://www.tradingview.com/chart/?symbol=NASDAQ%3AFUTU,2%+,True,2026-09-08,BREAKOUT,,,False,2026-09-16,109.88,WATCH_CLUSTER,BULL_CANDLE
US,RPRX,2026-08-20,61.8,2026-08-20,2026-08-25,62.08,2026-09-04,63.99,3.54,NASDAQ:RPRX,https://www.tradingview.com/chart/?symbol=NASDAQ%3ARPRX,2%+,True,2026-09-08,EMA20,,,False,2026-10-01,57.64,WATCH_CLUSTER,BULL_CANDLE
US,ING,2026-08-23,35.98,2026-08-23,2026-09-07,37.165,2026-09-11,37.25,3.53,NYSE:ING,https://www.tradingview.com/chart/?symbol=NYSE%3AING,2%+,True,2026-09-16,BREAKOUT,2026-09-17,2026-09-17,True,2026-10-08,33.44,WATCH_CLUSTER,HAMMER
HK,1929.HK,2026-08-28,13.14,2026-08-28,2026-08-28,13.34,2026-08-29,13.6,3.5,HKEX:1929,https://www.tradingview.com/chart/?symbol=HKEX%3A1929,2%+,True,2026-08-31,BREAKOUT+EMA20,,,False,2026-09-03,12.09,WATCH_CLUSTER,STRONG_BEAR_CANDLE
US,MFG,2026-08-28,11.06,2026-08-28,2026-09-03,11.33,2026-09-11,11.445,3.48,NYSE:MFG,https://www.tradingview.com/chart/?symbol=NYSE%3AMFG,2%+,False,,,,,False,2026-10-01,11.05,,
Canada,CJ.TO,2026-09-16,12.69,2026-09-16,2026-10-08,12.72,2026-10-09,13.13,3.47,TSX:CJ,https://www.tradingview.com/chart/?symbol=TSX%3ACJ,2%+,False,,,,,False,2026-10-09,13.13,WATCH_CLUSTER,STRONG_BULL_CANDLE
US,WIX,2026-09-03,80.66,2026-09-03,2026-09-03,81.13,2026-09-21,83.45,3.46,NASDAQ:WIX,https://www.tradingview.com/chart/?symbol=NASDAQ%3AWIX,2%+,True,2026-09-04,BREAKOUT+EMA20,2026-09-21,2026-09-21,True,2026-09-25,73.8,WATCH_CLUSTER,DOJI
US,VET,2026-08-28,13.01,2026-08-28,2026-09-01,13.2,2026-09-15,13.46,3.46,NYSE:VET,https://www.tradingview.com/chart/?symbol=NYSE%3AVET,2%+,True,2026-09-24,BREAKOUT+EMA20,,,False,2026-10-02,11.68,WATCH_CLUSTER,BULL_CANDLE
US,MRP,2026-08-28,30.96,2026-08-28,2026-09-07,32.03,2026-09-07,32.03,3.46,NYSE:MRP,https://www.tradingview.com/chart/?symbol=NYSE%3AMRP,2%+,True,2026-09-08,BREAKOUT,,,False,2026-09-15,29.44,WATCH_CLUSTER,HAMMER
US,PAGP,2026-08-23,27.4,2026-08-25,2026-08-26,28.15,2026-09-02,28.34,3.43,NASDAQ:PAGP,https://www.tradingview.com/chart/?symbol=NASDAQ%3APAGP,2%+,True,2026-09-21,BREAKOUT+EMA20,,,False,2026-10-06,26.235,WATCH_CLUSTER,SHOOTING_STAR_BULL_BODY
HK,3968.HK,2026-08-21,51.45,2026-08-21,2026-09-01,51.5,2026-09-04,53.2,3.4,HKEX:3968,https://www.tradingview.com/chart/?symbol=HKEX%3A3968,2%+,True,2026-09-16,BREAKOUT,,,False,2026-10-09,52.2,WATCH_CLUSTER,DOJI
US,JBS,2026-08-20,13.61,2026-08-20,2026-08-23,13.825,2026-08-25,14.07,3.38,NYSE:JBS,https://www.tradingview.com/chart/?symbol=NYSE%3AJBS,2%+,True,2026-08-28,BREAKOUT,,,False,2026-09-10,12.625,WATCH_CLUSTER,BULL_CANDLE
HK,3369.HK,2026-09-03,2.38,2026-09-03,2026-09-03,2.4,2026-10-09,2.46,3.36,HKEX:3369,https://www.tradingview.com/chart/?symbol=HKEX%3A3369,2%+,True,2026-09-21,BREAKOUT+EMA20,2026-10-01,2026-10-01,True,2026-10-09,2.46,WATCH_CLUSTER,HAMMER
HK,0027.HK,2026-08-21,34.54,2026-08-21,2026-08-21,35.7,2026-08-21,35.7,3.36,HKEX:0027,https://www.tradingview.com/chart/?symbol=HKEX%3A0027,2%+,True,2026-08-28,BREAKOUT,,,False,2026-09-08,33.72,WATCH_CLUSTER,BULL_CANDLE
US,SCCO,2026-08-20,203.0,2026-08-20,2026-08-28,209.79,2026-08-28,209.79,3.34,NYSE:SCCO,https://www.tradingview.com/chart/?symbol=NYSE%3ASCCO,2%+,True,2026-09-01,BREAKOUT,2026-09-02,2026-09-02,True,2026-10-06,204.33,READY_NOW,HAMMER_BEAR_BODY
US,MSFT,2026-08-20,517.78,2026-09-17,2026-10-06,529.3,2026-10-09,535.07,3.34,NASDAQ:MSFT,https://www.tradingview.com/chart/?symbol=NASDAQ%3AMSFT,2%+,False,,,,,False,2026-10-09,535.07,,
US,CRGY,2026-08-28,14.12,2026-08-28,2026-09-08,14.19,2026-09-14,14.59,3.33,NYSE:CRGY,https://www.tradingview.com/chart/?symbol=NYSE%3ACRGY,2%+,False,,,,,False,2026-09-14,14.59,,
US,SEIC,2026-08-20,108.04,2026-08-20,2026-08-25,110.98,2026-08-28,111.63,3.32,NASDAQ:SEIC,https://www.tradingview.com/chart/?symbol=NASDAQ%3ASEIC,2%+,False,,,,,False,2026-09-08,108.6,,
US,TDW,2026-08-24,97.5,2026-08-24,2026-09-02,100.72,2026-09-02,100.72,3.3,NYSE:TDW,https://www.tradingview.com/chart/?symbol=NYSE%3ATDW,2%+,False,,,,,False,2026-09-02,100.72,WATCH_CLUSTER,BULLISH_ENGULFING
US,UL,2026-08-20,63.238,2026-08-20,2026-08-20,63.395,2026-08-24,65.305,3.27,NYSE:UL,https://www.tradingview.com/chart/?symbol=NYSE%3AUL,2%+,True,2026-09-08,EMA20,,,False,2026-09-10,61.62,RECLAIM_PENDING,STRONG_BEAR_CANDLE
US,PJT,2026-08-26,179.99,2026-08-26,2026-08-31,180.39,2026-09-03,185.865,3.26,NYSE:PJT,https://www.tradingview.com/chart/?symbol=NYSE%3APJT,2%+,True,2026-09-09,BREAKOUT,,,False,2026-09-11,163.22,WATCH_CLUSTER,STRONG_BEAR_CANDLE
US,GDV-PH,2026-10-09,21.27,2026-10-09,2026-10-09,21.96,2026-10-09,21.96,3.24,NYSE:GDV-PH,https://www.tradingview.com/chart/?symbol=NYSE%3AGDV-PH,2%+,False,,,,,False,2026-10-09,21.96,WATCH_CLUSTER,HAMMER_BEAR_BODY
US,DVN,2026-08-23,49.72,2026-08-28,2026-09-10,50.02,2026-09-15,51.33,3.24,NYSE:DVN,https://www.tradingview.com/chart/?symbol=NYSE%3ADVN,2%+,True,2026-09-29,BREAKOUT+EMA20,,,False,2026-09-30,46.05,RECLAIM_PENDING,BULL_CANDLE
Canada,PRM.TO,2026-08-20,15.48,2026-08-20,2026-08-25,15.95,2026-08-26,15.98,3.23,TSX:PRM,https://www.tradingview.com/chart/?symbol=TSX%3APRM,2%+,False,,,,,False,2026-09-08,15.3,,
US,KT,2026-08-28,19.37,2026-08-28,2026-08-28,19.63,2026-09-14,19.995,3.23,NYSE:KT,https://www.tradingview.com/chart/?symbol=NYSE%3AKT,2%+,True,2026-09-16,EMA20,2026-09-22,2026-09-22,True,2026-10-09,18.295,WATCH_CLUSTER,BEAR_CANDLE
US,PGY,2026-08-20,19.6,2026-08-20,2026-08-20,20.23,2026-08-20,20.23,3.21,NASDAQ:PGY,https://www.tradingview.com/chart/?symbol=NASDAQ%3APGY,2%+,False,,,,,False,2026-08-20,20.23,READY_NOW,HAMMER_BEAR_BODY
US,CRCT,2026-09-25,6.27,2026-09-25,2026-10-05,6.47,2026-10-05,6.47,3.19,NASDAQ:CRCT,https://www.tradingview.com/chart/?symbol=NASDAQ%3ACRCT,2%+,False,,,,,False,2026-10-09,6.39,,
US,ZIM,2026-08-23,29.56,2026-08-23,2026-09-11,29.57,2026-09-22,30.5,3.18,NYSE:ZIM,https://www.tradingview.com/chart/?symbol=NYSE%3AZIM,2%+,True,2026-09-24,BREAKOUT,2026-10-01,2026-10-01,True,2026-10-09,29.99,WATCH_CLUSTER,BEAR_CANDLE
Canada,CXI.TO,2026-08-20,30.5,2026-08-20,2026-09-11,31.01,2026-09-18,31.47,3.18,TSX:CXI,https://www.tradingview.com/chart/?symbol=TSX%3ACXI,2%+,False,,,,,False,2026-09-23,31.02,,
US,ICFI,2026-08-20,87.43,2026-08-20,2026-08-20,89.0,2026-08-28,90.19,3.16,NASDAQ:ICFI,https://www.tradingview.com/chart/?symbol=NASDAQ%3AICFI,2%+,True,2026-09-04,EMA20,2026-09-07,2026-09-07,True,2026-09-23,83.58,WATCH_CLUSTER,BEAR_CANDLE
US,ECO,2026-08-20,67.81,2026-08-31,2026-09-08,69.95,2026-09-08,69.95,3.16,NYSE:ECO,https://www.tradingview.com/chart/?symbol=NYSE%3AECO,2%+,False,,,,,False,2026-09-08,69.95,,
US,ATI,2026-08-20,208.71,2026-08-20,2026-08-20,209.15,2026-08-25,215.28,3.15,NYSE:ATI,https://www.tradingview.com/chart/?symbol=NYSE%3AATI,2%+,True,2026-08-23,BREAKOUT+EMA20,2026-08-25,2026-08-25,True,2026-09-11,198.63,WATCH_CLUSTER,BEAR_CANDLE
US,WAY,2026-09-21,25.87,2026-09-21,2026-10-05,26.53,2026-10-09,26.68,3.13,NASDAQ:WAY,https://www.tradingview.com/chart/?symbol=NASDAQ%3AWAY,2%+,True,2026-10-07,BREAKOUT,2026-10-08,2026-10-08,True,2026-10-09,26.68,WATCH_CLUSTER,BULL_CANDLE
US,STE,2026-08-20,230.65,2026-08-20,2026-08-20,235.85,2026-08-24,237.88,3.13,NYSE:STE,https://www.tradingview.com/chart/?symbol=NYSE%3ASTE,2%+,True,2026-08-31,EMA20,,,False,2026-09-09,215.1,WATCH_CLUSTER,BEAR_CANDLE
US,TPC,2026-08-20,88.413,2026-08-20,2026-08-20,90.35,2026-08-23,91.17,3.12,NYSE:TPC,https://www.tradingview.com/chart/?symbol=NYSE%3ATPC,2%+,True,2026-08-24,BREAKOUT+EMA20,2026-09-08,2026-09-08,True,2026-09-21,86.08,WATCH_CLUSTER,BULL_CANDLE
US,GNW,2026-08-26,10.28,2026-08-26,2026-09-04,10.35,2026-09-14,10.6,3.11,NYSE:GNW,https://www.tradingview.com/chart/?symbol=NYSE%3AGNW,2%+,False,,,,,False,2026-09-17,10.23,,
US,RGEN,2026-08-26,188.73,2026-08-26,2026-09-25,189.68,2026-09-29,194.57,3.09,NASDAQ:RGEN,https://www.tradingview.com/chart/?symbol=NASDAQ%3ARGEN,2%+,False,,,,,False,2026-10-05,189.5,,
US,TSCO,2026-08-23,34.87,2026-08-23,2026-08-23,34.98,2026-08-24,35.91,2.98,NASDAQ:TSCO,https://www.tradingview.com/chart/?symbol=NASDAQ%3ATSCO,2%+,True,2026-09-03,BREAKOUT,2026-09-04,2026-09-04,True,2026-09-21,32.345,WATCH_CLUSTER,BULL_CANDLE
US,TWLO,2026-09-17,258.353,2026-09-17,2026-09-21,266.03,2026-09-21,266.03,2.97,NYSE:TWLO,https://www.tradingview.com/chart/?symbol=NYSE%3ATWLO,2%+,False,,,,,False,2026-09-21,266.03,WATCH_CLUSTER,STRONG_BULL_CANDLE
US,TAK,2026-08-20,18.5,2026-08-20,2026-09-03,18.7,2026-09-17,19.045,2.95,NYSE:TAK,https://www.tradingview.com/chart/?symbol=NYSE%3ATAK,2%+,True,2026-09-07,BREAKOUT,2026-09-14,2026-09-14,True,2026-10-09,18.725,RECLAIM_PENDING,STRONG_BULL_CANDLE
US,BLFS,2026-08-25,38.1,2026-08-25,2026-09-24,38.58,2026-09-29,39.22,2.94,NASDAQ:BLFS,https://www.tradingview.com/chart/?symbol=NASDAQ%3ABLFS,2%+,False,,,,,False,2026-10-08,38.61,,
Canada,WPK.TO,2026-08-20,43.39,2026-08-20,2026-08-20,44.65,2026-08-20,44.65,2.9,TSX:WPK,https://www.tradingview.com/chart/?symbol=TSX%3AWPK,2%+,False,,,,,False,2026-08-20,44.65,WATCH_CLUSTER,BEAR_CANDLE
US,VLTO,2026-08-20,96.67,2026-08-20,2026-08-20,99.46,2026-08-20,99.46,2.89,NYSE:VLTO,https://www.tradingview.com/chart/?symbol=NYSE%3AVLTO,2%+,True,2026-09-01,EMA20,2026-09-03,2026-09-03,True,2026-09-10,93.47,WATCH_CLUSTER,BEAR_CANDLE
HK,0836.HK,2026-09-24,19.37,2026-09-24,2026-09-29,19.67,2026-10-09,19.93,2.89,HKEX:0836,https://www.tradingview.com/chart/?symbol=HKEX%3A0836,2%+,False,,,,,False,2026-10-09,19.93,WATCH_CLUSTER,BULL_CANDLE
US,PH,2026-08-20,1009.86,2026-08-20,2026-08-24,1015.12,2026-08-26,1038.65,2.85,NYSE:PH,https://www.tradingview.com/chart/?symbol=NYSE%3APH,2%+,True,2026-08-25,EMA20,2026-08-26,2026-08-26,True,2026-09-11,949.94,WATCH_CLUSTER,BULL_CANDLE
US,V,2026-08-20,373.277,2026-08-20,2026-08-26,383.81,2026-08-26,383.81,2.82,NYSE:V,https://www.tradingview.com/chart/?symbol=NYSE%3AV,2%+,True,2026-09-01,BREAKOUT,2026-09-02,2026-09-02,True,2026-10-07,372.04,WATCH_CLUSTER,BULL_CANDLE
Canada,NWC.TO,2026-09-21,53.77,2026-09-25,2026-09-28,54.35,2026-10-08,55.28,2.81,TSX:NWC,https://www.tradingview.com/chart/?symbol=TSX%3ANWC,2%+,False,,,,,False,2026-10-09,54.885,WATCH_CLUSTER,BEAR_CANDLE
Canada,CVE.TO,2026-08-24,45.94,2026-08-24,2026-09-09,46.2,2026-09-15,47.22,2.79,TSX:CVE,https://www.tradingview.com/chart/?symbol=TSX%3ACVE,2%+,True,2026-09-21,BREAKOUT+EMA20,2026-10-01,2026-10-02,True,2026-10-02,46.25,,
US,BVS,2026-08-23,14.0,2026-08-23,2026-08-23,14.39,2026-08-23,14.39,2.79,NASDAQ:BVS,https://www.tradingview.com/chart/?symbol=NASDAQ%3ABVS,2%+,True,2026-08-26,BREAKOUT,2026-09-02,2026-09-02,True,2026-09-15,12.99,WATCH_CLUSTER,HAMMER_BEAR_BODY
US,MA,2026-08-20,583.71,2026-08-20,2026-08-24,599.83,2026-08-24,599.83,2.76,NYSE:MA,https://www.tradingview.com/chart/?symbol=NYSE%3AMA,2%+,True,2026-09-01,BREAKOUT,2026-09-02,2026-09-02,True,2026-10-09,589.14,,
US,ARW,2026-09-29,233.94,2026-09-29,2026-10-05,240.22,2026-10-06,240.4,2.76,NYSE:ARW,https://www.tradingview.com/chart/?symbol=NYSE%3AARW,2%+,True,2026-10-07,BREAKOUT,,,False,2026-10-09,227.93,WATCH_CLUSTER,DOJI
Canada,OGC.TO,2026-09-07,41.84,2026-09-07,2026-09-07,42.32,2026-09-09,42.99,2.75,TSX:OGC,https://www.tradingview.com/chart/?symbol=TSX%3AOGC,2%+,True,2026-09-08,BREAKOUT,2026-09-09,2026-09-09,True,2026-09-18,40.115,WATCH_CLUSTER,DOJI
US,ETG,2026-08-20,23.744,2026-08-20,2026-08-20,23.9,2026-08-28,24.39,2.72,NYSE:ETG,https://www.tradingview.com/chart/?symbol=NYSE%3AETG,2%+,True,2026-09-01,EMA20,2026-09-03,2026-09-03,True,2026-09-16,22.83,WATCH_CLUSTER,BEAR_CANDLE
US,WK,2026-09-04,74.64,2026-09-04,2026-09-04,76.66,2026-09-04,76.66,2.71,NYSE:WK,https://www.tradingview.com/chart/?symbol=NYSE%3AWK,2%+,True,2026-09-08,BREAKOUT,2026-09-14,2026-09-14,True,2026-09-24,71.48,WATCH_CLUSTER,BULL_CANDLE
US,PRCH,2026-08-23,17.47,2026-08-23,2026-09-02,17.74,2026-09-04,17.94,2.69,NASDAQ:PRCH,https://www.tradingview.com/chart/?symbol=NASDAQ%3APRCH,2%+,False,,,,,False,2026-10-09,17.56,,
HK,1508.HK,2026-09-05,1.3,2026-09-05,2026-09-05,1.335,2026-09-05,1.335,2.69,HKEX:1508,https://www.tradingview.com/chart/?symbol=HKEX%3A1508,2%+,False,,,,,False,2026-09-07,1.3,WATCH_CLUSTER,BEARISH_ENGULFING
US,COR,2026-09-02,328.353,2026-09-02,2026-09-02,336.37,2026-09-03,337.14,2.68,NYSE:COR,https://www.tradingview.com/chart/?symbol=NYSE%3ACOR,2%+,True,2026-09-08,BREAKOUT,,,False,2026-09-23,312.3,WATCH_CLUSTER,STRONG_BULL_CANDLE
US,SOLV,2026-08-20,90.0,2026-08-20,2026-08-24,91.29,2026-09-03,92.4,2.67,NYSE:SOLV,https://www.tradingview.com/chart/?symbol=NYSE%3ASOLV,2%+,True,2026-09-10,BREAKOUT+EMA20,2026-09-15,2026-09-15,True,2026-10-07,85.87,WATCH_CLUSTER,SHOOTING_STAR_BULL_BODY
US,GSBD,2026-08-20,9.96,2026-08-20,2026-08-25,10.1,2026-08-31,10.225,2.66,NYSE:GSBD,https://www.tradingview.com/chart/?symbol=NYSE%3AGSBD,2%+,True,2026-09-02,BREAKOUT,2026-09-17,2026-09-17,True,2026-09-25,9.53,WATCH_CLUSTER,BEAR_CANDLE
US,BHP,2026-08-20,93.83,2026-08-20,2026-08-26,96.33,2026-08-26,96.33,2.66,NYSE:BHP,https://www.tradingview.com/chart/?symbol=NYSE%3ABHP,2%+,True,2026-08-31,BREAKOUT,2026-09-09,,False,2026-09-11,87.17,WATCH_CLUSTER,BEAR_CANDLE
US,CHRD,2026-08-28,153.0,2026-08-28,2026-09-15,157.06,2026-09-15,157.06,2.65,NASDAQ:CHRD,https://www.tradingview.com/chart/?symbol=NASDAQ%3ACHRD,2%+,True,2026-09-16,EMA20,,,False,2026-10-02,137.0,WATCH_CLUSTER,BULLISH_ENGULFING
US,ALC,2026-08-20,71.815,2026-08-20,2026-08-20,72.935,2026-08-24,73.71,2.64,NYSE:ALC,https://www.tradingview.com/chart/?symbol=NYSE%3AALC,2%+,True,2026-08-23,BREAKOUT,,,False,2026-09-08,69.12,WATCH_CLUSTER,BEAR_CANDLE
HK,2359.HK,2026-08-21,212.8,2026-08-26,2026-10-07,218.4,2026-10-07,218.4,2.63,HKEX:2359,https://www.tradingview.com/chart/?symbol=HKEX%3A2359,2%+,False,,,,,False,2026-10-09,209.0,,
HK,2268.HK,2026-09-16,81.85,2026-09-23,2026-10-07,84.0,2026-10-07,84.0,2.63,HKEX:2268,https://www.tradingview.com/chart/?symbol=HKEX%3A2268,2%+,False,,,,,False,2026-10-09,82.1,,
HK,0991.HK,2026-09-18,2.651,2026-09-18,2026-09-30,2.67,2026-10-06,2.72,2.6,HKEX:0991,https://www.tradingview.com/chart/?symbol=HKEX%3A0991,2%+,False,,,,,False,2026-10-09,2.72,WATCH_CLUSTER,BULL_CANDLE
HK,2888.HK,2026-08-24,239.791,2026-08-24,2026-09-16,244.0,2026-09-21,246.0,2.59,HKEX:2888,https://www.tradingview.com/chart/?symbol=HKEX%3A2888,2%+,False,,,,,False,2026-10-02,244.4,,
US,SU,2026-09-01,69.14,2026-09-01,2026-09-17,69.49,2026-10-08,70.91,2.56,NYSE:SU,https://www.tradingview.com/chart/?symbol=NYSE%3ASU,2%+,False,,,,,False,2026-10-08,70.91,,
US,SPSC,2026-09-15,82.5,2026-09-15,2026-09-24,82.7,2026-10-09,84.58,2.52,NASDAQ:SPSC,https://www.tradingview.com/chart/?symbol=NASDAQ%3ASPSC,2%+,True,2026-09-25,BREAKOUT,2026-10-01,2026-10-01,True,2026-10-09,84.58,WATCH_CLUSTER,BULL_CANDLE
US,CWK,2026-08-23,14.48,2026-08-23,2026-08-23,14.82,2026-08-25,14.845,2.52,NYSE:CWK,https://www.tradingview.com/chart/?symbol=NYSE%3ACWK,2%+,True,2026-08-28,BREAKOUT+EMA20,,,False,2026-09-01,13.39,WATCH_CLUSTER,BULL_CANDLE
US,TEAM,2026-09-15,198.6,2026-09-15,2026-10-08,203.57,2026-10-08,203.57,2.5,NASDAQ:TEAM,https://www.tradingview.com/chart/?symbol=NASDAQ%3ATEAM,2%+,False,,,,,False,2026-10-08,203.57,WATCH_CLUSTER,STRONG_BULL_CANDLE
US,CIB,2026-08-20,100.74,2026-08-20,2026-08-23,101.27,2026-08-25,103.26,2.5,NYSE:CIB,https://www.tradingview.com/chart/?symbol=NYSE%3ACIB,2%+,True,2026-08-31,EMA20,2026-09-01,2026-09-03,True,2026-09-15,100.67,,
US,GIS,2026-09-01,40.1,2026-09-01,2026-09-01,41.1,2026-09-01,41.1,2.49,NYSE:GIS,https://www.tradingview.com/chart/?symbol=NYSE%3AGIS,2%+,False,,,,,False,2026-09-01,41.1,WATCH_CLUSTER,BEAR_CANDLE
US,AAMI,2026-08-20,93.82,2026-08-20,2026-08-26,95.67,2026-10-05,96.16,2.49,NYSE:AAMI,https://www.tradingview.com/chart/?symbol=NYSE%3AAAMI,2%+,False,,,,,False,2026-10-09,93.71,,
HK,6690.HK,2026-08-21,21.116,2026-08-21,2026-08-21,21.5,2026-09-04,21.64,2.48,HKEX:6690,https://www.tradingview.com/chart/?symbol=HKEX%3A6690,2%+,True,2026-09-02,BREAKOUT+EMA20,2026-09-04,2026-09-04,True,2026-09-08,21.22,READY_NOW,BULL_CANDLE
US,PYPL,2026-08-25,60.76,2026-08-25,2026-08-25,62.26,2026-08-25,62.26,2.47,NASDAQ:PYPL,https://www.tradingview.com/chart/?symbol=NASDAQ%3APYPL,2%+,True,2026-08-28,BREAKOUT+EMA20,,,False,2026-08-28,53.655,WATCH_CLUSTER,DOJI
US,CQP,2026-08-24,69.5,2026-08-24,2026-09-01,70.32,2026-09-02,71.22,2.47,NYSE:CQP,https://www.tradingview.com/chart/?symbol=NYSE%3ACQP,2%+,True,2026-09-03,BREAKOUT+EMA20,2026-09-09,2026-09-09,True,2026-09-17,66.75,WATCH_CLUSTER,BULLISH_ENGULFING
US,SPOT,2026-09-04,544.89,2026-09-04,2026-09-14,556.61,2026-09-15,558.28,2.46,NYSE:SPOT,https://www.tradingview.com/chart/?symbol=NYSE%3ASPOT,2%+,True,2026-09-17,BREAKOUT+EMA20,,,False,2026-09-23,510.45,WATCH_CLUSTER,BULL_CANDLE
US,CET,2026-08-23,54.65,2026-08-23,2026-08-24,54.79,2026-09-11,55.99,2.45,AMEX:CET,https://www.tradingview.com/chart/?symbol=AMEX%3ACET,2%+,True,2026-08-31,BREAKOUT+EMA20,2026-09-04,2026-09-04,True,2026-09-17,55.5,WATCH_CLUSTER,BEAR_CANDLE
US,BTU,2026-09-10,28.345,2026-09-10,2026-09-10,29.04,2026-09-10,29.04,2.45,NYSE:BTU,https://www.tradingview.com/chart/?symbol=NYSE%3ABTU,2%+,True,2026-09-11,BREAKOUT,,,False,2026-09-17,27.245,WATCH_CLUSTER,BEAR_CANDLE
US,TGT,2026-08-20,161.98,2026-08-20,2026-08-25,163.47,2026-08-31,165.93,2.44,NYSE:TGT,https://www.tradingview.com/chart/?symbol=NYSE%3ATGT,2%+,False,,,,,False,2026-09-08,162.71,,
Canada,SDE.TO,2026-09-01,13.54,2026-09-01,2026-09-09,13.78,2026-10-08,13.87,2.44,TSX:SDE,https://www.tradingview.com/chart/?symbol=TSX%3ASDE,2%+,False,,,,,False,2026-10-09,13.74,,
US,RGA,2026-08-20,250.004,2026-08-20,2026-09-04,253.27,2026-10-09,256.1,2.44,NYSE:RGA,https://www.tradingview.com/chart/?symbol=NYSE%3ARGA,2%+,True,2026-09-07,BREAKOUT,2026-10-08,2026-10-08,True,2026-10-09,256.1,WATCH_CLUSTER,BULL_CANDLE
US,ULTA,2026-09-07,550.77,2026-09-07,2026-09-07,564.17,2026-09-07,564.17,2.43,NASDAQ:ULTA,https://www.tradingview.com/chart/?symbol=NASDAQ%3AULTA,2%+,True,2026-09-08,BREAKOUT,2026-09-21,2026-09-21,True,2026-09-23,543.97,WATCH_CLUSTER,BULL_CANDLE
US,GILD,2026-08-20,148.97,2026-08-20,2026-09-01,149.9,2026-09-22,152.58,2.42,NASDAQ:GILD,https://www.tradingview.com/chart/?symbol=NASDAQ%3AGILD,2%+,True,2026-09-10,EMA20,2026-09-14,2026-09-17,True,2026-10-09,151.17,,
US,ADBE,2026-09-02,279.0,2026-09-02,2026-09-02,279.79,2026-09-03,285.74,2.42,NASDAQ:ADBE,https://www.tradingview.com/chart/?symbol=NASDAQ%3AADBE,2%+,True,2026-09-04,BREAKOUT+EMA20,,,False,2026-09-08,257.25,WATCH_CLUSTER,BEAR_CANDLE
US,RELX,2026-08-20,35.789,2026-08-20,2026-08-23,35.9,2026-09-03,36.65,2.41,NYSE:RELX,https://www.tradingview.com/chart/?symbol=NYSE%3ARELX,2%+,True,2026-08-26,BREAKOUT,2026-08-28,2026-08-28,True,2026-09-04,35.525,RECLAIM_PENDING,BEAR_CANDLE
US,FRHC,2026-08-28,172.235,2026-08-28,2026-08-31,175.01,2026-09-25,176.37,2.4,NASDAQ:FRHC,https://www.tradingview.com/chart/?symbol=NASDAQ%3AFRHC,2%+,True,2026-09-29,BREAKOUT,2026-10-01,2026-10-01,True,2026-10-08,166.9,WATCH_CLUSTER,STRONG_BEAR_CANDLE
US,SENEA,2026-08-20,199.55,2026-08-20,2026-08-28,200.23,2026-09-03,204.28,2.37,NASDAQ:SENEA,https://www.tradingview.com/chart/?symbol=NASDAQ%3ASENEA,2%+,False,,,,,False,2026-09-04,204.28,,
US,SMFG,2026-08-26,26.67,2026-08-26,2026-09-04,27.3,2026-09-04,27.3,2.36,NYSE:SMFG,https://www.tradingview.com/chart/?symbol=NYSE%3ASMFG,2%+,True,2026-09-09,BREAKOUT,2026-09-11,2026-09-11,True,2026-10-02,25.42,WATCH_CLUSTER,HAMMER_BEAR_BODY
US,KARO,2026-08-23,67.14,2026-08-23,2026-08-28,67.2,2026-09-17,68.71,2.34,NASDAQ:KARO,https://www.tradingview.com/chart/?symbol=NASDAQ%3AKARO,2%+,False,,,,,False,2026-09-18,66.67,,
US,GLIBK,2026-08-26,25.74,2026-08-26,2026-08-26,26.34,2026-08-26,26.34,2.33,NASDAQ:GLIBK,https://www.tradingview.com/chart/?symbol=NASDAQ%3AGLIBK,2%+,True,2026-09-09,BREAKOUT+EMA20,2026-09-14,2026-09-14,True,2026-09-23,23.68,WATCH_CLUSTER,BULL_CANDLE
US,TWFG,2026-08-20,29.59,2026-08-20,2026-08-24,30.275,2026-08-24,30.275,2.31,NASDAQ:TWFG,https://www.tradingview.com/chart/?symbol=NASDAQ%3ATWFG,2%+,False,,,,,False,2026-09-03,30.065,,
US,MATX,2026-08-20,230.313,2026-08-23,2026-09-16,235.62,2026-09-16,235.62,2.3,NYSE:MATX,https://www.tradingview.com/chart/?symbol=NYSE%3AMATX,2%+,True,2026-09-22,BREAKOUT+EMA20,,,False,2026-10-09,225.76,WATCH_CLUSTER,BEAR_CANDLE
Canada,KEL.TO,2026-08-28,10.94,2026-08-28,2026-09-16,11.0,2026-09-17,11.19,2.29,TSX:KEL,https://www.tradingview.com/chart/?symbol=TSX%3AKEL,2%+,False,,,,,False,2026-10-09,11.14,,
US,DOO,2026-08-23,66.64,2026-08-23,2026-08-23,68.155,2026-08-23,68.155,2.27,NASDAQ:DOO,https://www.tradingview.com/chart/?symbol=NASDAQ%3ADOO,2%+,False,,,,,False,2026-08-23,68.155,WATCH_CLUSTER,BULL_CANDLE
US,WOR,2026-10-06,61.128,2026-10-06,2026-10-06,61.62,2026-10-09,62.51,2.26,NYSE:WOR,https://www.tradingview.com/chart/?symbol=NYSE%3AWOR,2%+,True,2026-10-07,BREAKOUT,2026-10-08,2026-10-08,True,2026-10-09,62.51,WATCH_CLUSTER,BULL_CANDLE
US,ASX,2026-10-01,45.75,2026-10-01,2026-10-06,46.78,2026-10-06,46.78,2.25,NYSE:ASX,https://www.tradingview.com/chart/?symbol=NYSE%3AASX,2%+,False,,,,,False,2026-10-09,46.43,,
Canada,CEU.TO,2026-09-01,19.64,2026-09-09,2026-09-11,20.08,2026-09-11,20.08,2.24,TSX:CEU,https://www.tradingview.com/chart/?symbol=TSX%3ACEU,2%+,False,,,,,False,2026-09-15,19.54,,
Canada,HWX.TO,2026-08-24,14.35,2026-08-24,2026-08-31,14.46,2026-09-15,14.67,2.23,TSX:HWX,https://www.tradingview.com/chart/?symbol=TSX%3AHWX,2%+,True,2026-09-03,BREAKOUT,,,False,2026-10-09,13.96,,
US,AVAH,2026-09-03,14.0,2026-09-04,2026-09-09,14.026,2026-09-15,14.31,2.21,NASDAQ:AVAH,https://www.tradingview.com/chart/?symbol=NASDAQ%3AAVAH,2%+,True,2026-09-29,EMA20,,,False,2026-10-02,12.6,RECLAIM_PENDING,DOJI
US,OXY,2026-09-03,62.15,2026-09-09,2026-09-15,63.52,2026-09-15,63.52,2.2,NYSE:OXY,https://www.tradingview.com/chart/?symbol=NYSE%3AOXY,2%+,True,2026-09-16,BREAKOUT+EMA20,,,False,2026-09-25,56.86,WATCH_CLUSTER,DOJI
US,EFX,2026-08-28,190.15,2026-08-28,2026-08-28,194.33,2026-08-28,194.33,2.2,NYSE:EFX,https://www.tradingview.com/chart/?symbol=NYSE%3AEFX,2%+,True,2026-08-31,BREAKOUT,,,False,2026-09-04,177.07,WATCH_CLUSTER,BULL_CANDLE
US,SMA,2026-08-20,33.713,2026-08-20,2026-08-20,34.45,2026-08-20,34.45,2.19,NYSE:SMA,https://www.tradingview.com/chart/?symbol=NYSE%3ASMA,2%+,True,2026-08-24,EMA20,2026-08-25,2026-08-25,True,2026-08-28,33.04,RECLAIM_PENDING,BEAR_CANDLE
HK,0019.HK,2026-08-21,105.7,2026-08-21,2026-09-04,106.9,2026-09-08,108.0,2.18,HKEX:0019,https://www.tradingview.com/chart/?symbol=HKEX%3A0019,2%+,True,2026-09-16,BREAKOUT+EMA20,,,False,2026-10-02,102.8,,
US,EXPD,2026-08-20,189.99,2026-08-20,2026-08-26,190.235,2026-10-05,194.12,2.17,NYSE:EXPD,https://www.tradingview.com/chart/?symbol=NYSE%3AEXPD,2%+,False,,,,,False,2026-10-09,193.24,,
US,CON,2026-08-20,35.835,2026-08-20,2026-10-05,36.21,2026-10-08,36.61,2.16,NYSE:CON,https://www.tradingview.com/chart/?symbol=NYSE%3ACON,2%+,False,,,,,False,2026-10-08,36.61,,
US,ICL,2026-09-09,5.766,2026-09-09,2026-09-09,5.89,2026-09-09,5.89,2.15,NYSE:ICL,https://www.tradingview.com/chart/?symbol=NYSE%3AICL,2%+,True,2026-09-10,BREAKOUT,,,False,2026-09-17,5.53,WATCH_CLUSTER,DOJI
US,LTC,2026-08-20,42.607,2026-08-28,2026-09-14,42.64,2026-09-17,43.5,2.1,NYSE:LTC,https://www.tradingview.com/chart/?symbol=NYSE%3ALTC,2%+,False,,,,,False,2026-10-05,43.0,,
US,DGX,2026-08-20,242.39,2026-08-20,2026-08-23,244.39,2026-09-17,247.45,2.09,NYSE:DGX,https://www.tradingview.com/chart/?symbol=NYSE%3ADGX,2%+,False,,,,,False,2026-09-23,244.88,,
US,DDS,2026-09-15,665.25,2026-09-15,2026-09-29,677.52,2026-10-05,679.09,2.08,NYSE:DDS,https://www.tradingview.com/chart/?symbol=NYSE%3ADDS,2%+,True,2026-10-01,BREAKOUT+EMA20,2026-10-05,2026-10-05,True,2026-10-09,641.77,WATCH_CLUSTER,DOJI
US,BLCO,2026-08-24,17.77,2026-08-24,2026-09-03,18.14,2026-09-03,18.14,2.08,NYSE:BLCO,https://www.tradingview.com/chart/?symbol=NYSE%3ABLCO,2%+,False,,,,,False,2026-09-14,17.58,,
US,PFE,2026-08-20,28.44,2026-08-20,2026-08-25,28.57,2026-09-02,29.03,2.07,NYSE:PFE,https://www.tradingview.com/chart/?symbol=NYSE%3APFE,2%+,True,2026-09-10,EMA20,2026-09-21,2026-09-25,True,2026-10-09,28.28,,
US,JCAP,2026-08-20,21.865,2026-08-20,2026-08-20,22.31,2026-08-20,22.31,2.04,NASDAQ:JCAP,https://www.tradingview.com/chart/?symbol=NASDAQ%3AJCAP,2%+,True,2026-08-26,BREAKOUT+EMA20,2026-09-08,,False,2026-09-21,20.25,WATCH_CLUSTER,BEAR_CANDLE
US,AGM-A,2026-08-28,154.28,2026-08-28,2026-09-03,157.4,2026-09-03,157.4,2.02,NYSE:AGM-A,https://www.tradingview.com/chart/?symbol=NYSE%3AAGM-A,2%+,True,2026-09-04,EMA20,,,False,2026-09-16,152.55,RECLAIM_PENDING,DOJI
US,HTHT,2026-08-28,46.87,2026-08-28,2026-08-28,47.805,2026-08-28,47.805,1.99,NASDAQ:HTHT,https://www.tradingview.com/chart/?symbol=NASDAQ%3AHTHT,BREAKOUT_ONLY,True,2026-09-02,BREAKOUT,,,False,2026-09-04,45.76,RECLAIM_PENDING,BEAR_CANDLE
US,NMM,2026-08-28,91.96,2026-08-28,2026-09-04,92.07,2026-09-17,93.78,1.98,NYSE:NMM,https://www.tradingview.com/chart/?symbol=NYSE%3ANMM,BREAKOUT_ONLY,True,2026-09-22,EMA20,2026-09-24,2026-10-05,True,2026-10-09,93.06,,
US,AVPT,2026-09-28,14.385,2026-09-28,2026-10-05,14.67,2026-10-05,14.67,1.98,NASDAQ:AVPT,https://www.tradingview.com/chart/?symbol=NASDAQ%3AAVPT,BREAKOUT_ONLY,False,,,,,False,2026-10-06,14.59,,
US,HCI,2026-08-20,186.17,2026-08-20,2026-08-26,187.01,2026-09-03,189.844,1.97,NYSE:HCI,https://www.tradingview.com/chart/?symbol=NYSE%3AHCI,BREAKOUT_ONLY,True,2026-08-31,BREAKOUT,2026-09-01,2026-09-01,True,2026-09-23,175.94,WATCH_CLUSTER,BEAR_CANDLE
US,DEO,2026-08-23,94.21,2026-08-23,2026-08-23,94.62,2026-08-24,96.07,1.97,NYSE:DEO,https://www.tradingview.com/chart/?symbol=NYSE%3ADEO,BREAKOUT_ONLY,True,2026-08-26,BREAKOUT,,,False,2026-09-07,89.19,WATCH_CLUSTER,STRONG_BEAR_CANDLE
US,NGL-PC,2026-10-05,25.486,2026-10-05,2026-10-05,25.68,2026-10-09,25.985,1.96,NYSE:NGL-PC,https://www.tradingview.com/chart/?symbol=NYSE%3ANGL-PC,BREAKOUT_ONLY,False,,,,,False,2026-10-09,25.985,WATCH_CLUSTER,DOJI
US,ITT,2026-08-20,206.59,2026-08-20,2026-08-20,208.16,2026-08-26,210.64,1.96,NYSE:ITT,https://www.tradingview.com/chart/?symbol=NYSE%3AITT,BREAKOUT_ONLY,True,2026-08-23,EMA20,2026-08-26,2026-08-26,True,2026-09-21,205.705,WATCH_CLUSTER,BEAR_CANDLE
US,MNDY,2026-09-03,95.46,2026-09-03,2026-09-03,97.32,2026-09-03,97.32,1.95,NASDAQ:MNDY,https://www.tradingview.com/chart/?symbol=NASDAQ%3AMNDY,BREAKOUT_ONLY,True,2026-09-04,BREAKOUT+EMA20,,,False,2026-09-07,91.06,WATCH_CLUSTER,BEAR_CANDLE
US,MCK,2026-08-20,912.5,2026-08-26,2026-09-02,924.54,2026-10-08,930.25,1.95,NYSE:MCK,https://www.tradingview.com/chart/?symbol=NYSE%3AMCK,BREAKOUT_ONLY,False,,,,,False,2026-10-08,930.25,,
US,CXW,2026-08-20,34.86,2026-08-20,2026-09-11,34.93,2026-09-17,35.54,1.95,NYSE:CXW,https://www.tradingview.com/chart/?symbol=NYSE%3ACXW,BREAKOUT_ONLY,False,,,,,False,2026-09-18,35.23,,
US,CNX,2026-09-03,37.05,2026-09-03,2026-09-03,37.77,2026-09-03,37.77,1.94,NYSE:CNX,https://www.tradingview.com/chart/?symbol=NYSE%3ACNX,BREAKOUT_ONLY,True,2026-09-08,BREAKOUT,,,False,2026-09-16,33.7,WATCH_CLUSTER,BEAR_CANDLE
HK,6616.HK,2026-08-28,10.3,2026-08-31,2026-09-07,10.36,2026-09-08,10.5,1.94,HKEX:6616,https://www.tradingview.com/chart/?symbol=HKEX%3A6616,BREAKOUT_ONLY,True,2026-09-21,EMA20,,,False,2026-09-25,9.36,WATCH_CLUSTER,BEAR_CANDLE
US,TVTX,2026-08-20,66.24,2026-08-20,2026-08-26,67.12,2026-09-10,67.51,1.92,NASDAQ:TVTX,https://www.tradingview.com/chart/?symbol=NASDAQ%3ATVTX,BREAKOUT_ONLY,False,,,,,False,2026-09-14,65.79,,
US,PBT,2026-08-20,35.42,2026-08-20,2026-09-10,35.55,2026-09-15,36.1,1.92,NYSE:PBT,https://www.tradingview.com/chart/?symbol=NYSE%3APBT,BREAKOUT_ONLY,False,,,,,False,2026-09-18,35.15,WATCH_CLUSTER,BULL_CANDLE
US,BATRA,2026-08-24,58.37,2026-08-24,2026-09-29,59.49,2026-09-29,59.49,1.92,NASDAQ:BATRA,https://www.tradingview.com/chart/?symbol=NASDAQ%3ABATRA,BREAKOUT_ONLY,True,2026-09-30,BREAKOUT,,,False,2026-10-09,57.355,RECLAIM_PENDING,SHOOTING_STAR
US,JXN,2026-08-20,137.99,2026-08-24,2026-09-04,140.63,2026-09-04,140.63,1.91,NYSE:JXN,https://www.tradingview.com/chart/?symbol=NYSE%3AJXN,BREAKOUT_ONLY,False,,,,,False,2026-10-06,133.85,,
US,BIIB,2026-08-20,222.15,2026-08-20,2026-09-02,222.67,2026-09-24,226.36,1.9,NASDAQ:BIIB,https://www.tradingview.com/chart/?symbol=NASDAQ%3ABIIB,BREAKOUT_ONLY,False,,,,,False,2026-10-07,222.15,,
US,KFRC,2026-08-20,57.3,2026-08-20,2026-08-20,58.14,2026-08-23,58.38,1.88,NYSE:KFRC,https://www.tradingview.com/chart/?symbol=NYSE%3AKFRC,BREAKOUT_ONLY,True,2026-08-24,EMA20,2026-08-28,2026-08-28,True,2026-08-28,58.18,READY_NOW,DOJI
US,RAPP,2026-08-20,49.9,2026-08-20,2026-08-28,50.83,2026-08-28,50.83,1.86,NASDAQ:RAPP,https://www.tradingview.com/chart/?symbol=NASDAQ%3ARAPP,BREAKOUT_ONLY,False,,,,,False,2026-08-31,50.83,,
US,MOS,2026-09-11,24.998,2026-09-11,2026-09-11,25.195,2026-09-15,25.46,1.85,NYSE:MOS,https://www.tradingview.com/chart/?symbol=NYSE%3AMOS,BREAKOUT_ONLY,True,2026-09-16,BREAKOUT,2026-09-17,2026-09-17,True,2026-09-25,22.99,WATCH_CLUSTER,BEAR_CANDLE
US,ABBV,2026-08-20,267.47,2026-08-20,2026-10-08,272.42,2026-10-08,272.42,1.85,NYSE:ABBV,https://www.tradingview.com/chart/?symbol=NYSE%3AABBV,BREAKOUT_ONLY,False,,,,,False,2026-10-08,272.42,,
US,ZD,2026-08-20,58.06,2026-08-20,2026-09-16,58.75,2026-09-17,59.13,1.84,NASDAQ:ZD,https://www.tradingview.com/chart/?symbol=NASDAQ%3AZD,BREAKOUT_ONLY,True,2026-09-18,BREAKOUT,2026-09-22,2026-09-22,True,2026-10-01,54.46,WATCH_CLUSTER,BULL_CANDLE
Canada,BTE.TO,2026-09-11,7.07,2026-09-14,2026-09-15,7.2,2026-09-15,7.2,1.84,TSX:BTE,https://www.tradingview.com/chart/?symbol=TSX%3ABTE,BREAKOUT_ONLY,False,,,,,False,2026-10-09,6.87,,
US,TRIN,2026-08-20,18.394,2026-08-20,2026-08-24,18.61,2026-08-26,18.73,1.83,NYSE:TRIN,https://www.tradingview.com/chart/?symbol=NYSE%3ATRIN,BREAKOUT_ONLY,True,2026-09-04,EMA20,2026-09-17,,False,2026-09-24,17.5,RECLAIM_PENDING,BEAR_CANDLE
US,ATHM,2026-08-20,22.39,2026-08-20,2026-08-28,22.8,2026-08-28,22.8,1.83,NYSE:ATHM,https://www.tradingview.com/chart/?symbol=NYSE%3AATHM,BREAKOUT_ONLY,True,2026-08-31,BREAKOUT+EMA20,,,False,2026-09-10,21.675,WATCH_CLUSTER,BULL_CANDLE
Canada,GIB-A.TO,2026-08-20,102.512,2026-08-20,2026-08-23,103.16,2026-08-31,104.37,1.81,TSX:GIB.A,https://www.tradingview.com/chart/?symbol=TSX%3AGIB.A,BREAKOUT_ONLY,True,2026-08-26,BREAKOUT+EMA20,2026-08-28,2026-08-28,True,2026-09-14,101.5,WATCH_CLUSTER,STRONG_BULL_CANDLE
Canada,WTE.TO,2026-09-17,43.87,2026-09-17,2026-10-06,44.65,2026-10-06,44.65,1.78,TSX:WTE,https://www.tradingview.com/chart/?symbol=TSX%3AWTE,BREAKOUT_ONLY,False,,,,,False,2026-10-08,43.65,,
US,GCT,2026-08-20,56.27,2026-09-24,2026-10-08,56.42,2026-10-09,57.26,1.76,NASDAQ:GCT,https://www.tradingview.com/chart/?symbol=NASDAQ%3AGCT,BREAKOUT_ONLY,False,,,,,False,2026-10-09,57.26,,
US,WEX,2026-08-20,199.69,2026-08-20,2026-08-23,199.95,2026-08-24,203.19,1.75,NYSE:WEX,https://www.tradingview.com/chart/?symbol=NYSE%3AWEX,BREAKOUT_ONLY,False,,,,,False,2026-09-17,195.18,,
US,QQQX,2026-09-24,30.589,2026-09-24,2026-09-25,30.68,2026-10-09,31.12,1.74,NASDAQ:QQQX,https://www.tradingview.com/chart/?symbol=NASDAQ%3AQQQX,BREAKOUT_ONLY,True,2026-09-28,BREAKOUT,2026-10-01,2026-10-01,True,2026-10-09,31.12,WATCH_CLUSTER,BEAR_CANDLE
US,SCI,2026-08-20,83.96,2026-08-20,2026-08-24,84.26,2026-08-26,85.41,1.73,NYSE:SCI,https://www.tradingview.com/chart/?symbol=NYSE%3ASCI,BREAKOUT_ONLY,True,2026-08-28,BREAKOUT+EMA20,,,False,2026-09-10,79.73,WATCH_CLUSTER,BEAR_CANDLE
US,RYAN,2026-08-20,43.596,2026-08-20,2026-08-24,44.35,2026-08-24,44.35,1.73,NYSE:RYAN,https://www.tradingview.com/chart/?symbol=NYSE%3ARYAN,BREAKOUT_ONLY,True,2026-08-26,BREAKOUT,2026-08-28,2026-08-28,True,2026-09-08,40.88,WATCH_CLUSTER,BEAR_CANDLE
US,BBVA,2026-08-20,29.11,2026-08-20,2026-08-24,29.19,2026-09-03,29.615,1.73,NYSE:BBVA,https://www.tradingview.com/chart/?symbol=NYSE%3ABBVA,BREAKOUT_ONLY,True,2026-09-08,BREAKOUT,2026-09-11,2026-09-11,True,2026-10-01,26.87,WATCH_CLUSTER,STRONG_BEAR_CANDLE
Canada,VBNK.TO,2026-09-15,32.384,2026-09-15,2026-09-22,32.41,2026-09-24,32.94,1.72,TSX:VBNK,https://www.tradingview.com/chart/?symbol=TSX%3AVBNK,BREAKOUT_ONLY,False,,,,,False,2026-09-24,32.94,,
US,HGTY,2026-08-20,13.97,2026-08-24,2026-10-09,14.21,2026-10-09,14.21,1.72,NYSE:HGTY,https://www.tradingview.com/chart/?symbol=NYSE%3AHGTY,BREAKOUT_ONLY,False,,,,,False,2026-10-09,14.21,,
Canada,AYA.TO,2026-09-04,41.98,2026-09-04,2026-09-22,42.7,2026-09-22,42.7,1.72,TSX:AYA,https://www.tradingview.com/chart/?symbol=TSX%3AAYA,BREAKOUT_ONLY,False,,,,,False,2026-09-24,39.55,WATCH_CLUSTER,BULL_CANDLE
US,CRVL,2026-08-28,75.86,2026-10-02,2026-10-05,76.0,2026-10-09,77.16,1.71,NASDAQ:CRVL,https://www.tradingview.com/chart/?symbol=NASDAQ%3ACRVL,BREAKOUT_ONLY,False,,,,,False,2026-10-09,77.16,,
US,WTRG,2026-08-20,41.3,2026-08-20,2026-09-02,41.55,2026-09-09,42.0,1.69,NYSE:WTRG,https://www.tradingview.com/chart/?symbol=NYSE%3AWTRG,BREAKOUT_ONLY,False,,,,,False,2026-09-17,41.62,,
HK,1288.HK,2026-08-26,6.52,2026-08-26,2026-09-02,6.54,2026-09-30,6.63,1.69,HKEX:1288,https://www.tradingview.com/chart/?symbol=HKEX%3A1288,BREAKOUT_ONLY,True,2026-09-08,BREAKOUT,,,False,2026-10-09,6.485,,
US,PR,2026-08-25,24.09,2026-08-25,2026-09-15,24.49,2026-09-15,24.49,1.66,NYSE:PR,https://www.tradingview.com/chart/?symbol=NYSE%3APR,BREAKOUT_ONLY,True,2026-09-16,BREAKOUT+EMA20,2026-09-17,,False,2026-09-28,21.31,WATCH_CLUSTER,STRONG_BEAR_CANDLE
US,EMO,2026-08-25,54.568,2026-08-25,2026-08-28,54.77,2026-09-02,55.47,1.65,NYSE:EMO,https://www.tradingview.com/chart/?symbol=NYSE%3AEMO,BREAKOUT_ONLY,False,,,,,False,2026-09-15,54.68,,
HK,0300.HK,2026-08-21,99.75,2026-08-21,2026-08-31,101.4,2026-08-31,101.4,1.65,HKEX:0300,https://www.tradingview.com/chart/?symbol=HKEX%3A0300,BREAKOUT_ONLY,True,2026-09-07,BREAKOUT,,,False,2026-09-30,94.85,WATCH_CLUSTER,DOJI
US,STEP,2026-09-04,50.576,2026-09-04,2026-09-04,50.93,2026-09-14,51.4,1.63,NASDAQ:STEP,https://www.tradingview.com/chart/?symbol=NASDAQ%3ASTEP,BREAKOUT_ONLY,True,2026-09-09,BREAKOUT,2026-09-14,2026-09-14,True,2026-09-16,48.34,WATCH_CLUSTER,BEAR_CANDLE
US,AXGN,2026-08-23,50.66,2026-08-23,2026-08-28,51.47,2026-08-28,51.47,1.6,NASDAQ:AXGN,https://www.tradingview.com/chart/?symbol=NASDAQ%3AAXGN,BREAKOUT_ONLY,False,,,,,False,2026-09-01,50.76,,
US,GH,2026-08-20,176.58,2026-08-20,2026-09-18,179.38,2026-09-18,179.38,1.59,NASDAQ:GH,https://www.tradingview.com/chart/?symbol=NASDAQ%3AGH,BREAKOUT_ONLY,False,,,,,False,2026-09-30,177.73,,
HK,0659.HK,2026-09-30,8.78,2026-10-07,2026-10-09,8.92,2026-10-09,8.92,1.59,HKEX:0659,https://www.tradingview.com/chart/?symbol=HKEX%3A0659,BREAKOUT_ONLY,False,,,,,False,2026-10-09,8.92,WATCH_CLUSTER,STRONG_BULL_CANDLE
US,SEPN,2026-08-20,40.65,2026-08-20,2026-08-20,40.79,2026-08-25,41.29,1.57,NASDAQ:SEPN,https://www.tradingview.com/chart/?symbol=NASDAQ%3ASEPN,BREAKOUT_ONLY,True,2026-08-23,BREAKOUT+EMA20,2026-08-25,2026-08-25,True,2026-09-03,36.755,WATCH_CLUSTER,BEAR_CANDLE
US,CVE,2026-08-31,33.4,2026-08-31,2026-09-09,33.46,2026-09-15,33.925,1.57,NYSE:CVE,https://www.tradingview.com/chart/?symbol=NYSE%3ACVE,BREAKOUT_ONLY,True,2026-09-21,BREAKOUT+EMA20,,,False,2026-10-05,32.4,,
Canada,FIH-U.TO,2026-08-25,19.25,2026-08-25,2026-08-25,19.55,2026-08-25,19.55,1.56,TSX:FIH.U,https://www.tradingview.com/chart/?symbol=TSX%3AFIH.U,BREAKOUT_ONLY,True,2026-08-28,BREAKOUT,,,False,2026-09-01,18.3,WATCH_CLUSTER,STRONG_BEAR_CANDLE
US,CSWC,2026-08-20,25.176,2026-08-20,2026-08-24,25.26,2026-08-31,25.57,1.56,NASDAQ:CSWC,https://www.tradingview.com/chart/?symbol=NASDAQ%3ACSWC,BREAKOUT_ONLY,True,2026-09-02,EMA20,,,False,2026-09-21,23.44,WATCH_CLUSTER,HAMMER_BEAR_BODY
US,FLYW,2026-08-20,19.125,2026-08-20,2026-08-24,19.42,2026-08-24,19.42,1.54,NASDAQ:FLYW,https://www.tradingview.com/chart/?symbol=NASDAQ%3AFLYW,BREAKOUT_ONLY,False,,,,,False,2026-09-03,18.83,,
US,COO,2026-08-20,75.13,2026-08-20,2026-08-20,76.15,2026-08-23,76.24,1.48,NASDAQ:COO,https://www.tradingview.com/chart/?symbol=NASDAQ%3ACOO,BREAKOUT_ONLY,True,2026-08-25,BREAKOUT+EMA20,,,False,2026-09-01,69.27,WATCH_CLUSTER,STRONG_BEAR_CANDLE
US,BDX,2026-08-20,187.96,2026-08-20,2026-08-24,190.74,2026-08-24,190.74,1.48,NYSE:BDX,https://www.tradingview.com/chart/?symbol=NYSE%3ABDX,BREAKOUT_ONLY,False,,,,,False,2026-10-09,183.75,,
US,NVGS,2026-09-16,24.6,2026-09-16,2026-09-18,24.96,2026-09-18,24.96,1.46,NYSE:NVGS,https://www.tradingview.com/chart/?symbol=NYSE%3ANVGS,BREAKOUT_ONLY,True,2026-09-23,BREAKOUT+EMA20,2026-10-01,,False,2026-10-09,23.93,WATCH_CLUSTER,BEAR_CANDLE
US,CRL,2026-08-25,300.59,2026-08-26,2026-10-06,304.96,2026-10-06,304.96,1.45,NYSE:CRL,https://www.tradingview.com/chart/?symbol=NYSE%3ACRL,BREAKOUT_ONLY,False,,,,,False,2026-10-06,304.96,,
US,UNM,2026-08-26,94.55,2026-08-26,2026-09-04,95.85,2026-09-07,95.9,1.43,NYSE:UNM,https://www.tradingview.com/chart/?symbol=NYSE%3AUNM,BREAKOUT_ONLY,True,2026-09-08,BREAKOUT,2026-09-15,2026-09-15,True,2026-09-21,93.575,RECLAIM_PENDING,STRONG_BEAR_CANDLE
Canada,AG.TO,2026-09-09,28.83,2026-09-09,2026-09-09,29.24,2026-09-09,29.24,1.42,TSX:AG,https://www.tradingview.com/chart/?symbol=TSX%3AAG,BREAKOUT_ONLY,True,2026-09-10,BREAKOUT+EMA20,,,False,2026-09-11,27.14,WATCH_CLUSTER,STRONG_BEAR_CANDLE
US,BP,2026-09-10,46.3,2026-09-11,2026-09-15,46.95,2026-09-15,46.95,1.4,NYSE:BP,https://www.tradingview.com/chart/?symbol=NYSE%3ABP,BREAKOUT_ONLY,True,2026-09-18,BREAKOUT+EMA20,2026-10-02,2026-10-08,True,2026-10-09,46.25,,
US,MDLZ,2026-08-20,63.815,2026-08-20,2026-08-20,64.16,2026-08-24,64.7,1.39,NASDAQ:MDLZ,https://www.tradingview.com/chart/?symbol=NASDAQ%3AMDLZ,BREAKOUT_ONLY,True,2026-08-25,BREAKOUT,,,False,2026-09-03,61.44,WATCH_CLUSTER,BEAR_CANDLE
US,AIZ,2026-08-20,284.64,2026-08-20,2026-08-24,287.86,2026-08-26,288.54,1.37,NYSE:AIZ,https://www.tradingview.com/chart/?symbol=NYSE%3AAIZ,BREAKOUT_ONLY,True,2026-08-31,BREAKOUT+EMA20,2026-09-02,2026-09-03,True,2026-09-18,282.13,RECLAIM_PENDING,DOJI
Canada,RUS.TO,2026-09-17,82.624,2026-09-17,2026-09-24,83.74,2026-09-24,83.74,1.35,TSX:RUS,https://www.tradingview.com/chart/?symbol=TSX%3ARUS,BREAKOUT_ONLY,False,,,,,False,2026-09-24,83.74,,
Canada,HFPC-U.TO,2026-08-23,2.22,2026-08-23,2026-10-06,2.25,2026-10-06,2.25,1.35,TSX:HFPC.U,https://www.tradingview.com/chart/?symbol=TSX%3AHFPC.U,BREAKOUT_ONLY,False,,,,,False,2026-10-09,2.18,,
US,EQH,2026-08-20,53.32,2026-09-02,2026-09-03,53.55,2026-09-17,54.04,1.35,NYSE:EQH,https://www.tradingview.com/chart/?symbol=NYSE%3AEQH,BREAKOUT_ONLY,False,,,,,False,2026-10-09,52.92,,
US,BX,2026-08-23,141.71,2026-08-23,2026-08-23,143.38,2026-08-24,143.62,1.35,NYSE:BX,https://www.tradingview.com/chart/?symbol=NYSE%3ABX,BREAKOUT_ONLY,True,2026-09-01,BREAKOUT+EMA20,,,False,2026-09-09,129.08,WATCH_CLUSTER,STRONG_BEAR_CANDLE
Canada,PXT.TO,2026-08-28,29.24,2026-08-28,2026-09-01,29.63,2026-09-01,29.63,1.33,TSX:PXT,https://www.tradingview.com/chart/?symbol=TSX%3APXT,BREAKOUT_ONLY,True,2026-09-17,BREAKOUT,,,False,2026-09-18,28.33,WATCH_CLUSTER,BEAR_CANDLE
US,GGG,2026-08-20,80.65,2026-08-20,2026-08-20,81.725,2026-08-20,81.725,1.33,NYSE:GGG,https://www.tradingview.com/chart/?symbol=NYSE%3AGGG,BREAKOUT_ONLY,True,2026-08-23,EMA20,,,False,2026-09-09,76.415,WATCH_CLUSTER,BEAR_CANDLE
US,VZ,2026-08-31,50.78,2026-08-31,2026-09-15,51.45,2026-09-15,51.45,1.32,NYSE:VZ,https://www.tradingview.com/chart/?symbol=NYSE%3AVZ,BREAKOUT_ONLY,False,,,,,False,2026-09-15,51.45,,
US,PAA,2026-08-28,25.75,2026-08-28,2026-09-01,25.87,2026-09-11,26.09,1.32,NASDAQ:PAA,https://www.tradingview.com/chart/?symbol=NASDAQ%3APAA,BREAKOUT_ONLY,True,2026-09-21,BREAKOUT+EMA20,,,False,2026-10-09,24.345,WATCH_CLUSTER,BEAR_CANDLE
US,LXP-PC,2026-08-25,49.15,2026-08-25,2026-09-01,49.17,2026-09-30,49.8,1.32,NYSE:LXP-PC,https://www.tradingview.com/chart/?symbol=NYSE%3ALXP-PC,BREAKOUT_ONLY,False,,,,,False,2026-10-08,49.43,,
US,SCHW,2026-08-20,112.2,2026-08-20,2026-08-23,112.3,2026-08-24,113.65,1.29,NYSE:SCHW,https://www.tradingview.com/chart/?symbol=NYSE%3ASCHW,BREAKOUT_ONLY,False,,,,,False,2026-09-07,109.29,,
US,PK,2026-08-20,15.965,2026-08-20,2026-08-25,16.17,2026-08-25,16.17,1.28,NYSE:PK,https://www.tradingview.com/chart/?symbol=NYSE%3APK,BREAKOUT_ONLY,False,,,,,False,2026-10-08,15.21,,
Canada,BDI.TO,2026-10-01,20.38,2026-10-01,2026-10-06,20.64,2026-10-06,20.64,1.28,TSX:BDI,https://www.tradingview.com/chart/?symbol=TSX%3ABDI,BREAKOUT_ONLY,False,,,,,False,2026-10-06,20.64,,
US,APAM,2026-08-20,42.979,2026-08-20,2026-08-26,43.53,2026-08-26,43.53,1.28,NYSE:APAM,https://www.tradingview.com/chart/?symbol=NYSE%3AAPAM,BREAKOUT_ONLY,True,2026-08-31,BREAKOUT,,,False,2026-09-02,41.18,WATCH_CLUSTER,BEAR_CANDLE
US,EXPE,2026-08-20,335.0,2026-08-20,2026-08-24,339.21,2026-08-24,339.21,1.26,NASDAQ:EXPE,https://www.tradingview.com/chart/?symbol=NASDAQ%3AEXPE,BREAKOUT_ONLY,False,,,,,False,2026-08-28,329.44,,
Canada,ONEX.TO,2026-08-23,115.51,2026-08-23,2026-08-25,116.575,2026-08-26,116.91,1.21,TSX:ONEX,https://www.tradingview.com/chart/?symbol=TSX%3AONEX,BREAKOUT_ONLY,False,,,,,False,2026-08-26,116.91,WATCH_CLUSTER,SHOOTING_STAR_BULL_BODY
US,AMCR,2026-08-20,48.0,2026-08-20,2026-08-23,48.58,2026-08-23,48.58,1.21,NYSE:AMCR,https://www.tradingview.com/chart/?symbol=NYSE%3AAMCR,BREAKOUT_ONLY,True,2026-08-26,BREAKOUT,,,False,2026-09-09,43.125,WATCH_CLUSTER,STRONG_BEAR_CANDLE
US,SUN,2026-08-23,78.0,2026-08-23,2026-09-16,78.93,2026-09-16,78.93,1.19,NYSE:SUN,https://www.tradingview.com/chart/?symbol=NYSE%3ASUN,BREAKOUT_ONLY,True,2026-09-18,BREAKOUT,,,False,2026-09-28,74.41,WATCH_CLUSTER,DOJI
US,BST,2026-08-20,50.778,2026-08-20,2026-09-08,50.81,2026-10-02,51.38,1.19,NYSE:BST,https://www.tradingview.com/chart/?symbol=NYSE%3ABST,BREAKOUT_ONLY,True,2026-09-24,BREAKOUT,2026-09-29,2026-10-01,True,2026-10-09,50.6,WATCH_CLUSTER,BULL_CANDLE
Canada,SEC.TO,2026-08-23,435.0,2026-08-23,2026-08-28,440.0,2026-08-28,440.0,1.15,TSX:SEC,https://www.tradingview.com/chart/?symbol=TSX%3ASEC,BREAKOUT_ONLY,False,,,,,False,2026-10-09,440.0,,
US,MDT,2026-09-03,93.09,2026-09-03,2026-09-03,93.12,2026-09-04,94.16,1.15,NYSE:MDT,https://www.tradingview.com/chart/?symbol=NYSE%3AMDT,BREAKOUT_ONLY,True,2026-09-08,BREAKOUT,2026-09-14,2026-09-14,True,2026-09-30,86.28,WATCH_CLUSTER,BEAR_CANDLE
US,KO,2026-08-20,90.92,2026-08-20,2026-08-23,91.095,2026-08-24,91.97,1.15,NYSE:KO,https://www.tradingview.com/chart/?symbol=NYSE%3AKO,BREAKOUT_ONLY,False,,,,,False,2026-09-25,88.1,,
HK,0038.HK,2026-08-28,9.53,2026-08-28,2026-09-05,9.6,2026-09-08,9.64,1.15,HKEX:0038,https://www.tradingview.com/chart/?symbol=HKEX%3A0038,BREAKOUT_ONLY,False,,,,,False,2026-09-08,9.64,,
US,PAYX,2026-08-20,125.9,2026-08-23,2026-08-24,126.0,2026-08-31,127.34,1.14,NASDAQ:PAYX,https://www.tradingview.com/chart/?symbol=NASDAQ%3APAYX,BREAKOUT_ONLY,True,2026-09-04,EMA20,,,False,2026-09-11,115.78,WATCH_CLUSTER,STRONG_BULL_CANDLE
HK,1308.HK,2026-09-01,48.429,2026-09-01,2026-09-21,48.78,2026-09-28,48.98,1.14,HKEX:1308,https://www.tradingview.com/chart/?symbol=HKEX%3A1308,BREAKOUT_ONLY,False,,,,,False,2026-10-08,48.98,,
US,HPE,2026-09-22,63.86,2026-09-22,2026-09-30,63.89,2026-10-02,64.58,1.13,NYSE:HPE,https://www.tradingview.com/chart/?symbol=NYSE%3AHPE,BREAKOUT_ONLY,False,,,,,False,2026-10-02,64.58,,
Canada,CFP.TO,2026-08-20,16.07,2026-09-14,2026-09-16,16.25,2026-09-16,16.25,1.12,TSX:CFP,https://www.tradingview.com/chart/?symbol=TSX%3ACFP,BREAKOUT_ONLY,False,,,,,False,2026-09-29,15.96,,
US,ATKR,2026-08-20,93.808,2026-08-20,2026-09-08,93.88,2026-10-07,94.85,1.11,NYSE:ATKR,https://www.tradingview.com/chart/?symbol=NYSE%3AATKR,BREAKOUT_ONLY,False,,,,,False,2026-10-09,94.84,,
US,SIG,2026-09-28,104.75,2026-09-28,2026-10-08,105.89,2026-10-08,105.89,1.09,NYSE:SIG,https://www.tradingview.com/chart/?symbol=NYSE%3ASIG,BREAKOUT_ONLY,False,,,,,False,2026-10-09,105.22,WATCH_CLUSTER,BEAR_CANDLE
US,BTE,2026-09-11,5.12,2026-09-14,2026-09-15,5.175,2026-09-15,5.175,1.07,NYSE:BTE,https://www.tradingview.com/chart/?symbol=NYSE%3ABTE,BREAKOUT_ONLY,False,,,,,False,2026-09-15,5.175,WATCH_CLUSTER,BULL_CANDLE
US,ABM,2026-08-20,49.8,2026-08-26,2026-09-15,49.91,2026-09-16,50.33,1.06,NYSE:ABM,https://www.tradingview.com/chart/?symbol=NYSE%3AABM,BREAKOUT_ONLY,True,2026-09-17,BREAKOUT,2026-09-22,2026-09-22,True,2026-10-09,49.625,WATCH_CLUSTER,BEAR_CANDLE
US,UFCS,2026-08-20,55.82,2026-08-20,2026-09-04,55.98,2026-10-08,56.4,1.04,NASDAQ:UFCS,https://www.tradingview.com/chart/?symbol=NASDAQ%3AUFCS,BREAKOUT_ONLY,False,,,,,False,2026-10-08,56.4,,
US,AKO-A,2026-08-26,25.703,2026-08-26,2026-09-28,25.97,2026-09-28,25.97,1.04,NYSE:AKO-A,https://www.tradingview.com/chart/?symbol=NYSE%3AAKO-A,BREAKOUT_ONLY,False,,,,,False,2026-09-30,25.97,,
HK,6198.HK,2026-09-16,7.7,2026-09-17,2026-10-09,7.78,2026-10-09,7.78,1.04,HKEX:6198,https://www.tradingview.com/chart/?symbol=HKEX%3A6198,BREAKOUT_ONLY,False,,,,,False,2026-10-09,7.78,WATCH_CLUSTER,BULL_CANDLE
Canada,TXG.TO,2026-09-22,72.85,2026-09-22,2026-10-09,73.6,2026-10-09,73.6,1.03,TSX:TXG,https://www.tradingview.com/chart/?symbol=TSX%3ATXG,BREAKOUT_ONLY,False,,,,,False,2026-10-09,73.6,,
US,BXSL,2026-08-20,25.07,2026-08-23,2026-09-17,25.325,2026-09-17,25.325,1.02,NYSE:BXSL,https://www.tradingview.com/chart/?symbol=NYSE%3ABXSL,BREAKOUT_ONLY,True,2026-09-23,EMA20,2026-09-25,,False,2026-09-28,24.4,RECLAIM_PENDING,BEAR_CANDLE
US,UBS,2026-08-20,55.15,2026-08-20,2026-09-03,55.7,2026-09-03,55.7,1.0,NYSE:UBS,https://www.tradingview.com/chart/?symbol=NYSE%3AUBS,BREAKOUT_ONLY,True,2026-09-08,BREAKOUT,,,False,2026-09-16,50.43,WATCH_CLUSTER,BEAR_CANDLE
US,OSCR,2026-08-23,33.48,2026-08-23,2026-09-14,33.81,2026-09-14,33.81,0.99,NYSE:OSCR,https://www.tradingview.com/chart/?symbol=NYSE%3AOSCR,BREAKOUT_ONLY,False,,,,,False,2026-10-08,33.1,,
US,AWR,2026-08-20,90.21,2026-08-20,2026-08-24,91.105,2026-08-24,91.105,0.99,NYSE:AWR,https://www.tradingview.com/chart/?symbol=NYSE%3AAWR,BREAKOUT_ONLY,False,,,,,False,2026-09-08,88.68,,
HK,1179.HK,2026-08-31,36.78,2026-08-31,2026-08-31,37.14,2026-08-31,37.14,0.98,HKEX:1179,https://www.tradingview.com/chart/?symbol=HKEX%3A1179,BREAKOUT_ONLY,True,2026-09-02,BREAKOUT+EMA20,,,False,2026-09-05,35.8,WATCH_CLUSTER,BEAR_CANDLE
US,CG,2026-08-20,48.9,2026-08-20,2026-08-23,49.37,2026-08-23,49.37,0.96,NASDAQ:CG,https://www.tradingview.com/chart/?symbol=NASDAQ%3ACG,BREAKOUT_ONLY,True,2026-08-31,BREAKOUT,,,False,2026-09-08,45.96,WATCH_CLUSTER,STRONG_BEAR_CANDLE
US,ETV,2026-09-02,15.3,2026-09-02,2026-09-02,15.4,2026-09-21,15.44,0.92,NYSE:ETV,https://www.tradingview.com/chart/?symbol=NYSE%3AETV,BREAKOUT_ONLY,True,2026-09-09,BREAKOUT,2026-09-18,2026-09-21,True,2026-09-30,14.94,RECLAIM_PENDING,BEAR_CANDLE
US,BAM,2026-08-20,51.05,2026-08-20,2026-08-20,51.52,2026-08-20,51.52,0.92,NYSE:BAM,https://www.tradingview.com/chart/?symbol=NYSE%3ABAM,BREAKOUT_ONLY,False,,,,,False,2026-08-20,51.52,WATCH_CLUSTER,STRONG_BEAR_CANDLE
US,TSLX,2026-08-23,18.8,2026-08-23,2026-08-24,18.91,2026-08-25,18.97,0.9,NYSE:TSLX,https://www.tradingview.com/chart/?symbol=NYSE%3ATSLX,BREAKOUT_ONLY,True,2026-08-28,BREAKOUT,2026-08-31,2026-08-31,True,2026-09-23,18.26,RECLAIM_PENDING,BEAR_CANDLE
US,PLPC,2026-08-20,426.0,2026-08-20,2026-08-23,429.841,2026-08-23,429.841,0.9,NASDAQ:PLPC,https://www.tradingview.com/chart/?symbol=NASDAQ%3APLPC,BREAKOUT_ONLY,True,2026-08-24,BREAKOUT+EMA20,,,False,2026-09-01,388.22,WATCH_CLUSTER,BEAR_CANDLE
HK,0270.HK,2026-09-02,8.85,2026-09-02,2026-09-08,8.93,2026-09-08,8.93,0.9,HKEX:0270,https://www.tradingview.com/chart/?symbol=HKEX%3A0270,BREAKOUT_ONLY,True,2026-09-21,BREAKOUT,2026-09-28,2026-09-29,True,2026-10-09,8.79,READY_NOW,BULL_CANDLE
US,HTFL,2026-09-17,51.778,2026-09-17,2026-10-05,52.24,2026-10-05,52.24,0.89,NASDAQ:HTFL,https://www.tradingview.com/chart/?symbol=NASDAQ%3AHTFL,BREAKOUT_ONLY,False,,,,,False,2026-10-06,50.7,WATCH_CLUSTER,BULL_CANDLE
HK,0956.HK,2026-09-16,3.37,2026-09-16,2026-09-21,3.4,2026-09-21,3.4,0.89,HKEX:0956,https://www.tradingview.com/chart/?symbol=HKEX%3A0956,BREAKOUT_ONLY,True,2026-09-23,BREAKOUT+EMA20,2026-10-08,2026-10-08,True,2026-10-09,3.385,WATCH_CLUSTER,DOJI
US,TLX,2026-09-04,12.48,2026-09-04,2026-09-17,12.505,2026-09-18,12.59,0.88,NASDAQ:TLX,https://www.tradingview.com/chart/?symbol=NASDAQ%3ATLX,BREAKOUT_ONLY,False,,,,,False,2026-09-18,12.59,,
Canada,GGD.TO,2026-09-04,4.55,2026-09-04,2026-09-22,4.59,2026-09-22,4.59,0.88,TSX:GGD,https://www.tradingview.com/chart/?symbol=TSX%3AGGD,BREAKOUT_ONLY,False,,,,,False,2026-09-25,4.4,,
Canada,HWO.TO,2026-09-16,1.15,2026-09-16,2026-10-09,1.16,2026-10-09,1.16,0.87,TSX:HWO,https://www.tradingview.com/chart/?symbol=TSX%3AHWO,BREAKOUT_ONLY,False,,,,,False,2026-10-09,1.16,,
US,MGNI,2026-09-02,25.45,2026-09-02,2026-09-17,25.63,2026-09-29,25.67,0.86,NASDAQ:MGNI,https://www.tradingview.com/chart/?symbol=NASDAQ%3AMGNI,BREAKOUT_ONLY,False,,,,,False,2026-09-30,25.67,,
US,GGB,2026-09-08,5.126,2026-09-08,2026-10-05,5.17,2026-10-05,5.17,0.86,NYSE:GGB,https://www.tradingview.com/chart/?symbol=NYSE%3AGGB,BREAKOUT_ONLY,False,,,,,False,2026-10-05,5.17,,
US,ANET,2026-08-20,214.89,2026-09-21,2026-10-07,215.83,2026-10-09,216.74,0.86,NYSE:ANET,https://www.tradingview.com/chart/?symbol=NYSE%3AANET,BREAKOUT_ONLY,False,,,,,False,2026-10-09,216.74,,
US,ELE,2026-09-14,21.55,2026-09-14,2026-09-21,21.73,2026-09-21,21.73,0.84,NASDAQ:ELE,https://www.tradingview.com/chart/?symbol=NASDAQ%3AELE,BREAKOUT_ONLY,True,2026-09-22,BREAKOUT,,,False,2026-09-23,20.42,WATCH_CLUSTER,STRONG_BULL_CANDLE
US,EPR,2026-08-20,60.724,2026-08-20,2026-08-20,61.23,2026-08-20,61.23,0.83,NYSE:EPR,https://www.tradingview.com/chart/?symbol=NYSE%3AEPR,BREAKOUT_ONLY,True,2026-08-23,BREAKOUT+EMA20,,,False,2026-08-28,59.54,RECLAIM_PENDING,BEAR_CANDLE
US,IVZ,2026-08-20,32.8,2026-08-20,2026-08-26,32.995,2026-09-04,33.07,0.82,NYSE:IVZ,https://www.tradingview.com/chart/?symbol=NYSE%3AIVZ,BREAKOUT_ONLY,False,,,,,False,2026-09-11,32.28,,
US,VRTX,2026-08-20,553.69,2026-08-20,2026-09-02,556.9,2026-09-03,558.1,0.8,NASDAQ:VRTX,https://www.tradingview.com/chart/?symbol=NASDAQ%3AVRTX,BREAKOUT_ONLY,True,2026-09-08,BREAKOUT+EMA20,,,False,2026-09-11,515.63,WATCH_CLUSTER,BEAR_CANDLE
US,UTZ,2026-08-20,14.19,2026-08-20,2026-08-25,14.25,2026-10-09,14.3,0.78,NYSE:UTZ,https://www.tradingview.com/chart/?symbol=NYSE%3AUTZ,BREAKOUT_ONLY,False,,,,,False,2026-10-09,14.3,,
US,DRH,2026-08-20,12.77,2026-08-20,2026-08-20,12.78,2026-08-25,12.87,0.78,NASDAQ:DRH,https://www.tradingview.com/chart/?symbol=NASDAQ%3ADRH,BREAKOUT_ONLY,True,2026-08-24,BREAKOUT,2026-08-25,2026-08-25,True,2026-09-02,12.3,WATCH_CLUSTER,BULL_CANDLE
Canada,POU.TO,2026-09-01,32.98,2026-09-11,2026-09-15,33.23,2026-09-15,33.23,0.76,TSX:POU,https://www.tradingview.com/chart/?symbol=TSX%3APOU,BREAKOUT_ONLY,True,2026-09-21,BREAKOUT+EMA20,,,False,2026-09-28,29.64,WATCH_CLUSTER,BEAR_CANDLE
HK,2388.HK,2026-08-21,52.45,2026-08-21,2026-09-03,52.65,2026-09-05,52.85,0.76,HKEX:2388,https://www.tradingview.com/chart/?symbol=HKEX%3A2388,BREAKOUT_ONLY,True,2026-09-16,BREAKOUT,,,False,2026-10-09,49.68,WATCH_CLUSTER,BULL_CANDLE
US,HL-PB,2026-09-02,74.0,2026-09-02,2026-10-01,74.55,2026-10-01,74.55,0.74,NYSE:HL-PB,https://www.tradingview.com/chart/?symbol=NYSE%3AHL-PB,BREAKOUT_ONLY,True,2026-10-02,BREAKOUT+EMA20,,,False,2026-10-02,64.99,WATCH_CLUSTER,DOJI
US,ALKT,2026-08-28,20.23,2026-08-28,2026-08-31,20.38,2026-08-31,20.38,0.74,NASDAQ:ALKT,https://www.tradingview.com/chart/?symbol=NASDAQ%3AALKT,BREAKOUT_ONLY,True,2026-09-01,BREAKOUT+EMA20,,,False,2026-09-15,19.25,WATCH_CLUSTER,BEAR_CANDLE
US,LFST,2026-08-20,12.965,2026-08-23,2026-09-10,13.0,2026-09-15,13.06,0.73,NASDAQ:LFST,https://www.tradingview.com/chart/?symbol=NASDAQ%3ALFST,BREAKOUT_ONLY,False,,,,,False,2026-09-15,13.06,,
US,WFC,2026-08-28,89.655,2026-08-28,2026-09-04,89.97,2026-09-11,90.29,0.71,NYSE:WFC,https://www.tradingview.com/chart/?symbol=NYSE%3AWFC,BREAKOUT_ONLY,False,,,,,False,2026-09-15,89.72,,
US,PARR,2026-09-09,87.03,2026-09-09,2026-10-05,87.52,2026-10-08,87.65,0.71,NYSE:PARR,https://www.tradingview.com/chart/?symbol=NYSE%3APARR,BREAKOUT_ONLY,False,,,,,False,2026-10-08,87.65,,
US,JNJ,2026-08-20,276.47,2026-08-20,2026-09-03,278.43,2026-09-03,278.43,0.71,NYSE:JNJ,https://www.tradingview.com/chart/?symbol=NYSE%3AJNJ,BREAKOUT_ONLY,False,,,,,False,2026-09-25,270.68,,
Canada,MARI.TO,2026-09-22,8.87,2026-09-22,2026-09-22,8.93,2026-09-22,8.93,0.68,TSX:MARI,https://www.tradingview.com/chart/?symbol=TSX%3AMARI,BREAKOUT_ONLY,True,2026-09-23,BREAKOUT,,,False,2026-09-25,8.52,WATCH_CLUSTER,UNKNOWN
US,HTGC,2026-08-20,17.64,2026-08-26,2026-08-26,17.66,2026-09-17,17.76,0.68,NYSE:HTGC,https://www.tradingview.com/chart/?symbol=NYSE%3AHTGC,BREAKOUT_ONLY,True,2026-09-18,EMA20,,,False,2026-10-07,16.37,WATCH_CLUSTER,BEAR_CANDLE
Canada,CS.TO,2026-08-20,16.09,2026-08-20,2026-09-08,16.2,2026-09-08,16.2,0.68,TSX:CS,https://www.tradingview.com/chart/?symbol=TSX%3ACS,BREAKOUT_ONLY,False,,,,,False,2026-09-09,16.02,,
US,GPC,2026-08-20,137.16,2026-08-20,2026-08-28,137.51,2026-09-04,138.08,0.67,NYSE:GPC,https://www.tradingview.com/chart/?symbol=NYSE%3AGPC,BREAKOUT_ONLY,False,,,,,False,2026-09-10,134.16,,
US,DV,2026-09-04,13.41,2026-09-04,2026-09-15,13.5,2026-09-15,13.5,0.67,NYSE:DV,https://www.tradingview.com/chart/?symbol=NYSE%3ADV,BREAKOUT_ONLY,False,,,,,False,2026-10-09,13.49,,
US,SN,2026-08-20,191.22,2026-08-24,2026-08-28,191.23,2026-08-31,192.49,0.66,NYSE:SN,https://www.tradingview.com/chart/?symbol=NYSE%3ASN,BREAKOUT_ONLY,True,2026-09-15,BREAKOUT+EMA20,,,False,2026-10-09,184.98,,
US,NDAQ,2026-08-20,98.66,2026-08-20,2026-08-24,98.79,2026-08-28,99.31,0.66,NASDAQ:NDAQ,https://www.tradingview.com/chart/?symbol=NASDAQ%3ANDAQ,BREAKOUT_ONLY,False,,,,,False,2026-09-04,98.71,,
US,ADP,2026-08-20,285.59,2026-08-25,2026-08-28,287.47,2026-08-28,287.47,0.66,NASDAQ:ADP,https://www.tradingview.com/chart/?symbol=NASDAQ%3AADP,BREAKOUT_ONLY,True,2026-09-10,BREAKOUT+EMA20,,,False,2026-09-15,276.53,,
US,OPY,2026-08-28,123.026,2026-08-28,2026-09-08,123.13,2026-09-10,123.83,0.65,NYSE:OPY,https://www.tradingview.com/chart/?symbol=NYSE%3AOPY,BREAKOUT_ONLY,False,,,,,False,2026-09-29,119.8,,
HK,1606.HK,2026-09-16,1.54,2026-09-16,2026-09-16,1.55,2026-09-16,1.55,0.65,HKEX:1606,https://www.tradingview.com/chart/?symbol=HKEX%3A1606,BREAKOUT_ONLY,True,2026-09-17,BREAKOUT,,,False,2026-10-09,1.53,WATCH_CLUSTER,STRONG_BULL_CANDLE
HK,1398.HK,2026-08-21,7.66,2026-08-21,2026-09-01,7.685,2026-09-30,7.71,0.65,HKEX:1398,https://www.tradingview.com/chart/?symbol=HKEX%3A1398,BREAKOUT_ONLY,False,,,,,False,2026-10-09,7.5,,
US,VAC,2026-09-03,105.97,2026-09-03,2026-09-04,106.645,2026-09-04,106.645,0.64,NYSE:VAC,https://www.tradingview.com/chart/?symbol=NYSE%3AVAC,BREAKOUT_ONLY,True,2026-09-07,EMA20,,,False,2026-09-21,103.05,RECLAIM_PENDING,BEAR_CANDLE
US,CNQ,2026-08-26,51.48,2026-08-26,2026-09-02,51.81,2026-09-02,51.81,0.64,NYSE:CNQ,https://www.tradingview.com/chart/?symbol=NYSE%3ACNQ,BREAKOUT_ONLY,True,2026-09-04,BREAKOUT,2026-09-08,2026-09-15,True,2026-10-09,49.65,,
Canada,PHX.TO,2026-08-26,12.74,2026-08-26,2026-08-31,12.82,2026-08-31,12.82,0.63,TSX:PHX,https://www.tradingview.com/chart/?symbol=TSX%3APHX,BREAKOUT_ONLY,False,,,,,False,2026-10-09,12.72,,
HK,1117.HK,2026-09-16,1.59,2026-09-16,2026-09-17,1.6,2026-09-17,1.6,0.63,HKEX:1117,https://www.tradingview.com/chart/?symbol=HKEX%3A1117,BREAKOUT_ONLY,False,,,,,False,2026-09-17,1.6,WATCH_CLUSTER,BULLISH_ENGULFING
US,AOS,2026-08-20,62.67,2026-08-20,2026-08-23,63.06,2026-08-23,63.06,0.62,NYSE:AOS,https://www.tradingview.com/chart/?symbol=NYSE%3AAOS,BREAKOUT_ONLY,True,2026-08-25,BREAKOUT,,,False,2026-09-08,58.83,WATCH_CLUSTER,STRONG_BEAR_CANDLE
Canada,YGR.TO,2026-08-24,1.64,2026-08-24,2026-09-15,1.65,2026-09-15,1.65,0.61,TSX:YGR,https://www.tradingview.com/chart/?symbol=TSX%3AYGR,BREAKOUT_ONLY,False,,,,,False,2026-10-08,1.63,,
US,CRBG,2026-08-20,34.81,2026-09-02,2026-09-15,35.02,2026-09-15,35.02,0.6,NYSE:CRBG,https://www.tradingview.com/chart/?symbol=NYSE%3ACRBG,BREAKOUT_ONLY,False,,,,,False,2026-10-08,34.45,,
US,BCH,2026-08-20,42.68,2026-08-20,2026-09-03,42.92,2026-09-03,42.92,0.56,NYSE:BCH,https://www.tradingview.com/chart/?symbol=NYSE%3ABCH,BREAKOUT_ONLY,False,,,,,False,2026-09-09,42.1,,
US,SLG,2026-08-20,59.5,2026-08-20,2026-08-25,59.83,2026-08-25,59.83,0.55,NYSE:SLG,https://www.tradingview.com/chart/?symbol=NYSE%3ASLG,BREAKOUT_ONLY,True,2026-08-31,BREAKOUT+EMA20,,,False,2026-09-09,52.44,WATCH_CLUSTER,BEAR_CANDLE
US,BTX,2026-08-20,9.35,2026-08-20,2026-10-07,9.4,2026-10-07,9.4,0.53,NYSE:BTX,https://www.tradingview.com/chart/?symbol=NYSE%3ABTX,BREAKOUT_ONLY,False,,,,,False,2026-10-09,9.4,,
US,JCI,2026-08-20,156.622,2026-10-01,2026-10-05,156.85,2026-10-09,157.44,0.52,NYSE:JCI,https://www.tradingview.com/chart/?symbol=NYSE%3AJCI,BREAKOUT_ONLY,False,,,,,False,2026-10-09,157.44,,
US,ENVA,2026-08-20,246.38,2026-08-20,2026-08-24,247.66,2026-08-24,247.66,0.52,NYSE:ENVA,https://www.tradingview.com/chart/?symbol=NYSE%3AENVA,BREAKOUT_ONLY,True,2026-08-25,BREAKOUT+EMA20,,,False,2026-09-03,233.235,WATCH_CLUSTER,BULL_CANDLE
Canada,ALK.TO,2026-09-04,1.95,2026-09-04,2026-09-22,1.96,2026-09-22,1.96,0.51,TSX:ALK,https://www.tradingview.com/chart/?symbol=TSX%3AALK,BREAKOUT_ONLY,False,,,,,False,2026-09-22,1.96,,
HK,9677.HK,2026-09-16,3.015,2026-09-16,2026-09-28,3.02,2026-09-30,3.03,0.5,HKEX:9677,https://www.tradingview.com/chart/?symbol=HKEX%3A9677,BREAKOUT_ONLY,False,,,,,False,2026-10-08,3.03,,
US,IOT,2026-08-25,42.68,2026-08-28,2026-09-14,42.89,2026-09-14,42.89,0.49,NYSE:IOT,https://www.tradingview.com/chart/?symbol=NYSE%3AIOT,BREAKOUT_ONLY,True,2026-09-17,BREAKOUT,,,False,2026-09-23,39.08,WATCH_CLUSTER,STRONG_BEAR_CANDLE
US,AJG,2026-08-31,265.38,2026-08-31,2026-09-03,266.66,2026-09-03,266.66,0.48,NYSE:AJG,https://www.tradingview.com/chart/?symbol=NYSE%3AAJG,BREAKOUT_ONLY,True,2026-09-04,BREAKOUT,,,False,2026-09-09,244.31,WATCH_CLUSTER,STRONG_BEAR_CANDLE
HK,1088.HK,2026-08-26,46.14,2026-08-28,2026-08-31,46.18,2026-09-01,46.36,0.48,HKEX:1088,https://www.tradingview.com/chart/?symbol=HKEX%3A1088,BREAKOUT_ONLY,True,2026-09-03,BREAKOUT,2026-09-05,,False,2026-10-07,43.24,WATCH_CLUSTER,BEAR_CANDLE
US,MFA-PB,2026-09-01,20.525,2026-09-01,2026-09-02,20.62,2026-09-02,20.62,0.46,NYSE:MFA-PB,https://www.tradingview.com/chart/?symbol=NYSE%3AMFA-PB,BREAKOUT_ONLY,True,2026-09-03,BREAKOUT,,,False,2026-09-15,19.848,RECLAIM_PENDING,HAMMER
US,GEO,2026-08-20,32.62,2026-08-20,2026-08-26,32.77,2026-08-26,32.77,0.46,NYSE:GEO,https://www.tradingview.com/chart/?symbol=NYSE%3AGEO,BREAKOUT_ONLY,False,,,,,False,2026-10-05,32.34,,
US,ET,2026-08-20,21.64,2026-08-25,2026-09-09,21.68,2026-09-10,21.74,0.46,NYSE:ET,https://www.tradingview.com/chart/?symbol=NYSE%3AET,BREAKOUT_ONLY,True,2026-09-16,BREAKOUT+EMA20,,,False,2026-10-01,20.09,WATCH_CLUSTER,BEAR_CANDLE
Canada,PRU.TO,2026-08-25,6.8,2026-09-08,2026-09-22,6.83,2026-09-22,6.83,0.44,TSX:PRU,https://www.tradingview.com/chart/?symbol=TSX%3APRU,BREAKOUT_ONLY,True,2026-10-06,EMA20,2026-10-09,,False,2026-10-09,6.39,WATCH_CLUSTER,BULL_CANDLE
Canada,BNS.TO,2026-08-28,131.72,2026-08-28,2026-09-25,132.3,2026-09-25,132.3,0.44,TSX:BNS,https://www.tradingview.com/chart/?symbol=TSX%3ABNS,BREAKOUT_ONLY,True,2026-09-28,BREAKOUT,,,False,2026-10-09,126.12,WATCH_CLUSTER,BULL_CANDLE
US,IMCR,2026-08-20,37.44,2026-08-20,2026-09-03,37.6,2026-09-03,37.6,0.43,NASDAQ:IMCR,https://www.tradingview.com/chart/?symbol=NASDAQ%3AIMCR,BREAKOUT_ONLY,True,2026-09-04,BREAKOUT+EMA20,,,False,2026-09-11,32.56,WATCH_CLUSTER,STRONG_BEAR_CANDLE
Canada,SOIL.TO,2026-09-16,7.36,2026-09-18,2026-10-06,7.39,2026-10-06,7.39,0.41,TSX:SOIL,https://www.tradingview.com/chart/?symbol=TSX%3ASOIL,BREAKOUT_ONLY,False,,,,,False,2026-10-06,7.39,,
US,AWK,2026-08-24,140.317,2026-08-24,2026-09-03,140.89,2026-09-03,140.89,0.41,NYSE:AWK,https://www.tradingview.com/chart/?symbol=NYSE%3AAWK,BREAKOUT_ONLY,False,,,,,False,2026-09-17,138.24,,
US,ITGR,2026-08-20,126.14,2026-08-20,2026-09-08,126.2,2026-10-08,126.65,0.4,NYSE:ITGR,https://www.tradingview.com/chart/?symbol=NYSE%3AITGR,BREAKOUT_ONLY,False,,,,,False,2026-10-09,126.61,,
US,BNS,2026-08-28,94.96,2026-08-28,2026-09-21,95.34,2026-09-21,95.34,0.4,NYSE:BNS,https://www.tradingview.com/chart/?symbol=NYSE%3ABNS,BREAKOUT_ONLY,True,2026-09-23,EMA20,2026-09-25,,False,2026-10-07,87.21,WATCH_CLUSTER,STRONG_BEAR_CANDLE
US,BML-PL,2026-10-02,19.97,2026-10-02,2026-10-02,20.05,2026-10-02,20.05,0.4,NYSE:BML-PL,https://www.tradingview.com/chart/?symbol=NYSE%3ABML-PL,BREAKOUT_ONLY,True,2026-10-05,BREAKOUT,,,False,2026-10-09,19.78,RECLAIM_PENDING,BULL_CANDLE
US,XOM,2026-08-23,168.64,2026-08-25,2026-09-15,169.29,2026-09-15,169.29,0.39,NYSE:XOM,https://www.tradingview.com/chart/?symbol=NYSE%3AXOM,BREAKOUT_ONLY,True,2026-09-21,BREAKOUT+EMA20,2026-09-28,2026-10-09,True,2026-10-09,168.94,,
US,WTW,2026-08-20,345.52,2026-08-20,2026-08-25,346.82,2026-08-25,346.82,0.38,NASDAQ:WTW,https://www.tradingview.com/chart/?symbol=NASDAQ%3AWTW,BREAKOUT_ONLY,True,2026-09-02,BREAKOUT,,,False,2026-09-07,334.87,WATCH_CLUSTER,BEAR_CANDLE
Canada,WDO.TO,2026-08-23,36.47,2026-08-26,2026-09-25,36.61,2026-09-25,36.61,0.38,TSX:WDO,https://www.tradingview.com/chart/?symbol=TSX%3AWDO,BREAKOUT_ONLY,False,,,,,False,2026-09-25,36.61,,
US,SLMBP,2026-09-17,74.0,2026-09-17,2026-09-17,74.281,2026-09-17,74.281,0.38,NASDAQ:SLMBP,https://www.tradingview.com/chart/?symbol=NASDAQ%3ASLMBP,BREAKOUT_ONLY,False,,,,,False,2026-09-17,74.281,WATCH_CLUSTER,STRONG_BEAR_CANDLE
US,SPB,2026-08-20,88.65,2026-08-20,2026-08-25,88.98,2026-08-25,88.98,0.37,NYSE:SPB,https://www.tradingview.com/chart/?symbol=NYSE%3ASPB,BREAKOUT_ONLY,True,2026-08-31,BREAKOUT+EMA20,,,False,2026-08-31,85.58,WATCH_CLUSTER,STRONG_BEAR_CANDLE
US,CSW,2026-08-20,328.84,2026-08-20,2026-08-23,330.05,2026-08-23,330.05,0.37,NYSE:CSW,https://www.tradingview.com/chart/?symbol=NYSE%3ACSW,BREAKOUT_ONLY,True,2026-08-24,BREAKOUT+EMA20,,,False,2026-09-02,302.3,WATCH_CLUSTER,BULL_CANDLE
HK,2877.HK,2026-09-18,8.45,2026-09-25,2026-09-28,8.48,2026-09-28,8.48,0.36,HKEX:2877,https://www.tradingview.com/chart/?symbol=HKEX%3A2877,BREAKOUT_ONLY,False,,,,,False,2026-10-09,7.425,,
US,ARLP,2026-08-23,26.45,2026-08-23,2026-08-31,26.5,2026-09-02,26.54,0.34,NASDAQ:ARLP,https://www.tradingview.com/chart/?symbol=NASDAQ%3AARLP,BREAKOUT_ONLY,False,,,,,False,2026-09-03,26.54,,
Canada,OVV.TO,2026-08-20,92.85,2026-08-23,2026-09-15,93.16,2026-09-15,93.16,0.33,TSX:OVV,https://www.tradingview.com/chart/?symbol=TSX%3AOVV,BREAKOUT_ONLY,False,,,,,False,2026-10-09,91.16,,
US,KKR,2026-08-23,109.412,2026-08-23,2026-08-31,109.72,2026-09-03,109.77,0.33,NYSE:KKR,https://www.tradingview.com/chart/?symbol=NYSE%3AKKR,BREAKOUT_ONLY,True,2026-09-01,BREAKOUT+EMA20,2026-09-03,2026-09-03,True,2026-09-10,100.88,WATCH_CLUSTER,BEAR_CANDLE
US,KFY,2026-08-20,85.97,2026-08-20,2026-08-28,86.24,2026-08-28,86.24,0.31,NYSE:KFY,https://www.tradingview.com/chart/?symbol=NYSE%3AKFY,BREAKOUT_ONLY,True,2026-09-02,EMA20,2026-09-03,,False,2026-09-10,78.17,WATCH_CLUSTER,BEAR_CANDLE
HK,6655.HK,2026-09-16,16.28,2026-09-16,2026-09-18,16.33,2026-09-18,16.33,0.31,HKEX:6655,https://www.tradingview.com/chart/?symbol=HKEX%3A6655,BREAKOUT_ONLY,True,2026-09-22,BREAKOUT+EMA20,,,False,2026-09-28,15.55,WATCH_CLUSTER,BULL_CANDLE
HK,1988.HK,2026-09-21,3.529,2026-09-21,2026-09-21,3.54,2026-09-21,3.54,0.31,HKEX:1988,https://www.tradingview.com/chart/?symbol=HKEX%3A1988,BREAKOUT_ONLY,True,2026-09-22,BREAKOUT,,,False,2026-10-09,3.405,WATCH_CLUSTER,BEARISH_ENGULFING
US,THC,2026-08-20,277.76,2026-08-20,2026-08-24,278.59,2026-08-24,278.59,0.3,NYSE:THC,https://www.tradingview.com/chart/?symbol=NYSE%3ATHC,BREAKOUT_ONLY,False,,,,,False,2026-09-09,269.08,,
US,SXT,2026-08-20,136.58,2026-08-20,2026-08-25,136.84,2026-08-26,136.96,0.28,NYSE:SXT,https://www.tradingview.com/chart/?symbol=NYSE%3ASXT,BREAKOUT_ONLY,False,,,,,False,2026-10-08,132.03,,
US,NTNX,2026-08-25,74.42,2026-10-01,2026-10-09,74.62,2026-10-09,74.62,0.27,NASDAQ:NTNX,https://www.tradingview.com/chart/?symbol=NASDAQ%3ANTNX,BREAKOUT_ONLY,False,,,,,False,2026-10-09,74.62,WATCH_CLUSTER,BULL_CANDLE
US,NWSA,2026-08-20,30.88,2026-08-20,2026-08-25,30.93,2026-08-28,30.96,0.26,NASDAQ:NWSA,https://www.tradingview.com/chart/?symbol=NASDAQ%3ANWSA,BREAKOUT_ONLY,True,2026-09-09,EMA20,2026-09-14,,False,2026-09-17,30.18,,
US,ZBRA,2026-08-23,386.23,2026-08-23,2026-10-09,387.18,2026-10-09,387.18,0.25,NASDAQ:ZBRA,https://www.tradingview.com/chart/?symbol=NASDAQ%3AZBRA,BREAKOUT_ONLY,False,,,,,False,2026-10-09,387.18,,
US,VRSN,2026-09-15,302.98,2026-09-15,2026-09-18,303.12,2026-10-09,303.74,0.25,NASDAQ:VRSN,https://www.tradingview.com/chart/?symbol=NASDAQ%3AVRSN,BREAKOUT_ONLY,False,,,,,False,2026-10-09,303.74,,
US,DNOW,2026-09-02,16.11,2026-09-02,2026-09-08,16.15,2026-09-08,16.15,0.25,NYSE:DNOW,https://www.tradingview.com/chart/?symbol=NYSE%3ADNOW,BREAKOUT_ONLY,True,2026-09-10,BREAKOUT+EMA20,,,False,2026-09-23,15.7,WATCH_CLUSTER,DOJI
Canada,CVG.TO,2026-08-20,81.5,2026-08-20,2026-08-26,81.7,2026-08-26,81.7,0.25,TSX:CVG,https://www.tradingview.com/chart/?symbol=TSX%3ACVG,BREAKOUT_ONLY,True,2026-08-31,BREAKOUT+EMA20,2026-09-09,2026-09-09,True,2026-09-24,80.0,RECLAIM_PENDING,STRONG_BEAR_CANDLE
HK,0737.HK,2026-09-01,2.005,2026-09-17,2026-09-18,2.01,2026-09-18,2.01,0.25,HKEX:0737,https://www.tradingview.com/chart/?symbol=HKEX%3A0737,BREAKOUT_ONLY,True,2026-09-28,EMA20,2026-09-29,,False,2026-10-09,1.915,,
US,MESO,2026-08-26,16.79,2026-08-26,2026-08-26,16.83,2026-08-26,16.83,0.24,NASDAQ:MESO,https://www.tradingview.com/chart/?symbol=NASDAQ%3AMESO,BREAKOUT_ONLY,False,,,,,False,2026-08-26,16.83,WATCH_CLUSTER,DOJI
US,VOYA,2026-08-20,103.85,2026-08-24,2026-09-04,104.09,2026-09-04,104.09,0.23,NYSE:VOYA,https://www.tradingview.com/chart/?symbol=NYSE%3AVOYA,BREAKOUT_ONLY,True,2026-09-08,BREAKOUT,,,False,2026-09-23,97.37,WATCH_CLUSTER,BEAR_CANDLE
US,NATL,2026-08-23,46.39,2026-08-23,2026-08-23,46.41,2026-08-24,46.49,0.22,NYSE:NATL,https://www.tradingview.com/chart/?symbol=NYSE%3ANATL,BREAKOUT_ONLY,True,2026-08-24,EMA20,,,False,2026-08-26,46.44,RECLAIM_PENDING,DOJI
US,AMG,2026-08-20,369.93,2026-08-20,2026-08-26,370.73,2026-08-26,370.73,0.22,NYSE:AMG,https://www.tradingview.com/chart/?symbol=NYSE%3AAMG,BREAKOUT_ONLY,False,,,,,False,2026-08-26,370.73,READY_NOW,BULL_CANDLE
HK,0696.HK,2026-10-01,9.005,2026-10-01,2026-10-01,9.025,2026-10-01,9.025,0.22,HKEX:0696,https://www.tradingview.com/chart/?symbol=HKEX%3A0696,BREAKOUT_ONLY,True,2026-10-02,BREAKOUT,,,False,2026-10-09,8.98,WATCH_CLUSTER,BULL_CANDLE
US,ADM,2026-09-09,87.902,2026-09-09,2026-09-17,88.09,2026-09-17,88.09,0.21,NYSE:ADM,https://www.tradingview.com/chart/?symbol=NYSE%3AADM,BREAKOUT_ONLY,False,,,,,False,2026-09-18,85.18,,
Canada,IFP.TO,2026-08-20,15.25,2026-08-20,2026-08-23,15.28,2026-08-23,15.28,0.2,TSX:IFP,https://www.tradingview.com/chart/?symbol=TSX%3AIFP,BREAKOUT_ONLY,False,,,,,False,2026-09-22,15.24,WATCH_CLUSTER,BULL_CANDLE
US,SAIC,2026-08-20,129.7,2026-08-20,2026-09-11,129.94,2026-09-11,129.94,0.19,NASDAQ:SAIC,https://www.tradingview.com/chart/?symbol=NASDAQ%3ASAIC,BREAKOUT_ONLY,False,,,,,False,2026-09-11,129.94,WATCH_CLUSTER,BULL_CANDLE
US,AMGN,2026-08-20,443.2,2026-08-20,2026-09-03,444.05,2026-09-03,444.05,0.19,NASDAQ:AMGN,https://www.tradingview.com/chart/?symbol=NASDAQ%3AAMGN,BREAKOUT_ONLY,True,2026-09-08,BREAKOUT+EMA20,,,False,2026-09-11,377.33,WATCH_CLUSTER,STRONG_BEAR_CANDLE
US,UMH,2026-08-20,16.64,2026-08-20,2026-08-26,16.67,2026-08-26,16.67,0.18,NYSE:UMH,https://www.tradingview.com/chart/?symbol=NYSE%3AUMH,BREAKOUT_ONLY,True,2026-09-02,BREAKOUT+EMA20,,,False,2026-09-23,15.395,WATCH_CLUSTER,BULL_CANDLE
US,SAFT,2026-08-20,103.75,2026-08-20,2026-10-02,103.81,2026-10-06,103.94,0.18,NASDAQ:SAFT,https://www.tradingview.com/chart/?symbol=NASDAQ%3ASAFT,BREAKOUT_ONLY,False,,,,,False,2026-10-09,103.82,,
US,CRNX,2026-08-20,84.795,2026-08-20,2026-08-26,84.84,2026-09-02,84.95,0.18,NASDAQ:CRNX,https://www.tradingview.com/chart/?symbol=NASDAQ%3ACRNX,BREAKOUT_ONLY,False,,,,,False,2026-09-02,84.95,,
US,PM,2026-10-08,200.848,2026-10-08,2026-10-09,201.19,2026-10-09,201.19,0.17,NYSE:PM,https://www.tradingview.com/chart/?symbol=NYSE%3APM,BREAKOUT_ONLY,False,,,,,False,2026-10-09,201.19,,
US,KHC,2026-08-20,25.775,2026-08-20,2026-08-31,25.815,2026-08-31,25.815,0.16,NASDAQ:KHC,https://www.tradingview.com/chart/?symbol=NASDAQ%3AKHC,BREAKOUT_ONLY,False,,,,,False,2026-08-31,25.815,WATCH_CLUSTER,DOJI
US,ARX,2026-09-03,19.81,2026-09-03,2026-09-08,19.84,2026-09-08,19.84,0.15,NYSE:ARX,https://www.tradingview.com/chart/?symbol=NYSE%3AARX,BREAKOUT_ONLY,False,,,,,False,2026-10-09,19.8,,
US,APGE,2026-08-20,134.88,2026-08-20,2026-08-28,134.97,2026-09-01,135.08,0.15,NASDAQ:APGE,https://www.tradingview.com/chart/?symbol=NASDAQ%3AAPGE,BREAKOUT_ONLY,False,,,,,False,2026-09-11,133.96,,
Canada,MG.TO,2026-08-20,100.385,2026-08-20,2026-08-23,100.53,2026-08-23,100.53,0.14,TSX:MG,https://www.tradingview.com/chart/?symbol=TSX%3AMG,BREAKOUT_ONLY,True,2026-08-24,BREAKOUT+EMA20,,,False,2026-08-24,93.9,WATCH_CLUSTER,STRONG_BEAR_CANDLE
Canada,ELF.TO,2026-09-11,18.099,2026-10-08,2026-09-22,18.125,2026-09-22,18.125,0.14,TSX:ELF,https://www.tradingview.com/chart/?symbol=TSX%3AELF,BREAKOUT_ONLY,False,,,,,False,2026-10-08,17.92,,
US,LILAK,2026-08-25,8.839,2026-08-25,2026-09-15,8.845,2026-10-07,8.85,0.12,NASDAQ:LILAK,https://www.tradingview.com/chart/?symbol=NASDAQ%3ALILAK,BREAKOUT_ONLY,True,2026-09-17,EMA20,2026-09-21,2026-10-07,True,2026-10-08,8.72,,
US,LILA,2026-08-23,8.9,2026-08-23,2026-10-07,8.91,2026-10-07,8.91,0.11,NASDAQ:LILA,https://www.tradingview.com/chart/?symbol=NASDAQ%3ALILA,BREAKOUT_ONLY,False,,,,,False,2026-10-08,8.77,,
US,WBD,2026-08-23,30.92,2026-09-22,2026-09-30,30.935,2026-10-05,30.95,0.1,NASDAQ:WBD,https://www.tradingview.com/chart/?symbol=NASDAQ%3AWBD,BREAKOUT_ONLY,False,,,,,False,2026-10-08,30.95,,
US,RRC,2026-09-01,42.46,2026-09-01,2026-09-02,42.48,2026-09-02,42.48,0.05,NYSE:RRC,https://www.tradingview.com/chart/?symbol=NYSE%3ARRC,BREAKOUT_ONLY,False,,,,,False,2026-09-15,41.9,,
US,TTC,2026-08-20,100.31,2026-08-20,2026-08-26,100.35,2026-08-26,100.35,0.04,NYSE:TTC,https://www.tradingview.com/chart/?symbol=NYSE%3ATTC,BREAKOUT_ONLY,True,2026-08-31,BREAKOUT+EMA20,2026-09-02,,False,2026-09-16,92.34,WATCH_CLUSTER,BEAR_CANDLE
US,ROKU,2026-08-20,159.69,2026-08-20,2026-08-25,159.74,2026-08-25,159.74,0.03,NASDAQ:ROKU,https://www.tradingview.com/chart/?symbol=NASDAQ%3AROKU,BREAKOUT_ONLY,True,2026-09-09,BREAKOUT+EMA20,2026-09-14,,False,2026-10-08,153.81,,
US,DSGR,2026-08-20,35.06,2026-08-20,2026-10-07,35.07,2026-10-07,35.07,0.03,NASDAQ:DSGR,https://www.tradingview.com/chart/?symbol=NASDAQ%3ADSGR,BREAKOUT_ONLY,False,,,,,False,2026-10-09,35.03,,
US,HZO,2026-08-28,52.46,2026-08-28,2026-10-07,52.47,2026-10-07,52.47,0.02,NYSE:HZO,https://www.tradingview.com/chart/?symbol=NYSE%3AHZO,BREAKOUT_ONLY,False,,,,,False,2026-10-09,52.37,,
