symbol,name,exchange,market_cap,price
NVDA,NVIDIA Corporation,NMS,5453600260096.0,225.16
AAPL,Apple Inc.,NMS,4464797286400.0,305.93
GOOGL,Alphabet Inc.,NMS,4230334382080.0,345.9
GOOG,Alphabet Inc.,NMS,4201472065536.0,343.54
MSFT,Microsoft Corporation,NMS,3678615371776.0,495.4
AMZN,"Amazon.com, Inc.",NMS,2833025073152.0,262.65
TSM,Taiwan Semiconductor Manufactur,NYQ,2211253321728.0,426.35
AVGO,Broadcom Inc.,NMS,1869681393664.0,392.99
SPCX,Space Exploration Technologies ,NMS,1844386201600.0,140.0
META,"Meta Platforms, Inc.",NMS,1502646501376.0,589.85
TSLA,"Tesla, Inc.",NMS,1351811596288.0,342.27
SKHY,SK hynix Inc.,NMS,1180701687808.0,166.33
MU,"Micron Technology, Inc.",NMS,1097386098688.0,971.66
BRK-B,Berkshire Hathaway Inc. New,NYQ,1078981951488.0,504.03
BRK-A,Berkshire Hathaway Inc.,NYQ,1078304178176.0,755570.0
LLY,Eli Lilly and Company,NYQ,1051943960576.0,1180.16
JPM,JP Morgan Chase & Co.,NYQ,964496261120.0,362.84
WMT,Walmart Inc.,NMS,917327708160.0,115.27
AMD,"Advanced Micro Devices, Inc.",NMS,839728824320.0,514.39
ASML,ASML Holding N.V. - New York Re,NMS,708311121920.0,1844.08
V,Visa Inc.,NYQ,679885275136.0,364.15
XOM,ExxonMobil Holdings Corporation,NYQ,658317115392.0,160.1
JNJ,Johnson & Johnson,NYQ,627417088000.0,260.35
INTC,Intel Corporation,NMS,541825761280.0,102.5
MA,Mastercard Incorporated,NYQ,498703663104.0,569.29
BAC,Bank of America Corporation,NYQ,450962325504.0,64.49
ABBV,AbbVie Inc.,NYQ,440825085952.0,249.46
CSCO,"Cisco Systems, Inc.",NMS,440179425280.0,111.68
ORCL,Oracle Corporation,NYQ,433568514048.0,150.52
COST,Costco Wholesale Corporation,NMS,426227466240.0,961.1
PLTR,Palantir Technologies Inc.,NMS,418228273152.0,174.04
LRCX,Lam Research Corporation,NMS,415889031168.0,332.36
AMAT,"Applied Materials, Inc.",NMS,402680348672.0,507.18
CAT,"Caterpillar, Inc.",NYQ,393743728640.0,856.57
CVX,Chevron Corporation,NYQ,392320679936.0,200.0
GE,GE Aerospace,NYQ,382217289728.0,368.38
QH,Quhuo Limited,NCM,379403108352.0,4.31
KO,Coca-Cola Company (The),NYQ,377376571392.0,87.71
UNH,UnitedHealth Group Incorporated,NYQ,360590770176.0,401.73
HSBC,"HSBC Holdings, plc.",NYQ,355872014336.0,103.79
MS,Morgan Stanley,NYQ,341689925632.0,217.36
HD,"Home Depot, Inc. (The)",NYQ,337882939392.0,338.86
PG,Procter & Gamble Company (The),NYQ,336598990848.0,144.55
MRK,"Merck & Company, Inc.",NYQ,335140585472.0,135.84
NFLX,"Netflix, Inc.",NMS,325453545472.0,78.16
DELL,Dell Technologies Inc.,NYQ,317133160448.0,490.81
PANW,"Palo Alto Networks, Inc.",NMS,313180028928.0,384.27
GS,"Goldman Sachs Group, Inc. (The)",NYQ,302649376768.0,1039.42
RY,Royal Bank Of Canada,NYQ,300945276928.0,216.56
RTX,RTX Corporation,NYQ,300509626368.0,222.97
ARM,Arm Holdings plc,NMS,298441539584.0,279.44
BABA,Alibaba Group Holding Limited,NYQ,296756936704.0,123.81
PM,Philip Morris International Inc,NYQ,296744386560.0,190.39
NVS,Novartis AG,NYQ,286779867136.0,150.88
GEV,GE Vernova Inc.,NYQ,283179188224.0,1063.25
WFC,Wells Fargo & Company,NYQ,268591611904.0,88.82
KLAC,KLA Corporation,NMS,266169712640.0,203.72
MUFG,"Mitsubishi UFJ Financial Group,",NYQ,260044685312.0,23.06
TXN,Texas Instruments Incorporated,NMS,255325782016.0,279.58
ANET,"Arista Networks, Inc.",NYQ,250756710400.0,198.82
SHEL,Shell PLC,NYQ,249803456512.0,90.47
AZN,AstraZeneca PLC,NYQ,242636095488.0,156.45
SAP,SAP  SE,NYQ,240039870464.0,207.97
SNDK,Sandisk Corporation,NMS,239602057216.0,1641.11
C,"Citigroup, Inc.",NYQ,233717268480.0,139.33
AXP,American Express Company,NYQ,231280115712.0,342.48
TM,Toyota Motor Corporation,NYQ,226294349824.0,191.11
AMGN,Amgen Inc.,NMS,224092274688.0,415.21
LIN,Linde plc,NMS,222533550080.0,482.74
STX,Seagate Technology Holdings PLC,NMS,220970876928.0,973.44
CRWD,"CrowdStrike Holdings, Inc.",NMS,220911337472.0,216.95
IBM,International Business Machines,NYQ,220760932352.0,234.32
BHP,BHP Group Limited,NYQ,220451143680.0,86.78
TMO,Thermo Fisher Scientific Inc,NYQ,217518620672.0,588.29
SAN,"Banco Santander, S.A. Sponsored",NYQ,210279579648.0,14.76
APH,Amphenol Corporation,NYQ,206043856896.0,167.11
TD,Toronto Dominion Bank (The),NYQ,205449052160.0,124.36
VZ,Verizon Communications Inc.,NYQ,201423503360.0,48.48
NVO,Novo Nordisk A/S,NYQ,201050980352.0,45.89
MRVL,"Marvell Technology, Inc.",NMS,199272824832.0,222.02
SHOP,Shopify Inc.,NMS,198554910720.0,154.32
TMUS,"T-Mobile US, Inc.",NMS,195880566784.0,182.61
TTE,TotalEnergies SE,NYQ,195842310144.0,88.33
ABT,Abbott Laboratories,NYQ,193776713728.0,111.25
MCD,McDonald's Corporation,NYQ,193065828352.0,272.83
PEP,"Pepsico, Inc.",NMS,192319127552.0,140.79
SCHW,Charles Schwab Corporation (The,NYQ,192111886336.0,111.09
BLK,"BlackRock, Inc.",NYQ,190703173632.0,1173.73
ADI,"Analog Devices, Inc.",NMS,189666836480.0,389.39
DIS,Walt Disney Company (The),NYQ,184496488448.0,106.85
BA,Boeing Company (The),NYQ,182971236352.0,231.67
NEE,"NextEra Energy, Inc.",NYQ,179758333952.0,86.19
UBS,UBS Group AG Registered,NYQ,175788687360.0,53.63
WDC,Western Digital Corporation,NMS,175374270464.0,508.8
ETN,"Eaton Corporation, PLC",NYQ,175321333760.0,451.51
UNP,Union Pacific Corporation,NYQ,174468087808.0,293.68
QCOM,QUALCOMM Incorporated,NMS,174079492096.0,165.79
BX,Blackstone Inc.,NYQ,172039208960.0,143.93
GILD,"Gilead Sciences, Inc.",NMS,171560206336.0,138.36
T,AT&T Inc.,NYQ,170555883520.0,24.89
WELL,Welltower Inc.,NYQ,169709125632.0,235.52
TJX,"TJX Companies, Inc. (The)",NYQ,168036581376.0,152.11
SMFG,Sumitomo Mitsui Financial Group,NYQ,167219773440.0,26.32
DE,Deere & Company,NYQ,164454825984.0,608.85
BKNG,Booking Holdings Inc. Common St,NMS,164320722944.0,212.06
CRM,"Salesforce, Inc.",NYQ,160695992320.0,196.21
BBVA,Banco Bilbao Vizcaya Argentaria,NYQ,158375362560.0,28.7
BUD,Anheuser-Busch Inbev SA Sponsor,NYQ,157023109120.0,79.73
IBKR,"Interactive Brokers Group, Inc.",NMS,156853256192.0,92.06
SCCO,Southern Copper Corporation,NYQ,155874279424.0,184.61
RIO,Rio Tinto Plc,NYQ,155662139392.0,95.68
UBER,"Uber Technologies, Inc.",NYQ,155132428288.0,75.95
PFE,"Pfizer, Inc.",NYQ,152694259712.0,26.79
COP,ConocoPhillips,NYQ,152305565696.0,126.78
GLW,Corning Incorporated,NYQ,142691287040.0,165.99
DHR,Danaher Corporation,NYQ,142319517696.0,202.45
SONY,Sony Group Corporation,NYQ,142188953600.0,24.29
ISRG,"Intuitive Surgical, Inc.",NMS,141344276480.0,394.51
LMT,Lockheed Martin Corporation,NYQ,140477710336.0,608.68
COF,Capital One Financial Corporati,NYQ,139473092608.0,227.34
PLD,"Prologis, Inc.",NYQ,137094045696.0,141.03
UL,Unilever PLC,NYQ,133696184320.0,62.09
PH,Parker-Hannifin Corporation,NYQ,133128314880.0,1055.85
CB,Chubb Limited,NYQ,132576272384.0,343.64
MFG,"Mizuho Financial Group, Inc. Sp",NYQ,132420435968.0,10.87
BMY,Bristol-Myers Squibb Company,NYQ,130386477056.0,63.83
BMO,Bank Of Montreal,NYQ,130144411648.0,185.81
SYK,Stryker Corporation,NYQ,130111815680.0,339.21
NOW,"ServiceNow, Inc.",NYQ,128198893568.0,124.0
VRTX,Vertex Pharmaceuticals Incorpor,NMS,128106471424.0,505.75
CVS,CVS Health Corporation,NYQ,124264767488.0,97.16
NEM,Newmont Corporation,NYQ,124082806784.0,117.76
SPGI,S&P Global Inc.,NYQ,123462238208.0,418.8
BTI,British American Tobacco  Indus,NYQ,122997768192.0,57.06
SBUX,Starbucks Corporation,NMS,122766606336.0,107.69
LOW,"Lowe's Companies, Inc.",NYQ,122561667072.0,218.47
PGR,Progressive Corporation (The),NYQ,121855524864.0,209.6
PDD,PDD Holdings Inc.,NMS,120689786880.0,84.79
HDB,HDFC Bank Limited,NYQ,120051695616.0,23.37
FTNT,"Fortinet, Inc.",NMS,117401518080.0,160.01
MDT,Medtronic plc.,NYQ,116829716480.0,91.27
HWM,Howmet Aerospace Inc.,NYQ,115325386752.0,289.18
PBR,Petroleo Brasileiro S.A. Petrob,NYQ,115225264128.0,17.88
SNOW,Snowflake Inc.,NYQ,114003673088.0,328.92
WFC-PC,Wells Fargo & Company Depositar,NYQ,113157668864.0,16.71
VRT,"Vertiv Holdings, LLC",NYQ,113124917248.0,293.84
CM,Canadian Imperial Bank of Comme,NYQ,112949960704.0,123.74
CVNA,Carvana Co.,NYQ,112483377152.0,75.59
NET,"Cloudflare, Inc.",NYQ,112442851328.0,315.78
BNS,Bank Nova Scotia Halifax Pfd 3,NYQ,111794962432.0,91.54
ENB,Enbridge Inc,NYQ,111191793664.0,50.91
BNY,The Bank of New York Mellon Cor,NYQ,110759018496.0,163.24
ABNB,"Airbnb, Inc.",NMS,110212489216.0,184.06
PBR-A,Petroleo Brasileiro S.A. Petrob,NYQ,110023483392.0,16.07
MO,"Altria Group, Inc.",NYQ,109702168576.0,65.7
BP,BP p.l.c.,NYQ,109529309184.0,42.53
EQIX,"Equinix, Inc.",NMS,108746063872.0,1102.1
ADP,"Automatic Data Processing, Inc.",NMS,108436840448.0,272.96
ACN,Accenture plc,NYQ,108246433792.0,176.89
GD,General Dynamics Corporation,NYQ,107081121792.0,395.78
SO,Southern Company (The),NYQ,106753687552.0,92.8
IBN,ICICI Bank Limited,NYQ,106666631168.0,29.74
TT,Trane Technologies plc,NYQ,105655132160.0,480.2
APP,Applovin Corporation,NMS,105562161152.0,315.44
SPOT,Spotify Technology S.A.,NYQ,105446080512.0,512.82
KKR,KKR & Co. Inc.,NYQ,105298558976.0,114.01
ADBE,Adobe Inc.,NMS,104947949568.0,264.02
SNY,Sanofi,NMS,104759132160.0,43.72
MPC,Marathon Petroleum Corporation,NYQ,103760125952.0,355.42
PWR,"Quanta Services, Inc.",NYQ,103102496768.0,685.78
ASX,"ASE Technology Holding Co., Ltd",NYQ,102948929536.0,39.54
PNC,"PNC Financial Services Group, I",NYQ,102531031040.0,256.97
ING,"ING Group, N.V.",NYQ,101943828480.0,35.7
USB,U.S. Bancorp,NYQ,101927723008.0,65.42
MCK,McKesson Corporation,NYQ,101317025792.0,869.0
CEG,Constellation Energy Corporatio,NMS,100091838464.0,282.5
GSK,GSK plc,NYQ,99178938368.0,49.52
CNQ,Canadian Natural Resources Limi,NYQ,98890162176.0,47.97
VLO,Valero Energy Corporation,NYQ,98376179712.0,341.67
BN,Brookfield Corporation,NYQ,97943166976.0,43.85
CME,CME Group Inc.,NMS,97014480896.0,269.8
EQNR,Equinor ASA,NYQ,96824016896.0,40.77
DUK,Duke Energy Corporation (Holdin,NYQ,96620699648.0,123.92
BCS,Barclays PLC,NYQ,94731886592.0,28.14
INTU,Intuit Inc.,NMS,94550794240.0,345.66
AEM,Agnico Eagle Mines Limited,NYQ,94416797696.0,186.46
MMM,3M Company,NYQ,94196695040.0,182.65
DASH,"DoorDash, Inc.",NMS,94033821696.0,217.02
MELI,"MercadoLibre, Inc.",NMS,93514301440.0,1844.58
PSX,Phillips 66,NYQ,93215277056.0,233.61
FCX,"Freeport-McMoRan, Inc.",NYQ,93085999104.0,66.49
JCI,Johnson Controls International ,NYQ,93066117120.0,153.64
MAR,Marriott International,NMS,93020553216.0,356.72
CSX,CSX Corporation,NMS,92920135680.0,50.16
CMCSA,Comcast Corporation,NMS,92903309312.0,26.18
WMB,"Williams Companies, Inc. (The)",NYQ,91982192640.0,75.2
DDOG,"Datadog, Inc.",NMS,91729305600.0,255.46
MNST,Monster Beverage Corporation,NMS,91722801152.0,46.82
EMR,Emerson Electric Company,NYQ,91391508480.0,163.17
LYG,Lloyds Banking Group Plc,NYQ,90099728384.0,6.21
HCA,"HCA Healthcare, Inc.",NYQ,89774129152.0,404.68
WM,"Waste Management, Inc.",NYQ,89756049408.0,224.55
MRSH,Marsh,NYQ,89629827072.0,187.82
CDNS,"Cadence Design Systems, Inc.",NMS,89590554624.0,324.82
UPS,"United Parcel Service, Inc.",NYQ,88906670080.0,104.5
SHW,Sherwin-Williams Company (The),NYQ,87174447104.0,359.1
CMI,Cummins Inc.,NYQ,87106985984.0,631.26
ICE,Intercontinental Exchange Inc.,NYQ,86864568320.0,154.73
ELV,"Elevance Health, Inc.",NYQ,86817120256.0,400.32
BAM,Brookfield Asset Management Inc,NYQ,86746734592.0,54.31
HOOD,"Robinhood Markets, Inc.",NMS,85916303360.0,95.56
EPD,Enterprise Products Partners L.,NYQ,84003667968.0,38.9
MCO,Moody's Corporation,NYQ,83985850368.0,484.96
SPG,"Simon Property Group, Inc.",NYQ,83357728768.0,219.58
NOC,Northrop Grumman Corporation,NYQ,83230466048.0,585.87
APO,"Apollo Global Management, Inc. ",NYQ,83124854784.0,140.76
ITW,Illinois Tool Works Inc.,NYQ,82822684672.0,290.81
REGN,"Regeneron Pharmaceuticals, Inc.",NMS,82722275328.0,803.48
CP,Canadian Pacific Kansas City Li,NYQ,82193907712.0,93.5
LITE,Lumentum Holdings Inc.,NMS,82056003584.0,926.14
AMT,American Tower Corporation (REI,NYQ,81813266432.0,175.58
MDLZ,"Mondelez International, Inc.",NMS,81652965376.0,63.61
RCL,Royal Caribbean Cruises Ltd.,NYQ,81572880384.0,305.0
ITUB,Itau Unibanco Banco Holding SA,NYQ,81561853952.0,7.4
NGG,"National Grid Transco, PLC Nati",NYQ,81484439552.0,81.05
SNPS,"Synopsys, Inc.",NMS,80708534272.0,421.5
NTES,"NetEase, Inc.",NMS,80108101632.0,125.12
CTAS,Cintas Corporation,NMS,79841837056.0,199.52
E,ENI S.p.A.,NYQ,79814107136.0,55.28
SLB,SLB Limited,NYQ,79802384384.0,53.77
FDX,FedEx Corporation,NYQ,79169527808.0,334.64
ROST,"Ross Stores, Inc.",NMS,78706851840.0,245.36
GM,General Motors Company,NYQ,78479253504.0,86.77
HPE,Hewlett Packard Enterprise Comp,NYQ,77743988736.0,58.71
ECL,Ecolab Inc.,NYQ,77401530368.0,276.11
TRV,"The Travelers Companies, Inc.",NYQ,77247840256.0,370.36
MSI,"Motorola Solutions, Inc.",NYQ,77204512768.0,466.51
SU,Suncor Energy  Inc.,NYQ,76985016320.0,65.82
CNI,Canadian National Railway Compa,NYQ,76725510144.0,126.84
EOG,"EOG Resources, Inc.",NYQ,75958157312.0,142.61
NWG,NatWest Group plc,NYQ,75921457152.0,19.1
AON,Aon plc,NYQ,75480596480.0,355.83
DLR,"Digital Realty Trust, Inc.",NYQ,75396743168.0,200.15
BSX,Boston Scientific Corporation,NYQ,75113570304.0,51.83
NSC,Norfolk Southern Corporation,NYQ,75111284736.0,334.41
SE,Sea Limited,NYQ,74686365696.0,121.94
CI,The Cigna Group,NYQ,74663788544.0,282.56
HON,Honeywell International Inc.,NMS,74151280640.0,233.96
MFC,Manulife Financial Corporation,NYQ,73770229760.0,44.46
ORLY,"O'Reilly Automotive, Inc.",NMS,73655877632.0,91.05
HLT,Hilton Worldwide Holdings Inc.,NYQ,73643491328.0,327.21
NU,Nu Holdings Ltd.,NYQ,73571385344.0,15.23
CL,Colgate-Palmolive Company,NYQ,73300033536.0,91.95
KMI,"Kinder Morgan, Inc.",NYQ,73018785792.0,32.82
RACE,Ferrari N.V.,NYQ,72916041728.0,414.85
ET,Energy Transfer LP,NYQ,72481456128.0,21.05
DB,Deutsche Bank AG,NYQ,72454242304.0,38.56
URI,"United Rentals, Inc.",NYQ,71817248768.0,1153.83
NBIS,Nebius Group N.V.,NMS,70502449152.0,277.68
AMX,"America Movil, S.A.B. de C.V.",NYQ,70341795840.0,23.45
TDG,Transdigm Group Incorporated,NYQ,70302924800.0,1256.9
WBD,"Warner Bros. Discovery, Inc. - ",NMS,70174760960.0,27.99
TGT,Target Corporation,NYQ,70163439616.0,154.48
MPWR,"Monolithic Power Systems, Inc.",NMS,68898979840.0,1402.01
PCAR,PACCAR Inc.,NMS,68843266048.0,130.79
APD,"Air Products and Chemicals, Inc",NYQ,68803149824.0,308.97
B,Barrick Mining Corporation,NYQ,68468789248.0,41.6
AEP,American Electric Power Company,NMS,68376309760.0,125.6
BE,Bloom Energy Corporation,NYQ,67723620352.0,229.94
TRP,TC Energy Corporation,NYQ,66693914624.0,64.02
IMO,Imperial Oil Limited,ASE,66271879168.0,133.28
ALL,Allstate Corporation (The),NYQ,66099597312.0,261.41
RSG,"Republic Services, Inc.",NYQ,65746993152.0,214.71
TER,"Teradyne, Inc.",NMS,65473945600.0,418.79
TFC,Truist Financial Corporation,NYQ,64868352000.0,53.1
CRH,CRH PLC,NYQ,64632389632.0,97.15
AJG,Arthur J. Gallagher & Co.,NYQ,64395423744.0,251.21
BKR,Baker Hughes Company,NMS,64345133056.0,64.82
COHR,Coherent Corp.,NYQ,63745159168.0,325.83
TEL,TE Connectivity plc,NYQ,62693871616.0,216.23
GWW,"W.W. Grainger, Inc.",NYQ,62445961216.0,1322.64
FIX,"Comfort Systems USA, Inc.",NYQ,62436851712.0,1774.06
MET,"MetLife, Inc.",NYQ,62060679168.0,97.66
KEYS,Keysight Technologies Inc.,NYQ,61149777920.0,357.82
NUE,Nucor Corporation,NYQ,61009141760.0,268.91
WPM,Wheaton Precious Metals Corp,NYQ,60952813568.0,134.21
AFL,AFLAC Incorporated,NYQ,60888141824.0,121.45
PSA,Public Storage,NYQ,60866039808.0,325.93
CIEN,Ciena Corporation,NYQ,60693647360.0,428.77
D,"Dominion Energy, Inc.",NYQ,60484997120.0,68.77
NKE,"Nike, Inc.",NYQ,60422901760.0,40.73
MPLX,MPLX LP,NYQ,60356358144.0,59.48
NOK,Nokia Corporation Sponsored,NYQ,60068069376.0,10.76
RELX,RELX PLC PLC,NYQ,60030398464.0,34.43
COR,"Cencora, Inc.",NYQ,59885383680.0,313.82
OKE,"ONEOK, Inc.",NYQ,59846815744.0,94.99
GRMN,Garmin Ltd.,NYQ,59823996928.0,310.2
O,Realty Income Corporation,NYQ,59364712448.0,62.74
NXPI,NXP Semiconductors N.V.,NMS,59185455104.0,234.71
TRGP,"Targa Resources, Inc.",NYQ,59137933312.0,275.79
DAL,"Delta Air Lines, Inc.",NYQ,58758619136.0,89.35
FAST,Fastenal Company,NMS,58545328128.0,51.02
AME,"AMETEK, Inc.",NYQ,58398633984.0,254.79
OXY,Occidental Petroleum Corporatio,NYQ,58338836480.0,58.36
CRWV,"CoreWeave, Inc.",NMS,58054742016.0,105.26
VALE,VALE S.A.,NYQ,58006044672.0,13.63
F,Ford Motor Company,NYQ,57301749760.0,14.37
CVE,Cenovus Energy Inc,NYQ,57190039552.0,31.01
FANG,"Diamondback Energy, Inc.",NMS,56957505536.0,202.47
SRE,DBA Sempra,NYQ,56503533568.0,86.41
TAK,Takeda Pharmaceutical Company L,NYQ,56301453312.0,17.63
LNG,"Cheniere Energy, Inc.",NYQ,56102940672.0,271.64
ALAB,"Astera Labs, Inc.",NMS,55794540544.0,321.61
MT,Arcelor Mittal NY Registry Shar,NYQ,55693520896.0,73.86
CAH,"Cardinal Health, Inc.",NYQ,54694834176.0,235.17
LHX,"L3Harris Technologies, Inc.",NYQ,54341152768.0,291.82
NDAQ,"Nasdaq, Inc.",NMS,54231982080.0,97.02
ARGX,argenx SE,NMS,53257543680.0,851.29
PYPL,"PayPal Holdings, Inc.",NMS,53150920704.0,61.66
ADSK,"Autodesk, Inc.",NMS,53136814080.0,251.66
DEO,Diageo plc,NYQ,53055094784.0,95.44
EW,Edwards Lifesciences Corporatio,NYQ,52743278592.0,91.6
HONA,Honeywell Aerospace Inc.,NMS,52726095872.0,166.36
STT,State Street Corporation,NYQ,52671315968.0,191.74
FITB,Fifth Third Bancorp,NYQ,52635627520.0,58.06
HEI,Heico Corporation,NYQ,52355530752.0,374.67
CARR,Carrier Global Corporation,NYQ,52143837184.0,62.78
CBRS,Cerebras Systems Inc.,NMS,52021772288.0,218.98
RKLB,Rocket Lab Corporation,NMS,51312734208.0,80.25
CTVA,"Corteva, Inc.",NYQ,51160592384.0,76.68
WAB,Westinghouse Air Brake Technolo,NYQ,50507718656.0,299.02
DVN,Devon Energy Corporation,NYQ,50434998272.0,45.85
AMP,"Ameriprise Financial, Inc.",NYQ,50347335680.0,569.54
ETR,Entergy Corporation,NYQ,50321539072.0,107.84
BDX,"Becton, Dickinson and Company",NYQ,49955741696.0,183.4
ROK,"Rockwell Automation, Inc.",NYQ,49901940736.0,449.37
XYZ,"Block, Inc.",NYQ,49793888256.0,82.88
AXON,"Axon Enterprise, Inc.",NMS,49784725504.0,612.83
VST,Vistra Corp.,NYQ,49717645312.0,148.13
XEL,Xcel Energy Inc.,NMS,49452298240.0,79.17
AZO,"AutoZone, Inc.",NYQ,49384198144.0,3025.0
WDAY,"Workday, Inc.",NMS,49068687360.0,198.68
INFY,Infosys Limited,NYQ,48965992448.0,12.09
AU,AngloGold Ashanti PLC,NYQ,48705581056.0,96.3
CRDO,Credo Technology Group Holding ,NMS,48465604608.0,259.9
STM,STMicroelectronics N.V.,NYQ,48457543680.0,54.29
MDLN,Medline Inc.,NMS,48085786624.0,35.74
UMC,United Microelectronics Corpora,NYQ,48026447872.0,19.15
CCEP,Coca-Cola Europacific Partners ,NMS,47565406208.0,107.64
ARES,Ares Management Corporation,NYQ,47504510976.0,144.02
FERG,Ferguson Enterprises Inc.,NYQ,47384309760.0,244.94
EXC,Exelon Corporation,NMS,47247446016.0,45.86
VTR,"Ventas, Inc.",NYQ,46944849920.0,91.52
HUM,Humana Inc.,NYQ,46717239296.0,389.05
FLEX,Flex Ltd.,NMS,46603882496.0,126.16
FER,Ferrovial N.V.,NMS,46228246528.0,64.13
TTWO,"Take-Two Interactive Software, ",NMS,46174822400.0,246.95
EBAY,eBay Inc.,NMS,45897297920.0,103.14
FNV,Franco-Nevada Corporation,NYQ,45168697344.0,234.21
SLF,Sun Life Financial Inc.,NYQ,45057732608.0,81.37
JBS,JBS N.V.,NYQ,44899815424.0,13.65
TRI,Thomson Reuters Corp,NMS,44886396928.0,103.61
NTRA,"Natera, Inc.",NMS,44674605056.0,309.93
CBRE,CBRE Group Inc,NYQ,44264480768.0,152.86
WDS,Woodside Energy Group Limited,NYQ,44048490496.0,23.17
LYV,"Live Nation Entertainment, Inc.",NYQ,43903549440.0,188.46
IX,ORIX Corporation,NYQ,43864064000.0,40.16
ODFL,"Old Dominion Freight Line, Inc.",NMS,43746025472.0,210.97
VIK,Viking Holdings Ltd,NYQ,43718934528.0,97.99
RVMD,"Revolution Medicines, Inc.",NMS,43662471168.0,203.71
IDXX,"IDEXX Laboratories, Inc.",NMS,43461378048.0,550.96
PAYX,"Paychex, Inc.",NMS,43400421376.0,122.02
BSBR,Banco Santander Brasil SA,NYQ,43203035136.0,5.77
ABEV,Ambev S.A.,NYQ,43175993344.0,2.8
PRU,"Prudential Financial, Inc.",NYQ,43169849344.0,125.13
MCHP,Microchip Technology Incorporat,NMS,42989998080.0,79.17
TEVA,Teva Pharmaceutical Industries ,NYQ,42847940608.0,36.77
KDP,Keurig Dr Pepper Inc.,NMS,42784370688.0,31.44
HLN,Haleon plc,NYQ,42717474816.0,9.7
CCJ,Cameco Corporation,NYQ,42568994816.0,97.74
CMG,"Chipotle Mexican Grill, Inc.",NYQ,42391502848.0,33.5
CLS,"Celestica, Inc.",NYQ,42253529088.0,335.05
KB,KB Financial Group Inc,NYQ,42115178496.0,119.95
A,"Agilent Technologies, Inc.",NYQ,41949614080.0,148.53
WCN,"Waste Connections, Inc.",NYQ,41833447424.0,166.29
RKT,"Rocket Companies, Inc.",NYQ,41795043328.0,14.76
DHI,"D.R. Horton, Inc.",NYQ,41622347776.0,148.81
MSCI,MSCI Inc.,NYQ,41375752192.0,569.13
TEAM,Atlassian Corporation,NMS,41166221312.0,162.22
HMC,"Honda Motor Company, Ltd.",NYQ,40975896576.0,31.58
UAL,"United Airlines Holdings, Inc.",NMS,40681570304.0,125.34
NTAP,"NetApp, Inc.",NMS,40571097088.0,207.08
WAT,Waters Corporation,NYQ,40469266432.0,412.17
YUM,"Yum! Brands, Inc.",NYQ,40419381248.0,148.11
FMX,Fomento Economico Mexicano S.A.,NYQ,40292397056.0,118.27
ED,"Consolidated Edison, Inc.",NYQ,40237359104.0,108.8
AIG,"American International Group, I",NYQ,40074534912.0,76.64
EXPE,"Expedia Group, Inc.",NMS,39929237504.0,332.69
SYY,Sysco Corporation,NYQ,39730659328.0,82.99
VEEV,Veeva Systems Inc.,NYQ,39595552768.0,243.75
ROP,"Roper Technologies, Inc.",NMS,39495073792.0,399.34
ONC,BeOne Medicines Ltd.,NMS,39307689984.0,347.48
PCG,Pacific Gas & Electric Co.,NYQ,39290228736.0,17.84
P,"Everpure, Inc.",NYQ,39276965888.0,118.16
JD,"JD.com, Inc.",NMS,39245529088.0,29.06
COIN,"Coinbase Global, Inc.",NMS,39171870720.0,148.47
IQV,"IQVIA Holdings, Inc.",NYQ,38954237952.0,236.66
ADM,Archer-Daniels-Midland Company,NYQ,38773399552.0,80.45
IRM,Iron Mountain Incorporated (Del,NYQ,38531674112.0,129.43
CCL,Carnival Corporation Ltd.,NYQ,38514536448.0,28.12
HEI-A,Heico Corporation,NYQ,38426472448.0,274.99
TKO,"TKO Group Holdings, Inc.",NYQ,38096207872.0,201.28
JBL,Jabil Inc.,NYQ,38048190464.0,363.1
VOD,Vodafone Group Plc,NMS,37947166720.0,16.42
PEG,Public Service Enterprise Group,NYQ,37892362240.0,76.04
HIG,"The Hartford Insurance Group, I",NYQ,37835538432.0,138.02
MDB,"MongoDB, Inc.",NGM,37025226752.0,460.33
HSY,The Hershey Company,NYQ,37014528000.0,184.22
EME,"EMCOR Group, Inc.",NYQ,36888666112.0,836.29
KVUE,Kenvue Inc.,NYQ,36878852096.0,19.2
MTB,M&T Bank Corporation,NYQ,36826021888.0,254.09
ESLT,Elbit Systems Ltd.,NMS,36713517056.0,783.62
STLD,"Steel Dynamics, Inc.",NMS,36659027968.0,255.77
KMB,Kimberly-Clark Corporation,NMS,36642893824.0,110.39
MSTR,Strategy Inc,NMS,36641271808.0,93.04
TWLO,Twilio Inc.,NYQ,36581617664.0,238.2
VMC,Vulcan Materials Company (Holdi,NYQ,36541202432.0,282.0
HBAN,Huntington Bancshares Incorpora,NMS,36185628672.0,17.91
WEC,"WEC Energy Group, Inc.",NYQ,36012871680.0,110.52
GFI,Gold Fields Limited,NYQ,35991404544.0,40.24
ALC,Alcon Inc.,NYQ,35892449280.0,74.25
QSR,Restaurant Brands International,NYQ,35567734784.0,77.64
SHG,Shinhan Financial Group Co Ltd,NYQ,35484336128.0,75.36
EC,Ecopetrol S.A.,NYQ,35298680832.0,17.17
BIDU,"Baidu, Inc.",NMS,35163467776.0,103.67
NTRS,Northern Trust Corporation,NMS,35019542528.0,191.41
VG,"Venture Global, Inc.",NYQ,34976301056.0,13.99
RJF,"Raymond James Financial, Inc.",NYQ,34780921856.0,180.81
SUNB,"Sunbelt Rentals Holdings, Inc.",NYQ,34763554816.0,84.8
KR,Kroger Company (The),NYQ,34730975232.0,56.69
PUK,Prudential Public Limited Compa,NYQ,34669162496.0,27.88
UI,Ubiquiti Inc.,NYQ,34667048960.0,572.8
RDDT,"Reddit, Inc.",NYQ,34263894016.0,178.09
BBD,Banco Bradesco Sa,NYQ,34199859200.0,3.14
EQT,EQT Corporation,NYQ,34040582144.0,54.42
DXCM,"DexCom, Inc.",NMS,33868128256.0,89.75
RPRX,Royalty Pharma plc,NMS,33861156864.0,58.6
ACGL,Arch Capital Group Ltd.,NMS,33660108800.0,98.71
ERIC,Ericsson,NMS,33646395392.0,10.27
GEHC,GE HealthCare Technologies Inc.,NMS,33520975872.0,73.69
CQP,"Cheniere Energy Partners, LP",NYQ,33424185344.0,69.05
CNC,Centene Corporation,NYQ,33329844224.0,67.47
CHT,"Chunghwa Telecom Co., Ltd.",NYQ,33031208960.0,42.58
MLM,"Martin Marietta Materials, Inc.",NYQ,32911876096.0,547.93
BBDO,Banco Bradesco Sa,NYQ,32892856320.0,3.02
EXR,Extra Space Storage Inc,NYQ,32641904640.0,147.9
NTR,Nutrien Ltd.,NYQ,32564813824.0,68.24
KGC,Kinross Gold Corporation,NYQ,32396234752.0,27.31
RMD,ResMed Inc.,NYQ,32378873856.0,224.46
IR,Ingersoll Rand Inc.,NYQ,32335869952.0,83.34
CCI,Crown Castle Inc.,NYQ,32326105088.0,75.98
ON,ON Semiconductor Corporation,NMS,32180506624.0,82.66
TDY,Teledyne Technologies Incorpora,NYQ,31488522240.0,679.67
CFG,"Citizens Financial Group, Inc.",NYQ,31474544640.0,74.73
BIP,Brookfield Infrastructure Partn,NYQ,31344939008.0,39.74
CASY,"Caseys General Stores, Inc.",NMS,31322808320.0,846.45
TECK,Teck Resources Ltd,NYQ,31167817728.0,63.53
EL,"Estee Lauder Companies, Inc. (T",NYQ,31150540800.0,86.1
ATI,ATI Inc.,NYQ,31112208384.0,228.48
ZM,"Zoom Communications, Inc.",NMS,31070885888.0,105.96
BIIB,Biogen Inc.,NMS,31003222016.0,209.83
FTI,TechnipFMC plc,NYQ,30828042240.0,78.61
WTW,Willis Towers Watson Public Lim,NMS,30795405312.0,331.59
BAP,Credicorp Ltd.,NYQ,30695651328.0,386.36
ALNY,"Alnylam Pharmaceuticals, Inc.",NMS,30595454976.0,228.65
RYAAY,Ryanair Holdings plc,NMS,30517264384.0,58.81
ZTS,Zoetis Inc.,NYQ,30491770880.0,73.79
CPRT,"Copart, Inc.",NMS,30450180096.0,31.61
AEE,Ameren Corporation,NYQ,30380779520.0,109.74
KHC,The Kraft Heinz Company,NMS,30250364928.0,25.51
TSEM,Tower Semiconductor Ltd.,NMS,30007535616.0,265.48
GFS,GlobalFoundries Inc.,NMS,29950836736.0,54.58
LVS,Las Vegas Sands Corp.,NYQ,29943226368.0,46.23
OWL,Blue Owl Capital Inc.,NYQ,29845397504.0,12.22
Q,"Qnity Electronics, Inc.",NYQ,29788968960.0,142.3
ZS,"Zscaler, Inc.",NMS,29689868288.0,183.6
DTE,DTE Energy Company,NYQ,29307121664.0,140.84
LPLA,LPL Financial Holdings Inc.,NMS,29187405824.0,370.67
VICI,VICI Properties Inc.,NYQ,29024403456.0,26.36
FOXA,Fox Corporation,NMS,28972646400.0,69.04
FTS,Fortis Inc.,NYQ,28957812736.0,56.68
CPNG,"Coupang, Inc.",NYQ,28936435712.0,16.12
FISV,"Fiserv, Inc.",NMS,28922791936.0,54.39
ILMN,"Illumina, Inc.",NMS,28824389632.0,190.89
HAL,Halliburton Company,NYQ,28754388992.0,34.42
ATO,Atmos Energy Corporation,NYQ,28714534912.0,169.92
NMR,Nomura Holdings Inc,NYQ,28699863040.0,9.82
PBA,Pembina Pipeline Corp.,NYQ,28688109568.0,49.33
ALL-PH,Allstate Corporation (The) Depo,NYQ,28658296832.0,19.04
WSM,"Williams-Sonoma, Inc.",NYQ,28445224960.0,241.58
MTD,"Mettler-Toledo International, I",NYQ,28432279552.0,1419.02
TCOM,Trip.com Group Limited,NMS,28324141056.0,44.98
XYL,Xylem Inc.,NYQ,27943702528.0,119.68
DOV,Dover Corporation,NYQ,27888234496.0,207.07
CTSH,Cognizant Technology Solutions ,NMS,27807670272.0,58.79
NVT,nVent Electric plc,NYQ,27740831744.0,171.39
OTIS,Otis Worldwide Corporation,NYQ,27648014336.0,72.63
ASTS,"AST SpaceMobile, Inc.",NMS,27623108608.0,70.98
HPQ,HP Inc.,NYQ,27536279552.0,30.11
EIX,Edison International,NYQ,27479568384.0,71.41
FE,FirstEnergy Corp.,NYQ,27423422464.0,47.41
CPAY,"Corpay, Inc.",NYQ,27419449344.0,417.6
RBLX,Roblox Corporation,NYQ,27310592000.0,38.23
ES,Eversource Energy (D/B/A),NYQ,27213152256.0,72.36
DG,Dollar General Corporation,NYQ,27193921536.0,123.28
RF,Regions Financial Corporation,NYQ,27176552448.0,31.9
PPL,PPL Corporation,NYQ,27099660288.0,36.02
AWK,"American Water Works Company, I",NYQ,27066888192.0,136.2
CRS,Carpenter Technology Corporatio,NYQ,27058288640.0,544.59
TS,Tenaris S.A.,NYQ,27048249344.0,53.58
HUBB,Hubbell Inc,NYQ,27022755840.0,511.39
INSM,Insmed Incorporated,NMS,27022526464.0,123.74
CNP,"CenterPoint Energy, Inc (Holdin",NYQ,26895548416.0,40.83
ECHO,EchoStar Corporation,NMS,26693191680.0,91.89
PHG,Koninklijke Philips N.V. NY Reg,NYQ,26673995776.0,27.29
CINF,Cincinnati Financial Corporatio,NMS,26577793024.0,173.17
NRG,"NRG Energy, Inc.",NYQ,26536970240.0,126.24
SYF,Synchrony Financial,NYQ,26355038208.0,81.0
AVB,"AvalonBay Communities, Inc.",NYQ,26283393024.0,184.06
JBHT,"J.B. Hunt Transport Services, I",NMS,26264768512.0,279.71
AFRM,"Affirm Holdings, Inc.",NMS,26239301632.0,78.35
WRB,W.R. Berkley Corporation,NYQ,26175252480.0,70.51
ROIV,Roivant Sciences Ltd.,NMS,26148093952.0,36.2
SN,"SharkNinja, Inc.",NYQ,26075324416.0,185.1
FWONK,Liberty Media Corporation - Ser,NMS,26048612352.0,103.9
FCNCA,"First Citizens BancShares, Inc.",NMS,25876264960.0,2291.33
DGX,Quest Diagnostics Incorporated,NYQ,25871515648.0,234.4
OKTA,"Okta, Inc.",NMS,25851326464.0,147.43
SYM,Symbotic Inc.,NGM,25849077760.0,42.7
SW,Smurfit WestRock plc,NYQ,25832753152.0,49.25
CW,Curtiss-Wright Corporation,NYQ,25828626432.0,699.31
LH,Labcorp Holdings Inc.,NYQ,25800343552.0,318.13
SMCI,"Super Micro Computer, Inc.",NMS,25771421696.0,39.84
FOX,Fox Corporation,NMS,25770715136.0,61.41
TPR,"Tapestry, Inc.",NYQ,25717538816.0,128.98
VRSN,"VeriSign, Inc.",NMS,25695295488.0,284.24
DRI,"Darden Restaurants, Inc.",NYQ,25576415232.0,225.26
AMRZ,Amrize Ltd,NYQ,25535956992.0,46.69
EQR,Equity Residential,NYQ,25502982144.0,65.97
PPG,"PPG Industries, Inc.",NYQ,25366652928.0,114.11
MRNA,"Moderna, Inc.",NMS,25279617024.0,63.32
KEY,KeyCorp,NYQ,24989134848.0,23.31
BSP,Bending Spoons S.p.A.,NMS,24970473472.0,39.31
OMC,Omnicom Group Inc.,NYQ,24957992960.0,87.57
DLTR,"Dollar Tree, Inc.",NMS,24865470464.0,129.39
PHM,"PulteGroup, Inc.",NYQ,24797511680.0,130.18
TPL,Texas Pacific Land Corporation,NYQ,24728801280.0,358.52
XPO,"XPO, Inc.",NYQ,24712269824.0,211.06
ENTG,"Entegris, Inc.",NMS,24636047360.0,161.76
GPN,Global Payments Inc.,NYQ,24622741504.0,93.05
WST,"West Pharmaceutical Services, I",NYQ,24590698496.0,349.42
PFG,Principal Financial Group Inc,NMS,24403648512.0,113.98
INCY,Incyte Corporation,NMS,24356161536.0,120.16
FSLR,"First Solar, Inc.",NMS,24240885760.0,225.56
EXPD,Expeditors International of Was,NYQ,24193853440.0,186.12
MTSI,MACOM Technology Solutions Hold,NMS,24166815744.0,316.44
CHD,"Church & Dwight Company, Inc.",NYQ,24028755968.0,101.3
AER,AerCap Holdings N.V.,NYQ,23962710016.0,152.45
ARXS,"Arxis, Inc.",NMS,23912931328.0,57.28
MTZ,"MasTec, Inc.",NYQ,23897948160.0,297.59
FWONA,Liberty Media Corporation - Ser,NMS,23895023616.0,95.31
VLTO,Veralto Corp,NYQ,23813734400.0,97.68
VRSK,"Verisk Analytics, Inc.",NMS,23802736640.0,181.67
STZ,"Constellation Brands, Inc.",NYQ,23772549120.0,139.18
IHG,Intercontinental Hotels Group,NYQ,23636088832.0,160.22
SOFI,"SoFi Technologies, Inc.",NMS,23622821888.0,18.29
BRO,"Brown & Brown, Inc.",NYQ,23603415040.0,70.54
TROW,"T. Rowe Price Group, Inc.",NMS,23584200704.0,110.56
USFD,US Foods Holding Corp.,NYQ,23562741760.0,108.92
FICO,Fair Isaac Corporation,NYQ,23450281984.0,1085.78
ROKU,"Roku, Inc.",NMS,23402702848.0,157.68
BNTX,BioNTech SE,NMS,23384612864.0,93.09
IOT,Samsara Inc.,NYQ,23186034688.0,39.79
TW,Tradeweb Markets Inc.,NMS,23173986304.0,106.29
RL,Ralph Lauren Corporation,NYQ,23172724736.0,388.92
L,Loews Corporation,NYQ,23106463744.0,113.03
HSAI,Hesai Group,NMS,22892476416.0,18.21
MKL,Markel Group Inc.,NYQ,22887225344.0,1847.24
KOF,Coca Cola Femsa S.A.B. de C.V.,NYQ,22886467584.0,108.94
FFIV,"F5, Inc.",NMS,22832080896.0,403.2
PKG,Packaging Corporation of Americ,NYQ,22762831872.0,255.48
CIB,Grupo Cibest S.A.,NYQ,22759268352.0,96.37
STE,STERIS plc (Ireland),NYQ,22744825856.0,233.28
EXE,Expand Energy Corporation,NMS,22674110464.0,94.78
FDXF,"FedEx Freight Holding Company, ",NYQ,22471077888.0,150.29
DOW,Dow Inc.,NYQ,22443126784.0,31.07
FTAI,FTAI Aviation Ltd.,NMS,22300790784.0,217.13
RIVN,"Rivian Automotive, Inc.",NMS,22239137792.0,15.36
FIS,Fidelity National Information S,NYQ,22184452096.0,42.92
VNOM,"Viper Energy, Inc.",NMS,22159314944.0,42.29
CMS,CMS Energy Corporation,NYQ,21967273984.0,71.11
ULTA,"Ulta Beauty, Inc.",NMS,21956790272.0,510.75
BCE,"BCE, Inc.",NYQ,21886380032.0,23.47
WWD,"Woodward, Inc.",NMS,21880018944.0,370.56
BURL,"Burlington Stores, Inc.",NYQ,21844201472.0,347.67
BG,Bunge Limited,NYQ,21842022400.0,113.69
RS,"Reliance, Inc.",NYQ,21776146432.0,426.54
LUV,Southwest Airlines Company,NYQ,21652353024.0,44.26
IP,International Paper Company,NYQ,21574678528.0,40.74
THC,Tenet Healthcare Corporation,NYQ,21571039232.0,267.9
IFF,International Flavors & Fragran,NYQ,21491445760.0,84.18
UTHR,United Therapeutics Corporation,NMS,21433765888.0,499.73
SITM,SiTime Corporation,NGM,21407870976.0,711.91
AMCR,Amcor plc,NYQ,21281771520.0,46.03
EFX,"Equifax, Inc.",NYQ,21247143936.0,180.85
SQM,Sociedad Quimica y Minera S.A.,NYQ,21228603392.0,74.32
GH,"Guardant Health, Inc.",NMS,21096980480.0,157.21
RBRK,"Rubrik, Inc.",NYQ,21041854464.0,102.23
MKSI,MKS Inc.,NMS,21010804736.0,310.73
GIS,"General Mills, Inc.",NYQ,20957474816.0,39.2
LEN,Lennar Corporation,NYQ,20916924416.0,86.83
SNA,Snap-On Incorporated,NYQ,20874997760.0,403.56
CHTR,"Charter Communications, Inc.",NMS,20792123392.0,154.27
SNX,TD SYNNEX Corporation,NYQ,20688527360.0,258.74
LYB,LyondellBasell Industries NV,NYQ,20596899840.0,63.76
INIO,INNIO N.V.,NMS,20572499968.0,27.43
LEN-B,Lennar Corporation,NYQ,20562808832.0,85.36
BCH,Banco De Chile,NYQ,20551923712.0,40.69
TSN,"Tyson Foods, Inc.",NYQ,20464291840.0,58.17
FN,Fabrinet,NYQ,20430833664.0,570.22
NI,NiSource Inc,NYQ,20381304832.0,42.5
TPG,TPG Inc.,NMS,20380084224.0,53.03
U,Unity Software Inc.,NYQ,20354113536.0,46.25
ONTO,Onto Innovation Inc.,NYQ,20275255296.0,331.71
WES,"Western Midstream Partners, LP",NYQ,20212500480.0,48.92
STLA,Stellantis N.V.,NYQ,20192856064.0,5.36
TOST,"Toast, Inc.",NYQ,20085499904.0,34.75
GMAB,Genmab A/S,NMS,19915630592.0,31.94
ESS,"Essex Property Trust, Inc.",NYQ,19817658368.0,287.52
BR,"Broadridge Financial Solutions,",NYQ,19778723840.0,171.01
DD,"DuPont de Nemours, Inc.",NYQ,19747938304.0,146.26
ITT,ITT Inc.,NYQ,19710857216.0,219.4
RCI,"Rogers Communication, Inc.",NYQ,19685808128.0,36.44
PAAS,Pan American Silver Corp.,NYQ,19661185024.0,47.42
SBAC,SBA Communications Corporation,NMS,19647518720.0,185.2
YPF,YPF Sociedad Anonima,NYQ,19623356416.0,50.05
RGLD,"Royal Gold, Inc.",NMS,19545020416.0,230.68
CRCL,"Circle Internet Group, Inc.",NYQ,19517739008.0,71.6
EVRG,"Evergy, Inc.",NMS,19374559232.0,84.03
CDE,"Coeur Mining, Inc.",NYQ,19335456768.0,18.81
ZBH,"Zimmer Biomet Holdings, Inc.",NYQ,19197749248.0,100.65
WIT,Wipro Limited,NYQ,19191705600.0,1.94
AS,"Amer Sports, Inc.",NYQ,19124488192.0,32.87
SSNC,"SS&C Technologies Holdings, Inc",NMS,19124381696.0,81.5
APG,APi Group Corporation,NYQ,18993444864.0,43.95
MGA,"Magna International, Inc.",NYQ,18790592512.0,70.24
FTV,Fortive Corporation,NYQ,18785536000.0,61.62
BEKE,KE Holdings Inc,NYQ,18770509824.0,17.01
KSPI,Joint Stock Company Kaspi.kz - ,NMS,18755690496.0,98.7
IONQ,"IonQ, Inc.",NYQ,18741573632.0,46.26
EWBC,"East West Bancorp, Inc.",NMS,18715820032.0,136.6
TSCO,Tractor Supply Company,NMS,18668869632.0,35.83
VTRS,Viatris Inc.,NMS,18641629184.0,16.23
GPC,Genuine Parts Company,NYQ,18615203840.0,135.03
LSCC,Lattice Semiconductor Corporati,NMS,18492604416.0,130.46
LNT,Alliant Energy Corporation,NMS,18305499136.0,70.6
VIV,Telefonica Brasil S.A.,NYQ,18230933504.0,11.41
BBY,"Best Buy Co., Inc.",NYQ,18214494208.0,86.42
LDOS,"Leidos Holdings, Inc.",NYQ,18091722752.0,143.83
DKS,Dick's Sporting Goods Inc,NYQ,18076827648.0,201.97
JHX,James Hardie Industries plc.,NYQ,18019418112.0,31.04
PR,Permian Resources Corporation,NYQ,18007476224.0,21.5
NTNX,"Nutanix, Inc.",NMS,18004699136.0,66.605
INVH,Invitation Homes Inc.,NYQ,17993531392.0,30.29
AKAM,"Akamai Technologies, Inc.",NMS,17963139072.0,124.99
NWS,News Corporation,NMS,17922990080.0,33.17
ZBRA,Zebra Technologies Corporation,NMS,17911584768.0,376.03
CF,"CF Industries Holdings, Inc.",NYQ,17903300608.0,118.3
RBC,RBC Bearings Incorporated,NYQ,17744689152.0,560.49
PKX,POSCO Holdings Inc.,NYQ,17725509632.0,58.6
WY,Weyerhaeuser Company,NYQ,17701275648.0,24.56
STRL,"Sterling Infrastructure, Inc.",NMS,17633669120.0,576.48
WCC,"WESCO International, Inc.",NYQ,17619363840.0,361.55
IEX,IDEX Corporation,NYQ,17614632960.0,238.94
FLUT,Flutter Entertainment plc,NYQ,17598601216.0,101.41
NLY,Annaly Capital Management Inc.,NYQ,17584156672.0,23.33
CG,The Carlyle Group Inc.,NMS,17560080384.0,49.28
KEY-PK,"KeyCorp Depositary Shares, each",NYQ,17545437184.0,20.76
OVV,Ovintiv Inc. (DE),NYQ,17431332864.0,63.02
CDW,CDW Corporation,NMS,17429929984.0,139.42
ROL,"Rollins, Inc.",NYQ,17417463808.0,36.2
ZTO,ZTO Express (Cayman) Inc.,NYQ,17409159168.0,22.9
TLN,Talen Energy Corporation,NMS,17380417536.0,362.74
CHRW,"C.H. Robinson Worldwide, Inc.",NMS,17360592896.0,148.57
WF,Woori Financial Group Inc.,NYQ,17319970816.0,71.37
JLL,Jones Lang LaSalle Incorporated,NYQ,17252888576.0,375.0
BEN,"Franklin Resources, Inc.",NYQ,17203484672.0,33.86
NDSN,Nordson Corporation,NMS,17201244160.0,308.72
J,Jacobs Solutions Inc.,NYQ,17081580544.0,144.66
H,Hyatt Hotels Corporation,NYQ,17054963712.0,180.98
GEN,Gen Digital Inc.,NMS,17047757824.0,28.48
CLH,"Clean Harbors, Inc.",NYQ,16996439040.0,321.98
BEP,Brookfield Renewable Partners L,NYQ,16940391424.0,34.75
PAA,"Plains All American Pipeline, L",NMS,16863038464.0,23.9
PFGC,Performance Food Group Company,NYQ,16846021632.0,107.25
NVR,"NVR, Inc.",NYQ,16809750528.0,6307.93
CNH,CNH Industrial N.V.,NYQ,16789176320.0,10.44
DINO,HF Sinclair Corporation,NYQ,16653012992.0,93.67
QNT,Quantinuum Inc.,NGM,16486672384.0,63.585
BALL,Ball Corporation,NYQ,16459359232.0,61.82
ARMK,Aramark,NYQ,16447565824.0,62.39
KIM,Kimco Realty Corporation (HC),NYQ,16373968896.0,24.41
PS,Pershing Square Inc.,NYQ,16332000256.0,40.83
PNFP,"Pinnacle Financial Partners, In",NYQ,16321676288.0,108.01
WPC,W. P. Carey Inc. REIT,NYQ,16315555840.0,71.62
RYAN,"Ryan Specialty Holdings, Inc.",NYQ,16310053888.0,41.82
ASND,Ascendis Pharma A/S,NMS,16299819008.0,248.5
RGA,"Reinsurance Group of America, I",NYQ,16289500160.0,249.45
BSAC,Banco Santander - Chile,NYQ,16277033984.0,34.55
YUMC,"Yum China Holdings, Inc.",NYQ,16272167936.0,47.59
PTC,PTC Inc.,NMS,16248812544.0,149.75
SBS,Companhia de saneamento Basico ,NYQ,16176845824.0,4.6
MEDP,"Medpace Holdings, Inc.",NMS,16146892800.0,578.5
ALB,Albemarle Corporation,NYQ,16066387968.0,136.15
CX,"Cemex, S.A.B. de C.V. Sponsored",NYQ,15959054336.0,11.06
MAA,Mid-America Apartment Communiti,NYQ,15928913920.0,133.49
HST,"Host Hotels & Resorts, Inc.",NMS,15909235712.0,22.9
JAZZ,Jazz Pharmaceuticals plc,NMS,15901474816.0,244.96
BWXT,"BWX Technologies, Inc.",NYQ,15870759936.0,173.22
PHYS,"""Sprott Physical Gold Trust""",ASE,15840158720.0,33.23
EMA,Emera Incorporated,NYQ,15821296640.0,51.51
LAMR,Lamar Advertising Company,NMS,15787928576.0,155.47
SUI,"Sun Communities, Inc.",NYQ,15763958784.0,123.29
NWSA,News Corporation,NMS,15756238848.0,29.16
TIGO,Millicom International Cellular,NMS,15746291712.0,93.89
IREN,IREN LIMITED,NMS,15746105344.0,44.06
RBA,"RB Global, Inc.",NYQ,15697638400.0,84.26
MAIR,Madison Air Solutions Corporati,NYQ,15693884416.0,31.28
LECO,"Lincoln Electric Holdings, Inc.",NMS,15636066304.0,286.87
ULS,UL Solutions Inc.,NYQ,15613079552.0,77.46
BBIO,"BridgeBio Pharma, Inc.",NMS,15611629568.0,79.86
NXT,Nextpower Inc.,NMS,15589684224.0,101.47
NBIX,"Neurocrine Biosciences, Inc.",NMS,15523863552.0,152.72
TXT,Textron Inc.,NYQ,15476118528.0,89.0
TRU,TransUnion,NYQ,15419968512.0,80.48
SWK,"Stanley Black & Decker, Inc.",NYQ,15414267904.0,102.07
TU,Telus Corporation,NYQ,15372001280.0,9.76
CRBG,Corebridge Financial Inc.,NYQ,15365779456.0,34.47
LTM,LATAM Airlines Group S.A.,NYQ,15298797568.0,52.26
GIB,CGI Inc.,NYQ,15201405952.0,73.41
DOCN,"DigitalOcean Holdings, Inc.",NYQ,15188699136.0,129.92
GFL,GFL Environmental Inc. Subordin,NYQ,15121305600.0,41.9
KEP,Korea Electric Power Corporatio,NYQ,15111835648.0,11.77
SOLV,Solventum Corporation,NYQ,15080119296.0,88.59
IESC,"IES Holdings, Inc.",NGM,15066399744.0,756.18
QXO,"QXO, Inc.",NYQ,15058555904.0,14.51
UNM,Unum Group,NYQ,14911917056.0,93.33
COO,"The Cooper Companies, Inc.",NMS,14855482368.0,76.17
CACI,"CACI International, Inc.",NYQ,14818625536.0,670.54
GRAB,Grab Holdings Limited,NMS,14810512384.0,3.62
SKM,"SK Telecom Co., Ltd.",NYQ,14783531008.0,38.51
LOGI,Logitech International S.A. - R,NMS,14761284608.0,103.09
FUTU,Futu Holdings Limited,NGM,14752667648.0,105.23
TTMI,"TTM Technologies, Inc.",NMS,14748840960.0,140.0
DOC,"Healthpeak Properties, Inc.",NYQ,14739014656.0,20.79
MKC,"McCormick & Company, Incorporat",NYQ,14698114048.0,54.67
CSL,Carlisle Companies Incorporated,NYQ,14695818240.0,370.04
OHI,"Omega Healthcare Investors, Inc",NYQ,14675341312.0,46.53
MAS,Masco Corporation,NYQ,14656942080.0,74.33
TLK,"PT Telekomunikasi Indonesia, Tb",NYQ,14629411840.0,14.84
AMKR,"Amkor Technology, Inc.",NMS,14622000128.0,58.99
MKC-V,"McCormick & Company, Incorporat",NYQ,14620147712.0,54.38
GWRE,"Guidewire Software, Inc.",NYQ,14618985472.0,175.59
LII,"Lennox International, Inc.",NYQ,14584950784.0,422.01
MLI,"Mueller Industries, Inc.",NYQ,14575853568.0,65.9
RPM,RPM International Inc.,NYQ,14528326656.0,113.82
EQH,"Equitable Holdings, Inc.",NYQ,14481135616.0,53.09
TME,Tencent Music Entertainment Gro,NYQ,14473500672.0,8.84
PAG,"Penske Automotive Group, Inc.",NYQ,14435982336.0,219.85
UHAL,U-Haul Holding Company,NYQ,14425940992.0,74.21
IVZ,Invesco Ltd,NYQ,14370824192.0,32.55
REG,Regency Centers Corporation,NMS,14341604352.0,76.71
ARCC,Ares Capital Corporation,NMS,14267114496.0,19.87
SUN,Sunoco LP,NYQ,14240319488.0,75.58
DT,"Dynatrace, Inc.",NYQ,14201563136.0,49.14
EG,"Everest Group, Ltd.",NYQ,14191029248.0,370.11
APA,APA Corporation,NMS,14178726912.0,40.47
UDR,"UDR, Inc.",NYQ,14057363456.0,37.94
GL,Globe Life Inc.,NYQ,14053701632.0,181.0
ALLE,Allegion plc,NYQ,14012360704.0,164.78
BWA,BorgWarner Inc.,NYQ,13983732736.0,68.66
MOG-A,Moog Inc.,NYQ,13973636096.0,441.21
AEG,Aegon Ltd. New York Registry Sh,NYQ,13972920320.0,9.45
AMH,American Homes 4 Rent,NYQ,13971165184.0,34.08
DTM,"DT Midstream, Inc.",NYQ,13965893632.0,136.9
AGI,Alamos Gold Inc.,NYQ,13964645376.0,33.36
AIZ,"Assurant, Inc.",NYQ,13928045568.0,282.38
SGI,Somnigroup International Inc.,NYQ,13896743936.0,66.06
TOL,"Toll Brothers, Inc.",NYQ,13858946048.0,148.27
BAX,Baxter International Inc.,NYQ,13819302912.0,26.73
CNA,CNA Financial Corporation,NYQ,13800647680.0,51.0
AUR,"Aurora Innovation, Inc.",NMS,13708809216.0,6.99
AVY,Avery Dennison Corporation,NYQ,13686423552.0,178.93
ALLY,Ally Financial Inc.,NYQ,13661607936.0,44.91
HAS,"Hasbro, Inc.",NMS,13638999040.0,96.7
TXRH,"Texas Roadhouse, Inc.",NMS,13594236928.0,207.1
LULU,lululemon athletica inc.,NMS,13575371776.0,119.55
WSO-B,"Watsco, Inc.",NYQ,13564957696.0,328.83
FIG,"Figma, Inc.",NYQ,13549110272.0,25.42
EQX,Equinox Gold Corp.,ASE,13542534144.0,11.6
FIVE,"Five Below, Inc.",NMS,13521925120.0,244.54
HRL,Hormel Foods Corporation,NYQ,13503975424.0,24.54
PINS,"Pinterest, Inc.",NYQ,13477384192.0,24.06
TYL,"Tyler Technologies, Inc.",NYQ,13458554880.0,328.64
CHKP,Check Point Software Technologi,NMS,13448695808.0,131.72
RNR,RenaissanceRe Holdings Ltd.,NYQ,13436219392.0,323.36
TRMB,Trimble Inc.,NMS,13431158784.0,57.6
WMG,Warner Music Group Corp.,NMS,13417764864.0,25.65
W,Wayfair Inc.,NYQ,13414803456.0,101.63
EMBJ,Embraer S.A.,NYQ,13414491136.0,75.38
PSLV,"""Sprott Physical Silver Trust""",ASE,13402291200.0,21.08
ERIE,Erie Indemnity Company,NMS,13385683968.0,255.99
CRL,Charles River Laboratories Inte,NYQ,13369270272.0,280.05
NVMI,Nova Ltd.,NMS,13298791424.0,418.12
AIT,Applied Industrial Technologies,NYQ,13283151872.0,361.95
GGG,Graco Inc.,NYQ,13270496256.0,81.94
FNF,"Fidelity National Financial, In",NYQ,13267500032.0,49.47
BF-A,Brown Forman Inc,NYQ,13261176832.0,28.9
AEIS,"Advanced Energy Industries, Inc",NMS,13227059200.0,330.26
AA,Alcoa Corporation,NYQ,13190194176.0,49.98
ELS,"Equity Lifestyle Properties, In",NYQ,13147185152.0,65.61
CSGP,"CoStar Group, Inc.",NMS,13120299008.0,32.38
SMTC,Semtech Corporation,NMS,13073767424.0,140.35
GLPI,"Gaming and Leisure Properties, ",NMS,13049235456.0,43.57
BF-B,Brown Forman Inc,NYQ,13040922624.0,28.42
BMRN,BioMarin Pharmaceutical Inc.,NMS,13039128576.0,67.36
RVTY,"Revvity, Inc.",NYQ,13037754368.0,116.84
AGNC,AGNC Investment Corp.,NMS,12992876544.0,10.96
DKNG,DraftKings Inc.,NMS,12977308672.0,26.14
SJM,The J.M. Smucker Company,NYQ,12974246912.0,121.39
LGN,Legence Corp.,NMS,12973396992.0,66.375
CCK,"Crown Holdings, Inc.",NYQ,12944675840.0,119.02
GNRC,Generac Holdlings Inc.,NYQ,12939936768.0,219.3
SF,Stifel Financial Corporation,NYQ,12928768000.0,85.62
WSE,Wise Group plc,NMS,12925911040.0,13.09
WSO,"Watsco, Inc.",NYQ,12914411520.0,313.06
HII,"Huntington Ingalls Industries, ",NYQ,12913281024.0,327.71
PEN,"Penumbra, Inc.",NYQ,12881129472.0,327.02
ALGN,"Align Technology, Inc.",NMS,12880236544.0,181.31
HTHT,H World Group Limited,NMS,12879097856.0,41.88
WTS,"Watts Water Technologies, Inc.",NYQ,12833112064.0,384.42
WBS,Webster Financial Corporation,NYQ,12800642048.0,79.0
CLX,Clorox Company (The),NYQ,12782407680.0,105.7
SEIC,SEI Investments Company,NMS,12767640576.0,106.38
GLXY,Galaxy Digital Inc.,NMS,12764180480.0,21.66
AAOI,"Applied Optoelectronics, Inc.",NGM,12709065728.0,150.28
EXEL,"Exelixis, Inc.",NMS,12696334336.0,51.24
DECK,Deckers Outdoor Corporation,NYQ,12677168128.0,93.09
UHAL-B,U-Haul Holding Company Series N,NYQ,12672512000.0,65.19
FMS,Fresenius Medical Care AG,NYQ,12650854400.0,23.77
CR,Crane Company,NYQ,12620129280.0,218.34
COKE,"Coca-Cola Consolidated, Inc.",NMS,12587973632.0,189.11
ICLR,ICON plc,NMS,12587708416.0,163.15
DY,"Dycom Industries, Inc.",NYQ,12579895296.0,419.07
SNN,"Smith & Nephew SNATS, Inc.",NYQ,12490995712.0,29.81
FHN,First Horizon Corporation,NYQ,12422436864.0,26.22
BXP,"BXP, Inc.",NYQ,12381059072.0,68.45
CORT,Corcept Therapeutics Incorporat,NCM,12374024192.0,114.47
HL,Hecla Mining Company,NYQ,12320987136.0,18.37
PAC,Grupo Aeroportuario Del Pacific,NYQ,12315686912.0,206.98
PNW,Pinnacle West Capital Corporati,NYQ,12299095040.0,101.48
HMY,Harmony Gold Mining Company Lim,NYQ,12274127872.0,19.44
OC,Owens Corning Inc,NYQ,12226459648.0,154.67
BTSG,"BrightSpring Health Services, I",NMS,12210201600.0,61.71
ARWR,"Arrowhead Pharmaceuticals, Inc.",NMS,12203852800.0,86.64
EHC,Encompass Health Corporation,NYQ,12192571392.0,123.59
DRS,"Leonardo DRS, Inc.",NMS,12151570432.0,45.53
AFG,"American Financial Group, Inc.",NYQ,12130580480.0,146.29
CHYM,"Chime Financial, Inc.",NMS,12122295296.0,32.02
KTOS,Kratos Defense & Security Solut,NMS,12110041088.0,64.58
FPS,"Forgent Power Solutions, Inc.",NYQ,12073650176.0,39.66
TFII,TFI International Inc.,NYQ,12052786176.0,146.64
LI,Li Auto Inc.,NMS,12033637376.0,12.26
BNT,Brookfield Wealth Solutions Ltd,NYQ,12025814016.0,43.83
GDDY,GoDaddy Inc.,NYQ,12020133888.0,94.91
MICC,The Magnum Ice Cream Company N.,NYQ,11999350784.0,19.58
RTO,Rentokil Initial plc,NYQ,11997431808.0,23.84
ENLT,Enlight Renewable Energy Ltd.,NMS,11945252864.0,85.44
BJ,"BJ's Wholesale Club Holdings, I",NYQ,11927750656.0,93.41
HBM,Hudbay Minerals Inc.,NYQ,11854224384.0,26.69
DOCU,"DocuSign, Inc.",NMS,11846203392.0,62.04
ELAN,Elanco Animal Health Incorporat,NYQ,11826049024.0,23.67
EVR,Evercore Inc.,NYQ,11821151232.0,307.38
KNX,Knight-Swift Transportation Hol,NYQ,11786788864.0,72.42
MDGL,"Madrigal Pharmaceuticals, Inc.",NMS,11726730240.0,507.56
RRX,Regal Rexnord Corporation,NYQ,11686207488.0,175.49
FROG,JFrog Ltd.,NMS,11648083968.0,96.17
LFUS,"Littelfuse, Inc.",NMS,11621705728.0,457.57
DVA,DaVita Inc.,NYQ,11557150720.0,180.06
UMBF,UMB Financial Corporation,NMS,11547442176.0,152.04
GMED,"Globus Medical, Inc.",NYQ,11533099008.0,85.9
MANH,"Manhattan Associates, Inc.",NMS,11508817920.0,197.39
AR,Antero Resources Corporation,NYQ,11488995328.0,37.37
SCI,Service Corporation Internation,NYQ,11479840768.0,84.23
WTRG,"Essential Utilities, Inc.",NYQ,11458979840.0,40.38
DPZ,Domino's Pizza Inc,NMS,11455212544.0,346.27
IT,"Gartner, Inc.",NYQ,11435648000.0,181.09
VSAT,"ViaSat, Inc.",NMS,11415824384.0,82.87
WMS,"Advanced Drainage Systems, Inc.",NYQ,11379421184.0,150.91
PSKY,Paramount Skydance Corporation,NMS,11348415488.0,10.14
BPOP,"Popular, Inc.",NMS,11344281600.0,177.87
NIO,NIO Inc.,NYQ,11325615104.0,4.52
CART,Maplebear Inc.,NMS,11315723264.0,48.88
SANM,Sanmina Corporation,NMS,11300466688.0,210.84
TECH,Bio-Techne Corp,NMS,11280692224.0,72.4
JEF,Jefferies Financial Group Inc.,NYQ,11215034368.0,55.14
HALO,"Halozyme Therapeutics, Inc.",NMS,11197713408.0,98.66
AXSM,"Axsome Therapeutics, Inc.",NGM,11192208384.0,213.67
XPEV,XPeng Inc.,NYQ,11192144896.0,11.7
HUBS,"HubSpot, Inc.",NYQ,11177010176.0,224.14
MOD,Modine Manufacturing Company,NYQ,11127112704.0,209.5
DCI,"Donaldson Company, Inc.",NYQ,11121665024.0,95.95
CPT,Camden Property Trust,NYQ,11095523328.0,110.36
MGM,MGM Resorts International,NYQ,11095239680.0,44.1
MOH,Molina Healthcare Inc,NYQ,11088845824.0,212.43
SAIL,"SailPoint, Inc.",NMS,11077084160.0,19.53
CGNX,Cognex Corporation,NMS,11040530432.0,65.63
BROS,Dutch Bros Inc.,NYQ,11035384832.0,52.02
WTFC,Wintrust Financial Corporation,NMS,10961196032.0,162.47
BSY,"Bentley Systems, Incorporated",NMS,10947847168.0,36.24
EGP,"EastGroup Properties, Inc.",NYQ,10919208960.0,203.06
BMNR,"BitMine Immersion Technologies,",NYQ,10906333184.0,18.08
RMBS,"Rambus, Inc.",NMS,10905613312.0,100.85
ARW,"Arrow Electronics, Inc.",NYQ,10893251584.0,213.99
JKHY,"Jack Henry & Associates, Inc.",NMS,10892795904.0,153.31
SPXC,"SPX Technologies, Inc.",NYQ,10884659200.0,217.32
GKOS,Glaukos Corporation,NYQ,10884305920.0,184.53
VICR,Vicor Corporation,NMS,10823094272.0,234.74
SSB,SouthState Bank Corporation,NYQ,10821388288.0,111.59
ONON,On Holding AG,NYQ,10768397312.0,32.22
VIAV,Viavi Solutions Inc.,NMS,10743487488.0,43.54
AYI,Acuity Inc.,NYQ,10729798656.0,358.43
AM,Antero Midstream Corporation,NYQ,10703897600.0,22.55
PNR,Pentair plc.,NYQ,10691822592.0,66.16
GSAT,"Globalstar, Inc.",NMS,10674727936.0,82.39
SMMT,Summit Therapeutics Inc.,NGM,10649958400.0,13.35
ENSG,"The Ensign Group, Inc.",NMS,10587003904.0,181.65
DAR,Darling Ingredients Inc.,NYQ,10579107840.0,67.04
CFR,"Cullen/Frost Bankers, Inc.",NYQ,10570265600.0,170.08
TX,Ternium S.A. Ternium S.A.,NYQ,10563316736.0,53.81
WYNN,"Wynn Resorts, Limited",NMS,10557913088.0,102.53
ZION,Zions Bancorporation N.A.,NMS,10537832448.0,72.2
HUT,Hut 8 Corp.,NMS,10531289088.0,85.44
AES,The AES Corporation,NYQ,10504812544.0,14.73
GIL,"Gildan Activewear, Inc.",NYQ,10504081408.0,56.72
APTV,Aptiv PLC,NYQ,10487913472.0,49.56
SWKS,"Skyworks Solutions, Inc.",NMS,10471264256.0,69.62
AHR,"American Healthcare REIT, Inc.",NYQ,10466748416.0,54.31
MP,MP Materials Corp.,NYQ,10461687808.0,58.74
MUSA,Murphy USA Inc.,NYQ,10460623872.0,569.12
NYT,New York Times Company (The),NYQ,10449563648.0,64.79
IAG,Iamgold Corporation,NYQ,10449299456.0,18.3
ONB,Old National Bancorp,NMS,10394426368.0,27.17
ALSN,"Allison Transmission Holdings, ",NYQ,10394097664.0,125.87
LINE,"Lineage, Inc.",NMS,10384878592.0,41.75
ABVX,Abivax SA,NGM,10379711488.0,118.96
EGO,Eldorado Gold Corporation,NYQ,10361994240.0,39.73
ORI,Old Republic International Corp,NYQ,10345400320.0,42.85
FLS,Flowserve Corporation,NYQ,10335754240.0,80.87
CYTK,"Cytokinetics, Incorporated",NMS,10305806336.0,74.13
FRT,Federal Realty Investment Trust,NYQ,10290269184.0,118.39
FORM,"FormFactor, Inc.",NMS,10258847744.0,131.6
SAIA,"Saia, Inc.",NMS,10251601920.0,384.32
HSIC,"Henry Schein, Inc.",NMS,10226307072.0,89.77
PRAX,"Praxis Precision Medicines, Inc",NMS,10226212864.0,366.81
RDY,Dr. Reddy's Laboratories Ltd,NYQ,10220911616.0,12.27
APGE,"Apogee Therapeutics, Inc.",NGM,10183785472.0,134.55
EAT,"Brinker International, Inc.",NYQ,10170840064.0,237.15
WLK,Westlake Corporation,NYQ,10166215680.0,79.55
R,"Ryder System, Inc.",NYQ,10122039296.0,263.96
LTH,"Life Time Group Holdings, Inc.",NYQ,10113887232.0,45.26
OSCR,"Oscar Health, Inc.",NYQ,10111209472.0,32.76
PAYP,PayPay Corporation - American D,NMS,10082661376.0,14.89
FDS,FactSet Research Systems Inc.,NYQ,10082476032.0,283.49
PTGX,"Protagonist Therapeutics, Inc.",NGM,10036255744.0,155.1
UHS,"Universal Health Services, Inc.",NYQ,10020386816.0,170.02
LLYVK,"Liberty Live Holdings, Inc. - S",NMS,10015705088.0,108.86
COMP,"Compass, Inc.",NYQ,9994733568.0,13.02
SUZ,Suzano S.A.,NYQ,9987956736.0,8.11
SOLS,Solstice Advanced Materials Inc,NMS,9951788032.0,62.65
PODD,Insulet Corporation,NMS,9941230592.0,143.34
AMG,"Affiliated Managers Group, Inc.",NYQ,9887891456.0,374.37
KRYS,"Krystal Biotech, Inc.",NMS,9834805248.0,332.27
PAYC,"Paycom Software, Inc.",NYQ,9831473152.0,218.13
AAL,"American Airlines Group, Inc.",NMS,9817014272.0,14.83
MSGS,Madison Square Garden Sports Co,NYQ,9804628992.0,407.17
OGE,OGE Energy Corp,NYQ,9802780672.0,47.5
KYMR,"Kymera Therapeutics, Inc.",NGM,9761050624.0,117.39
AVAV,"AeroVironment, Inc.",NMS,9757734912.0,192.81
PSO,"Pearson, Plc",NYQ,9716777984.0,16.15
LLYVA,"Liberty Live Holdings, Inc. - S",NMS,9659643904.0,104.99
PRI,"Primerica, Inc.",NYQ,9654547456.0,313.69
VMI,"Valmont Industries, Inc.",NYQ,9614611456.0,495.25
RUSHA,"Rush Enterprises, Inc.",NMS,9598742528.0,82.23
SIRI,SiriusXM Holdings Inc.,NMS,9592923136.0,28.46
BIO,"Bio-Rad Laboratories, Inc.",NYQ,9534087168.0,356.26
OSK,Oshkosh Corporation (Holding Co,NYQ,9532891136.0,152.89
IONS,"Ionis Pharmaceuticals, Inc.",NMS,9512390656.0,57.24
AG,First Majestic Silver Corp.,NYQ,9493377024.0,19.26
MHK,"Mohawk Industries, Inc.",NYQ,9490114560.0,140.1
ESI,Element Solutions Inc.,NYQ,9457456128.0,38.81
RRC,Range Resources Corporation,NYQ,9421958144.0,40.32
RGEN,Repligen Corporation,NMS,9415154688.0,166.83
CUBE,CubeSmart,NYQ,9404195840.0,41.48
TEM,"Tempus AI, Inc.",NMS,9400650752.0,52.1
RUSHB,"Rush Enterprises, Inc.",NMS,9369950208.0,80.27
TTC,Toro Company (The),NYQ,9368681472.0,98.38
TTEK,"Tetra Tech, Inc.",NMS,9348182016.0,36.51
FRHC,Freedom Holding Corp.,NCM,9341703168.0,146.45
ADC,Agree Realty Corporation,NYQ,9322232832.0,74.74
BAH,Booz Allen Hamilton Holding Cor,NYQ,9317274624.0,77.46
FCFS,"FirstCash Holdings, Inc.",NMS,9314094080.0,214.75
GGB,Gerdau S.A.,NYQ,9300478976.0,4.74
TKR,Timken Company (The),NYQ,9277517824.0,133.5
COLB,"Columbia Banking System, Inc.",NMS,9245287424.0,32.69
AVTR,"Avantor, Inc.",NYQ,9239061504.0,13.66
SARO,"StandardAero, Inc.",NYQ,9232652288.0,27.9
YMM,Full Truck Alliance Co. Ltd.,NYQ,9214328832.0,8.81
BRX,Brixmor Property Group Inc.,NYQ,9200031744.0,29.98
VOYA,"Voya Financial, Inc.",NYQ,9197341696.0,101.52
CHWY,"Chewy, Inc.",NYQ,9179290624.0,22.42
FRO,Frontline Plc,NYQ,9174289408.0,41.21
JXN,Jackson Financial Inc.,NYQ,9165053952.0,135.32
CTRE,"CareTrust REIT, Inc.",NYQ,9161086976.0,38.77
SNAP,Snap Inc.,NYQ,9149379584.0,5.41
SIMO,Silicon Motion Technology Corpo,NMS,9117794304.0,268.9
KT,KT Corporation,NYQ,9106160640.0,19.12
PCOR,"Procore Technologies, Inc.",NYQ,9086929920.0,59.8
ESTC,Elastic N.V.,NYQ,9079857152.0,86.68
KNTK,Kinetik Holdings Inc.,NYQ,9042040832.0,53.44
PB,"Prosperity Bancshares, Inc.",NYQ,9019267072.0,75.05
SYRE,"Spyre Therapeutics, Inc.",NMS,8999359488.0,103.63
HLI,"Houlihan Lokey, Inc.",NYQ,8992994304.0,128.68
CRNX,"Crinetics Pharmaceuticals, Inc.",NMS,8986263552.0,84.7
APLD,Applied Digital Corporation,NMS,8981968896.0,31.2
WAL,Western Alliance Bancorporation,NYQ,8981183488.0,82.32
SFD,"Smithfield Foods, Inc.",NMS,8955542528.0,22.76
ALV,"Autoliv, Inc.",NYQ,8942996480.0,122.11
PRMB,Primo Brands Corporation,NYQ,8940009472.0,24.7
CNM,"Core & Main, Inc.",NYQ,8898970624.0,45.98
BOKF,BOK Financial Corporation,NMS,8875212800.0,146.07
QGEN,Qiagen N.V.,NYQ,8868960256.0,42.95
IDCC,"InterDigital, Inc.",NMS,8868234240.0,343.65
NEU,NewMarket Corp,NYQ,8846206976.0,961.92
NNN,"NNN REIT, Inc.",NYQ,8828844032.0,46.0
PL,Planet Labs PBC,NYQ,8799578112.0,24.69
BRKR,Bruker Corporation,NMS,8791132160.0,57.7
HQY,"HealthEquity, Inc.",NMS,8779564032.0,104.73
DDS,"Dillard's, Inc.",NYQ,8759291904.0,560.88
EDU,New Oriental Education & Techno,NYQ,8759055360.0,52.54
NCLH,Norwegian Cruise Line Holdings ,NYQ,8729160704.0,19.01
MTCH,"Match Group, Inc.",NMS,8711459840.0,37.95
LNC,Lincoln National Corporation,NYQ,8703195136.0,45.46
CAVA,"CAVA Group, Inc.",NYQ,8692717568.0,74.42
LEVI,Levi Strauss & Co,NYQ,8678379520.0,22.55
WULF,TeraWulf Inc.,NCM,8672074752.0,17.38
QRVO,"Qorvo, Inc.",NMS,8655069184.0,98.11
CBSH,"Commerce Bancshares, Inc.",NMS,8644657152.0,60.27
PCVX,"Vaxcyte, Inc.",NMS,8641122304.0,58.07
IMVT,"Immunovant, Inc.",NMS,8638032896.0,41.82
KNSL,"Kinsale Capital Group, Inc.",NYQ,8637350912.0,379.19
TTAN,"ServiceTitan, Inc.",NMS,8623940608.0,90.4
FR,"First Industrial Realty Trust, ",NYQ,8614223872.0,62.87
BVN,Buenaventura Mining Company Inc,NYQ,8569517056.0,33.74
PBF,PBF Energy Inc.,NYQ,8516872192.0,71.85
KMX,CarMax Inc,NYQ,8503312896.0,59.92
EMN,Eastman Chemical Company,NYQ,8468172800.0,74.07
ZWS,Zurn Elkay Water Solutions Corp,NYQ,8454093312.0,50.97
AOS,A.O. Smith Corporation,NYQ,8449436160.0,62.17
CAE,CAE Inc,NMS,8426009088.0,26.18
CWEN,"Clearway Energy, Inc.",NYQ,8420152832.0,34.14
ATR,"AptarGroup, Inc.",NYQ,8399067648.0,132.1
GME,GameStop Corporation,NYQ,8372578816.0,18.66
HESM,Hess Midstream LP,NYQ,8356408832.0,40.53
LEA,Lear Corporation,NYQ,8318516736.0,124.95
LAD,"Lithia Motors, Inc.",NYQ,8299725312.0,377.55
PATH,"UiPath, Inc.",NYQ,8295105536.0,16.01
VLY,Valley National Bancorp,NMS,8294604800.0,15.01
TIMB,TIM S.A.,NYQ,8288681984.0,17.35
ARE,Alexandria Real Estate Equities,NYQ,8284666880.0,48.14
STN,Stantec Inc,NYQ,8283857920.0,73.7
REXR,"Rexford Industrial Realty, Inc.",NYQ,8283460096.0,36.23
ALGM,"Allegro MicroSystems, Inc.",NMS,8274386944.0,44.39
OKLO,Oklo Inc.,NYQ,8255463424.0,44.38
IDA,"IDACORP, Inc.",NYQ,8248854016.0,142.61
CEF,"""Sprott Physical Gold and Silve",ASE,8234820096.0,44.53
ALKS,Alkermes plc,NMS,8230466048.0,49.06
KRMN,Karman Holdings Inc.,NYQ,8218415104.0,62.01
XP,XP Inc.,NMS,8173836800.0,15.82
CIG-C,Comp En De Mn Cemig,NYQ,8124336640.0,2.84
ACM,AECOM,NYQ,8122031616.0,63.11
AGX,"Argan, Inc.",NYQ,8106208768.0,578.22
SNEX,StoneX Group Inc.,NMS,8093382656.0,67.1
SM,SM Energy Company,NYQ,8027574784.0,33.75
IBRX,"ImmunityBio, Inc.",NMS,8022960640.0,7.57
RAL,Ralliant Corporation,NYQ,7998166528.0,72.29
VNO,Vornado Realty Trust,NYQ,7986888704.0,39.0
AXTA,Axalta Coating Systems Ltd.,NYQ,7985086464.0,37.31
TAP,Molson Coors Beverage Company,NYQ,7974635008.0,42.77
ASR,Grupo Aeroportuario del Sureste,NYQ,7945884160.0,264.58
SSD,"Simpson Manufacturing Company, ",NYQ,7942011392.0,193.78
ESE,ESCO Technologies Inc.,NYQ,7924088320.0,305.86
CMC,Commercial Metals Company,NYQ,7924020736.0,71.63
RHP,"Ryman Hospitality Properties, I",NYQ,7921475584.0,125.52
RYTM,"Rhythm Pharmaceuticals, Inc.",NGM,7921186304.0,115.48
ZG,"Zillow Group, Inc.",NMS,7906603520.0,35.16
S,"SentinelOne, Inc.",NYQ,7891651584.0,23.11
HXL,Hexcel Corporation,NYQ,7870133248.0,104.07
PCTY,Paylocity Holding Corporation,NMS,7867286528.0,148.28
KLAR,Klarna Group plc,NYQ,7860979200.0,20.79
AVT,"Avnet, Inc.",NMS,7855204352.0,95.71
THG,Hanover Insurance Group Inc,NYQ,7844646912.0,225.29
JOBY,"Joby Aviation, Inc.",NYQ,7833863680.0,7.92
CBC,"Central Bancompany, Inc.",NMS,7833225216.0,32.67
Z,"Zillow Group, Inc.",NMS,7821150720.0,34.78
BLDR,"Builders FirstSource, Inc.",NYQ,7801819136.0,72.51
SBSW,D/B/A Sibanye-Stillwater Limite,NYQ,7790698496.0,10.77
NFG,National Fuel Gas Company,NYQ,7786094080.0,81.92
MORN,"Morningstar, Inc.",NMS,7780689920.0,207.41
POWL,"Powell Industries, Inc.",NMS,7777427968.0,213.48
ELPC,Companhia Paranaense de Energia,NYQ,7765531648.0,10.46
TEX,Terex Corporation,NYQ,7763255808.0,67.92
CAMT,Camtek Ltd.,NGM,7717983232.0,165.38
AWI,Armstrong World Industries Inc,NYQ,7700286464.0,182.2
MXL,"MaxLinear, Inc",NMS,7694410240.0,84.84
SFM,"Sprouts Farmers Market, Inc.",NMS,7692929024.0,82.5
FSS,Federal Signal Corporation,NYQ,7682086912.0,125.85
SOBO,South Bow Corporation,NYQ,7673957376.0,36.79
UGI,UGI Corporation,NYQ,7586686464.0,35.37
MBLY,Mobileye Global Inc.,NMS,7583673344.0,8.92
VIST,Vista Energy S.A.B. de C.V.,NYQ,7559690240.0,68.31
OMF,"OneMain Holdings, Inc.",NYQ,7555923968.0,65.68
FAF,First American Corporation (New,NYQ,7541106176.0,73.86
NOV,NOV Inc.,NYQ,7535947264.0,21.14
CHRD,Chord Energy Corporation,NMS,7511112192.0,137.32
DBX,"Dropbox, Inc.",NMS,7484374528.0,34.42
CAG,"ConAgra Brands, Inc.",NYQ,7475194880.0,15.62
AXS,Axis Capital Holdings Limited,NYQ,7460790784.0,101.2
TGTX,"TG Therapeutics, Inc.",NCM,7460585984.0,48.74
NAVN,"Navan, Inc.",NMS,7440460800.0,29.255
TWST,Twist Bioscience Corporation,NMS,7435219456.0,118.57
TRNO,Terreno Realty Corporation,NYQ,7433954816.0,68.22
PJT,PJT Partners Inc.,NYQ,7427248640.0,174.36
VFS,VinFast Auto Ltd.,NMS,7416329728.0,3.17
GAP,"Gap, Inc. (The)",NYQ,7415566336.0,20.6
CIFR,Cipher Digital Inc.,NMS,7410373120.0,17.855
SSL,Sasol Ltd.,NYQ,7391164416.0,11.53
MAAS,Maase Inc.,NGM,7366645248.0,16.66
CELH,"Celsius Holdings, Inc.",NCM,7360789504.0,29.09
ORKA,"Oruka Therapeutics, Inc.",NGM,7351925248.0,111.04
GGAL,Grupo Financiero Galicia S.A.,NCM,7349195264.0,43.37
ENS,EnerSys,NYQ,7335666176.0,203.4
ETSY,"Etsy, Inc.",NYQ,7333361664.0,79.9
KEX,Kirby Corporation,NYQ,7319135744.0,138.62
TXG,"10x Genomics, Inc.",NMS,7308031488.0,56.09
BILI,Bilibili Inc.,NMS,7298740736.0,17.44
MSA,MSA Safety Incorporated,NYQ,7296311808.0,189.13
LW,"Lamb Weston Holdings, Inc.",NYQ,7296230912.0,53.07
ZETA,Zeta Global Holdings Corp.,NYQ,7291944960.0,29.05
MAC,Macerich Company (The),NYQ,7290200064.0,24.71
SLAB,"Silicon Laboratories, Inc.",NMS,7287633920.0,218.41
VCTR,"Victory Capital Holdings, Inc. ",NMS,7272584192.0,118.235
DPC,DPC Holdings PLC,NYQ,7270653440.0,50.09
PDI,PIMCO Dynamic Income Fund,NYQ,7269639680.0,15.75
NPO,Enpro Inc.,NYQ,7267710976.0,343.34
LOAR,Loar Holdings Inc.,NYQ,7252425216.0,77.41
AAON,"AAON, Inc.",NMS,7239429632.0,87.8
APPF,"AppFolio, Inc.",NGM,7232504320.0,204.21
STAG,"Stag Industrial, Inc.",NYQ,7232496640.0,36.75
ECG,"Everus Construction Group, Inc.",NYQ,7202042880.0,141.04
NE,Noble Corporation plc A,NYQ,7199863808.0,45.1
GTLB,GitLab Inc.,NMS,7198517760.0,42.62
ICL,ICL Group Ltd.,NYQ,7163487232.0,5.55
HNGE,"Hinge Health, Inc.",NYQ,7140648448.0,88.49
ACA,"Arcosa, Inc.",NYQ,7140129792.0,145.4
RIOT,"Riot Platforms, Inc.",NCM,7135548416.0,19.015
PLXS,Plexus Corp.,NMS,7127037952.0,267.41
GLBE,Global-E Online Ltd.,NMS,7115098624.0,42.36
AGCO,AGCO Corporation,NYQ,7096314880.0,101.33
POOL,Pool Corporation,NMS,7080631296.0,194.84
VSXY,Victorias Secret & Co.,NYQ,7076352512.0,89.02
ORA,"Ormat Technologies, Inc.",NYQ,7057389056.0,114.76
PACS,"PACS Group, Inc.",NYQ,7033624576.0,44.44
FIGR,"Figure Technology Solutions, In",NMS,7028667904.0,31.43
GTES,Gates Industrial Corporation Lt,NYQ,7027476480.0,27.76
FLR,Fluor Corporation,NYQ,7004019200.0,52.37
BIRK,Birkenstock Holding plc,NYQ,6999885824.0,39.35
HLNE,Hamilton Lane Incorporated,NMS,6986380288.0,104.24
CHE,Chemed Corp,NYQ,6964720640.0,532.88
FNB,F.N.B. Corporation,NYQ,6934177280.0,19.48
BZ,KANZHUN LIMITED - American Depo,NMS,6931214848.0,15.51
LUMN,"Lumen Technologies, Inc.",NYQ,6923689984.0,6.72
AN,"AutoNation, Inc.",NYQ,6923263488.0,209.41
MSM,"MSC Industrial Direct Company, ",NYQ,6914888192.0,123.82
CPB,The Campbell's Company,NMS,6909438464.0,23.17
ROAD,"Construction Partners, Inc.",NMS,6898637824.0,121.55
GDS,GDS Holdings Limited,NGM,6894993920.0,34.41
NXE,Nexgen Energy Ltd.,NYQ,6877239296.0,10.39
MOS,Mosaic Company (The),NYQ,6869725184.0,21.61
ACT,"Enact Holdings, Inc.",NMS,6865933824.0,49.94
HRB,"H&R Block, Inc.",NYQ,6834910208.0,53.92
VIPS,Vipshop Holdings Limited,NYQ,6810236416.0,14.18
WFRD,Weatherford International plc,NMS,6794704896.0,94.785
BTG,B2Gold Corp,ASE,6790303232.0,5.14
CLF,Cleveland-Cliffs Inc.,NYQ,6789426176.0,11.9
VSEC,VSE Corporation,NMS,6786671616.0,241.82
SGHC,Super Group (SGHC) Limited,NYQ,6757421568.0,13.3
HR,Healthcare Realty Trust Incorpo,NYQ,6751975936.0,19.25
EPRT,Essential Properties Realty Tru,NYQ,6734389760.0,31.06
ST,Sensata Technologies Holding pl,NYQ,6728122368.0,46.23
UBSI,"United Bankshares, Inc.",NMS,6711193600.0,49.27
SWX,"Southwest Gas Holdings, Inc.",NYQ,6708486144.0,92.6
SSRM,SSR Mining Inc.,NMS,6679137280.0,32.19
MRCY,Mercury Systems Inc,NMS,6672009728.0,111.12
URBN,"Urban Outfitters, Inc.",NMS,6663265280.0,77.81
LQDA,Liquidia Corporation,NCM,6663042048.0,74.44
CGON,"CG Oncology, Inc.",NMS,6650687488.0,75.03
MTDR,Matador Resources Company,NYQ,6644363776.0,53.69
TTD,"The Trade Desk, Inc.",NGM,6644106240.0,14.14
PPC,Pilgrim's Pride Corporation,NMS,6643227648.0,27.9
INGR,Ingredion Incorporated,NYQ,6634330624.0,105.2
DSGX,The Descartes Systems Group Inc,NMS,6618759168.0,77.24
LYFT,"Lyft, Inc.",NMS,6616883712.0,17.48
JAN,"Janus Living, Inc.",NYQ,6615252480.0,30.63
ENVA,"Enova International, Inc.",NYQ,6609273344.0,265.45
KGS,"Kodiak Gas Services, Inc.",NYQ,6595050496.0,65.35
LNTH,"Lantheus Holdings, Inc.",NGM,6589245440.0,100.95
BEPC,Brookfield Renewable Corporatio,NYQ,6588773888.0,35.5
INGM,Ingram Micro Holding Corporatio,NYQ,6585397248.0,28.55
COGT,"Cogent Biosciences, Inc.",NMS,6581802496.0,37.93
HIMS,"Hims & Hers Health, Inc.",NYQ,6567772160.0,28.15
UGP,Ultrapar Participacoes S.A. (Ne,NYQ,6564219392.0,6.16
BLTE,"Belite Bio, Inc",NCM,6556305408.0,162.8
QLYS,"Qualys, Inc.",NMS,6552124416.0,186.05
WEX,WEX Inc.,NYQ,6536171520.0,191.78
RYN,Rayonier Inc. REIT,NYQ,6523417600.0,21.57
STEP,StepStone Group Inc.,NMS,6505830400.0,50.4
GBCI,"Glacier Bancorp, Inc.",NYQ,6500988928.0,49.93
MATX,"Matson, Inc.",NYQ,6498021376.0,217.3
RRR,"Red Rock Resorts, Inc.",NMS,6492538880.0,63.66
CORZ,"Core Scientific, Inc.",NMS,6484650496.0,20.18
TFPM,Triple Flag Precious Metals Cor,NYQ,6482914816.0,31.47
MWH,"SOLV Energy, Inc.",NMS,6476532224.0,32.0
TAL,TAL Education Group,NYQ,6462269440.0,11.65
LSTR,"Landstar System, Inc.",NMS,6454463488.0,190.19
RIG,Transocean Ltd (Switzerland),NYQ,6433229824.0,5.76
LKQ,LKQ Corporation,NMS,6431312896.0,25.42
ERAS,"Erasca, Inc.",NMS,6428625920.0,18.38
HWC,Hancock Whitney Corporation,NMS,6400195072.0,79.78
EXP,Eagle Materials Inc,NYQ,6396418560.0,208.52
SRRK,Scholar Rock Holding Corporatio,NMS,6396163072.0,52.52
MTG,MGIC Investment Corporation,NYQ,6391689728.0,31.16
NTSK,"Netskope, Inc.",NMS,6386033152.0,15.81
IBP,"Installed Building Products, In",NYQ,6385115136.0,240.23
GATX,GATX Corporation,NYQ,6377505280.0,180.64
AUGO,Aura Minerals Inc.,NMS,6373276160.0,76.02
SEI,"Solaris Energy Infrastructure, ",NYQ,6369648640.0,63.3
MGY,Magnolia Oil & Gas Corporation,NYQ,6362991616.0,26.24
OGC,OceanaGold Corporation,NYQ,6361999360.0,28.6
DNTH,"Dianthus Therapeutics, Inc.",NCM,6339096064.0,115.96
CHDN,"Churchill Downs, Incorporated",NMS,6330176000.0,90.82
CAAP,Corporacion America Airports SA,NYQ,6328503296.0,24.48
SNDR,"Schneider National, Inc.",NYQ,6328361984.0,36.1
AMRX,"Amneal Pharmaceuticals, Inc.",NMS,6321572864.0,18.15
CROX,"Crocs, Inc.",NMS,6315325440.0,131.72
NOVT,Novanta Inc.,NMS,6299683840.0,166.58
AVAL,Grupo Aval Acciones y Valores S,NYQ,6292021248.0,5.3
RGTI,"Rigetti Computing, Inc.",NCM,6281527296.0,18.82
HOMB,"Home BancShares, Inc.",NYQ,6279557632.0,31.39
ENIC,Enel Chile S.A.,NYQ,6266490880.0,4.53
ESNT,Essent Group Ltd.,NYQ,6252673536.0,69.57
OR,OR Royalties Inc.,NYQ,6248450048.0,33.36
FND,"Floor & Decor Holdings, Inc.",NYQ,6237117440.0,58.57
JBTM,JBT Marel Corporation,NYQ,6234555904.0,120.18
DUOL,"Duolingo, Inc.",NMS,6214620160.0,132.83
STWD,"STARWOOD PROPERTY TRUST, INC. S",NYQ,6190233600.0,16.3
FSV,FirstService Corporation,NMS,6184732672.0,140.81
DOX,Amdocs Limited,NMS,6180868096.0,58.22
YOU,"Clear Secure, Inc.",NYQ,6171568128.0,45.45
CAI,"Caris Life Sciences, Inc.",NMS,6160574976.0,21.8
M,Macy's Inc,NYQ,6157718528.0,23.41
CPA,"Copa Holdings, S.A.",NYQ,6144880128.0,135.87
CACC,Credit Acceptance Corporation,NMS,6142885888.0,587.27
MIRM,"Mirum Pharmaceuticals, Inc.",NGM,6137150976.0,100.64
AUB,Atlantic Union Bankshares Corpo,NYQ,6123902976.0,42.88
BYD,Boyd Gaming Corporation,NYQ,6112499712.0,84.13
LB,LandBridge Company LLC,NYQ,6104947712.0,78.69
ASB,Associated Banc-Corp,NYQ,6101253120.0,32.33
CVLT,"Commvault Systems, Inc.",NMS,6095874048.0,147.085
BLCO,Bausch + Lomb Corporation,NYQ,6089667072.0,17.05
ACI,"Albertsons Companies, Inc.",NYQ,6083047936.0,12.42
AROC,"Archrock, Inc.",NYQ,6082481664.0,34.69
CRUS,"Cirrus Logic, Inc.",NMS,6068734976.0,121.09
CZR,"Caesars Entertainment, Inc.",NMS,6060680704.0,29.75
IFS,Intercorp Financial Services In,NYQ,6037650432.0,54.69
BBUC,Brookfield Business Corporation,NYQ,6033831936.0,29.37
SPHR,Sphere Entertainment Co.,NYQ,6033486336.0,168.0
XE,"X-Energy, Inc.",NMS,6029446656.0,20.975
XENE,Xenon Pharmaceuticals Inc.,NGM,6027097088.0,62.35
ABCB,Ameris Bancorp,NYQ,6024216576.0,89.77
PAGP,"Plains GP Holdings, L.P.",NMS,6020731392.0,25.84
RDNT,"RadNet, Inc.",NGM,6008535552.0,76.35
MBGL,Mobility Global Inc.,NYQ,6001869312.0,20.34
PTCT,"PTC Therapeutics, Inc.",NMS,5984139264.0,71.7
NICE,NICE Ltd,NMS,5976379904.0,102.26
POR,Portland General Electric Co,NYQ,5969768960.0,50.76
FTDR,"frontdoor, inc.",NMS,5957204992.0,86.47
BETA,"Beta Technologies, Inc.",NYQ,5947941888.0,24.86
VAL,Valaris Limited,NYQ,5945094144.0,85.62
OTEX,Open Text Corporation,NMS,5941790208.0,24.54
RSI,"Rush Street Interactive, Inc.",NYQ,5923669504.0,25.58
FLG,"Flagstar Bank, N.A.",NYQ,5915073024.0,14.25
TXNM,"TXNM Energy, Inc.",NYQ,5914847232.0,57.4
KNSA,Kiniksa Pharmaceuticals Interna,NMS,5904992768.0,76.75
MTRN,Materion Corporation,NYQ,5898861056.0,283.14
WHD,"Cactus, Inc. Class A Common Sto",NYQ,5875547648.0,73.28
LGND,Ligand Pharmaceuticals Incorpor,NGM,5872930304.0,294.595
RLI,RLI Corp.,NYQ,5852364288.0,63.77
AIR,AAR Corp.,NYQ,5847596544.0,145.25
VFC,V.F. Corporation,NYQ,5845911040.0,14.87
DLB,Dolby Laboratories,NYQ,5843995648.0,62.39
NXST,"Nexstar Media Group, Inc.",NMS,5840329728.0,189.57
MCY,Mercury General Corporation,NYQ,5836853248.0,105.38
FRVO,Fervo Energy Company,NMS,5822184448.0,19.76
TFX,Teleflex Incorporated,NYQ,5812221440.0,137.17
WPP,WPP plc,NYQ,5804619264.0,26.91
HRI,Herc Holdings Inc.,NYQ,5800689664.0,173.51
AX,"Axos Financial, Inc.",NYQ,5795950592.0,102.16
RITM,Rithm Capital Corp.,NYQ,5785096704.0,10.36
OBDC,Blue Owl Capital Corporation,NYQ,5779631104.0,11.72
TVTX,"Travere Therapeutics, Inc.",NGM,5778578944.0,62.14
CWST,"Casella Waste Systems, Inc.",NMS,5773425152.0,90.72
TBBB,BBB Foods Inc.,NYQ,5761695232.0,47.79
SON,Sonoco Products Company,NYQ,5761078272.0,58.27
BXSL,Blackstone Secured Lending Fund,NYQ,5749701120.0,24.68
STVN,Stevanato Group S.p.A.,NYQ,5749457408.0,21.06
TEO,Telecom Argentina SA,NYQ,5746039808.0,13.34
DFTX,"Definium Therapeutics, Inc.",NMS,5728062976.0,42.63
OZK,Bank OZK,NMS,5723384832.0,52.49
MKTX,"MarketAxess Holdings, Inc.",NMS,5721308672.0,162.57
PECO,"Phillips Edison & Company, Inc.",NMS,5717447168.0,40.5
FBIN,"Fortune Brands Innovations, Inc",NYQ,5710731776.0,47.84
MDA,MDA Space Ltd.,NYQ,5706252288.0,35.21
BCPC,Balchem Corporation,NMS,5690545152.0,178.51
G,Genpact Limited,NYQ,5689645056.0,33.86
MMYT,MakeMyTrip Limited,NMS,5683024384.0,60.42
SXT,Sensient Technologies Corporati,NYQ,5681679360.0,133.47
BKH,Black Hills Corporation,NYQ,5664846336.0,74.29
MMED,"MiniMed Group, Inc.",NMS,5658983424.0,20.15
CAKE,The Cheesecake Factory Incorpor,NMS,5641860096.0,113.38
SIGI,"Selective Insurance Group, Inc.",NMS,5624452096.0,94.37
CSW,"CSW Industrials, Inc.",NYQ,5623696896.0,345.15
NJR,NewJersey Resources Corporation,NYQ,5611239424.0,55.6
ACMR,"ACM Research, Inc.",NGM,5601188352.0,80.42
GXO,"GXO Logistics, Inc.",NYQ,5589060608.0,48.58
GVA,Granite Construction Incorporat,NYQ,5562469376.0,127.1
PSMT,"PriceSmart, Inc.",NMS,5561683456.0,180.22
PRM,"Perimeter Solutions, SA",NYQ,5548986880.0,33.9
WFG,West Fraser Timber Co. Ltd,NYQ,5540779008.0,70.76
RELY,"Remitly Global, Inc.",NMS,5537756160.0,26.3
REYN,Reynolds Consumer Products Inc.,NMS,5532643840.0,26.25
CIG,Comp En De Mn Cemig,NYQ,5521116160.0,1.93
VSNT,"Versant Media Group, Inc.",NMS,5518093824.0,39.65
ANDG,Andersen Group Inc.,NYQ,5499427840.0,48.89
KRG,Kite Realty Group Trust,NYQ,5499382272.0,26.45
MAIN,Main Street Capital Corporation,NYQ,5498297856.0,58.8
UEC,Uranium Energy Corp.,ASE,5495374848.0,11.21
ADT,ADT Inc.,NYQ,5471888384.0,7.49
WH,"Wyndham Hotels & Resorts, Inc.",NYQ,5464164352.0,73.63
GTX,Garrett Motion Inc.,NMS,5428466176.0,29.0
MMSI,"Merit Medical Systems, Inc.",NMS,5419317760.0,90.76
HASI,HA Sustainable Infrastructure C,NYQ,5412242432.0,42.12
PIPR,Piper Sandler Companies,NYQ,5406277120.0,76.5
EBC,"Eastern Bankshares, Inc.",NMS,5398585344.0,23.625
ELF,"e.l.f. Beauty, Inc.",NYQ,5395691520.0,91.44
ACIW,"ACI Worldwide, Inc.",NMS,5395047936.0,53.44
SHC,Sotera Health Company,NMS,5390729728.0,18.89
CIGI,Colliers International Group In,NMS,5386853888.0,105.41
RNG,"Ringcentral, Inc.",NYQ,5385312256.0,64.49
VSH,"Vishay Intertechnology, Inc.",NYQ,5380541440.0,35.08
BC,Brunswick Corporation,NYQ,5356803072.0,82.67
SAIC,Science Applications Internatio,NMS,5355627520.0,126.68
AXTI,AXT Inc,NMS,5353396736.0,81.64
GLNG,Golar LNG Limited,NMS,5342419968.0,52.49
ENPH,"Enphase Energy, Inc.",NGM,5335192064.0,40.48
MIDD,The Middleby Corporation,NMS,5332167168.0,117.91
OUT,OUTFRONT Media Inc.,NYQ,5326329856.0,30.24
BGC,"BGC Group, Inc.",NMS,5325224960.0,11.2
IRDM,Iridium Communications Inc,NMS,5319211520.0,50.2
EXLS,"ExlService Holdings, Inc.",NMS,5319137280.0,34.815
XMTR,"Xometry, Inc.",NMS,5317966336.0,96.26
PEGA,Pegasystems Inc.,NMS,5313567744.0,32.32
BDC,Belden Inc,NYQ,5310726144.0,135.9
VIRT,"Virtu Financial, Inc.",NYQ,5299806720.0,60.02
GRFS,"Grifols, S.A.",NMS,5294907904.0,7.78
CNX,CNX Resources Corporation,NYQ,5284546560.0,35.72
MTN,"Vail Resorts, Inc.",NYQ,5284452352.0,148.3
PI,"Impinj, Inc.",NMS,5275218944.0,172.65
IEP,Icahn Enterprises L.P. - Deposi,NMS,5274990080.0,7.42
ESAB,ESAB Corporation,NYQ,5272451584.0,84.81
ONDS,Ondas Inc,NCM,5271903232.0,9.24
PAY,"Paymentus Holdings, Inc.",NYQ,5271833600.0,41.86
SLM,SLM Corporation,NMS,5269640192.0,28.03
KVYO,"Klaviyo, Inc. Series A",NYQ,5264609792.0,18.49
GOLF,Acushnet Holdings Corp.,NYQ,5259958272.0,90.06
OTF,Blue Owl Technology Finance Cor,NYQ,5250804224.0,11.46
AMTM,"Amentum Holdings, Inc.",NYQ,5249552384.0,21.47
EQPT,EquipmentShare.com Inc,NMS,5227146240.0,20.63
LBRDA,Liberty Broadband Corporation,NMS,5222163968.0,36.3
BB,BlackBerry Limited,NYQ,5216293376.0,8.9
LBRDK,Liberty Broadband Corporation,NMS,5213272576.0,36.33
MYRG,"MYR Group, Inc.",NMS,5206201856.0,334.39
OII,"Oceaneering International, Inc.",NYQ,5195447808.0,52.2
SBRA,"Sabra Health Care REIT, Inc.",NMS,5191003136.0,20.32
UNF,Unifirst Corporation,NYQ,5185817088.0,286.76
KLIC,"Kulicke and Soffa Industries, I",NMS,5185291776.0,99.09
HCC,"Warrior Met Coal, Inc.",NYQ,5185164800.0,98.2
EPAM,"EPAM Systems, Inc.",NYQ,5184491520.0,100.5
LAUR,"Laureate Education, Inc.",NMS,5182130688.0,37.62
CRSP,CRISPR Therapeutics AG,NGM,5177891840.0,53.55
VRNS,"Varonis Systems, Inc.",NMS,5167573504.0,44.99
LPX,Louisiana-Pacific Corporation,NYQ,5166640640.0,73.89
JMKE,Jersey Mike's Subs Inc.,NYQ,5159605248.0,22.16
TREX,"Trex Company, Inc.",NYQ,5156493824.0,49.63
NIQ,NIQ Global Intelligence plc,NYQ,5146980352.0,17.45
SKY,"Champion Homes, Inc.",NYQ,5131101184.0,94.53
ALK,"Alaska Air Group, Inc.",NYQ,5127617536.0,45.96
PSN,Parsons Corporation,NYQ,5115978240.0,47.9
CNO,"CNO Financial Group, Inc.",NYQ,5114580992.0,55.28
MRX,Marex Group Limited,NMS,5111407616.0,71.06
WTM,White Mountains Insurance Group,NYQ,5100709376.0,2137.12
ACHR,Archer Aviation Inc.,NYQ,5097577472.0,6.62
OGS,"ONE Gas, Inc.",NYQ,5090101248.0,80.98
TPC,Tutor Perini Corporation,NYQ,5089741824.0,96.82
GNTX,Gentex Corporation,NMS,5083160576.0,23.87
OCTV,Octave Intelligence plc,NMS,5076158464.0,18.91
MC,Moelis & Company,NYQ,5067874304.0,68.41
ALH,Alliance Laundry Holdings Inc.,NYQ,5062648320.0,25.47
FFIN,"First Financial Bankshares, Inc",NMS,5056323072.0,35.28
GHC,Graham Holdings Company,NYQ,5044645888.0,1191.2
MRP,"Millrose Properties, Inc.",NYQ,5036233216.0,30.33
CE,Celanese Corporation,NYQ,5011136000.0,45.66
CMBT,CMB.TECH NV,NYQ,5002526720.0,17.24
SFBS,"ServisFirst Bancshares, Inc.",NYQ,4993240576.0,91.33
OMAB,Grupo Aeroportuario del Centro ,NMS,4990756864.0,103.39
RDN,Radian Group Inc.,NYQ,4976296448.0,37.26
BIPC,Brookfield Infrastructure Corpo,NYQ,4973742592.0,40.44
GEF,Greif Inc.,NYQ,4965686784.0,87.35
BMA,Banco Macro S.A.,NYQ,4962308096.0,77.61
BILL,"BILL Holdings, Inc.",NYQ,4957924864.0,49.78
UFPI,"UFP Industries, Inc.",NMS,4957363200.0,89.87
MUR,Murphy Oil Corporation,NYQ,4956685312.0,34.57
TFSL,TFS Financial Corporation,NMS,4947010048.0,17.64
BOOT,"Boot Barn Holdings, Inc.",NYQ,4946120704.0,163.32
GBTG,"Global Business Travel Group, I",NYQ,4941652992.0,9.46
SR,Spire Inc.,NYQ,4896904704.0,82.84
USAR,"USA Rare Earth, Inc.",NGM,4893422592.0,20.0
CUZ,Cousins Properties Incorporated,NYQ,4888681472.0,29.7
CAR,"Avis Budget Group, Inc.",NMS,4869655040.0,137.85
AKO-B,Embotelladora Andina S.A.,NYQ,4846440960.0,30.72
KBR,"KBR, Inc.",NYQ,4837219328.0,38.37
ACAD,ACADIA Pharmaceuticals Inc.,NMS,4835700736.0,28.24
INSW,"International Seaways, Inc.",NYQ,4807013888.0,97.05
ANF,Abercrombie & Fitch Company,NYQ,4804401152.0,108.13
DYN,"Dyne Therapeutics, Inc.",NMS,4799383552.0,25.7
EWTX,"Edgewise Therapeutics, Inc.",NMS,4797044224.0,44.17
FHI,"Federated Hermes, Inc.",NYQ,4787963392.0,64.13
FSLY,"Fastly, Inc.",NMS,4767848960.0,29.93
DIOD,Diodes Incorporated,NMS,4765430272.0,103.48
MTH,Meritage Homes Corporation,NYQ,4762923008.0,73.08
CNR,"Core Natural Resources, Inc.",NYQ,4762102272.0,95.94
TKC,Turkcell Iletisim Hizmetleri AS,NYQ,4753350656.0,5.46
WAY,Waystar Holding Corp.,NMS,4751525888.0,24.78
LFST,"LifeStance Health Group, Inc.",NMS,4745131008.0,12.42
CRC,California Resources Corporatio,NYQ,4734988800.0,53.31
DOO,BRP Inc.,NMS,4731578368.0,64.51
ATAT,Atour Lifestyle Holdings Limite,NMS,4724577280.0,34.19
GFF,Griffon Corporation,NYQ,4717897728.0,104.16
FULT,Fulton Financial Corporation,NMS,4717598720.0,24.64
MANE,"Veradermics, Incorporated",NYQ,4709039104.0,112.71
BCO,Brinks Company (The),NYQ,4706739200.0,114.27
CHH,"Choice Hotels International, In",NYQ,4700700672.0,104.44
IQMX,IQM Quantum Computers Oyj,NMS,4694697472.0,9.9
KTB,"Kontoor Brands, Inc.",NYQ,4692623360.0,84.9
EPR,EPR Properties,NYQ,4692296192.0,61.25
TDW,Tidewater Inc.,NYQ,4691017728.0,94.28
SIM,"Grupo Simec, S.A.B. de C.V.",ASE,4679170048.0,30.5
FELE,"Franklin Electric Co., Inc.",NMS,4676246528.0,105.77
CECO,CECO Environmental Corp.,NMS,4661572608.0,79.59
CVCO,"Cavco Industries, Inc.",NMS,4652472832.0,605.05
TNL,Travel   Leisure Co.,NYQ,4626184192.0,75.49
CENX,Century Aluminum Company,NMS,4624966656.0,46.72
OLLI,Ollie's Bargain Outlet Holdings,NGM,4624072192.0,76.49
ATRO,Astronics Corporation,NMS,4611608576.0,93.45
INDV,"Indivior Pharmaceuticals, Inc.",NMS,4603712000.0,39.01
SKT,Tanger Inc.,NYQ,4596264960.0,38.45
BFH,"Bread Financial Holdings, Inc.",NYQ,4582160896.0,113.4
ICUI,"ICU Medical, Inc.",NMS,4575787520.0,182.98
NNI,"Nelnet, Inc.",NYQ,4572254720.0,127.79
EROC,"ERock, Inc.",NYQ,4569586176.0,16.72
IBOC,International Bancshares Corpor,NMS,4563613184.0,73.38
UWMC,UWM Holdings Corporation,NYQ,4556926464.0,1.59
BNL,"Broadstone Net Lease, Inc.",NYQ,4553858560.0,21.39
AZZ,AZZ Inc.,NYQ,4548294656.0,151.35
CBT,Cabot Corporation,NYQ,4536489984.0,87.88
AQN,Algonquin Power & Utilities Cor,NYQ,4534722048.0,5.89
FBP,First BanCorp. New,NYQ,4534247936.0,29.7
PBLS,"Parabilis Medicines, Inc.",NMS,4534122496.0,37.07
LIVN,LivaNova PLC,NMS,4529788416.0,82.22
NSIT,"Insight Enterprises, Inc.",NMS,4527059968.0,154.25
BOX,"Box, Inc.",NYQ,4523090944.0,32.65
CON,Concentra Group Holdings Parent,NYQ,4517953536.0,35.43
NVST,Envista Holdings Corporation,NYQ,4508538880.0,28.07
CELC,Celcuity Inc.,NCM,4501735424.0,92.0
CVSA,Covista Inc.,NYQ,4493464576.0,132.01
SLGN,Silgan Holdings Inc.,NYQ,4489372160.0,42.48
PRIM,Primoris Services Corporation,NYQ,4484233216.0,83.3
FLY,Firefly Aerospace Inc.,NGM,4464681984.0,26.67
HGTY,"Hagerty, Inc.",NYQ,4456786432.0,12.97
CHEF,"The Chefs' Warehouse, Inc.",NMS,4450036736.0,109.08
ITRI,"Itron, Inc.",NMS,4446982656.0,101.56
VNT,Vontier Corporation,NYQ,4439968256.0,32.84
BRC,Brady Corporation,NYQ,4435198464.0,94.14
UCB,"United Community Banks, Inc.",NYQ,4429944320.0,36.74
RHI,Robert Half Inc.,NYQ,4421129216.0,43.22
DOCS,"Doximity, Inc.",NYQ,4420500480.0,24.8
NWE,"NorthWestern Energy Group, Inc.",NMS,4417596416.0,71.81
HP,"Helmerich & Payne, Inc.",NYQ,4417301504.0,44.2
BLLN,"BillionToOne, Inc.",NMS,4403966464.0,93.33
LAZ,"Lazard, Inc.",NYQ,4394258432.0,44.64
TCBI,"Texas Capital Bancshares, Inc.",NMS,4391780352.0,101.02
AEHR,Aehr Test Systems,NCM,4373097472.0,134.06
SITE,"SiteOne Landscape Supply, Inc.",NYQ,4368791040.0,98.6
VVV,Valvoline Inc.,NYQ,4362643968.0,34.19
OPLN,"OPENLANE, Inc.",NYQ,4359309824.0,35.5
CNS,Cohen & Steers Inc,NYQ,4357460480.0,84.74
RLAY,"Relay Therapeutics, Inc.",NGM,4352153088.0,19.86
NP,Neptune Insurance Holdings Inc.,NYQ,4351661056.0,31.71
MDU,"MDU Resources Group, Inc.",NYQ,4343716352.0,20.65
SEZL,Sezzle Inc.,NCM,4342730240.0,128.96
MEOH,Methanex Corporation,NMS,4341682176.0,56.12
CNK,Cinemark Holdings Inc Cinemark ,NYQ,4332785152.0,37.38
CATY,Cathay General Bancorp,NMS,4331728384.0,64.93
ACLS,"Axcelis Technologies, Inc.",NMS,4328040448.0,140.15
KFY,Korn Ferry,NYQ,4323673088.0,84.19
MIAX,"Miami International Holdings, I",NYQ,4318528512.0,43.52
TNGX,"Tango Therapeutics, Inc.",NGM,4316425728.0,25.6
PTEN,"Patterson-UTI Energy, Inc.",NMS,4316252672.0,11.37
ELVN,"Enliven Therapeutics, Inc.",NMS,4309786112.0,58.82
WSC,WillScot Holdings Corporation,NCM,4305097216.0,23.76
SLG,SL Green Realty Corp,NYQ,4303686144.0,56.09
MAT,"Mattel, Inc.",NMS,4294071040.0,15.03
ALM,Almonty Industries Inc.,NCM,4281664768.0,15.09
CDP,COPT Defense Properties,NYQ,4280452864.0,36.95
BULL,Webull Corporation,NCM,4275822080.0,8.04
ARX,Accelerant Holdings,NYQ,4272382208.0,19.58
CGAU,Centerra Gold Inc.,NYQ,4271779584.0,21.51
PTRN,Pattern Group Inc. - Series A,NMS,4268738304.0,21.44
COLD,"Americold Realty Trust, Inc.",NYQ,4268281600.0,14.88
DAVE,Dave Inc.,NGM,4267610112.0,334.57
SKYW,"SkyWest, Inc.",NMS,4266652928.0,107.58
KRC,Kilroy Realty Corporation,NYQ,4264339200.0,36.31
ITGR,Integer Holdings Corporation,NYQ,4253183232.0,125.26
AVNT,Avient Corporation,NYQ,4250284032.0,46.34
SYNA,Synaptics Incorporated,NMS,4248191488.0,108.63
PAM,Pampa Energia S.A.,NYQ,4242014208.0,78.93
TGS,Transportadora de Gas del Sur S,NYQ,4230516992.0,28.1
TENB,"Tenable Holdings, Inc.",NMS,4226725120.0,38.33
GEF-B,"Greif, Inc. Corporation",NYQ,4195394048.0,110.7
CLMT,"Calumet, Inc",NMS,4194503680.0,47.72
FCN,"FTI Consulting, Inc.",NYQ,4192817920.0,151.85
SEB,Seaboard Corporation,ASE,4179960832.0,4364.15
LIF,"Life360, Inc.",NMS,4172609536.0,51.21
WSFS,WSFS Financial Corporation,NMS,4172058880.0,81.66
PHI,PLDT Inc. Sponsored,NYQ,4172036864.0,19.31
MANU,Manchester,NYQ,4171186944.0,24.19
DLO,DLocal Limited,NMS,4169793536.0,14.17
IRTC,"iRhythm Holdings, Inc.",NMS,4167842304.0,126.44
ATMU,Atmus Filtration Technologies I,NYQ,4162187776.0,51.01
VAC,Marriott Vacations Worldwide Co,NYQ,4161489664.0,120.99
EE,"Excelerate Energy, Inc.",NYQ,4153919232.0,36.63
SKE,Skeena Resources Limited,NYQ,4147797248.0,33.06
DNP,"DNP Select Income Fund, Inc.",NYQ,4137496832.0,10.98
HAE,Haemonetics Corporation,NYQ,4131132416.0,90.8
CRK,"Comstock Resources, Inc.",NYQ,4128304896.0,14.06
BELFB,Bel Fuse Inc.,NMS,4125722624.0,290.08
IRT,"Independence Realty Trust, Inc.",NYQ,4115407360.0,17.03
THO,"Thor Industries, Inc.",NYQ,4112532480.0,79.0
GEO,Geo Group Inc (The) REIT,NYQ,4109163264.0,31.22
CCC,CCC Intelligent Solutions Holdi,NMS,4105292800.0,6.97
WSBC,"WesBanco, Inc.",NMS,4094222336.0,42.69
CVBF,CVB Financial Corporation,NMS,4091940352.0,23.25
SRAD,Sportradar Group AG,NMS,4090051584.0,13.82
OLED,Universal Display Corporation,NMS,4087371008.0,88.92
FRMI,Fermi Inc.,NMS,4083733248.0,6.4
LMND,"Lemonade, Inc.",NYQ,4074157824.0,52.64
INDB,Independent Bank Corp.,NMS,4070900480.0,85.94
LBTYB,Liberty Global Ltd.,NMS,4055531008.0,11.89
TDS,"Telephone and Data Systems, Inc",NYQ,4053234176.0,35.21
PFSI,"PennyMac Financial Services, In",NYQ,4051697920.0,78.03
DORM,"Dorman Products, Inc.",NMS,4047457536.0,136.39
TAC,TransAlta Corporation,NYQ,4045476864.0,12.79
MSGE,Madison Square Garden Entertain,NYQ,4041759232.0,85.44
QTWO,"Q2 Holdings, Inc.",NYQ,4036219648.0,64.73
CRGY,Crescent Energy Company,NYQ,4030925312.0,12.2
PARR,"Par Pacific Holdings, Inc. Comm",NYQ,4024002048.0,80.32
SXI,Standex International Corporati,NYQ,4013724416.0,331.18
CSTM,Constellium SE,NYQ,4011620864.0,29.6
DK,"Delek US Holdings, Inc.",NYQ,4008870656.0,65.47
TLX,Telix Pharmaceuticals Limited,NMS,4004344576.0,11.82
MWA,MUELLER WATER PRODUCTS,NYQ,3987450112.0,25.54
RNST,Renasant Corporation,NYQ,3980664320.0,43.55
HHH,Howard Hughes Holdings Inc.,NYQ,3977420800.0,66.6
STNG,Scorpio Tankers Inc.,NYQ,3976960256.0,79.41
MIR,"Mirion Technologies, Inc.",NYQ,3957208320.0,15.89
WK,Workiva Inc.,NYQ,3956974592.0,70.51
PII,Polaris Inc.,NYQ,3954225664.0,69.49
LEGN,Legend Biotech Corporation,NMS,3947084032.0,20.37
KAI,Kadant Inc,NYQ,3946843136.0,334.22
ADPT,Adaptive Biotechnologies Corpor,NMS,3935134976.0,24.74
VEON,VEON Ltd.,NMS,3930596864.0,57.08
SUNC,SunocoCorp LLC,NYQ,3926641152.0,76.22
BBWI,"Bath & Body Works, Inc.",NYQ,3912314624.0,19.41
DNLI,Denali Therapeutics Inc.,NMS,3900276736.0,24.4
OTTR,Otter Tail Corporation,NMS,3899201024.0,92.87
JOE,St. Joe Company (The),NYQ,3894042880.0,68.4
BANF,BancFirst Corporation,NMS,3886616832.0,115.72
RXO,"RXO, Inc.",NYQ,3879062528.0,23.52
GPCR,Structure Therapeutics Inc.,NGM,3874271488.0,54.51
VKTX,"Viking Therapeutics, Inc.",NCM,3871710720.0,33.19
HAFN,Hafnia Limited,NYQ,3868307200.0,7.74
USAC,"USA Compression Partners, LP",NYQ,3858392064.0,26.62
SMR,NuScale Power Corporation,NYQ,3853557760.0,9.39
MHO,"M/I Homes, Inc.",NYQ,3845801984.0,152.11
GNW,Genworth Financial Inc,NYQ,3838966528.0,10.16
PLNT,"Planet Fitness, Inc.",NYQ,3819767040.0,50.36
QS,QuantumScape Corporation,NMS,3807748096.0,6.19
UCTT,"Ultra Clean Holdings, Inc.",NMS,3807271936.0,84.93
CALM,"Cal-Maine Foods, Inc.",NMS,3804505856.0,81.09
PVH,PVH Corp.,NYQ,3802534400.0,82.47
LEU,Centrus Energy Corp.,NYQ,3794035712.0,190.15
APLE,"Apple Hospitality REIT, Inc.",NYQ,3793849088.0,16.07
BMI,"Badger Meter, Inc.",NYQ,3792059648.0,130.82
MCHB,Mechanics Bancorp,NMS,3781964800.0,17.08
ABG,Asbury Automotive Group Inc,NYQ,3781750784.0,210.66
UUUU,Energy Fuels Inc,ASE,3774471424.0,15.1
COCO,"The Vita Coco Company, Inc.",NMS,3773321216.0,65.21
NVTS,Navitas Semiconductor Corporati,NGM,3772800768.0,14.45
KNF,Knife Riv Holding Co.,NYQ,3768456192.0,66.4
OSIS,"OSI Systems, Inc.",NMS,3762549248.0,228.27
LOPE,"Grand Canyon Education, Inc.",NMS,3758578176.0,144.2
AKO-A,Embotelladora Andina S.A.,NYQ,3754729728.0,23.8
RCUS,"Arcus Biosciences, Inc.",NYQ,3753787904.0,29.48
PRK,Park National Corporation,ASE,3753551616.0,207.79
NIC,Nicolet Bankshares Inc.,NYQ,3751813888.0,179.02
BFAM,Bright Horizons Family Solution,NYQ,3751382016.0,71.31
AYA,Aya Gold & Silver Inc.,NMS,3733417216.0,25.92
FIBK,"First Interstate BancSystem, In",NMS,3733081344.0,39.17
NMRK,"Newmark Group, Inc.",NMS,3728983552.0,15.25
UTG,53270,ASE,3715683584.0,40.34
FA,First Advantage Corporation,NMS,3706444800.0,21.58
GPGI,"GPGI, Inc.",NYQ,3704795136.0,12.78
MNDY,monday.com Ltd.,NMS,3699830784.0,87.52
RUM,RUM Group Inc.,NGM,3698744064.0,7.46
BLSH,Bullish,NYQ,3698703104.0,24.39
ARIS,Aris Mining Corporation,NYQ,3693044992.0,17.89
ZGN,Ermenegildo Zegna N.V.,NYQ,3691973888.0,13.76
JOYY,JOYY Inc.,NMS,3678877440.0,73.02
BATRA,"Atlanta Braves Holdings, Inc. -",NMS,3678745600.0,57.33
IPAR,"Interparfums, Inc.",NMS,3671115008.0,114.63
POST,"Post Holdings, Inc.",NYQ,3668862976.0,80.95
NESR,National Energy Services Reunit,NCM,3661927168.0,36.31
HTFL,"Heartflow, Inc.",NMS,3659008768.0,42.08
IPGP,IPG Photonics Corporation,NMS,3641237760.0,85.79
SA,"Seabridge Gold, Inc.",NYQ,3615843328.0,33.52
FFBC,First Financial Bancorp.,NMS,3608832512.0,34.38
OGN,Organon & Co.,NYQ,3603001600.0,13.72
AMBA,"Ambarella, Inc.",NMS,3598945792.0,82.04
LFTO,"Liftoff Mobile, Inc.",NMS,3597644288.0,21.61
LBRT,Liberty Energy Inc.,NYQ,3591843328.0,22.01
FG,"F&G Annuities & Life, Inc.",NYQ,3590243328.0,27.42
OPCH,"Option Care Health, Inc.",NMS,3586607616.0,23.945
NHI,"National Health Investors, Inc.",NYQ,3582605824.0,72.95
FOUR,"Shift4 Payments, Inc.",NYQ,3582420480.0,45.37
LBTYA,Liberty Global Ltd.,NMS,3571186688.0,10.47
LXP,LXP Industrial Trust,NYQ,3571041536.0,60.57
HGV,Hilton Grand Vacations Inc.,NYQ,3569870080.0,45.93
LION,Lionsgate Studios Corp,NYQ,3567740416.0,11.99
SIG,Signet Jewelers Limited,NYQ,3562098432.0,90.57
MARA,"MARA Holdings, Inc.",NCM,3553953536.0,9.2
SMG,Scotts Miracle-Gro Company (The,NYQ,3547943168.0,60.94
MGNI,"Magnite, Inc.",NMS,3546879488.0,24.73
CVI,CVR Energy Inc.,NYQ,3544708864.0,35.26
HIW,"Highwoods Properties, Inc.",NYQ,3539100928.0,31.51
PONY,Pony AI Inc.,NMS,3536126976.0,8.14
HNI,HNI Corporation,NYQ,3526802688.0,48.86
AWR,American States Water Company,NYQ,3526381568.0,88.97
ERO,Ero Copper Corp.,NYQ,3525428992.0,33.8
MNSO,MINISO Group Holding Limited,NYQ,3522307328.0,11.8
CSQR,"Csquare, Inc.",NYQ,3522070272.0,22.72
OUST,"Ouster, Inc.",NMS,3512591872.0,48.71
OPEN,Opendoor Technologies Inc,NMS,3511641344.0,3.64
XNDU,Xanadu Quantum Technologies Lim,NGM,3507703040.0,11.53
POWI,"Power Integrations, Inc.",NMS,3506049280.0,62.75
KC,Kingsoft Cloud Holdings Limited,NMS,3505618688.0,11.71
NHC,National HealthCare Corporation,ASE,3501731328.0,223.59
LPL,"LG Display Co, Ltd AMERICAN DEP",NYQ,3500000000.0,3.5
FRSH,Freshworks Inc.,NMS,3499656704.0,12.66
SBCF,Seacoast Banking Corporation of,NMS,3498215168.0,36.13
FRPT,"Freshpet, Inc.",NGM,3496705536.0,72.76
TOWN,Towne Bank,NMS,3495977472.0,37.82
IDYA,"IDEAYA Biosciences, Inc.",NMS,3494775040.0,36.3
ABCL,AbCellera Biologics Inc.,NMS,3489238528.0,11.38
LBTYK,Liberty Global Ltd.,NMS,3485914880.0,10.22
NG,Novagold Resources Inc.,ASE,3483918080.0,7.94
SFNC,Simmons First National Corporat,NMS,3479169536.0,24.075
NATL,NCR Atleos Corporation,NYQ,3467983104.0,46.93
KEN,Kenon Holdings Ltd.,NYQ,3464687104.0,66.49
LRN,"Stride, Inc.",NYQ,3464428544.0,83.36
CBU,"Community Financial System, Inc",NYQ,3464230912.0,65.84
WT,"WisdomTree, Inc.",NYQ,3455991296.0,22.81
SHOO,"Steven Madden, Ltd.",NMS,3449568256.0,47.14
CURB,Curbline Properties Corp.,NYQ,3448498432.0,30.24
BKU,"BankUnited, Inc.",NYQ,3443366912.0,48.34
GBDC,"Golub Capital BDC, Inc.",NMS,3442980096.0,13.26
RH,RH,NYQ,3440029696.0,181.76
NMIH,NMI Holdings Inc,NGM,3438207744.0,45.71
BATRK,"Atlanta Braves Holdings, Inc. -",NMS,3438116096.0,53.58
KBH,KB Home,NYQ,3437023488.0,56.06
WING,Wingstop Inc.,NMS,3435830016.0,126.12
BWLP,BW LPG Limited,NYQ,3434046464.0,22.62
FSK,FS KKR Capital Corp.,NYQ,3415565824.0,12.36
AB,AllianceBernstein Holding L.P.,NYQ,3414871808.0,36.65
AAP,Advance Auto Parts Inc.,NYQ,3411616768.0,56.55
NEA,Nuveen AMT-Free Quality Municip,NYQ,3400106496.0,11.37
RDW,Redwire Corporation,NYQ,3394899712.0,13.58
ZIM,ZIM Integrated Shipping Service,NYQ,3391423232.0,28.14
CWK,Cushman & Wakefield Ltd.,NYQ,3379877376.0,14.4
AGO,Assured Guaranty Ltd.,NYQ,3377163520.0,76.79
ASH,Ashland Inc.,NYQ,3375429120.0,73.71
FUL,H. B. Fuller Company,NYQ,3375160064.0,62.75
BHF,"Brighthouse Financial, Inc.",NMS,3374778624.0,58.68
PLMR,"Palomar Holdings, Inc.",NMS,3374190336.0,128.21
GPK,Graphic Packaging Holding Compa,NYQ,3373116160.0,11.4
QURE,uniQure N.V.,NMS,3372594944.0,48.62
USLM,"United States Lime & Minerals, ",NMS,3368300800.0,117.41
FHB,"First Hawaiian, Inc.",NMS,3365686272.0,27.66
NN,NextNav Inc.,NCM,3358473216.0,19.895
CSQ,Calamos Strategic Total Return ,NGM,3356536320.0,20.93
CARG,"CarGurus, Inc.",NMS,3334910976.0,37.44
CRVL,CorVel Corp.,NMS,3320454400.0,65.73
VCYT,"Veracyte, Inc.",NGM,3316117504.0,41.25
MBX,"MBX Biosciences, Inc.",NMS,3302337792.0,68.57
SOUN,"SoundHound AI, Inc.",NGM,3299736064.0,7.43
CLDX,"Celldex Therapeutics, Inc.",NCM,3294313984.0,41.95
ARQT,"Arcutis Biotherapeutics, Inc.",NMS,3291872512.0,26.19
ADEA,Adeia Inc.,NMS,3289656832.0,29.83
KN,Knowles Corporation,NYQ,3289151488.0,38.51
ADX,Adams Diversified Equity Fund I,NYQ,3284334336.0,26.29
AAMI,Acadian Asset Management Inc.,NYQ,3283191808.0,92.51
AVA,Avista Corporation,NYQ,3278923520.0,39.15
ALMS,Alumis Inc.,NMS,3276005888.0,25.31
VGNT,Versigent PLC,NYQ,3272589312.0,46.2
ARLP,"Alliance Resource Partners, L.P",NMS,3270506752.0,25.42
PENG,"Penguin Solutions, Inc.",NMS,3269284096.0,63.8
DAN,Dana Incorporated,NYQ,3264952320.0,30.35
LIFE,Ethos Technologies Inc.,NMS,3260424192.0,34.02
BRZE,"Braze, Inc.",NMS,3258434304.0,28.93
CPK,Chesapeake Utilities Corporatio,NYQ,3256782336.0,135.1
YETI,"YETI Holdings, Inc.",NYQ,3252380928.0,44.56
CXW,"CoreCivic, Inc.",NYQ,3245684224.0,32.82
SBLK,Star Bulk Carriers Corp.,NMS,3244053504.0,29.05
PLUG,"Plug Power, Inc.",NCM,3241492992.0,2.32
DX,"Dynex Capital, Inc.",NYQ,3231430144.0,13.06
DGII,Digi International Inc.,NMS,3230144512.0,85.12
NAMS,NewAmsterdam Pharma Company N.V,NGM,3225112832.0,26.98
HAYW,"Hayward Holdings, Inc.",NYQ,3215732736.0,15.16
AGYS,"Agilysys, Inc.",NMS,3215459840.0,114.0
PFS,"Provident Financial Services, I",NYQ,3213613056.0,24.64
SHAK,"Shake Shack, Inc.",NYQ,3206065920.0,74.84
VECO,Veeco Instruments Inc.,NMS,3203193344.0,52.4
EXTR,"Extreme Networks, Inc.",NMS,3202982656.0,24.41
WRBY,Warby Parker Inc.,NYQ,3202684672.0,25.91
ARCB,ArcBest Corporation,NMS,3193561600.0,142.88
EXPO,"Exponent, Inc.",NMS,3190342144.0,67.1
MZTI,The Marzetti Company,NMS,3182367232.0,116.05
PLSE,"Pulse Biosciences, Inc",NCM,3176709120.0,44.54
AAUC,Allied Gold Corporation,NYQ,3172951552.0,22.77
ATKR,Atkore Inc.,NYQ,3167865600.0,93.8
BOH,Bank of Hawaii Corporation,NYQ,3167472384.0,80.29
IOVA,"Iovance Biotherapeutics, Inc.",NGM,3161740544.0,6.98
FSM,Fortuna Mining Corp.,NYQ,3157865216.0,10.67
PPTA,Perpetua Resources Corp.,NCM,3157385216.0,25.24
EXK,Endeavour Silver Corporation,NYQ,3156900096.0,10.66
TNET,"TriNet Group, Inc.",NYQ,3155950592.0,68.75
VTMX,"Corporacion Inmobiliaria Vesta,",NYQ,3150156032.0,33.95
DHT,"DHT Holdings, Inc.",NYQ,3147318272.0,19.52
GPI,"Group 1 Automotive, Inc.",NYQ,3146871552.0,263.95
BBAR,Banco BBVA Argentina S.A.,NYQ,3132990720.0,15.34
BANC,"Banc of California, Inc.",NYQ,3127457792.0,19.74
AMBP,Ardagh Metal Packaging S.A.,NYQ,3126003968.0,5.23
HTGC,"Hercules Capital, Inc.",NYQ,3125638912.0,16.7
DCO,Ducommun Incorporated,NYQ,3125352192.0,206.98
CWT,California Water Service Group,NYQ,3116690688.0,50.4
DXPE,"DXP Enterprises, Inc.",NMS,3116463872.0,200.84
REZI,"Resideo Technologies, Inc.",NYQ,3112871168.0,20.5
AD,"Array Digital Infrastructure, I",NYQ,3111512576.0,35.98
BTU,Peabody Energy Corporation,NYQ,3106011904.0,25.48
CLSK,"CleanSpark, Inc.",NCM,3104918528.0,12.09
WIX,Wix.com Ltd.,NMS,3102304256.0,74.13
BELFA,Bel Fuse Inc.,NMS,3090218240.0,242.89
IMNM,"Immunome, Inc.",NCM,3089311744.0,27.2
FBK,FB Financial Corporation,NYQ,3088648704.0,61.8
MGEE,MGE Energy Inc.,NMS,3088087552.0,81.73
STUB,"StubHub Holdings, Inc.",NYQ,3087286784.0,8.08
TRMD,TORM plc,NMS,3079203072.0,30.08
WDFC,WD-40 Company,NMS,3076652032.0,229.24
TR,"Tootsie Roll Industries, Inc.",NYQ,3075672064.0,40.92
INTA,"Intapp, Inc.",NMS,3068862464.0,40.11
TMDX,"TransMedics Group, Inc.",NGM,3061405696.0,88.58
KYIV,Kyivstar Group Ltd.,NMS,3056899072.0,13.24
TGB,Trekor Metals Limited,ASE,3056294912.0,8.35
BTE,Baytex Energy Corp,NYQ,3055503872.0,4.37
GPOR,Gulfport Energy Corporation,NYQ,3055377920.0,170.03
EXG,Eaton Vance Tax-Managed Global ,NYQ,3053241344.0,9.98
BSM,"Black Stone Minerals, L.P.",NYQ,3051490304.0,14.36
BWIN,"The Baldwin Insurance Group, In",NMS,3051383552.0,31.51
LUNR,"Intuitive Machines, Inc.",NGM,3050198272.0,19.01
PK,Park Hotels & Resorts Inc.,NYQ,3046248960.0,15.13
AKR,Acadia Realty Trust,NYQ,3039785984.0,20.85
CHRN,ChronoScale Holdings Corporatio,NCM,3039346432.0,20.93
TARS,"Tarsus Pharmaceuticals, Inc.",NMS,3036703232.0,69.2
LASR,"nLIGHT, Inc.",NMS,3034504192.0,52.6
GRAL,"GRAIL, Inc.",NMS,3031497216.0,67.87
GRBK,"Green Brick Partners, Inc.",NYQ,3030533632.0,70.46
IRON,"Disc Medicine, Inc.",NGM,3026891776.0,78.84
UTF,Cohen & Steers Infrastructure F,NYQ,3021108736.0,27.02
BKD,Brookdale Senior Living Inc.,NYQ,3018650112.0,12.64
UE,Urban Edge Properties,NYQ,3011217664.0,21.87
PPLI,People Incorporated,NMS,3008342784.0,40.4
SII,Sprott Inc.,NYQ,3004804608.0,116.77
SDRL,Seadrill Limited,NYQ,3000738560.0,47.98
APAM,Artisan Partners Asset Manageme,NYQ,2994629632.0,42.18
FLNC,"Fluence Energy, Inc.",NMS,2987276032.0,13.14
MGRC,McGrath RentCorp,NMS,2986770176.0,122.28
WTTR,"Select Water Solutions, Inc.",NYQ,2977426432.0,20.86
ASO,"Academy Sports and Outdoors, In",NMS,2975951616.0,47.985
CXT,"Crane NXT, Co.",NYQ,2973616896.0,51.66
KALU,Kaiser Aluminum Corporation,NMS,2971120384.0,181.73
DNOW,DNOW Inc.,NYQ,2970312192.0,16.43
CALY,Callaway Golf Company,NYQ,2962404608.0,16.48
TTAM,Titan America SA,NYQ,2957174016.0,16.04
CBZ,"CBIZ, Inc.",NYQ,2955783936.0,54.46
TNK,Teekay Tankers Ltd.,NYQ,2949231360.0,85.13
DBRG,"DigitalBridge Group, Inc.",NYQ,2943298560.0,15.92
COLM,Columbia Sportswear Company,NMS,2939513088.0,57.42
KWR,Quaker Houghton,NYQ,2937698816.0,170.72
BHE,"Benchmark Electronics, Inc.",NYQ,2936454400.0,81.75
FIZZ,National Beverage Corp.,NMS,2930994944.0,31.31
UNFI,"United Natural Foods, Inc.",NYQ,2930336768.0,48.42
IOND,Ionic Digital Inc.,NMS,2926631168.0,65.15
BKV,BKV Corporation,NYQ,2925273088.0,26.73
DNN,Denison Mines Corp,ASE,2923602176.0,3.23
UPST,"Upstart Holdings, Inc.",NMS,2912503040.0,30.43
ZLAB,Zai Lab Limited,NGM,2907695104.0,25.9
BCC,"Boise Cascade, L.L.C.",NYQ,2904356096.0,83.24
IMAX,Imax Corporation,NYQ,2900050944.0,52.88
ALHC,"Alignment Healthcare, Inc.",NMS,2895794688.0,13.96
MMS,"Maximus, Inc.",NYQ,2894337024.0,55.28
HOG,"Harley-Davidson, Inc.",NYQ,2891134208.0,27.78
INFQ,"Infleqtion, Inc.",NYQ,2889400064.0,12.86
VC,Visteon Corporation,NMS,2888826880.0,108.22
NTCT,"NetScout Systems, Inc.",NMS,2884299008.0,39.67
JPC,Nuveen Preferred & Income Oppor,NYQ,2877987328.0,7.67
DKL,"Delek Logistics Partners, L.P.",NYQ,2873186048.0,54.01
ACHC,"Acadia Healthcare Company, Inc.",NMS,2870281472.0,30.83
WOR,"Worthington Enterprises, Inc.",NYQ,2870045184.0,58.66
KD,"Kyndryl Holdings, Inc.",NYQ,2868666368.0,13.17
SPSC,"SPS Commerce, Inc.",NMS,2858414080.0,79.4
AVPT,"AvePoint, Inc.",NMS,2851901696.0,13.48
TBBK,"The Bancorp, Inc.",NMS,2842024704.0,69.68
CUBI,"Customers Bancorp, Inc",NYQ,2827100928.0,83.58
ABM,ABM Industries Incorporated,NYQ,2819500032.0,48.13
IHS,IHS Holding Limited,NYQ,2818380544.0,8.33
PRVA,"Privia Health Group, Inc.",NMS,2810152448.0,22.0
NRIX,"Nurix Therapeutics, Inc.",NGM,2807294464.0,27.05
COHU,"Cohu, Inc.",NMS,2807169024.0,59.3
WAFD,"WaFd, Inc.",NMS,2805819904.0,37.94
SUPN,"Supernus Pharmaceuticals, Inc.",NGM,2805790976.0,48.27
TRMK,Trustmark Corporation,NMS,2804228096.0,48.29
CLBT,Cellebrite DI Ltd.,NMS,2793755392.0,11.14
EEFT,"Euronet Worldwide, Inc.",NMS,2787096832.0,73.2
NBTB,NBT Bancorp Inc.,NMS,2782980864.0,53.56
GRND,Grindr Inc.,NYQ,2782868224.0,16.01
NAD,Nuveen Quality Municipal Income,NYQ,2774463744.0,11.87
FCPT,"Four Corners Property Trust, In",NYQ,2766777344.0,25.21
PATK,"Patrick Industries, Inc.",NMS,2764097792.0,86.06
BEAM,Beam Therapeutics Inc.,NMS,2762945024.0,26.75
SPNT,SiriusPoint Ltd.,NYQ,2755433984.0,23.72
FBNC,First Bancorp,NMS,2744765696.0,66.34
FRME,First Merchants Corporation,NMS,2744422400.0,43.7
EFXT,Enerflex Ltd,NYQ,2741209856.0,22.45
SHAZ,"SharonAI Holdings, Inc.",NCM,2737714688.0,76.465
CENT,Central Garden & Pet Company,NMS,2737174272.0,43.73
HWKN,"Hawkins, Inc.",NMS,2735684096.0,131.05
OSW,OneSpaWorld Holdings Limited,NCM,2732345344.0,26.92
PHIN,PHINIA Inc.,NYQ,2729171200.0,74.49
ALRM,"Alarm.com Holdings, Inc.",NMS,2727943936.0,55.57
MAN,ManpowerGroup,NYQ,2711378176.0,58.3
AEO,"American Eagle Outfitters, Inc.",NYQ,2709660672.0,16.17
WHR,Whirlpool Corporation,NYQ,2697298176.0,41.37
RGC,Regencell Bioscience Holdings L,NCM,2694964480.0,5.45
NVG,Nuveen AMT-Free Municipal Credi,NYQ,2693451520.0,12.48
ATAI,AtaiBeckley Inc.,NGM,2692477696.0,7.26
GDV,Gabelli Dividend & Income Trust,NYQ,2689848064.0,30.76
BBT,Beacon Financial Corporation,NYQ,2687981824.0,32.07
HLIO,"Helios Technologies, Inc.",NYQ,2685142272.0,81.49
AVAH,Aveanna Healthcare Holdings Inc,NMS,2682744064.0,12.32
HTO,H2O America,NMS,2672556800.0,63.85
ICHR,Ichor Holdings,NMS,2661123072.0,71.05
VISN,"Vistance Networks, Inc.",NMS,2659122432.0,11.53
SVM,Silvercorp Metals Inc.,ASE,2658899968.0,12.02
NWL,Newell Brands Inc.,NMS,2657615872.0,6.24
HIMX,"Himax Technologies, Inc.",NMS,2656506624.0,15.23
BGSI,Boyd Group Services Inc.,NYQ,2645247744.0,95.05
SYBT,"Stock Yards Bancorp, Inc.",NMS,2642643968.0,85.06
NGVT,Ingevity Corporation,NYQ,2639192832.0,76.77
TALO,"Talos Energy, Inc.",NYQ,2633045504.0,15.77
SIND,Sinda Ltd.,NYQ,2632752896.0,16.58
TRVI,"Trevi Therapeutics, Inc.",NGM,2630103808.0,18.46
PLBL,Polibeli Group Ltd,NGM,2623334144.0,7.16
IVT,InvenTrust Properties Corp.,NYQ,2622414848.0,33.63
AXGN,"AxoGen, Inc.",NCM,2619798528.0,48.73
RARE,Ultragenyx Pharmaceutical Inc.,NMS,2611619072.0,26.49
ATHM,Autohome Inc.,NYQ,2610924544.0,22.67
WLYB,"John Wiley & Sons, Inc.",NYQ,2610771456.0,51.43
NOG,"Northern Oil and Gas, Inc.",NYQ,2610453760.0,24.5
WLY,"John Wiley & Sons, Inc.",NYQ,2608740864.0,51.39
VVX,"V2X, Inc.",NYQ,2601664768.0,83.0
KOD,Kodiak Sciences Inc,NGM,2598824960.0,41.35
DAC,Danaos Corporation,NYQ,2583450368.0,141.92
FLOC,Flowco Holdings Inc.,NYQ,2581722624.0,23.73
SLS,"SELLAS Life Sciences Group, Inc",NCM,2580866048.0,12.78
LCII,LCI Industries,NYQ,2579450880.0,106.1
BUSE,First Busey Corporation,NMS,2578878464.0,31.23
TDC,Teradata Corporation,NYQ,2574240000.0,27.68
COAG,"Hemab Therapeutics Holdings, In",NMS,2565995008.0,54.94
SLDE,"Slide Insurance Holdings, Inc.",NMS,2561681152.0,21.93
SAH,"Sonic Automotive, Inc.",NYQ,2555424512.0,80.83
ROG,Rogers Corporation,NYQ,2550734336.0,142.91
VOYG,"Voyager Technologies, Inc.",NYQ,2547087104.0,42.98
NEOG,Neogen Corporation,NMS,2540352512.0,11.65
DRH,Diamondrock Hospitality Company,NMS,2538609152.0,12.36
APPN,Appian Corporation,NGM,2536333312.0,35.41
AGM,Federal Agricultural Mortgage C,NYQ,2525541888.0,232.7
BVC,BitVentures Limited,NCM,2525039872.0,15.03
PENN,"PENN Entertainment, Inc.",NMS,2522828800.0,18.79
HYMC,Hycroft Mining Holding Corporat,NCM,2522428160.0,27.07
MBIN,Merchants Bancorp,NCM,2520935168.0,54.88
BANR,Banner Corporation,NMS,2515223040.0,74.01
NTB,Bank of N.T. Butterfield & Son ,NYQ,2513368576.0,63.91
COTY,Coty Inc.,NYQ,2509329152.0,2.85
KYN,Kayne Anderson MLP/Midstream In,NYQ,2506447616.0,14.82
MH,"McGraw Hill, Inc.",NYQ,2505717760.0,13.1
VRDN,"Viridian Therapeutics, Inc.",NCM,2501493248.0,22.08
MPT,"Medical Properties Trust, Inc.",NYQ,2496295936.0,4.18
NKTR,Nektar Therapeutics,NCM,2493121280.0,73.02
UFPT,"UFP Technologies, Inc.",NCM,2492285440.0,321.76
CALX,"Calix, Inc",NYQ,2489596160.0,39.54
BCRX,"BioCryst Pharmaceuticals, Inc.",NMS,2488911872.0,9.74
PTY,Pimco Corporate & Income Opport,NYQ,2486547712.0,11.73
CSAN,Cosan S.A.,NYQ,2484951040.0,2.52
RNW,ReNew Energy Global plc,NMS,2482661376.0,6.81
BTDR,Bitdeer Technologies Group,NCM,2481371904.0,9.13
DBD,Diebold Nixdorf Incorporated,NYQ,2480137728.0,73.06
BOBS,"Bob's Discount Furniture, Inc.",NYQ,2472599296.0,18.92
PTON,"Peloton Interactive, Inc.",NMS,2470848256.0,5.63
FIVN,"Five9, Inc.",NGM,2465876480.0,33.0
HUBG,"Hub Group, Inc.",NMS,2464486400.0,40.3
PHVS,Pharvaris N.V.,NMS,2455573504.0,35.14
RUN,Sunrun Inc.,NMS,2454230528.0,10.19
CLOV,"Clover Health Investments, Corp",NMS,2443318784.0,4.6
FIGS,"FIGS, Inc.",NYQ,2440600064.0,14.69
BXMT,"Blackstone Mortgage Trust, Inc.",NYQ,2440510976.0,14.48
NZF,Nuveen Municipal Credit Income ,NYQ,2439126528.0,12.42
BHC,Bausch Health Companies Inc.,NYQ,2434678528.0,6.51
GRDN,"Guardian Pharmacy Services, Inc",NYQ,2434244864.0,38.43
PBH,Prestige Consumer Healthcare In,NYQ,2433981952.0,51.38
UNIT,Uniti Group Inc.,NMS,2429678592.0,10.01
LCID,"Lucid Group, Inc.",NMS,2427397120.0,6.22
SKWD,Skyward Specialty Insurance Gro,NMS,2424475136.0,59.8
HURN,Huron Consulting Group Inc.,NMS,2416262656.0,151.87
PAYO,Payoneer Global Inc.,NGM,2416006656.0,7.13
AMLX,"Amylyx Pharmaceuticals, Inc.",NMS,2410080512.0,21.63
EFSC,Enterprise Financial Services C,NMS,2404269056.0,66.43
PAGS,PagSeguro Digital Ltd.,NYQ,2403633408.0,8.72
CTOS,"Custom Truck One Source, Inc.",NYQ,2395633152.0,10.53
CC,Chemours Company (The),NYQ,2385409024.0,15.85
CTRI,"Centuri Holdings, Inc.",NYQ,2384747520.0,23.62
KMT,Kennametal Inc.,NYQ,2379557888.0,31.22
LIME,"Neutron Holdings, Inc.",NMS,2373441536.0,37.07
RLX,RLX Technology Inc.,NYQ,2371173888.0,1.94
ARR,"ARMOUR Residential REIT, Inc.",NYQ,2369597952.0,16.74
CENTA,Central Garden & Pet Company,NMS,2369129728.0,37.85
GSHD,"Goosehead Insurance, Inc.",NMS,2369097728.0,66.29
ESTA,Establishment Labs Holdings Inc,NCM,2368356352.0,79.47
TRN,"Trinity Industries, Inc.",NYQ,2357420288.0,29.59
URGN,UroGen Pharma Ltd.,NGM,2357020928.0,48.22
HG,"Hamilton Insurance Group, Ltd.",NYQ,2355591168.0,35.75
ECO,Okeanis Eco Tankers Corp.,NYQ,2354002432.0,60.29
BFLY,"Butterfly Network, Inc.",NYQ,2353960960.0,8.84
DEI,"Douglas Emmett, Inc.",NYQ,2348621312.0,11.68
CDNA,"CareDx, Inc.",NGM,2344594944.0,45.32
ALGT,Allegiant Travel Company,NMS,2344212480.0,85.75
GOF,Guggenheim Strategic Opportunit,NYQ,2337263616.0,10.46
WERN,"Werner Enterprises, Inc.",NMS,2330860544.0,38.88
ETY,Eaton Vance Tax-Managed Diversi,NYQ,2328682496.0,14.62
WGS,GeneDx Holdings Corp.,NMS,2328544000.0,78.08
NMM,Navios Maritime Partners LP,NYQ,2327407872.0,81.88
GENI,Genius Sports Limited,NYQ,2326513920.0,8.38
KLRA,"Kailera Therapeutics, Inc.",NMS,2325807616.0,17.94
RVT,"Royce Value Trust, Inc.",NYQ,2323688704.0,18.99
WU,Western Union Company (The),NYQ,2323498240.0,7.45
STNE,StoneCo Ltd.,NMS,2322829568.0,9.55
PLUS,ePlus inc.,NMS,2315199744.0,88.53
IOSP,Innospec Inc.,NMS,2311623936.0,93.85
XRAY,DENTSPLY SIRONA Inc.,NMS,2310511360.0,11.59
SSMR,Sunshine Silver Mining & Refini,NYQ,2308249344.0,16.06
NWBI,"Northwest Bancshares, Inc.",NMS,2306731264.0,15.75
UAA,"Under Armour, Inc.",NYQ,2302364160.0,5.36
RAMP,"LiveRamp Holdings, Inc.",NYQ,2301090048.0,37.85
ALMR,"Alamar Biosciences, Inc.",NMS,2301064192.0,33.16
CMPR,Cimpress PLC,NMS,2300051456.0,94.46
DJT,Trump Media & Technology Group ,NGM,2298574592.0,8.27
AERO,"Grupo Aeromexico, S.A.B. de C.V",NYQ,2297978624.0,15.75
HCI,"HCI Group, Inc.",NYQ,2293105152.0,184.35
INTR,Inter & Co. Inc.,NMS,2291454976.0,5.19
FLYW,Flywire Corporation - Voting,NMS,2288568832.0,18.81
OFG,OFG Bancorp,NYQ,2280223488.0,53.95
NCNO,"nCino, Inc.",NMS,2279796992.0,20.81
VERA,"Vera Therapeutics, Inc.",NGM,2279363328.0,31.63
RAPP,"Rapport Therapeutics, Inc.",NGM,2275130368.0,47.42
ETOR,eToro Group Ltd.,NMS,2272884224.0,28.58
BKE,"Buckle, Inc. (The)",NYQ,2272462848.0,44.11
MTX,Minerals Technologies Inc.,NYQ,2271777280.0,72.98
PLPC,Preformed Line Products Company,NMS,2271437056.0,464.63
TMC,TMC the metals company Inc.,NMS,2269006336.0,4.01
HTH,Hilltop Holdings Inc.,NYQ,2268541952.0,39.6
VCEL,Vericel Corporation,NGM,2263332352.0,44.2
MLYS,"Mineralys Therapeutics, Inc.",NMS,2260383488.0,25.64
HAPN,"Happen, Inc.",NMS,2258524160.0,19.57
UA,"Under Armour, Inc.",NYQ,2255113984.0,5.25
ATRC,"AtriCure, Inc.",NGM,2253376768.0,44.3
PBI,Pitney Bowes Inc.,NYQ,2251021312.0,16.42
PVLA,"Palvella Therapeutics, Inc.",NGM,2249584640.0,156.13
ANDE,"The Andersons, Inc.",NMS,2244162304.0,65.9
TDTH,Trident Digital Tech Holdings L,NCM,2234973440.0,1.89
HAWK,"HawkEye 360, Inc.",NYQ,2231528192.0,22.78
AMC,"AMC Entertainment Holdings, Inc",NYQ,2231511552.0,2.5
STGW,Stagwell Inc.,NMS,2229616128.0,9.12
NGL,NGL ENERGY PARTNERS LP,NYQ,2224942592.0,17.97
MCRI,"Monarch Casino & Resort, Inc.",NMS,2223826432.0,124.08
CDLR,Cadeler A/S,NYQ,2222692352.0,23.04
HRMY,"Harmony Biosciences Holdings, I",NGM,2219971328.0,38.12
BHVN,Biohaven Ltd.,NYQ,2211280896.0,14.64
ALKT,"Alkami Technology, Inc.",NMS,2210490880.0,20.67
NMZ,Nuveen Municipal High Income Op,NYQ,2207518976.0,10.25
OCUL,"Ocular Therapeutix, Inc.",NGM,2204943360.0,10.04
LIND,Lindblad Expeditions Holdings I,NCM,2203509248.0,33.58
ECPG,Encore Capital Group Inc,NMS,2200259584.0,103.74
PRLB,"Proto Labs, Inc.",NYQ,2197704704.0,91.87
TILE,"Interface, Inc.",NMS,2194105344.0,37.96
EVT,Eaton Vance Tax Advantaged Divi,NYQ,2192303360.0,29.41
CLM,Cornerstone Strategic Value Fd,ASE,2189726464.0,7.35
FCF,First,NYQ,2184829184.0,21.62
NUVB,Nuvation Bio Inc.,NYQ,2183986432.0,6.22
CCU,"Compania Cervecerias Unidas, S.",NYQ,2182792704.0,11.79
INVX,"Innovex International, Inc.",NYQ,2181189120.0,31.24
KSS,Kohl's Corporation,NYQ,2178413824.0,19.21
OLN,Olin Corporation,NYQ,2177065472.0,19.1
PGEN,"Precigen, Inc.",NMS,2174716928.0,6.1
MLCO,Melco Resorts & Entertainment L,NMS,2174432768.0,5.6
MNR,Mach Natural Resources LP,NYQ,2170090752.0,13.01
ASAN,"Asana, Inc.",NYQ,2169500672.0,9.14
LTC,"LTC Properties, Inc.",NYQ,2168081920.0,40.22
KEEL,Keel Infrastructure Corp.,NGM,2167681792.0,3.51
ADUS,Addus HomeCare Corporation,NMS,2166233856.0,116.06
DAO,"Youdao, Inc.",NYQ,2165391616.0,17.95
BSTZ,BlackRock Science and Technolog,NYQ,2164065792.0,31.48
VNET,"VNET Group, Inc.",NMS,2163656448.0,7.6
MD,"Pediatrix Medical Group, Inc.",NYQ,2162149632.0,26.61
BRSL,Brightstar Lottery PLC Trading ,NYQ,2154532352.0,11.79
TIC,"TIC Solutions, Inc.",NYQ,2149470464.0,9.85
PDFS,"PDF Solutions, Inc.",NMS,2149365248.0,50.9
NWN,Northwest Natural Holding Compa,NYQ,2140877312.0,50.86
STDN,"Standard Nuclear, Inc.",NYQ,2138564864.0,13.31
VIA,"Via Transportation, Inc.",NYQ,2134632064.0,26.19
DRVN,Driven Brands Holdings Inc.,NMS,2134530176.0,12.94
GRC,Gorman-Rupp Company (The),NYQ,2134211712.0,80.81
SRCE,1st Source Corporation,NMS,2132503808.0,88.6
JBLU,JetBlue Airways Corporation,NMS,2131813888.0,5.65
HMN,Horace Mann Educators Corporati,NYQ,2125090432.0,52.47
XPRO,Expro Ltd,NYQ,2121640448.0,18.71
ADMA,ADMA Biologics Inc,NGM,2121134848.0,9.47
HCM,HUTCHMED (China) Limited,NMS,2120532864.0,12.2
BXDC,Blackstone Digital Infrastructu,NYQ,2110628480.0,20.97
AMR,"Alpha Metallurgical Resources, ",NYQ,2105355520.0,166.05
DRD,DRDGOLD Limited,NYQ,2098235008.0,24.19
INOD,Innodata Inc.,NGM,2085044608.0,63.85
SEPN,"Septerna, Inc.",NGM,2077124224.0,44.5
STC,Stewart Information Services Co,NYQ,2076689920.0,68.2
NEO,"NeoGenomics, Inc.",NCM,2075575680.0,15.94
CHCO,City Holding Company,NMS,2068571136.0,147.28
SPB,"Spectrum Brands Holdings, Inc.",NYQ,2067993984.0,89.93
PSNY,Polestar Automotive Holding UK ,NGM,2064881152.0,14.25
MFP,"Midera Food Processing, Inc.",NMS,2060428800.0,45.57
VERX,"Vertex, Inc.",NGM,2058311424.0,12.72
AUPH,Aurinia Pharmaceuticals Inc,NGM,2058301568.0,15.47
GTY,Getty Realty Corporation,NYQ,2054926976.0,33.18
BLX,"Bladex, Inc. Class E",NYQ,2054362880.0,55.18
BLKB,"Blackbaud, Inc.",NMS,2053901824.0,45.25
BLBD,Blue Bird Corporation,NGM,2052924032.0,64.81
PEB,Pebblebrook Hotel Trust,NYQ,2052246016.0,18.25
CNXN,"PC Connection, Inc.",NMS,2046305152.0,81.08
DV,"DoubleVerify Holdings, Inc.",NYQ,2039539072.0,13.29
QUBT,Quantum Computing Inc.,NCM,2039385344.0,9.01
PLGO,Pelagos Insurance Capital Limit,NYQ,2038242816.0,23.84
PRKS,United Parks & Resorts Inc.,NYQ,2037185024.0,44.93
SHO,"Sunstone Hotel Investors, Inc. ",NYQ,2034226560.0,10.94
FSUN,FirstSun Capital Bancorp,NMS,2029940480.0,41.11
IMOS,ChipMOS TECHNOLOGIES INC.,NMS,2029229952.0,58.36
DHC,Diversified Healthcare Trust,NMS,2029041024.0,8.38
LPG,Dorian LPG Ltd.,NYQ,2026615552.0,47.37
GNL,"Global Net Lease, Inc.",NYQ,2026344448.0,8.76
HE,"Hawaiian Electric Industries, I",NYQ,2026099328.0,11.73
ASTH,Astrana Health Inc.,NCM,2024354304.0,40.81
GHRS,GH Research PLC,NGM,2024261120.0,29.49
NTST,NetSTREIT Corp.,NYQ,2022802560.0,20.71
MESO,Mesoblast Limited,NMS,2022610560.0,15.595
STOK,"Stoke Therapeutics, Inc.",NMS,2017735552.0,31.27
PGNY,"Progyny, Inc.",NMS,2016380416.0,26.28
CCS,"Century Communities, Inc.",NYQ,2008195840.0,70.63
GENB,"Generate Biomedicines, Inc.",NMS,2007432064.0,15.64
ALG,"Alamo Group, Inc.",NYQ,2007357184.0,164.93
AGIO,"Agios Pharmaceuticals, Inc.",NMS,2003595136.0,33.56
PRDO,Perdoceo Education Corporation,NMS,2003091456.0,32.01
LOB,"Live Oak Bancshares, Inc.",NYQ,2002692224.0,43.27
SEDG,"SolarEdge Technologies, Inc.",NMS,1994664576.0,32.42
NSP,"Insperity, Inc.",NYQ,1993793280.0,52.2
ATS,ATS Corporation,NYQ,1992957184.0,20.31
ATEN,"A10 Networks, Inc.",NYQ,1989487232.0,27.4
NVCR,NovoCure Limited,NMS,1973757056.0,16.95
PRCH,"Porch Group, Inc.",NCM,1972974720.0,17.38
CEPU,Central Puerto S.A.,NYQ,1967819392.0,13.12
SGRY,"Surgery Partners, Inc.",NMS,1967701376.0,15.03
PLAB,"Photronics, Inc.",NMS,1964670336.0,33.32
CHA,Chagee Holdings Limited,NMS,1959139456.0,10.27
NBTX,Nanobiotix S.A.,NMS,1946284544.0,38.31
EVTC,"Evertec, Inc.",NYQ,1945354240.0,31.57
KRP,Kimbell Royalty Partners,NYQ,1940519168.0,15.1
NBHC,National Bank Holdings Corporat,NYQ,1938806528.0,43.53
TSHA,"Taysha Gene Therapies, Inc.",NMS,1938709504.0,5.95
SAM,"Boston Beer Company, Inc. (The)",NYQ,1934505216.0,185.77
GEL,"Genesis Energy, L.P.",NYQ,1933430528.0,15.82
WS,"Worthington Steel, Inc.",NYQ,1932972544.0,37.94
GABC,"German American Bancorp, Inc.",NMS,1930693504.0,51.38
SONO,"Sonos, Inc.",NMS,1929374720.0,16.31
WRD,WERIDE INC.,NGM,1924393344.0,5.85
KARO,Karooooo Ltd.,NCM,1924034688.0,62.28
RBCAA,"Republic Bancorp, Inc.",NMS,1923557888.0,97.97
ZBIO,"Zenas BioPharma, Inc.",NMS,1923365120.0,29.51
DMRA,"Damora Therapeutics, Inc.",NCM,1916270592.0,31.04
NEXT,NextDecade Corporation,NCM,1913873280.0,7.19
TY,Tri Continental Corporation,NYQ,1913207808.0,35.94
SRPT,"Sarepta Therapeutics, Inc.",NMS,1911849216.0,18.1
OCFC,OceanFirst Financial Corp.,NMS,1910675968.0,19.77
BRVE,"Braveheart Bio, Inc.",NGM,1909746304.0,27.03
EPAC,Enerpac Tool Group Corp.,NYQ,1904004608.0,36.94
NUV,"Nuveen Municipal Value Fund, In",NYQ,1903089664.0,9.06
ZD,"Ziff Davis, Inc.",NMS,1898825600.0,55.38
XHR,"Xenia Hotels & Resorts, Inc.",NYQ,1895465856.0,19.16
ALNT,Allient Inc.,NGM,1894249984.0,111.41
NYAX,Nayax Ltd.,NMS,1891333888.0,50.6
SMA,"SmartStop Self Storage REIT, In",NYQ,1890848128.0,34.15
KARD,"Kardigan, Inc.",NGM,1888774784.0,20.2
WB,Weibo Corporation,NMS,1884308736.0,7.67
EMAT,Evolution Metals & Technologies,NGM,1884025728.0,3.03
LMAT,"LeMaitre Vascular, Inc.",NGM,1883969280.0,82.38
SNDA,"Sonida Senior Living, Inc.",NYQ,1881078912.0,39.15
NEXA,Nexa Resources S.A.,NYQ,1877979520.0,14.18
USA,Liberty All-Star Equity Fund,NYQ,1870891520.0,6.07
TFIN,"Triumph Financial, Inc.",NYQ,1869030656.0,78.22
FOIL,iPath Pure  Beta Aluminum ETN,NYQ,1866404096.0,24.1
ETG,Eaton Vance Tax-Advantaged Glob,NYQ,1864544128.0,24.43
CMPS,COMPASS Pathways Plc - American,NMS,1862513152.0,13.45
MBC,"MasterBrand, Inc.",NYQ,1861937920.0,9.15
NAC,Nuveen California Quality Munic,NYQ,1857161216.0,11.88
TRLV,Trulieve Cannabis Corp. Subordi,NYQ,1856494464.0,9.65
TGLS,Tecnoglass Holdings Inc.,NYQ,1856215552.0,41.84
PAX,Patria Investments Limited,NMS,1856029184.0,11.5
GCT,GigaCloud Technology Inc,NGM,1852289920.0,51.87
WKC,World Kinect Corporation,NYQ,1847085056.0,36.11
HOPE,"Hope Bancorp, Inc.",NMS,1845869568.0,14.45
TCBK,TriCo Bancshares,NMS,1840318848.0,57.57
AIN,Albany International Corporatio,NYQ,1839386624.0,64.87
STRA,"Strategic Education, Inc.",NMS,1828348416.0,82.33
AMPX,"Amprius Technologies, Inc.",NYQ,1827468672.0,12.51
PDO,Pimco Dynamic Income Opportunities Fund,NYQ,1822390400.0,12.79
OPRA,Opera Limited,NMS,1820611840.0,20.33
CTS,CTS Corporation,NYQ,1812461824.0,63.47
EZPW,"EZCORP, Inc.",NMS,1811965184.0,29.49
PRGO,Perrigo Company plc,NYQ,1809550976.0,13.04
DCOM,"Dime Commercial Bancshares, Inc",NYQ,1808654080.0,40.96
HUN,Huntsman Corporation,NYQ,1806399872.0,10.3
GAB,"Gabelli Equity Trust, Inc. (The",NYQ,1804940928.0,5.8
STBA,"S&T Bancorp, Inc.",NMS,1803477248.0,51.14
LKFT,Lakefront Biotherapeutics,NMS,1802793088.0,27.53
CASH,"Pathward Financial, Inc.",NMS,1800427264.0,86.67
EVCM,EverCommerce Inc.,NMS,1800218752.0,10.19
PGY,Pagaya Technologies Ltd.,NCM,1798661120.0,21.56
CBL,"CBL & Associates Properties, In",NYQ,1798083584.0,58.11
EFC,Ellington Financial Inc.,NYQ,1795193728.0,13.67
ATEX,Anterix Inc.,NCM,1794883712.0,91.53
PRGS,Progress Software Corporation,NMS,1793496064.0,43.73
AGM-A,Federal Agricultural Mortgage C,NYQ,1790779648.0,165.0
FCEL,"FuelCell Energy, Inc.",NGM,1788575360.0,22.37
STEW,"SRH Total Return Fund, Inc.",NYQ,1788025600.0,18.54
RMIX,"Suncrete, Inc.",NGM,1784436864.0,18.47
TSLX,"Sixth Street Specialty Lending,",NYQ,1783517952.0,18.77
BY,"Byline Bancorp, Inc.",NYQ,1783221632.0,39.27
ZYME,Zymeworks Inc.,NMS,1782496128.0,25.12
BL,"BlackLine, Inc.",NMS,1774564608.0,30.53
AAPG,Ascentage Pharma Group Internat,NGM,1772007040.0,18.985
USAS,Americas Gold and Silver Corpor,ASE,1771945728.0,5.24
CMRE,Costamare Inc.,NYQ,1767609600.0,14.64
AAT,"American Assets Trust, Inc.",NYQ,1766325248.0,22.77
IMCR,Immunocore Holdings plc,NMS,1761767552.0,34.21
VSTS,Vestis Corporation,NYQ,1761694208.0,13.33
WBI,WaterBridge Infrastructure LLC,NYQ,1759527424.0,31.73
GT,The Goodyear Tire & Rubber Comp,NMS,1759061376.0,6.11
ANIP,"ANI Pharmaceuticals, Inc.",NGM,1758150784.0,76.54
SNDX,"Syndax Pharmaceuticals, Inc.",NMS,1758022912.0,19.84
ETV,Eaton Vance Corporation Eaton V,NYQ,1755988736.0,15.04
WMK,"Weis Markets, Inc.",NYQ,1755134208.0,70.93
BFC,Bank First Corporation,NCM,1751525888.0,158.0
QCRH,"QCR Holdings, Inc.",NGM,1744985344.0,106.56
BDJ,Blackrock Enhanced Equity Divid,NYQ,1744674560.0,9.86
CPRI,Capri Holdings Limited,NYQ,1743415808.0,15.34
AVLN,Avalyn Pharma Inc.,NMS,1740073984.0,39.25
TH,Target Hospitality Corp.,NCM,1737432576.0,17.44
BAND,Bandwidth Inc.,NMS,1736797184.0,53.97
XNCR,"Xencor, Inc.",NGM,1735408384.0,23.34
VET,Vermilion Energy Inc.,NYQ,1732752000.0,11.34
ANAB,"AnaptysBio, Inc.",NMS,1731207808.0,58.47
BST,BlackRock Science and Technolog,NYQ,1729751424.0,49.82
WWW,"Wolverine World Wide, Inc.",NYQ,1724240128.0,21.03
DXC,DXC Technology Company,NYQ,1724012032.0,10.79
GLP,Global Partners LP,NYQ,1720543744.0,50.83
MQ,"Marqeta, Inc.",NMS,1718475392.0,16.335
TRIN,Trinity Capital Inc.,NYQ,1717741440.0,18.14
BLFS,"BioLife Solutions, Inc.",NCM,1715158144.0,35.07
UMAC,"Unusual Machines, Inc.",ASE,1701518592.0,34.06
OMCL,"Omnicell, Inc.",NMS,1701435136.0,37.3
RCAT,"Red Cat Holdings, Inc.",NCM,1699710976.0,11.13
PRG,"PROG Holdings, Inc.",NYQ,1697624064.0,42.62
CYD,China Yuchai International Limi,NYQ,1697329024.0,45.24
RVLV,"Revolve Group, Inc.",NYQ,1695150848.0,23.69
RXRX,"Recursion Pharmaceuticals, Inc.",NMS,1694616576.0,3.16
HLMN,Hillman Solutions Corp.,NGM,1692541440.0,8.7
TPB,"Turning Point Brands, Inc.",NYQ,1691560320.0,87.34
RQI,Cohen & Steers Quality Income R,NYQ,1689769216.0,12.5
LILA,Liberty Latin America Ltd.,NMS,1688657920.0,8.62
OBK,"Origin Bancorp, Inc.",NYQ,1684392320.0,54.6
RLJ,RLJ Lodging Trust,NYQ,1683083264.0,10.99
ETON,"Eton Pharmaceuticals, Inc.",NGM,1682403456.0,58.86
FUN,Six Flags Entertainment Corpora,NYQ,1677987456.0,16.4
FORTY,Formula Systems (1985) Ltd.,NMS,1675312384.0,109.25
LZB,La-Z-Boy Incorporated,NYQ,1674468992.0,41.85
JJSF,J & J Snack Foods Corp.,NMS,1671443456.0,89.47
NTLA,"Intellia Therapeutics, Inc.",NGM,1668908800.0,11.91
ARCO,Arcos Dorados Holdings Inc.,NYQ,1666344704.0,7.91
FLNG,FLEX LNG Ltd.,NYQ,1666045184.0,30.8
BXBL,"BOXABL, Inc.",NGM,1663220480.0,4.71
LILAK,Liberty Latin America Ltd.,NMS,1663190912.0,8.49
CNOB,"ConnectOne Bancorp, Inc.",NMS,1661812480.0,33.025
BCAT,BlackRock Capital Allocation Term Trust,NYQ,1661735808.0,15.86
IE,Ivanhoe Electric Inc.,ASE,1661334528.0,10.41
XXI,"Twenty One Capital, Inc.",NYQ,1657741568.0,4.78
FTRE,Fortrea Holdings Inc.,NMS,1655691008.0,17.41
IDT,IDT Corporation,NYQ,1655003136.0,66.55
POET,POET Technologies Inc.,NCM,1653412224.0,9.58
IMKTA,"Ingles Markets, Incorporated",NMS,1652700672.0,87.01
PWP,Perella Weinberg Partners,NMS,1652448128.0,17.38
WOLF,"Wolfspeed, Inc.",NYQ,1652193152.0,31.79
INSP,"Inspire Medical Systems, Inc.",NYQ,1650782464.0,57.1
WEN,Wendy's Company (The),NMS,1647121152.0,8.64
SFL,SFL Corporation Ltd,NYQ,1642460928.0,12.35
KMTS,"Kestra Medical Technologies, Lt",NMS,1642041984.0,28.02
NOMD,Nomad Foods Limited,NYQ,1639750400.0,11.73
SVV,"Savers Value Village, Inc.",NYQ,1633480448.0,10.66
FBRX,"Forte Biosciences, Inc.",NCM,1631030912.0,76.83
CET,11017,ASE,1629937408.0,55.16
AMPL,"Amplitude, Inc.",NCM,1627656320.0,13.03
AGL,"agilon health, inc.",NYQ,1627068288.0,96.9
IIPR,Innovative Industrial Propertie,NYQ,1623450368.0,55.99
MLKN,"MillerKnoll, Inc.",NMS,1623376768.0,23.83
AEVA,"Aeva Technologies, Inc.",NMS,1622750080.0,23.28
GAM,"General American Investors, Inc",NYQ,1617962112.0,67.89
DSGR,"Distribution Solutions Group, I",NMS,1617089536.0,34.96
KMPR,Kemper Corporation,NYQ,1615672832.0,27.42
GLOB,Globant S.A.,NYQ,1614051840.0,37.38
CXM,"Sprinklr, Inc.",NYQ,1613836160.0,6.89
ADIG,ADI Global Distribution Inc.,NYQ,1608955136.0,21.24
BCAX,Bicara Therapeutics Inc.,NGM,1606678912.0,24.28
DCH,Dauch Corporation,NYQ,1599079040.0,6.73
FLO,"Flowers Foods, Inc.",NYQ,1594189056.0,7.52
CSWC,Capital Southwest Corporation,NMS,1585698560.0,24.88
ICFI,"ICF International, Inc.",NMS,1585175936.0,88.39
TNDM,"Tandem Diabetes Care, Inc.",NGM,1580828160.0,22.72
ABSI,Absci Corporation,NMS,1575416704.0,9.18
TRAX,"First Tracks Biotherapeutics, I",NMS,1573586432.0,44.04
JBIO,"Jade Biosciences, Inc.",NCM,1571491456.0,24.71
ADNT,Adient plc,NYQ,1571235328.0,20.38
UROY,Uranium Royalty Corp.,NCM,1569997312.0,4.12
XERS,"Xeris Biopharma Holdings, Inc.",NMS,1567954688.0,8.6
BBAI,"BigBear.ai, Inc.",NYQ,1567947008.0,3.27
VIR,"Vir Biotechnology, Inc.",NMS,1563555328.0,9.24
AMBQ,"Ambiq Micro, Inc.",NYQ,1560144512.0,64.51
ENR,"Energizer Holdings, Inc.",NYQ,1558456576.0,22.76
AESI,Atlas Energy Solutions Inc.,NYQ,1556292864.0,12.45
ATLC,Atlanticus Holdings Corporation,NMS,1556142464.0,102.58
LKFN,Lakeland Financial Corporation,NMS,1553366400.0,62.49
ESQ,"Esquire Financial Holdings, Inc",NCM,1550112896.0,128.06
AMSC,American Superconductor Corpora,NMS,1546273280.0,31.92
AI,"C3.ai, Inc.",NYQ,1543611392.0,9.93
ARLO,"Arlo Technologies, Inc.",NYQ,1542098688.0,14.33
LBRX,LB Pharmaceuticals Inc,NGM,1541182208.0,47.775
ULCC,"Frontier Group Holdings, Inc.",NMS,1540143616.0,6.69
ECAT,BlackRock ESG Capital Allocation Term Trust,NYQ,1539769344.0,15.48
ARDT,"Ardent Health, Inc.",NYQ,1538810752.0,10.91
SBH,"Sally Beauty Holdings, Inc. (Na",NYQ,1537277952.0,16.42
HLX,"Helix Energy Solutions Group, I",NYQ,1537198976.0,10.43
BW,"Babcock & Wilcox Enterprises, I",NYQ,1532850560.0,10.29
INVA,"Innoviva, Inc.",NMS,1530881920.0,21.19
TV,Grupo Televisa S.A.B.,NYQ,1528474112.0,2.9
COUR,"Coursera, Inc.",NYQ,1528232064.0,5.78
AMAL,Amalgamated Financial Corp.,NGM,1526701568.0,51.06
SLVM,Sylvamo Corporation,NYQ,1526395776.0,38.39
EYE,"National Vision Holdings, Inc.",NMS,1526037632.0,19.3
PBT,Permian Basin Royalty Trust,NYQ,1523641472.0,32.69
GSL,Global Ship Lease Inc New,NYQ,1519614080.0,42.17
HLIT,Harmonic Inc.,NMS,1517614080.0,13.92
SAFT,"Safety Insurance Group, Inc.",NMS,1517227776.0,103.35
KOS,Kosmos Energy Ltd.,NYQ,1512538624.0,2.54
CNMD,CONMED Corporation,NYQ,1509842432.0,50.41
MAZE,"Maze Therapeutics, Inc.",NGM,1509826432.0,27.18
ATEC,"Alphatec Holdings, Inc.",NMS,1505597312.0,9.79
APPS,"Digital Turbine, Inc.",NCM,1505442048.0,12.44
TE,T1 Energy Inc.,NYQ,1505033344.0,5.11
TYRA,"Tyra Biosciences, Inc.",NMS,1504006016.0,25.29
ENOV,Enovis Corporation,NYQ,1502867072.0,26.06
RYZ,Ryerson Holding Corporation,NYQ,1501947008.0,28.94
FOR,Forestar Group Inc,NYQ,1501697152.0,29.44
AZUL,Azul S.A.,NYQ,1500963072.0,8.2
HROW,"Harrow, Inc.",NGM,1500638464.0,40.03
PSNL,"Personalis, Inc.",NGM,1498782336.0,14.04
QQQX,Nuveen NASDAQ 100 Dynamic Overw,NGM,1496052608.0,30.64
CNXC,Concentrix Corporation,NMS,1494339456.0,24.49
QFIN,"Qfin Holdings, Inc.",NMS,1493895680.0,12.27
SLBT,SL Science Holding Limited,NGM,1491620992.0,2.66
GIC,Global Industrial Company,NYQ,1490652416.0,38.96
PEBO,Peoples Bancorp Inc.,NMS,1487293056.0,41.38
PUMP,ProPetro Holding Corp.,NYQ,1486169472.0,12.1
HCSG,"Healthcare Services Group, Inc.",NMS,1481769216.0,21.59
SCL,Stepan Company,NYQ,1481479552.0,65.17
AMRC,"Ameresco, Inc.",NYQ,1480547328.0,27.9
PICS,PicS N.V.,NMS,1479889792.0,11.42
NFJ,"AllianzGI NFJ Dividend, Interes",NYQ,1477397632.0,15.7
BHRB,Burke & Herbert Financial Servi,NCM,1476681472.0,73.15
REX,REX American Resources Corporat,NYQ,1468692864.0,44.59
EOSE,"Eos Energy Enterprises, Inc.",NCM,1463954304.0,4.02
AZTA,"Azenta, Inc.",NMS,1462324224.0,33.38
CDRE,"Cadre Holdings, Inc.",NYQ,1461899904.0,34.14
WD,"Walker & Dunlop, Inc",NYQ,1460903680.0,42.56
OMDA,"Omada Health, Inc.",NMS,1456968320.0,24.04
TMP,Tompkins Financial Corporation,ASE,1455693824.0,101.21
AVBP,"ArriVent BioPharma, Inc.",NGM,1455071104.0,29.51
TWFG,"TWFG, Inc.",NMS,1446966528.0,26.77
IAUX,i-80 Gold Corp.,ASE,1446055808.0,1.67
BJRI,"BJ's Restaurants, Inc.",NMS,1445552256.0,67.95
ACVA,ACV Auctions Inc.,NYQ,1443817216.0,8.27
BTT,BlackRock Municipal 2030 Target,NYQ,1441115520.0,22.65
INNV,InnovAge Holding Corp.,NMS,1440163200.0,10.61
ORIC,"Oric Pharmaceuticals, Inc.",NMS,1437662336.0,13.87
DMC,Del Monte Corporation,NYQ,1433244928.0,30.4
CTBI,"Community Trust Bancorp, Inc.",NMS,1432906624.0,78.87
GIII,"G-III Apparel Group, LTD.",NMS,1430260480.0,33.9
IART,Integra LifeSciences Holdings C,NMS,1426347776.0,18.34
SHLS,"Shoals Technologies Group, Inc.",NGM,1422134528.0,8.45
CRI,"Carter's, Inc.",NYQ,1421457152.0,38.72
ROCK,"Gibraltar Industries, Inc.",NMS,1421264640.0,47.88
NAT,Nordic American Tankers Limited,NYQ,1420846848.0,6.71
AORT,"Artivion, Inc.",NYQ,1420756224.0,29.14
DFH,"Dream Finders Homes, Inc.",NYQ,1415292544.0,15.6
YSS,York Space Systems Inc.,NYQ,1413388800.0,10.93
RES,"RPC, Inc.",NYQ,1409738624.0,6.36
BRUN,Boost Run Inc.,NGM,1408559488.0,22.93
GBX,"Greenbrier Companies, Inc. (The",NYQ,1405899264.0,45.44
CRSR,"Corsair Gaming, Inc.",NMS,1405218688.0,12.99
UMH,"UMH Properties, Inc.",NYQ,1404593152.0,16.45
NMAX,"Newsmax, Inc.",NYQ,1403976192.0,10.87
REPL,"Replimune Group, Inc.",NMS,1403101568.0,14.97
MLTX,MoonLake Immunotherapeutics,NCM,1401707136.0,16.47
TRS,TriMas Corporation,NMS,1396928512.0,38.94
PCT,"PureCycle Technologies, Inc.",NCM,1396288384.0,6.95
PAHC,Phibro Animal Health Corporatio,NGM,1393803648.0,34.36
NBR,Nabors Industries Ltd.,NYQ,1393720064.0,94.17
UFCS,"United Fire Group, Inc",NMS,1392616704.0,54.28
AIP,"Arteris, Inc.",NGM,1391987584.0,28.32
ARHS,"Arhaus, Inc.",NMS,1390584448.0,9.81
LGIH,"LGI Homes, Inc.",NMS,1389290368.0,59.8
REAL,"The RealReal, Inc.",NMS,1387050624.0,11.4
AKTS,"Aktis Oncology, Inc.",NMS,1386594176.0,24.93
UTI,Universal Technical Institute I,NYQ,1385645056.0,25.15
NRP,Natural Resource Partners LP Li,NYQ,1385463040.0,104.56
WABC,Westamerica Bancorporation,NMS,1383895808.0,59.88
FMBH,"First Mid Bancshares, Inc.",NGM,1383565440.0,52.01
LSPD,Lightspeed Commerce Inc. Subord,NYQ,1379626624.0,10.67
VTOL,"Bristow Group, Inc.",NYQ,1379242240.0,46.53
XPEL,"XPEL, Inc.",NCM,1378537344.0,50.0
JCAP,"Jefferson Capital, Inc.",NMS,1378212864.0,24.0
ALX,"Alexander's, Inc.",NYQ,1377691520.0,269.75
TOP,TOP Financial Group Limited,NCM,1376823552.0,11.13
MGRT,Mega Fortune Company Limited,NCM,1376099968.0,100.08
PNTG,"The Pennant Group, Inc.",NMS,1373411072.0,39.32
ALVO,Alvotech,NGM,1371481344.0,4.055
NSSC,"NAPCO Security Technologies, In",NMS,1369071488.0,38.32
BORR,Borr Drilling Limited,NYQ,1367482112.0,4.43
XZO,"Exzeo Group, Inc.",NYQ,1366603392.0,15.17
WLTH,Wealthfront Corporation,NMS,1365161600.0,9.14
LQDT,"Liquidity Services, Inc.",NMS,1361985536.0,43.47
CCEC,Capital Clean Energy Carriers C,NMS,1361395584.0,22.61
WLFC,Willis Lease Finance Corporatio,NGM,1360618368.0,56.93
DMLP,"Dorchester Minerals, L.P.",NMS,1360322816.0,27.71
SBET,"SharpLink, Inc.",NCM,1358315520.0,6.26
HYT,Blackrock Corporate High Yield ,NYQ,1356559232.0,8.32
ELE,Elemental Royalty Corporation,NCM,1355906560.0,21.06
HBT,"HBT Financial, Inc.",NMS,1352437120.0,37.19
THRM,Gentherm Inc,NMS,1351029120.0,44.0
SGML,Sigma Lithium Corporation,NCM,1343655040.0,11.99
TRUP,"Trupanion, Inc.",NGM,1342501888.0,30.6
YELP,Yelp Inc.,NYQ,1340311424.0,24.7
PURR,Hyperliquid Strategies Inc,NCM,1339765504.0,6.68
GHM,Graham Corporation,NYQ,1337904384.0,113.99
AMN,AMN Healthcare Services Inc,NYQ,1336184704.0,34.5
HQH,Tekla Healthcare Investors,NYQ,1333722880.0,23.32
CNL,Collective Mining Ltd. Common Shares,ASE,1331785216.0,14.36
NVAX,"Novavax, Inc.",NMS,1327813120.0,8.05
GLUE,"Monte Rosa Therapeutics, Inc.",NMS,1322357760.0,15.5
ORC,"Orchid Island Capital, Inc.",NYQ,1322068608.0,6.65
VZLA,Vizsla Silver Corp.,ASE,1319828224.0,3.76
LEG,"Leggett & Platt, Incorporated",NYQ,1319449600.0,9.66
OSBC,"Old Second Bancorp, Inc.",NMS,1318189824.0,25.91
DRTS,Alpha Tau Medical Ltd.,NCM,1317813632.0,14.25
WLDN,"Willdan Group, Inc.",NGM,1316052736.0,86.4
SDGR,"Schrodinger, Inc.",NMS,1315831040.0,17.59
STAA,STAAR Surgical Company,NGM,1312769536.0,26.18
EPC,Edgewell Personal Care Company,NYQ,1309847040.0,28.42
ODC,Oil-Dri Corporation Of America,NYQ,1309137536.0,90.41
CGEM,"Cullinan Therapeutics, Inc.",NMS,1308974464.0,20.34
PRSU,Pursuit Attractions and Hospita,NYQ,1307588864.0,47.96
UAN,"CVR Partners, LP",NYQ,1305350272.0,123.5
IQ,"iQIYI, Inc.",NMS,1302783360.0,1.35
INBX,"Inhibrx Biosciences, Inc.",NMS,1300599680.0,88.37
MSDL,Morgan Stanley Direct Lending Fund,NYQ,1300265216.0,15.46
LU,Lufax Holding Ltd,NYQ,1300033280.0,1.5
MGTX,MeiraGTx Holdings plc,NMS,1298501248.0,13.52
EFOR,"Everforth, Inc.",NYQ,1298470016.0,31.67
SENEA,Seneca Foods Corp.,NMS,1297896576.0,191.7
FTK,"Flotek Industries, Inc.",NYQ,1297778048.0,35.83
SPTX,"Seaport Therapeutics, Inc.",NMS,1296509952.0,24.22
CBRL,Cracker Barrel Old Country Stor,NMS,1294708352.0,57.925
HLF,Herbalife Ltd.,NYQ,1292225664.0,12.33
NVGS,Navigator Holdings Ltd.,NYQ,1291355648.0,21.0
IMTX,Immatics N.V.,NCM,1290194688.0,9.44
SLSR,Solaris Resources Inc.,ASE,1289792896.0,7.72
AGRO,Adecoagro S.A.,NYQ,1285788416.0,8.91
NUTX,Nutex Health Inc.,NCM,1283447040.0,187.42
TBN,Tamboran Resources Corporation,NYQ,1283064576.0,36.81
PFBC,Preferred Bank,NMS,1278951296.0,107.9
SENEB,Seneca Foods Corp.,NMS,1278262272.0,188.8
GOLD,"Gold.com, Inc.",NYQ,1276192512.0,44.0
GDRX,"GoodRx Holdings, Inc.",NMS,1272472320.0,3.73
EYPT,"EyePoint, Inc.",NGM,1271629056.0,14.75
FMC,FMC Corporation,NYQ,1271052416.0,10.15
LADR,Ladder Capital Corp,NYQ,1266115712.0,9.98
TTI,"Tetra Technologies, Inc.",NYQ,1266022272.0,8.55
NEWP,New Pacific Metals Corp.,ASE,1265877888.0,6.84
TWO,Two Harbors Investment Corp,NYQ,1265822464.0,12.04
AFYA,Afya Limited,NMS,1265704320.0,13.84
BKSY,BlackSky Technology Inc.,NYQ,1265396352.0,30.92
APMD,"Apnimed, Inc.",NMS,1264386048.0,31.75
HBNB,Hotel101 Global Holdings Corp.,NCM,1263774848.0,5.4
ANRO,"Alto Neuroscience, Inc.",NYQ,1261241216.0,32.14
WINA,Winmark Corporation,NGM,1260887296.0,351.01
TRIP,"TripAdvisor, Inc.",NMS,1258720896.0,10.74
DOLE,Dole plc,NYQ,1256302208.0,13.3
UTZ,Utz Brands Inc,NYQ,1255649280.0,14.17
CRVS,"Corvus Pharmaceuticals, Inc.",NGM,1252560896.0,14.89
BRBR,"BellRing Brands, Inc.",NYQ,1249990528.0,10.75
NBXG,Neuberger Berman Income Funds - Neuberger Next Generation Connectivity Fund Inc.,NYQ,1249944960.0,15.87
TEN,Tsakos Energy Navigation Ltd,NYQ,1248789248.0,41.45
VOR,Vor Biopharma Inc.,NMS,1247900800.0,23.03
OPY,"Oppenheimer Holdings, Inc.",NYQ,1245769216.0,116.34
OMER,Omeros Corporation,NGM,1244355200.0,17.19
IRS,IRSA Inversiones Y Representaci,NYQ,1243790336.0,14.7
DSL,DoubleLine Income Solutions Fun,NYQ,1241950720.0,10.84
MYE,"Myers Industries, Inc.",NYQ,1241396352.0,33.0
MRTN,"Marten Transport, Ltd.",NMS,1240970752.0,15.21
PRCT,PROCEPT BioRobotics Corporation,NGM,1239974656.0,21.65
MNKD,MannKind Corporation,NGM,1237931392.0,3.85
TDOC,"Teladoc Health, Inc.",NYQ,1237268096.0,6.81
RDWR,Radware Ltd.,NMS,1234700160.0,29.34
JFR,Nuveen Floating Rate Income Fun,NYQ,1234620160.0,7.67
CLVT,Clarivate Plc,NYQ,1233687808.0,1.93
ASM,Avino Silver & Gold Mines Ltd.,ASE,1230402560.0,7.02
LAC,Lithium Americas Corp.,NYQ,1227085184.0,3.38
CLBK,"Columbia Financial, Inc.",NMS,1226846592.0,11.79
FRNM,"Freenome, Inc.",NCM,1226503040.0,11.56
CERT,"Certara, Inc.",NMS,1220310272.0,8.0
HFWA,Heritage Financial Corporation,NMS,1216828800.0,29.74
AVEX,AEVEX Corp.,NYQ,1216370944.0,21.54
DEA,"Easterly Government Properties,",NYQ,1214854016.0,24.79
USPH,"U.S. Physical Therapy, Inc.",NYQ,1212320000.0,81.24
BH,Biglari Holdings Inc.,NYQ,1208616832.0,385.03
NPKI,NPK International Inc.,NYQ,1207418752.0,14.22
CRCT,"Cricut, Inc.",NMS,1206399872.0,5.76
DFIN,"Donnelley Financial Solutions, ",NYQ,1204438016.0,48.99
UVE,UNIVERSAL INSURANCE HOLDINGS IN,NYQ,1202549632.0,43.21
BVS,Bioventus Inc.,NMS,1199150208.0,14.26
BH-A,Biglari Holdings Inc.,NYQ,1196751360.0,1906.25
AIIR,Air Global PLC,NCM,1196484096.0,7.46
MMI,"Marcus & Millichap, Inc.",NYQ,1195966336.0,31.58
UVSP,Univest Financial Corporation,NMS,1190385920.0,43.16
PDM,"Piedmont Realty Trust, Inc.",NYQ,1186259072.0,9.48
CCO,"Clear Channel Outdoor Holdings,",NYQ,1186188672.0,2.33
SPH,"Suburban Propane Partners, L.P.",NYQ,1184144896.0,17.75
ASIC,Ategrity Specialty Insurance Co,NYQ,1183795200.0,24.7
GTM,ZoomInfo Technologies Inc.,NMS,1178995712.0,4.05
QNST,"QuinStreet, Inc.",NMS,1177630080.0,20.5
BLZE,"Backblaze, Inc.",NGM,1177337984.0,19.02
SID,Companhia Siderurgica Nacional ,NYQ,1173990912.0,0.8853
LTGO,"Latigo Biotherapeutics, Inc.",NMS,1172385664.0,19.49
EOS,Eaton Vance Enhance Equity Inco,NYQ,1170819712.0,21.96
LNN,Lindsay Corporation,NYQ,1170133632.0,115.07
TNC,Tennant Company,NYQ,1169411712.0,68.59
LWLG,"Lightwave Logic, Inc.",NCM,1167046144.0,7.57
MCB,Metropolitan Bank Holding Corp.,NYQ,1165887104.0,94.04
CRON,Cronos Group Inc. Common Share,NGM,1156816384.0,3.14
IGIC,International General Insurance,NCM,1155518848.0,27.21
LMRI,"Lumexa Imaging Holdings, Inc.",NMS,1154890496.0,12.02
NBN,Northeast Bank,NGM,1154289152.0,134.92
AVO,"Mission Produce, Inc.",NMS,1154210816.0,13.06
MUX,McEwen Inc.,NYQ,1153540992.0,18.8
PSEC,Prospect Capital Corporation,NMS,1152317568.0,2.3
HZO,"MarineMax, Inc.  (FL)",NYQ,1148952064.0,52.02
GNK,Genco Shipping & Trading Limite,NYQ,1148071168.0,26.34
FSBC,Five Star Bancorp,NMS,1147086720.0,46.75
WYFI,"WhiteFiber, Inc.",NCM,1146796544.0,29.52
UPBD,"Upbound Group, Inc.",NMS,1143834368.0,19.62
OCSL,Oaktree Specialty Lending Corpo,NMS,1143350016.0,12.98
AMTB,Amerant Bancorp Inc.,NYQ,1143168128.0,29.17
CRF,33138,ASE,1141886336.0,7.04
AOD,Aberdeen Total Dynamic Dividend,NYQ,1138822144.0,10.8
BRAI,Braiin Limited,NGM,1137607040.0,5.52
ECVT,Ecovyst Inc.,NYQ,1137376768.0,10.39
VRTS,"Virtus Investment Partners, Inc",NYQ,1129479040.0,169.03
SIFY,Sify Technologies Limited - Ame,NCM,1127806976.0,15.57
VYX,NCR Voyix Corporation,NYQ,1126650368.0,8.16
TYG,Tortoise Energy Infrastructure ,NYQ,1125421824.0,44.29
WBTN,WEBTOON Entertainment Inc.,NMS,1124366208.0,8.285
RDVT,"Red Violet, Inc.",NCM,1119757952.0,69.78
NWPX,"NWPX Infrastructure, Inc.",NMS,1119457408.0,116.16
LAR,Lithium Argentina AG,NYQ,1119161984.0,6.82
TUYA,Tuya Inc.,NYQ,1115861376.0,1.82
UVV,Universal Corporation,NYQ,1114739712.0,44.77
IRMD,iRadimed Corporation,NGM,1111828864.0,86.95
GSBD,"Goldman Sachs BDC, Inc.",NYQ,1108805376.0,9.85
DJTWW,Trump Media & Technology Group ,NGM,1108091392.0,3.47
XIFR,"XPLR Infrastructure, LP",NYQ,1108024960.0,11.75
CMP,Compass Minerals Intl Inc,NYQ,1107035648.0,26.37
MSEX,Middlesex Water Company,NMS,1106704896.0,58.73
BOW,Bowhead Specialty Holdings Inc.,NYQ,1103920000.0,33.51
DLX,Deluxe Corporation,NYQ,1102843648.0,24.05
GO,Grocery Outlet Holding Corp.,NMS,1102810496.0,11.13
SVRA,"Savara, Inc.",NMS,1102508416.0,5.38
RHLD,Resolute Holdings Management,NYQ,1102038272.0,133.46
LOMA,Loma Negra Compania Industrial ,NYQ,1101616128.0,9.44
ASA,ASA  Gold and Precious Metals L,NYQ,1100974208.0,58.6
EDN,Empresa Distribuidora Y Comerci,NYQ,1100866560.0,23.14
VMET,Versamet Royalties Corporation,NCM,1100006528.0,10.13
ELVR,Elevra Lithium Limited - Americ,NCM,1098268672.0,64.86
PDS,Precision Drilling Corporation,NYQ,1095217152.0,84.63
OBX,"Obsidian Therapeutics, Inc. Common Stock",NCM,1094557056.0,17.77
BV,"BrightView Holdings, Inc.",NYQ,1094167936.0,11.74
TBLA,Taboola.com Ltd.,NMS,1094129408.0,4.05
TK,Teekay Corporation Ltd.,NYQ,1093511424.0,12.47
GPRE,"Green Plains, Inc.",NMS,1092786176.0,15.59
AHG,Akso Health Group,NCM,1088014336.0,1.27
FPF,First Trust Intermediate Durati,NYQ,1086742272.0,17.86
IVA,Inventiva S.A. - American Depos,NGM,1086615040.0,4.6
CHY,Calamos Convertible and High In,NGM,1085262592.0,13.51
SCSC,"ScanSource, Inc.",NMS,1081061632.0,53.19
GLIBA,Liberty Capital Corporation - S,NMS,1080627200.0,27.08
SAFE,Safehold Inc. New,NYQ,1079948288.0,15.25
CFFN,"Capitol Federal Financial, Inc.",NMS,1077015168.0,8.73
CHI,Calamos Convertible Opportuniti,NGM,1073400256.0,13.3
SBGI,"Sinclair, Inc.",NMS,1073200064.0,14.84
RXT,"Rackspace Technology, Inc.",NMS,1073014720.0,4.21
EMO,ClearBridge Energy Midstream Op,NYQ,1067980544.0,53.36
WVE,Wave Life Sciences Ltd.,NGM,1066030592.0,5.41
GLIBK,Liberty Capital Corporation - S,NMS,1065463296.0,26.7
RZLV,Rezolve AI PLC,NGM,1064869696.0,2.67
MBWM,Mercantile Bank Corporation,NMS,1064121728.0,61.56
EQBK,"Equity Bancshares, Inc.",NYQ,1063396160.0,51.64
EVV,316100,ASE,1063261568.0,9.15
BTX,BlackRock Technology and Privat,NYQ,1063230784.0,9.11
ETW,Eaton Vance Corporation Eaton V,NYQ,1063172288.0,9.79
SBR,Sabine Royalty Trust,NYQ,1062834304.0,72.9
SANA,"Sana Biotechnology, Inc.",NMS,1062730240.0,3.55
HSLV,Highlander Silver Corp.,ASE,1059836032.0,5.21
UPWK,Upwork Inc.,NMS,1059805056.0,8.485
ITRN,Ituran Location and Control Ltd,NMS,1057583360.0,53.39
CRAI,"CRA International,Inc.",NMS,1056583872.0,168.33
HBNC,"Horizon Bancorp, Inc.",NMS,1056156736.0,20.57
NNE,Nano Nuclear Energy Inc.,NCM,1055705472.0,19.66
SVC,Service Properties Trust,NMS,1052912128.0,8.13
ASST,"Strive, Inc.",NGM,1052217024.0,12.315
AVTX,"Avalo Therapeutics, Inc.",NCM,1050611456.0,19.59
LUXE,LuxExperience B.V.,NYQ,1048678592.0,7.64
ARDX,"Ardelyx, Inc.",NGM,1048241536.0,4.06
BFST,"Business First Bancshares, Inc.",NMS,1045502208.0,32.12
OI,"O-I Glass, Inc.",NYQ,1043349632.0,6.79
EVLV,"Evolv Technologies Holdings, In",NCM,1043254208.0,5.8
PTA,240905,NYQ,1042457408.0,18.86
KFRC,"Kforce, Inc.",NYQ,1040154752.0,58.08
MCBS,"MetroCity Bankshares, Inc.",NMS,1038640000.0,36.24
CCNE,CNB Financial Corporation,NMS,1034953664.0,34.94
FINV,FinVolution Group,NYQ,1034091776.0,4.38
TDAY,"USA TODAY Co., Inc.",NYQ,1033598272.0,7.04
FSCO,FS Credit Opportunities Corp.,NYQ,1033597952.0,5.11
LXRX,"Lexicon Pharmaceuticals, Inc.",NCM,1032297728.0,2.32
OPK,"Opko Health, Inc.",NMS,1029932992.0,1.38
QMCO,Quantum Corporation,NGM,1028995136.0,26.11
CSIQ,Canadian Solar Inc.,NMS,1027956864.0,15.14
KOPN,Kopin Corporation,NCM,1022299328.0,5.5
ALOY,REalloys Inc.,NCM,1015498048.0,14.72
CPAC,Cementos Pacasmayo S.A.A.,NYQ,1015469376.0,11.86
JBSS,"John B. Sanfilippo & Son, Inc.",NMS,1014070656.0,86.75
DEC,Diversified Energy Company,NYQ,1013420096.0,14.32
MUC,Blackrock MuniHoldings Californ,NYQ,1013419008.0,10.76
ACEL,"Accel Entertainment, Inc.",NYQ,1010899776.0,12.42
HRTG,"Heritage Insurance Holdings, In",NYQ,1009712832.0,33.96
RERE,ATRenew Inc.,NYQ,1007783488.0,4.55
NBBK,"NB Bancorp, Inc.",NCM,1006948864.0,22.98
CII,BlackRock Enhanced Large Cap Co,NYQ,1006556032.0,24.56
BMEZ,BlackRock Health Sciences Trust,NYQ,1003147456.0,16.05
ANNX,"Annexon, Inc.",NMS,1002873600.0,5.29
NPK,"National Presto Industries, Inc",NYQ,1002242752.0,139.86
SMPL,The Simply Good Foods Company,NCM,1000270080.0,11.31
ACGLO,Arch Capital Group Ltd. - Depos,NMS,,19.385
AGNCM,AGNC Investment Corp. - Deposit,NMS,,25.24
AGNCN,AGNC Investment Corp. - Deposit,NMS,,25.98
AHL-PD,Aspen Insurance Holdings Limite,NYQ,,18.86
AHL-PE,Aspen Insurance Holdings Limite,NYQ,,18.81
ALL-PB,Allstate Corporation (The) 5.10,NYQ,,25.6201
AMH-PG,American Homes 4 Rent Series G ,NYQ,,22.45
AMH-PH,American Homes 4 Rent Series H ,NYQ,,23.46
ASB-PE,Associated Banc-Corp Depositary,NYQ,,19.955
ATH-PA,Athene Holding Ltd. Depositary ,NYQ,,23.81
AXS-PE,Axis Capital Holdings Limited D,NYQ,,18.71
BAC-PB,Bank of America Corporation Dep,NYQ,,24.725
BAC-PE,Bank of America Corporation Dep,NYQ,,18.26
BAC-PK,Bank of America Corporation Dep,NYQ,,23.9
BFS-PD,"Saul Centers, Inc. Depositary S",NYQ,,20.88
BHFAP,"Brighthouse Financial, Inc. - D",NMS,,13.6599
BML-PG,Bank of America Corporation Dep,NYQ,,18.43
BML-PH,Bank of America Corporation Dep,NYQ,,18.28
BML-PJ,Bank of America Corporation Dep,NYQ,,19.25
BML-PL,Bank of America Corporation Dep,NYQ,,18.9649
BPYPP,Brookfield Property Partners L.,NMS,,16.1699
CIM-PA,Chimera Investment Corporation ,NYQ,,22.0
CIM-PB,Chimera Investment Corporation ,NYQ,,24.4
CIM-PC,Chimera Investment Corporation ,NYQ,,23.294
CIM-PD,Chimera Investment Corporation ,NYQ,,24.31
CMS-PB,CMS Energy Corporation Preferre,NYQ,,75.53
CODI-PB,Compass Diversified Holdings 7.,NYQ,,22.03
CTA-PA,"EIDP, Inc. Preferred Stock $3.5",NYQ,,53.1
CTA-PB,"EIDP, Inc. Preferred Stock $4.5",NYQ,,65.32
DLR-PJ,"Digital Realty Trust, Inc. 5.25",NYQ,,19.61
DLR-PK,"Digital Realty Trust, Inc. 5.85",NYQ,,21.94
DUK-PA,Duke Energy Corporation Deposit,NYQ,,24.22
EPR-PG,EPR Properties 5.750% Series G ,NYQ,,21.14
FRT-PC,Federal Realty Investment Trust,NYQ,,19.19
GAB-PG,"Gabelli Equity Trust, Inc. (The",NYQ,,19.2
GAB-PH,"Gabelli Equity Trust, Inc. (The",NYQ,,19.1999
GDV-PH,The Gabelli Dividend & Income T,NYQ,,21.15
GLOP-PA,GasLog Partners LP 8.625% Serie,NYQ,,25.42
GLOP-PB,GasLog Partners LP 8.200% Serie,NYQ,,26.0048
GLOP-PC,GasLog Partners LP 8.500% Serie,NYQ,,25.75
GNL-PA,"Global Net Lease, Inc. 7.25% Se",NYQ,,23.15
GS-PA,"Goldman Sachs Group, Inc. (The)",NYQ,,19.07
GS-PC,"Goldman Sachs Group, Inc. (The)",NYQ,,19.1301
GS-PD,"Goldman Sachs Group, Inc. (The)",NYQ,,18.8
HCXY,"Hercules Capital, Inc. 6.25% No",NYQ,,25.0569
HIG-PG,"The Hartford Insurance Group, I",NYQ,,24.49
HL-PB,Hecla Mining Company Preferred ,NYQ,,67.75
IVR-PC,INVESCO MORTGAGE CAPITAL INC 7.,NYQ,,24.98
JPM-PC,J P Morgan Chase & Co Depositar,NYQ,,24.98
JPM-PD,J P Morgan Chase & Co Depositar,NYQ,,23.63
JSM,Navient Corporation - 6% Senior,NMS,,18.0143
KEY-PI,KeyCorp Depositary Shares Each ,NYQ,,25.23
KEY-PJ,KeyCorp Depositary Shares each ,NYQ,,20.96
KIM-PL,Kimco Realty Corporation Class ,NYQ,,19.395
KIM-PM,Kimco Realty Corporation Class ,NYQ,,19.8999
LXP-PC,LXP Industrial Trust 6.5% Serie,NYQ,,49.01
MAA-PI,Mid-America Apartment Communiti,NYQ,,53.7275
MET-PA,"MetLife, Inc. Preferred Series ",NYQ,,20.69
MET-PE,"MetLife, Inc. Depositary Shares",NYQ,,21.65
MFA-PB,"MFA Financial, Inc. Preferred S",NYQ,,20.15
MS-PA,Morgan Stanley Dep Shs repstg 1,NYQ,,19.1
MS-PE,Morgan Stanley DEPOSITARY SHARE,NYQ,,25.52
MS-PF,Morgan Stanley Dep Shs Rpstg 1/,NYQ,,25.245
MS-PI,Morgan Stanley Depository Share,NYQ,,24.59
MS-PK,Morgan Stanley Depositary Share,NYQ,,22.67
NGL-PB,NGL ENERGY PARTNERS LP 9.00%,NYQ,,25.6437
NGL-PC,NGL ENERGY PARTNERS LP 9.625%,NYQ,,25.66
NLY-PF,Annaly Capital Management Inc 6,NYQ,,25.96
NLY-PG,Annaly Capital Management Inc 6,NYQ,,25.38
OAK-PB,"Brookfield Oaktree Holdings, LL",NYQ,,20.57
PBI-PB,Pitney Bowes Inc 6.70% Notes Du,NYQ,,20.57
PCG-PA,Pacific Gas & Electric Co. 6% P,ASE,,21.92
PCG-PB,Pacific Gas & Electric Co. 5 1/,ASE,,20.0061
PCG-PC,Pacific Gas & Electric Co. 5% 1,ASE,,18.41
PCG-PD,Pacific Gas & Electric Co. 5% 1,ASE,,18.1
PCG-PE,Pacific Gas & Electric Co. 5% 1,ASE,,18.6
PCG-PG,Pacific Gas & Electric Co. 4.80,ASE,,18.48
PCG-PH,Pacific Gas & Electric Co. 4.50,ASE,,16.8
PCG-PI,Pacific Gas & Electric Co. 4.36,ASE,,16.6858
PEB-PE,Pebblebrook Hotel Trust 6.375% ,NYQ,,19.95
PEB-PF,Pebblebrook Hotel Trust 6.3% Se,NYQ,,20.1
PMT-PA,PennyMac Mortgage Investment Tr,NYQ,,22.93
PMT-PB,PennyMac Mortgage Investment Tr,NYQ,,22.9
PSA-PH,Public Storage Depositary Share,NYQ,,21.32
PSA-PK,Public Storage Depositary Share,NYQ,,18.2728
REXR-PB,"Rexford Industrial Realty, Inc.",NYQ,,22.73
RF-PC,Regions Financial Corporation D,NYQ,,24.05
RLJ-PA,RLJ Lodging Trust $1.95 Series ,NYQ,,25.0501
RNR-PF,RenaissanceRe Holdings Ltd. Dep,NYQ,,20.66
SCHW-PD,The Charles Schwab Corporation ,NYQ,,24.12
SF-PB,Stifel Financial Corporation De,NYQ,,21.91
SLG-PI,SL Green Realty Corporation Pre,NYQ,,21.54
SLMBP,SLM Corporation - Floating Rate,NMS,,74.6
SPG-PJ,"Simon Property Group, Inc. Simo",NYQ,,56.5
SRG-PA,Seritage Growth Properties 7.00,NYQ,,22.4977
STT-PG,State Street Corporation Deposi,NYQ,,21.02
TRTN-PA,Triton International Limited 8.,NYQ,,26.0894
TWO-PA,Two Harbors Investments Corp 8.,NYQ,,25.12
TWO-PB,Two Harbors Investments Corp 7.,NYQ,,25.1
TWO-PC,Two Harbors Investments Corp 7.,NYQ,,25.13
USB-PH,U.S. Bancorp Depositary Shares ,NYQ,,18.55
USB-PP,U.S. Bancorp Depositary Shares ,NYQ,,21.17
VLYPO,Valley National Bancorp - 5.5% ,NMS,,24.74
VLYPP,Valley National Bancorp - 6.25%,NMS,,25.09
VNO-PL,Vornado Realty Trust Pfd Ser L ,NYQ,,17.69
VNO-PM,Vornado Realty Trust 5.25% Seri,NYQ,,17.81
VOYA-PB,"Voya Financial, Inc. Depositary",NYQ,,23.91
WBS-PF,Webster Financial Corporation D,NYQ,,21.16
WFC-PL,Wells Fargo & Company 7.50% Non,NYQ,,1171.6
WFC-PY,Wells Fargo & Company Depositar,NYQ,,22.03
WRB-PE,W.R. Berkley Corporation 5.70% ,NYQ,,20.45
