setup,score,clv,body_frac,vol_ratio20,ema20_reclaim,prev_high_reclaim,ret5_before,ret10_before,close,ret_fwd_1d,maxup_fwd_1d,maxdd_fwd_1d,ret_fwd_3d,maxup_fwd_3d,maxdd_fwd_3d,ret_fwd_5d,maxup_fwd_5d,maxdd_fwd_5d,ret_fwd_10d,maxup_fwd_10d,maxdd_fwd_10d,symbol,date
True,7,0.9378879117832776,0.7701868136945367,1.362987987987988,True,False,0.011764611266521952,-0.009258032369987235,30.23412322998047,-0.004844812328106518,0.018411044936832655,-0.00613677017233738,-0.011951003912086477,0.019056995908362406,-0.03036184482193327,-0.0029068747796723304,0.019056995908362406,-0.03036184482193327,0.21511680869839278,0.24838528557945105,-0.03908252161284709,ACA,2019-04-22
True,6,0.8225824314430029,0.6129060044668941,1.1744303840936796,False,False,0.006100813396390681,-0.026700613334606937,33.81807327270508,0.02570036451497737,0.03118689768393068,-0.009817962133841673,0.07017085335308093,0.08056637584994153,-0.009817962133841673,0.1172394772596912,0.1475601002192677,-0.009817962133841673,0.023967860867289525,0.1475601002192677,-0.009817962133841673,ACA,2019-06-03
True,5,0.784314495469113,0.4999999999999982,0.46862824130055086,False,False,-0.05940326520669137,-0.008183909643625809,30.81321907043457,0.01586802749192029,0.02411944489666462,0.004760489904472198,0.016820054669139273,0.04220899094385655,0.0034909507885183544,0.07584902037455765,0.08886075826062556,0.0034909507885183544,0.09457325319880816,0.11234504790678268,0.0034909507885183544,ACA,2019-08-28
True,6,0.7307706415288096,0.5961559622932213,0.5048654979503856,True,False,-0.007486068082244279,-0.006055371787319519,33.70777130126953,-0.011023970467243571,-0.0002900287556306669,-0.020597566805002132,-0.007542984668905128,0.0034811233690119625,-0.021468121348151015,-0.030171485996951186,0.0034811233690119625,-0.04438678947730679,-0.05221965327077316,0.0034811233690119625,-0.058021724640624384,ACA,2019-09-25
True,5,0.7291652593390249,0.40624813736047405,0.6519826068951238,False,False,-0.013787237470618385,-0.0183942995211559,32.876564025878906,0.008031078644118672,0.00981577177270987,-0.00401528794474848,-0.03152901805139097,0.00981577177270987,-0.034206000007043436,-0.012789853886930658,0.00981577177270987,-0.034206000007043436,0.009551779600700527,0.018786434180841916,-0.034206000007043436,ACA,2019-10-03
True,5,0.9507844869152636,0.5480996940565017,0.5927620292459767,False,False,-0.017755079047875766,-0.037792333906501385,43.93312454223633,-0.023655692702967523,0.004016731978399912,-0.024994709828514594,-0.004017086336010722,0.004016731978399912,-0.024994709828514594,0.02053086771895507,0.04597166755855886,-0.024994709828514594,0.06382455898141881,0.0678415246333055,-0.024994709828514594,ACA,2020-01-30
True,6,0.7204657613369851,0.5407655420394364,2.420715093325425,False,False,-0.06688612920103709,-0.09003419710037741,41.71733474731445,0.009635560663276754,0.015040954558222186,-0.047003675812400836,-0.0016449418335802157,0.054054221231231825,-0.047003675812400836,0.019036482339118477,0.054054221231231825,-0.047003675812400836,-0.2260870090012307,0.054054221231231825,-0.2310223572570792,ACA,2020-02-27
True,6,0.988013751199441,0.5393831556298457,1.217465320725106,False,False,-0.04345550691952216,-0.12947272201033888,36.25634002685547,-0.18523561026903168,-0.06057361250558202,-0.22066013549790275,-0.1573823526874235,-0.06057361250558202,-0.23904832733075476,-0.04624140738450955,-0.037588091404590296,-0.23904832733075476,0.07463494207198318,0.07896160084131099,-0.23904832733075476,ACA,2020-03-17
True,5,0.8815166219509548,0.8151662195095494,0.8333748071467675,False,False,-0.03304627655695802,-0.14507131806365559,33.03224563598633,-0.02258532971560323,0.007726723480384168,-0.027042914578440436,-0.04368478399575948,0.007726723480384168,-0.07786011411291582,0.009509879948563338,0.03001504349825268,-0.07786011411291582,0.13462136535628844,0.15156043887186543,-0.07786011411291582,ACA,2020-05-11
True,6,0.9649115370973124,0.35087793658690347,1.2022309440198307,False,False,-0.04443006232369573,-0.03823714412727097,43.75747299194336,0.01752002635571026,0.021787825305895847,-0.0003370723516155083,0.01976617240411027,0.03885867595853654,-0.0003370723516155083,-0.0011233781478627858,0.03885867595853654,-0.06266875360524016,-0.004492553631368246,0.03885867595853654,-0.06266875360524016,ACA,2020-09-15
True,6,0.8123452929496896,0.48395002656157504,0.9642071737317055,True,False,0.017384841260654316,-0.016261176827290003,52.97360610961914,0.006128880174883777,0.014951356399431681,-0.009658604444380936,0.008171984255741505,0.022473827371893185,-0.009658604444380936,0.0011140865372532005,0.03640377891581892,-0.009658604444380936,0.12499984697602673,0.14524501803502554,-0.009658604444380936,ACA,2020-12-21
True,6,0.8888888888888888,0.8511115180121528,1.5358158044343377,False,False,-0.01787135944433149,-0.04657679234721046,60.066436767578125,0.05639323269268193,0.05803255155268916,-0.0008198960400607191,0.030983504694762853,0.06147523369776131,-0.0008198960400607191,0.07885250757396012,0.07918044649368827,-0.0008198960400607191,0.038196739551796366,0.08491788972992276,-0.0008198960400607191,ACA,2021-03-25
True,5,0.9144730072604702,0.6513154427431689,1.0616723637721541,False,False,-0.06277417826334497,-0.04265535399260956,48.54640197753906,-0.013029630018447036,0.0010175689568010515,-0.049267378994471644,-0.0877443040895014,0.017711757763355207,-0.09364823131336364,-0.05008161149783896,0.017711757763355207,-0.10728846349143528,-0.09609113456797769,0.017711757763355207,-0.114617248422196,ACA,2022-01-24
True,6,0.9809519657476874,0.43333278837717465,1.1983109325917916,False,False,-0.04074411447691695,-0.12133972811704152,45.373878479003906,0.0163363036162123,0.019385734877444882,-0.009148300287608158,-0.010672840954088825,0.022217520720253514,-0.018623134088795124,-0.039206977348335226,0.022217520720253514,-0.052711639319855896,-0.03789998562359542,0.022217520720253514,-0.0542364831796347,ACA,2022-01-28
True,5,0.9254665301905947,0.8509306910049012,0.9959203857089876,False,False,0.008689998279208355,-0.07288328530048549,45.9293098449707,-0.0025846145872793214,0.012061093604360806,-0.019384151724850862,-0.021968933296445448,0.012061093604360806,-0.048890854919324545,-0.02024560773741535,0.012061093604360806,-0.048890854919324545,-0.013758614655218993,0.012061093604360806,-0.06162605089804951,ACA,2022-06-30
True,5,0.9407421431276006,0.6222230385369598,0.5316805818777852,False,False,-0.018815456084822713,-0.019459177578677544,44.3565788269043,0.021210097068141254,0.03192676434256736,-0.0011163143790385854,0.051127852009290375,0.06083978980901095,-0.0011163143790385854,0.09131529571645092,0.09220828767566447,-0.0011163143790385854,0.14847076547769822,0.15181976182000234,-0.0011163143790385854,ACA,2022-07-14
True,6,0.8775501068504977,0.4183673866586746,1.1634092748930265,False,False,-0.0610536536073053,-0.08346671552495888,56.65639877319336,0.036007617760005495,0.036531980230648964,0.0015730597056431428,0.031812597986754065,0.040727160752208835,0.0015730597056431428,0.003146348992922654,0.04457266035536844,-0.00026214088332809915,0.00297155930780324,0.04457266035536844,-0.03862965194213486,ACA,2022-09-06
True,7,0.8644278571557354,0.5771147606941989,1.2596401028277635,True,False,0.007509327936609855,0.07942503497709597,62.5031623840332,-0.0379004870908326,0.002378624782761296,-0.04424361573278501,-0.10513811282375907,0.002378624782761296,-0.13653676810271675,-0.0864257417639207,0.002378624782761296,-0.13653676810271675,-0.062480237053435195,0.002378624782761296,-0.13653676810271675,ACA,2022-11-03
True,7,0.9756101191860748,0.8512202383721473,3.3801360544217687,True,False,-0.020908742885479725,-0.02524173851045608,58.99589920043945,0.05145453201694283,0.05565833240293072,-0.02059860403309488,0.030267459256362983,0.05952587552572641,-0.02059860403309488,0.012611619172863131,0.05952587552572641,-0.02059860403309488,0.02993122527993264,0.05952587552572641,-0.02059860403309488,ACA,2023-03-15
True,5,0.9642826326855902,0.369044645573813,0.9416355217074489,False,False,-0.03298776806546544,-0.019284072520937556,66.64952087402344,0.0017877980550571326,0.011470528127066837,-0.015194171883084473,-0.021897607180313527,0.011470528127066837,-0.023834221250752963,0.044391719397437246,0.04603034050112709,-0.026366431796816303,0.09012400116027153,0.09831679102355384,-0.026366431796816303,ACA,2023-05-25
True,5,0.7134381243167885,0.5039503939085558,0.9998616682805367,False,False,-0.01578599695085614,-0.01604922269681741,73.0912857055664,0.004485595895961092,0.014000302758777172,-0.007883626728227178,0.006252569747608128,0.014000302758777172,-0.007883626728227178,-0.022699476348197023,0.014000302758777172,-0.024466567271056228,-0.029495457359490995,0.014000302758777172,-0.050020314399184085,ACA,2023-09-22
True,5,0.8240721117845621,0.5370378219528321,0.892381400138805,False,False,-0.012927643898011598,-0.017871461960130564,85.88500213623047,-0.010083397004153505,0.0031293916017642864,-0.013096866392202644,0.011126647946068546,0.013097044521217516,-0.015994232270998388,0.0024341041433424415,0.014835588801401789,-0.015994232270998388,-0.004983779597603988,0.03650906733777015,-0.035349894173425156,ACA,2024-05-21
True,6,0.9777798122829827,0.9511108398437432,1.13634682251979,False,False,-0.020069563627743703,-0.031751463425069626,84.08329772949219,-0.013022270461591101,-0.005919174477360345,-0.018349660190338346,0.0028414024687128947,0.031253600867686915,-0.018349660190338346,0.002959540933163307,0.031253600867686915,-0.027228552241739257,-0.019059853736959176,0.031253600867686915,-0.027228552241739257,ACA,2024-06-10
True,5,0.7068069519506932,0.3507851102669518,0.9334963785156617,False,False,-0.10219698693050527,-0.10141115776478671,81.81114196777344,0.004991537001720614,0.014000520199715538,-0.00986116871132059,0.06854142672628849,0.07268074925324419,-0.02008756295219738,0.10567342618540265,0.11395198013560348,-0.02008756295219738,0.13245669416169692,0.16264906307780658,-0.02008756295219738,ACA,2024-09-09
True,5,0.9774589138754796,0.684426357655654,0.9421849847753146,False,False,0.0137932127476188,-0.06574617781717951,84.91866302490234,0.029439127353148686,0.033426975145852245,-0.005395414378860153,0.06521231514351755,0.07318792295907084,-0.005395414378860153,0.07072466643109676,0.10274431519232707,-0.005395414378860153,0.09734908506468609,0.12010298054579627,-0.005395414378860153,ACA,2024-09-11
True,6,0.8565211333948092,0.8478236351694691,1.1054479556008607,False,False,-0.05653103507437085,-0.07179230596051656,92.63639831542969,0.034100618034633046,0.038726266573508195,0.008605835079819935,0.044217700521115066,0.06461358905556502,0.008605835079819935,0.08436343223435805,0.09469581836022023,0.008605835079819935,0.056164624093582916,0.09738664141006481,0.008605835079819935,ACA,2025-01-13
True,5,0.7703337579989857,0.7703337579989857,0.6210919627878603,False,False,-0.04843247481353885,-0.02666677448863164,84.48331451416016,0.035427520570245896,0.03678554922603183,0.006920180895332972,0.01818610856271108,0.03678554922603183,0.006683994652051828,0.019485167920918922,0.03678554922603183,-0.0009447258059309682,0.06211616904911832,0.07002828678486916,-0.0009447258059309682,ACA,2025-05-23
True,5,0.9871574119959352,0.7376158758689811,0.9009659655141283,False,False,0.011650887668860133,-0.03026579634495974,86.6283187866211,0.013704906060981514,0.013704906060981514,-0.002418483344230782,0.0099044021747412,0.015087082069427105,-0.014626175799356989,-0.0013820014131783465,0.02176677361506174,-0.014626175799356989,0.03673840973136144,0.04111483355482881,-0.014741388696107749,ACA,2025-06-23
True,7,0.8684205997586899,0.5463662837945072,1.2521359407632429,True,False,-0.0017580135502435201,-0.0129582833650006,124.82229614257812,0.01400892919792951,0.041866723405748374,-0.0009606119230516352,-0.13960936164865234,0.041866723405748374,-0.15646017226864473,-0.1169549019516759,0.041866723405748374,-0.18660744830520415,-0.13352545623331213,0.041866723405748374,-0.18660744830520415,ACA,2026-02-24
True,6,0.9441189643025968,0.5805122524853902,1.4742607504971799,False,False,-0.1169549019516759,-0.11850730719952096,110.22371673583984,0.020397109676911995,0.023841991451035716,-0.008838668513226788,-0.007433598230472072,0.023841991451035716,-0.02923578136319016,-0.01876524122976264,0.023841991451035716,-0.05217112747085695,-0.04596136439319254,0.023841991451035716,-0.05217112747085695,ACA,2026-03-03
True,5,0.9740398715865404,0.5584598311600808,1.0771526445465678,False,False,0.0019330256644709554,-0.001375423388917274,145.1300048828125,-0.00013783691716329205,-0.00013783691716329205,-0.004582157531510034,0.0012402168381830947,0.002273836008764407,-0.004582157531510034,-0.0017915645068361519,0.0028249733998930715,-0.004582157531510034,0.0013091878661457557,0.005856754744912429,-0.004582157531510034,ACA,2026-07-22
True,5,1.0,0.6666654556551823,0.5265753473789292,False,False,-0.05136983486250213,-0.03735862063955009,40.94116973876953,0.006317457602071919,0.007219970698409295,-0.008122958511333822,-0.016245636377493988,0.007219970698409295,-0.023465879433256176,0.018050344738523627,0.02617303154517292,-0.023465879433256176,-0.009025684832268954,0.02978324193750126,-0.03790634123990577,AMCR,2019-07-11
True,5,0.9714290073939743,0.5428575788225473,1.069604547675646,False,False,-0.006243405703160176,-0.024514563233207,35.72473907470703,-0.006282951056409192,0.0010468581163236568,-0.011518551862340742,-0.03350796890473129,0.0010468581163236568,-0.03874357020017927,-0.024083969441195396,0.0010468581163236568,-0.03874357020017927,0.004188456070490343,0.01780084761486167,-0.03874357020017927,AMCR,2019-10-03
True,6,0.8611113465858495,0.6666659602424441,1.2472425605861877,False,False,-0.03439380269235137,-0.020069907384169583,44.386619567871094,0.0017809865271372072,0.008014263268257604,-0.014247536432345331,-0.023152223255251125,0.008014263268257604,-0.03294740186746925,-0.015137912796890585,0.008014263268257604,-0.03294740186746925,-0.01959007831596693,0.008014263268257604,-0.050756606685180894,AMCR,2021-01-20
True,6,0.8571451926692459,0.8571451926692459,1.1468035774995349,False,False,-0.009360506800458301,-0.020775358680942824,47.516204833984375,0.00848886102924129,0.009337744401972436,-0.0008490503677507366,0.009338004034653569,0.014431370346860373,-0.005093313404566535,0.013582434549274325,0.016129146674026762,-0.005093313404566535,0.02461808233853202,0.04244506171803941,-0.005093313404566535,AMCR,2021-05-26
True,6,0.8333333333333334,0.3999989827473952,1.883844972505243,False,False,-0.036378235937899794,-0.01650152918491732,49.02444839477539,-0.010905993985899642,-0.0025167319569505686,-0.03439595326895328,-0.010067179111486468,0.014261691152024358,-0.03439595326895328,0.007550267615404227,0.014261691152024358,-0.03439595326895328,-0.03607386395247547,0.02768445635459882,-0.039429556575270475,AMCR,2022-01-24
True,5,0.9047632887800617,0.4285724665850443,0.6168862131445938,False,False,-0.043220437497753283,-0.03263755646842614,46.90719985961914,-0.04428687943121101,-0.007971566357839577,-0.04428687943121101,-0.01771480056709096,-0.004428567784225179,-0.05580149720331329,-0.03454365372874968,-0.004428567784225179,-0.05580149720331329,0.03365803162069425,0.03542955127314773,-0.05580149720331329,AMCR,2022-03-04
True,6,0.8648648927297043,0.7567563945138496,1.5912455450973224,False,False,-0.0009033438364171031,0.028837343797302184,46.85253143310547,-0.01989161471440981,0.014466386439455192,-0.01989161471440981,0.012658329879800867,0.016274980568603548,-0.01989161471440981,-0.015370811692779207,0.016274980568603548,-0.01989161471440981,0.04339954616918429,0.05877022225957518,-0.01989161471440981,AMCR,2022-10-13
True,5,0.9565224602442705,0.5217404284396925,0.7323911003010722,False,False,-0.05818773323779158,-0.051882689719971564,48.4937858581543,0.010591192583907505,0.013239056704909657,-0.00264799334513921,0.01588690687130745,0.01588690687130745,-0.00264799334513921,0.007943532099284445,0.01588697248491422,-0.00264799334513921,0.0,0.015886984765049128,-0.02294805073827455,AMCR,2023-02-10
True,5,0.9130446320468375,0.5652198430995279,0.6204315892217526,False,False,-0.005530005888326861,-0.03746666144479949,46.68938064575195,-0.00834105365640192,-0.0018535935055834507,-0.01946243411723736,0.01853572018297389,0.025023180473280116,-0.01946243411723736,0.004633909619807142,0.025023180473280116,-0.01946243411723736,0.03243744904239532,0.03707136930676169,-0.01946243411723736,AMCR,2023-03-16
True,5,0.9655151548634752,0.6206877500927348,1.0948642970602422,False,False,-0.00907454867252111,-0.02412875687284477,47.25189971923828,0.004578744376474209,0.007326025118753243,-0.0036629581178597714,0.0,0.015567862048382342,-0.011904720317707063,-0.0650183154618924,0.015567862048382342,-0.10347970740528645,-0.051282001601381855,0.015567862048382342,-0.10347970740528645,AMCR,2023-04-27
True,5,0.9583339956067438,0.6249996026359537,0.6780211599630039,False,False,-0.016881709790044108,-0.02559038950764625,43.357547760009766,0.00808073538431242,0.011110991864676123,-0.006060692717801297,-0.01414139690043592,0.024242487496831888,-0.0191919021182253,0.004040323701000492,0.024242487496831888,-0.026262718907593352,0.0030302867669060873,0.024242487496831888,-0.05050513460903738,AMCR,2023-06-29
True,6,0.8636382552244074,0.5000034679114136,1.4013423933786908,False,False,0.0020387844966074375,-0.03152698757403394,43.05097579956055,0.011190233887478307,0.022380452169645793,-0.003051897386813107,0.0040690954055870865,0.022380452169645793,-0.04374365018474358,0.015259417901910988,0.022380452169645793,-0.04374365018474358,0.01220755204329782,0.022380452169645793,-0.04374365018474358,AMCR,2023-07-06
True,6,0.9117638479058447,0.38235142321803184,1.3783628670714685,False,False,-0.027054139524231857,-0.01621068462654962,42.525428771972656,0.016477801062919628,0.016477801062919628,0.003089589014558136,0.027806418243048414,0.031925819861217564,0.003089589014558136,0.0175076916618242,0.031925819861217564,0.003089589014558136,0.041194637213165075,0.04222448762420172,0.003089589014558136,AMCR,2023-07-10
True,6,0.812502682211573,0.5000023841880638,1.0609043682641528,True,False,-0.008230338471033383,-0.010266755184738852,43.35218048095703,0.010373254852781288,0.010373254852781288,-0.010373628905415266,0.013485398495703294,0.01867213456483019,-0.010373628905415266,0.020746861678378803,0.025933583456070775,-0.010373628905415266,-0.017634806028660743,0.029045426683415698,-0.02904557951568376,AMCR,2024-01-04
True,5,0.9230778259670321,0.5384610870164959,0.49406637480999344,False,False,-0.03154580071579194,-0.00754313589689537,41.99271774291992,-0.006514543466429656,0.005428980973443798,-0.008686063241617914,-0.010857784408427218,0.018458251662701652,-0.016286666033889508,-0.032573353225281765,0.018458251662701652,-0.03365911293525148,-0.02605853723322349,0.018458251662701652,-0.0445169243857757,AMCR,2024-04-05
True,5,0.8823505652468522,0.6470561836076175,0.7726841532471614,False,False,-0.022380607986569934,0.007566093569953081,46.49095153808594,0.0,0.003972209910636959,-0.007944344057671304,-0.012909478733805768,0.003972209910636959,-0.022839966722874805,-0.033763441424877194,0.003972209910636959,-0.04170786250746317,0.013902723846514586,0.027805421022731425,-0.04170786250746317,AMCR,2024-05-21
True,6,0.8571413001224317,0.8571413001224317,1.2100606347295089,False,False,0.0018115260928734944,-0.02123893638940899,51.636844635009766,0.006329134964538685,0.016274871555487458,0.0018083393339376475,-0.07775772222357247,0.016274871555487458,-0.08408680830184145,-0.07775772222357247,0.016274871555487458,-0.08408680830184145,-0.08589518146369368,0.016274871555487458,-0.09041597687582359,AMCR,2024-10-30
True,6,0.915492170743554,0.7887315014205716,1.5728084665565416,False,False,-0.0795919115826319,-0.06041674466575475,43.175872802734375,0.0,0.001108715154092721,-0.032150709474507266,0.05764966740576494,0.058758297921526204,-0.032150709474507266,0.02549889135254979,0.06097559321901924,-0.032150709474507266,0.07095343680709543,0.07427943051144714,-0.032150709474507266,AMCR,2025-04-09
True,5,0.8888865341414803,0.38888653414148033,0.8109846077217867,False,False,-0.003296676915817809,-0.004390801520106513,44.02912139892578,0.012127912306131527,0.020948148360312224,0.0033075921351435333,0.01543549324768656,0.027563370681416455,-0.006615242944765676,0.013230410406542381,0.027563370681416455,-0.006615242944765676,0.08269021666145382,0.09040795915766586,-0.006615242944765676,AMCR,2025-06-23
True,5,0.8461506860570245,0.6153796495181846,0.6805172397677662,False,False,-0.0070012024906612735,-0.14386330267077052,41.310672760009766,0.004700376615575541,0.008225676955773142,-0.0011750641833461195,-0.01057570887251258,0.02115164095907973,-0.014100919904239007,-0.018801321778925684,0.02115164095907973,-0.02820206353889687,-0.02115141774502516,0.02115164095907973,-0.041128030613491906,AMCR,2025-08-27
True,6,0.9583339956067417,0.41666640175730213,1.7362298354576036,False,False,-0.029484080955697767,-0.03067495073632054,38.349510192871094,-0.005063316825645869,-0.001265809865688694,-0.016455741130903867,0.021518947301198965,0.029113961259262355,-0.018987273724811904,0.059493624549815216,0.0860760351528691,-0.018987273724811904,0.07341779555627359,0.10759493686345412,-0.018987273724811904,AMCR,2025-10-31
True,6,0.9292932212043291,0.6212120336387031,1.2132415091546114,False,False,-0.025831181371340772,-0.05272317571874574,37.46588897705078,0.010763982292649521,0.017327384775069232,-0.024415859019103814,0.022578114165941576,0.03360458212847606,-0.024415859019103814,0.047619610041604865,0.050822494990051315,-0.024415859019103814,0.004647171529929661,0.051890157245492396,-0.024415859019103814,AMCR,2026-05-20
True,5,0.8888883656092231,0.5802454600256197,0.828565981371659,False,False,-0.033538565285170296,-0.010647580912488519,45.529998779296875,0.007248008783271587,0.0177904984627264,0.003514163226485012,0.05007693070773578,0.06039973805688881,0.003514163226485012,0.052163410140040334,0.07489567183917178,0.003514163226485012,,,,AMCR,2026-08-17
True,5,0.7557407599130345,0.37995811001298113,0.2586815247042963,False,False,-0.09486511525681396,-0.05454548922452063,20.799999237060547,0.03173076305869049,0.03461544457272181,-0.03701916243550085,0.024038462420187034,0.03461544457272181,-0.03701916243550085,-0.0038461503192516178,0.03461544457272181,-0.04615380383101986,0.023076993614966845,0.07956734362262363,-0.04615380383101986,APGE,2023-09-26
True,5,0.9328357146720642,0.5447764274510138,0.7304315625433954,False,False,-0.07511740715219883,-0.21160578242466477,15.760000228881836,0.05774110623072448,0.08470806250536289,-0.010786806714786823,0.13769035817126407,0.14263954052262573,-0.010786806714786823,0.21065987605380698,0.2246192231451427,-0.010786806714786823,-0.03743655736163343,0.2246192231451427,-0.09961932904171833,APGE,2023-10-27
True,8,0.9092461335366097,0.7671231892435991,1.4627227480207339,True,True,0.08651029017430156,-0.10218096378263897,44.459999084472656,-0.0011245892507903976,0.010571327718881252,-0.03846151866138614,0.01889339113552202,0.04565907862789653,-0.03846151866138614,0.12550611664325162,0.13000455944707312,-0.03846151866138614,0.06635179540455094,0.1617184568030572,-0.03846151866138614,APGE,2024-08-12
True,6,0.8617244273747074,0.39278708475970453,0.8633534928565167,True,False,-0.003923159725619074,-0.0022750113573047903,48.2400016784668,-0.020522422139730323,0.01575452518842768,-0.03606968528036958,0.02632662932997576,0.04177030098545553,-0.03606968528036958,0.019693136716167237,0.07172468831022272,-0.03606968528036958,0.0976367935446214,0.14013263031354128,-0.03606968528036958,APGE,2024-09-05
True,5,0.9285717066107178,0.8265304533653042,0.8853761096402429,False,False,-0.18884042379259003,-0.20192143202777624,46.52000045776367,-0.03181426327757764,0.0038693100473894404,-0.0462167133431336,-0.06577818880438846,0.0038693100473894404,-0.08985383198718744,-0.055030123561913724,0.0038693100473894404,-0.08985383198718744,0.11822871766722254,0.1525150720311106,-0.08985383198718744,APGE,2024-11-19
True,5,0.951742588960092,0.9061646679580035,0.8695154957496283,False,False,-0.14105980093797432,-0.11954364412961416,35.5,0.0214084034234705,0.031549265686894756,-0.007887289557658494,-0.016056329431668126,0.05408445546324825,-0.024788762482119253,-0.043661950339733746,0.05408445546324825,-0.085633828606404,-0.139999980657873,0.05408445546324825,-0.14169016018719738,APGE,2025-02-12
True,6,0.9841793094836736,0.6492091735863977,1.2292728447347643,False,False,-0.09001443622803162,-0.13292879234948018,31.440000534057617,-0.001590367161572237,0.11959288056655049,-0.01463107455494439,-0.0003180734323144918,0.11959288056655049,-0.07442748450506764,0.14949105520846007,0.1863867240286794,-0.07442748450506764,0.2703561688379643,0.3317429459496597,-0.07442748450506764,APGE,2025-02-28
True,5,0.8990235865116267,0.7719879420762393,0.9166210731235607,False,False,-0.05754852002288435,-0.06453998230184166,37.83000183105469,-0.07507269402922767,-0.028813113926235867,-0.11234469453583718,-0.14618034169521388,-0.028813113926235867,-0.21649489941824607,-0.159397364581783,-0.028813113926235867,-0.3074279805762038,-0.15305314922756164,-0.028813113926235867,-0.3074279805762038,APGE,2025-04-02
True,6,0.8120571501232337,0.6312062110132035,0.7441185615089646,True,False,-0.03545916741314392,0.020512878593267336,37.810001373291016,-0.013752987010759554,0.043374750861737255,-0.023803266151549707,0.051044703387372437,0.07656705508105843,-0.023803266151549707,0.07484786864769943,0.08225328438763824,-0.023803266151549707,0.06744245290776063,0.11623909807282629,-0.023803266151549707,APGE,2025-05-08
True,5,0.8468277910313706,0.48796575620326577,0.6664954631056326,False,False,-0.062095542880405974,-0.05432866207601095,37.685001373291016,-0.027729917621370115,-0.012869857839392429,-0.05240817876732595,-0.016054120212003475,0.02029983711744343,-0.05439838070991121,-0.0009287474097563475,0.023484099490054477,-0.056388481426620785,0.11078676091065631,0.16518504039469173,-0.056388481426620785,APGE,2025-05-29
True,6,0.8360000610351562,0.58800048828125,1.73730827055955,False,False,-0.0009287474097563475,-0.06296661921555469,37.650001525878906,0.08844615886850704,0.12881801534024961,0.019654656939678716,0.11606902403127473,0.12881801534024961,0.019654656939678716,0.11181936026161621,0.16626820897285666,0.019654656939678716,0.11447536212266152,0.18592296723251178,0.019654656939678716,APGE,2025-06-05
True,6,0.911347508136669,0.5567375406833449,0.9838621368052785,True,False,0.029842605965995972,-0.011972907506395236,37.959999084472656,0.004478450678153889,0.0155426808961443,-0.01733406116740588,-0.011591112679688265,0.0221285609285351,-0.026606911114134824,0.049262454996921834,0.055848335029312635,-0.029241323422623644,0.048998963519795824,0.0771338639206205,-0.029241323422623644,APGE,2025-09-22
True,7,0.9330828073293956,0.369462577138855,1.1650232744381601,True,False,0.0024573518126769223,0.002068567101044083,77.51000213623047,0.009547127381946519,0.03496321777555367,-0.05986323392809667,-0.0003870310730239579,0.0365113420676495,-0.05986323392809667,0.00180621062817643,0.0365113420676495,-0.05986323392809667,0.05844405437294431,0.09095594411121688,-0.05986323392809667,APGE,2026-01-05
True,6,0.8888888888888888,0.4166673289411291,1.5110272032952887,False,False,-0.13135866045908395,-0.15950153193971306,13.489999771118164,-0.036323186021636866,0.0022239204710543525,-0.04002964944515097,-0.06968121544344441,0.0022239204710543525,-0.08450699844259113,-0.07857668524293249,0.0022239204710543525,-0.08450699844259113,0.08673091891364537,0.08821353256101494,-0.1015567019127922,ATAI,2021-10-05
True,5,0.8775511991475323,0.40816364264479055,1.0567603444710527,False,False,-0.07295077078382728,-0.23838382969136784,11.3100004196167,-0.010610153384721599,0.02033594462449395,-0.0389036708870899,-0.02917779532598419,0.02033594462449395,-0.07427056776505037,-0.015030952253466512,0.053934538819223166,-0.07427056776505037,-0.04509285676039965,0.053934538819223166,-0.09372240320859537,ATAI,2021-11-24
True,5,0.8421054612896183,0.5,0.8688618486924661,False,False,-0.06083653188916349,-0.20578774536128275,4.940000057220459,0.07894734047939123,0.08502025737430108,-0.006072916894909852,0.07692309919824747,0.1477732815015853,-0.006072916894909852,0.038461549599123845,0.1477732815015853,-0.008097158176053498,0.12145746916654176,0.24291493833308353,-0.008097158176053498,ATAI,2022-01-28
True,5,0.9531254074537114,0.7656255471521267,0.6690148162001538,False,False,-0.1314102123239791,-0.059027801923176915,5.420000076293945,0.02029522730000033,0.025830233305333072,-0.010147657638667207,0.07011072123466677,0.10516599387466607,-0.010147657638667207,0.025830233305333072,0.10516599387466607,-0.010147657638667207,-0.011070099987999904,0.10516599387466607,-0.10885611518133365,ATAI,2022-02-24
True,6,0.951219540561412,0.6829264321402321,1.4686371756593002,False,False,-0.07847080139827467,-0.10371823795703927,4.579999923706055,-0.03930127321770138,0.0480349936012201,-0.06331877001831143,-0.12445408391251345,0.0480349936012201,-0.13209607623397757,-0.2707423646709053,0.0480349936012201,-0.27292576873855534,-0.11790392376602243,0.0480349936012201,-0.3340611346892167,ATAI,2022-05-02
True,5,0.7391307052006344,0.43478215799894265,0.7010353642730165,False,False,-0.026041642413474064,-0.0459183834831397,3.740000009536743,-0.013368971173472688,0.002673794234694604,-0.045454565738090036,-0.010695176938778084,0.013368971173472577,-0.11229948535373635,-0.09893051418026366,0.026737942346945376,-0.11229948535373635,-0.16844922803060458,0.026737942346945376,-0.21122993578571703,ATAI,2022-06-02
True,5,0.9333333863152482,0.700000238418617,1.0072792647816848,False,False,-0.12702703312246177,-0.18844221015219853,3.2300000190734863,0.02476777809091235,0.05263160225698993,0.0,0.006191944522728088,0.05263160225698993,-0.058823546779717906,0.08359132487063015,0.11455104748427059,-0.058823546779717906,0.139318899388984,0.1795665387867167,-0.058823546779717906,ATAI,2022-06-14
True,5,1.0,1.0,0.7678915762216958,False,False,0.03243240108448231,-0.13378683323890295,3.819999933242798,0.047120437147337935,0.07068068692762774,0.010471194385354599,0.146596908634691,0.146596908634691,0.010471194385354599,0.15445024201046542,0.2722513660854309,0.010471194385354599,0.24869111630514107,0.2722513660854309,0.010471194385354599,ATAI,2022-08-02
True,5,0.7391307052006344,0.39130497880148024,0.6060288198041093,False,False,0.002336390550113032,-0.02941179008981365,4.289999961853027,0.0,0.024475529139196706,-0.019813528881771236,0.0,0.05361305853581877,-0.019813528881771236,-0.06759905930809484,0.05361305853581877,-0.0979021165567866,-0.19813517766685906,0.05361305853581877,-0.21212117843913525,ATAI,2022-09-07
True,5,0.8666666666666667,0.6666666666666666,0.38800661539074643,False,False,-0.06806282591804724,-0.0824742686141613,1.7799999713897705,0.03370790053551764,0.05056181731752041,-0.026404456230835316,0.05056181731752041,0.1235955236777111,-0.026404456230835316,0.05617978957818792,0.14606741272038137,-0.026404456230835316,0.005617972260667514,0.14606741272038137,-0.039325805824673155,ATAI,2023-01-31
True,5,0.8571430193323373,0.47619107088523666,0.9662877901356426,False,False,-0.1689189167419779,-0.23602483966165588,1.2300000190734863,0.016260146842582035,0.016260146842582035,-0.0552846155665232,-0.03252029368516418,0.016260146842582035,-0.06504068428844845,-0.04878053744586641,0.04065036710645531,-0.06504068428844845,0.2926829339208381,0.31707315418471116,-0.06504068428844845,ATAI,2023-03-15
True,6,0.8695652173913043,0.6086956521739131,1.4868365650178772,False,False,-0.0511363828785657,-0.16080404568770879,1.6699999570846558,-0.047904147162801,0.011976108173510136,-0.047904147162801,-0.0239520735814005,0.011976108173510136,-0.07784431052236152,-0.04191612876745088,0.011976108173510136,-0.07784431052236152,-0.07784431052236152,0.011976108173510136,-0.08982034731306177,ATAI,2023-08-16
True,5,1.0,0.40000143050942827,0.7035975479146054,False,False,0.0,-0.058441504154985724,1.4500000476837158,0.0,0.024137907220975086,-0.01379317205385755,-0.02758626189441482,0.024137907220975086,-0.06206898649580772,-0.09655179331050101,0.024137907220975086,-0.11724142807133686,-0.10344833823077959,0.024137907220975086,-0.13103451791189402,ATAI,2023-09-14
True,8,1.0,0.41176441714005624,2.015380424533244,True,True,0.09448819415007148,-0.014184383971608927,1.3899999856948853,-0.057553988301194736,0.028776951269557483,-0.07194246393597348,0.0,0.12230212865769907,-0.09352517738814159,-0.014388475634778741,0.12230212865769907,-0.09352517738814159,-0.050359664721725594,0.12230212865769907,-0.1151078908403097,ATAI,2023-10-03
True,6,0.8888890360607967,0.44444385575681317,1.5212234652773584,False,False,0.017857125751218117,-0.008695644061371466,1.1399999856948853,-0.017543843138140613,0.008771921569070251,-0.07017547712211625,-0.017543843138140613,0.008771921569070251,-0.10087720261386235,-0.017543843138140613,0.04385971241490516,-0.10087720261386235,-0.017543843138140613,0.07894739869118661,-0.10087720261386235,ATAI,2023-11-28
True,5,0.875000186264415,0.625000558793245,0.9370584394702736,False,False,-0.05172409009139556,-0.05982900496613697,1.100000023841858,0.0,0.04545450112051319,-0.009090900224102638,0.10000001083720789,0.10909091106131052,-0.018181800448205276,0.16363631240592635,0.23636362257082633,-0.018181800448205276,0.03636360089641055,0.23636362257082633,-0.018181800448205276,ATAI,2024-10-11
True,5,0.8522725964257533,0.4545457008456409,0.3743668404413252,False,False,-0.13567838172491653,-0.2422907299284639,1.7200000286102295,-0.12790699125045413,0.005813947847045586,-0.1337209390974997,-0.06395349562522712,0.005813947847045586,-0.165697721563976,-0.12209304340340854,0.005813947847045586,-0.165697721563976,-0.1395348869445454,0.005813947847045586,-0.23546509572852325,ATAI,2025-02-28
True,6,0.8333328918176098,0.666666445908805,1.541227063427315,False,False,-0.12162166516044115,-0.11564630815325028,1.2999999523162842,-0.0692307057465299,-0.026923052234761657,-0.09999999999999998,0.06153849680748347,0.07692309808448994,-0.09999999999999998,0.09230769936149663,0.1038461503192516,-0.09999999999999998,0.17692309808449003,0.19999999999999996,-0.09999999999999998,ATAI,2025-04-09
True,7,0.8641973564381557,0.7407406753309751,1.3116247037981794,False,True,0.023936147446166123,-0.005167953880604426,3.8499999046325684,0.01298706285023532,0.018181863219567385,-0.020779201477328257,0.07792212939379128,0.08311692976312335,-0.020779201477328257,0.01298706285023532,0.08311692976312335,-0.020779201477328257,0.005194800369332064,0.08311692976312335,-0.03896100276999048,ATAI,2026-01-20
True,5,0.785712582722812,0.42857142857142855,0.8367471155836251,False,False,-0.016474644718808773,0.0033612580173565387,3.8708527088165283,0.005025089105482383,0.005025089105482383,-0.00837523263636919,-0.02847556652436356,0.005025193458078281,-0.03350072788293823,-0.03182550274142526,0.005025193458078281,-0.04522600121790066,-0.011725146319495616,0.005025193458078281,-0.05025115118980972,BBVA,2019-02-04
True,6,0.7500014901086518,0.6249992549456699,1.2078814553217283,False,False,-0.05691039653941754,-0.025210022233285834,3.7606279850006104,0.010344687453421875,0.015517054371831263,0.0017239663050196974,0.02931019081269226,0.03448264018747871,0.0017239663050196974,0.04827588436778618,0.053448334509676565,0.0017239663050196974,0.005172312027406978,0.08793098911261898,-5.5270273691121474e-08,BBVA,2019-03-08
True,5,1.0,0.6666649006061144,0.6596767718263046,False,False,0.0,-0.042925468748297724,4.0213165283203125,-0.016611089450977223,-0.009966576207444344,-0.02491677060981634,-0.03986689926804554,-0.009966576207444344,-0.04983375759908193,-0.03488356650388369,-0.009966576207444344,-0.056478363521633934,-0.04983356479636947,-0.009966576207444344,-0.07308956987836335,BBVA,2019-05-03
True,6,0.7272754858314517,0.3636399103547228,1.4614380262032327,False,False,-0.03839738767128331,-0.03678945156297175,3.8476388454437256,0.00868060170650109,0.010416752650576289,-0.013888863861074463,-0.01215268128034619,0.010416752650576289,-0.031249973646950147,0.0034723274334687027,0.010416752650576289,-0.031249973646950147,-0.03124995546272391,0.010416752650576289,-0.03645824274754628,BBVA,2019-05-09
True,6,0.7777771890877998,0.666668432736571,1.3883797387332344,False,False,-0.03356906937328952,-0.043706641041800554,3.6539204120635986,0.03656327074611432,0.03656327074611432,0.020109857822153687,0.02376609988494449,0.03656327074611432,0.01279718766015736,0.04570421893279186,0.05301691631596572,0.01279718766015736,-0.0036560921743432617,0.05301691631596572,-0.00548420086758461,BBVA,2019-06-03
True,6,0.8750029802350767,0.7499999999999959,1.3402626988929627,False,False,-0.03326809861745661,-0.08687600222357894,3.299884557723999,0.008097339451801577,0.020243078899924827,0.002024421464861481,-0.03643712440083491,0.020243078899924827,-0.038461462391317536,-0.04655863615177791,0.020243078899924827,-0.050607215543937656,-0.052631658803274584,0.020243078899924827,-0.06477719835219542,BBVA,2019-08-07
True,6,0.7777771890878081,0.7777771890878081,0.7323534133680587,True,False,-0.015384533018952706,-0.007752033428534477,3.42012357711792,0.0019531492352966584,0.005859395517349597,-0.0019530970467565023,0.015624915040308718,0.02148433074326861,-0.0019530970467565023,-0.02734367103105617,0.02148433074326861,-0.03320308746252765,-0.02734367103105617,0.02148433074326861,-0.04101550926586239,BBVA,2019-09-25
True,6,0.8888865341414821,0.44444326707074105,1.2206617762366923,False,False,-0.02729036886797076,-0.047709639378725854,3.333284854888916,0.008015987628756882,0.008015987628756882,-0.012024167259089502,-0.008015987628756882,0.018035972528093414,-0.012024167259089502,0.022044001742388408,0.02605201368810195,-0.012024167259089502,0.08553774781289492,0.09577864224919819,-0.012024167259089502,BBVA,2019-10-03
True,6,1.0,0.749999999999998,0.6024648642254604,True,False,-0.033275056685487026,-0.007194050302200661,3.7686047554016113,-0.043478406652784796,-0.03260885388996171,-0.04710159090705901,-0.08514492043044608,-0.03260885388996171,-0.08695665048103907,-0.1376812731128636,-0.03260885388996171,-0.16123201424511946,-0.1811593634435682,-0.03260885388996171,-0.19202891909539765,BBVA,2020-02-21
True,6,0.9374999999999996,0.6874999999999996,1.3534618247994044,False,False,-0.017482549755896137,-0.12187501997920713,2.0302984714508057,-0.007117451095266625,-2.0159112046336247e-08,-0.017793597499498603,-0.007117451095266625,0.07473300163967944,-0.021352312967575893,-0.003558725547633368,0.07473300163967944,-0.021352312967575893,0.10676164899868934,0.1637010699641126,-0.021352312967575893,BBVA,2020-05-14
True,5,0.8750003725282759,0.8750003725282759,0.4952823083334648,False,False,-0.06690130821649376,-0.03985514393845646,1.9146943092346191,0.026415143677910535,0.037735888023673336,7.353779674090788e-08,0.08301902298771857,0.09811344094760965,7.353779674090788e-08,0.09056620689569295,0.09811344094760965,7.353779674090788e-08,0.0377359195398721,0.11698118397154089,7.353779674090788e-08,BBVA,2020-10-15
True,6,0.8461541283057622,0.6923082566115245,0.7970662543500443,True,False,-0.014462834568311989,-0.05544551168916778,3.4464502334594727,0.0,0.016771472542126853,-0.0020963840848350346,0.039832146469223284,0.04192853025003118,-0.0020963840848350346,0.03773577596285427,0.05660373187827794,-0.0020963840848350346,0.11320774295664071,0.12368996519301656,-0.0020963840848350346,BBVA,2020-12-21
True,5,0.888891243648769,0.4444456218243845,0.4217060901209462,False,False,-0.04633219267571165,-0.01593641472934837,3.5692789554595947,-0.004048457243747916,0.010121523035025115,-0.010121374881615908,-0.030364297694400633,0.010121523035025115,-0.05060719509128975,-0.06882577706592519,0.010121523035025115,-0.07085001870348673,-0.012145638920871837,0.010121523035025115,-0.08299572449595838,BBVA,2021-01-20
True,5,0.8461541283057652,0.5384623849172908,0.8844547608406261,False,False,-0.09330981108342051,-0.08525764514217937,3.7210094928741455,0.019417448978970686,0.02524273228404894,0.01165046629869071,0.025242766968378794,0.029126258439898578,-0.0019416534011148512,0.019417448978970686,0.029126258439898578,-0.0019416534011148512,0.029126269578898523,0.05436885644308043,-0.0019416534011148512,BBVA,2021-03-25
True,5,0.8666668785941585,0.7999987284350533,0.9565956667229628,False,False,-0.026168029234060253,-0.03696846362793871,3.764361619949341,0.00959700933764962,0.01919388375253761,0.005758149743554153,0.0364682681358528,0.042226373826232955,0.0019193816729090596,0.06194734432347526,0.0638922545896925,0.0019193816729090596,0.12029601598644413,0.12029601598644413,0.0019193816729090596,BBVA,2021-04-21
True,5,1.0,0.6666649006061112,0.8330927847990061,False,False,-0.05094611146292727,-0.036927731277401676,4.773634910583496,0.0015338069838513047,0.006134993171564629,-0.0030674523383982244,0.027607426922163336,0.032208686517074314,-0.018404788647555792,0.006134928266179784,0.032208686517074314,-0.018404788647555792,0.013803663516210873,0.032208686517074314,-0.018404788647555792,BBVA,2021-08-20
True,5,0.800000953670676,0.699999046329324,0.7076541957821743,False,False,-0.07551026482670098,-0.06597935851744818,3.5248613357543945,-0.03090513340467005,0.0066224762235196355,-0.03090513340467005,-0.0154524990631979,0.0066224762235196355,-0.03532008784624019,-0.024282517853350227,0.0066224762235196355,-0.04194254563231914,0.06843261180411164,0.0728476182470188,-0.04635772458470011,BBVA,2022-08-25
True,5,0.8823527761805277,0.7647055523610519,0.977342092827424,False,False,0.002241911089569504,-0.013245231102639643,3.4781737327575684,0.02908294043301729,0.03132012851042543,-0.006711215405522886,0.11185714683287218,0.12080579381710432,-0.006711215405522886,0.08948564891923905,0.12080579381710432,-0.006711215405522886,0.06711421955266461,0.12080579381710432,-0.006711215405522886,BBVA,2022-09-07
True,6,0.8181822122616383,0.5454576980930876,1.2385159425738386,False,False,-0.03821647690568597,-0.058603483837391446,6.324118137359619,0.007946986711617088,0.015893998599457726,0.005297982749003394,0.00529789060802921,0.021192000330933825,-0.018543206027563985,0.0437085777134667,0.055629064034314446,-0.018543206027563985,0.015893973423233954,0.055629064034314446,-0.018543206027563985,BBVA,2023-08-03
True,6,1.0,0.7222216335353698,1.2677424133522806,False,False,-0.01171870309372225,-0.0343511505668711,6.3576226234436035,0.00395255316153631,0.007905149970566683,-0.005270068018876972,0.03820826390295706,0.05006592960803258,-0.005270068018876972,0.01976291581254519,0.05006592960803258,-0.005270068018876972,0.013175302209174067,0.05006592960803258,-0.005270068018876972,BBVA,2023-08-08
True,5,0.8571409108867755,0.8571409108867755,0.8864792011272438,False,False,-0.04366799790911968,-0.04782607826352114,7.49381160736084,0.0034246727882032424,0.00570783011177789,-0.004566160110441975,0.01027395473381909,0.012557003007056755,-0.014840153679909762,0.015981636662839804,0.021689420684593452,-0.014840153679909762,0.0650684648219082,0.08219170863094472,-0.014840153679909762,BBVA,2024-01-17
True,5,1.0,0.7500019868233848,0.7891652066501128,False,False,-0.035281080302749346,-0.04684102170639726,7.485257148742676,0.011428537210685707,0.013714194645050304,0.007999887572125663,0.017142742112517872,0.022857049223758752,2.4655409047724675e-08,0.0034284592375888323,0.022857049223758752,-0.004571466290633541,0.10285696230319274,0.10742838594726867,-0.011428691081012743,BBVA,2024-01-19
True,6,0.8181805045805259,0.7575759327225949,4.571289698427486,False,False,-0.12431432747977911,-0.13771368770784043,8.501484870910645,-0.003131655974853431,0.021920508383540094,-0.005219386112278901,0.018789150607446237,0.021920508383540094,-0.005219386112278901,0.03444664524003893,0.036534375487814685,-0.005219386112278901,0.08455123382219853,0.09394559592607044,-0.005219386112278901,BBVA,2024-08-06
True,5,1.0,0.9411807604707751,0.9861339749271876,False,False,0.0020346559055881563,-0.03714556694271087,9.018583297729492,-0.010152305198341538,-0.0010152340628624135,-0.012182808481659313,0.008121886456860627,0.012182796402699925,-0.016243735521820457,0.04873089575928957,0.06395928254212002,-0.016243735521820457,-0.013197986183297039,0.06598979156146045,-0.031472192736217375,BBVA,2024-10-28
True,5,0.70833432674503,0.6666666666666721,0.9195153199436538,False,False,-0.05004900291237169,-0.03489533497232766,8.862932205200195,0.0030991693296509304,0.004132250817299621,-0.01136367593720855,0.009297507988953013,0.014462718122229656,-0.01136367593720855,0.008264523280785196,0.014462718122229656,-0.01136367593720855,0.051652893895899776,0.0640495759324633,-0.024793417325413958,BBVA,2024-12-20
True,6,0.8571441546586993,0.7619038968942035,0.9024130538008835,True,False,-0.027237293180655153,-0.013806674815223685,14.283621788024902,-0.00400007664849511,0.0006666330233471296,-0.011333386735269513,0.009999957936801529,0.014666667759856145,-0.011333386735269513,0.0053333465086844445,0.014666667759856145,-0.011333386735269513,-0.009333423157179555,0.0446666293438871,-0.012000002398293685,BBVA,2025-06-03
True,5,1.0,0.8888896738074593,0.3755120285490265,False,False,-0.011936368853389334,-0.016501625511651574,14.188397407531738,0.028187855135094697,0.0469798467260385,0.01543620598872586,0.004697998260877023,0.0469798467260385,-0.008724879147911868,0.03154356817857806,0.0469798467260385,-0.008724879147911868,0.05637577748527267,0.057718090028308966,-0.008724879147911868,BBVA,2025-06-23
True,6,0.9199981689453105,0.35999679565429515,1.8123245645413113,False,False,-0.0652445842558037,-0.021024953918936773,14.188397407531738,-0.003355645828399978,-0.002684553510192589,-0.012751642338192704,-0.011409491562927476,0.0006711456334271837,-0.014765144836739297,0.033556996004668216,0.03624155713695365,-0.018120847751175062,0.04295299252642204,0.05100666716656588,-0.018120847751175062,BBVA,2025-07-16
True,6,0.9199981689453063,0.3999977111816385,1.8440343937666444,False,False,0.008141065140411463,-0.05590852837968108,14.150306701660156,0.03633919121544138,0.039030978822081064,0.002691814043806584,0.03768508968253248,0.03970391428983722,0.002691814043806584,0.052489972820534136,0.05383583452471341,0.002691814043806584,0.16285344493394915,0.16621813143566078,0.002691814043806584,BBVA,2025-07-22
True,5,0.8857117944861327,0.6571408330199755,0.6850591283414823,False,False,-0.030563026118922476,-0.05191397708964485,17.216524124145508,-0.00497783339723834,-0.0038716133266298858,-0.014380493007507211,0.012168172598274518,0.03318593231056255,-0.014380493007507211,0.029867332741219554,0.034292107410029304,-0.014380493007507211,0.06084075220544327,0.06415930682324822,-0.014380493007507211,BBVA,2025-09-02
True,8,0.7523807793788397,0.704761558757681,4.846957834310414,True,True,0.05411258648818196,0.020964308427358302,18.54966163635254,0.00462018649171525,0.008726959078643626,-0.009753468605942839,0.004106786737567258,0.03490763115828677,-0.009753468605942839,0.00924027015952622,0.03490763115828677,-0.009753468605942839,0.02310072681076747,0.054414876468541484,-0.009753468605942839,BBVA,2025-10-16
True,6,0.8625014901175401,0.8500011920940339,1.1091985662882615,False,False,0.005763671881273469,-0.027403648904925637,20.30615997314453,-0.019102172440391363,0.0076408769799314324,-0.027220609543071372,0.019579804243286647,0.04154731501188036,-0.027220609543071372,-0.0009550757466741944,0.04154731501188036,-0.027220609543071372,0.04680040231908311,0.051098404840179024,-0.03247371339168781,BBVA,2026-03-19
True,6,0.9022562644933407,0.7218052984140324,1.5102465102465104,False,False,-0.11217641822247548,-0.19861531940124277,18.520000457763672,-0.021058384846506795,0.011069110077700728,-0.0545356481596867,0.0259179012079942,0.05237577156472817,-0.0545356481596867,0.047516152214656326,0.07397402257139007,-0.0545356481596867,0.018898508251548485,0.07397402257139007,-0.0545356481596867,CRNX,2019-08-06
True,5,0.8675490163880587,0.4370864775147346,0.6046386915136077,False,False,-0.10126082662748959,-0.11520563000766859,22.809999465942383,-0.010521691220401252,0.04121001999413165,-0.025865855607266508,-0.01797456628722327,0.04121001999413165,-0.0346338898147831,-0.03024983090154043,0.04121001999413165,-0.04327047500340542,-0.026304269860487617,0.04121001999413165,-0.0723366794021143,CRNX,2020-01-23
True,5,0.9519228917607121,0.6442308662205793,0.4841166380789022,False,False,-0.11672470124018652,-0.1493288169989575,15.210000038146973,0.014464185830180387,0.04602234105914027,-0.017094032099260414,-0.04667981830153045,0.04602234105914027,-0.07955292801527081,-0.013149231345399914,0.04602234105914027,-0.07955292801527081,-0.040105171278590035,0.04602234105914027,-0.13740960863551155,CRNX,2020-07-14
True,6,0.8225811661593221,0.4516133249861179,1.1508170372354674,False,False,-0.04276725583747665,-0.10575794020697538,15.220000267028809,0.020367901478552275,0.030223392252066716,0.0032851635911714805,0.0006569825908071536,0.030223392252066716,-0.022996082478916602,0.05321947473098332,0.06767409427728377,-0.022996082478916602,-0.022339037228825465,0.06767409427728377,-0.11629437757619732,CRNX,2020-08-24
True,7,0.7591836861797454,0.4163265878088541,1.231275720164609,True,False,0.00867418229810224,-0.04235290078555831,16.280000686645508,-0.027641323339045565,0.026719867788409513,-0.05589685274601375,-0.051597117373051504,0.026719867788409513,-0.08845211752594395,-0.017199058650850807,0.026719867788409513,-0.08845211752594395,0.04852573555643325,0.18181811791327163,-0.08845211752594395,CRNX,2021-03-25
True,5,0.7594929832503395,0.3670885770333484,0.8109633212414349,False,False,-0.049261096182871555,-0.06650551839518881,15.4399995803833,-0.01036268469951196,0.05246116849937055,-0.02461134527810449,0.04792750938495227,0.0751295876044078,-0.02461134527810449,0.06476690290489584,0.09326422406208068,-0.02461134527810449,0.06347153643422021,0.24611400867930122,-0.02461134527810449,CRNX,2021-03-30
True,5,0.8083338366611248,0.6750007152552826,0.4727021423635107,False,False,-0.06076091185341859,-0.07957698678176561,16.540000915527344,-0.003627652356094413,0.03264806398358622,-0.01934713328053339,-0.01934713328053339,0.03264806398358622,-0.05622740068756804,0.003627537038771056,0.03929864465243593,-0.05622740068756804,0.056831836437598815,0.08041111548291902,-0.05622740068756804,CRNX,2021-05-11
True,6,0.7796608799663789,0.6186435198655158,3.1468805859528275,False,False,-0.006211107210015165,-0.003397478282038291,17.600000381469727,0.08636366050105404,0.17215901781951248,0.044034068280261796,0.2647727128641668,0.30681815349366115,0.044034068280261796,0.2482953884754313,0.33977269389905285,0.044034068280261796,0.28522729255443724,0.33977269389905285,0.044034068280261796,CRNX,2021-08-10
True,8,0.8372090186476464,0.8372090186476464,1.5258284804558213,True,True,0.04666665884164667,0.020499992370605513,20.40999984741211,-0.029887340270064122,0.003919643522986016,-0.034884855390077574,0.1019108250493097,0.15776576861477887,-0.034884855390077574,0.16070557134577323,0.16658498990441584,-0.034884855390077574,0.29054386817781763,0.34002942606281183,-0.034884855390077574,CRNX,2021-10-19
True,6,0.9421962959941258,0.5606933930748894,1.3668463499226944,False,False,-0.18450646659498549,-0.22700355378282655,19.579999923706055,-0.02962205954882735,-0.020939726711424078,-0.08171605657324654,-0.12410624691748395,0.03524006827100212,-0.12819204487549096,-0.03524006827100212,0.03524006827100212,-0.15577115673876119,-0.0822267934946358,0.03524006827100212,-0.15577115673876119,CRNX,2022-01-24
True,6,0.7732560782900391,0.37790801474869007,1.2740059507708954,False,False,-0.05851337602429507,-0.25738040844385246,17.860000610351562,0.05767070235708127,0.06047031840973682,-0.0027996160526556624,0.00111973962662959,0.11002240120019846,-0.0027996160526556624,-0.020156808401389892,0.11002240120019846,-0.04815232816135018,0.03751400075012401,0.11002240120019846,-0.04815232816135018,CRNX,2022-01-28
True,6,0.9477124916319791,0.7973860609029858,1.1897800940638108,False,False,-0.050399210715567855,0.016017146382341085,19.030000686645508,0.017341035827583395,0.03047818721904072,-0.016290139889935107,0.028376194886722272,0.06673665289493513,-0.016290139889935107,-0.006305876768444407,0.06673665289493513,-0.016290139889935107,0.03678396375897419,0.06673665289493513,-0.07645821708914158,CRNX,2022-02-24
True,5,0.9420277035263809,0.40579501823036884,0.8507703911216463,False,False,0.002631538792660315,0.0010508959376482885,19.049999237060547,0.03254597711622087,0.036220501926071735,-0.0028870551196743532,0.15223105732398867,0.18057746308804656,-0.006299156781660931,0.29396328639086167,0.29606307206694327,-0.006299156781660931,0.16692915656339213,0.34377963023667335,-0.006299156781660931,CRNX,2022-03-28
True,5,0.9766546436894212,0.8560315269181101,0.5877041561545612,False,False,-0.036181338464827184,-0.04036459497486511,22.110000610351562,-0.05156043715635805,0.00791493587651071,-0.05246493963772281,-0.058796974605262564,0.00791493587651071,-0.08819541877472825,-0.08276797255488433,0.00791493587651071,-0.119810044989617,-0.2541836582583449,0.00791493587651071,-0.2672998500346101,CRNX,2022-04-25
True,6,0.8637677922416814,0.8637677922416814,0.9062734316420895,True,False,0.009827953407457235,0.010821412404333541,20.549999237060547,-0.004866105977305968,0.013138708894779194,-0.04476886182237838,-0.06520682249813858,0.013138708894779194,-0.08223837904875364,-0.06958629931470961,0.013138708894779194,-0.13138681050272516,0.03211678208833435,0.10306569874211524,-0.13138681050272516,CRNX,2022-07-26
True,5,0.9338247565673863,0.8897074601244546,0.7907972950208167,False,False,-0.06958629931470961,-0.06044223681471472,19.1200008392334,0.04079491344458264,0.06066944542344577,0.00679911898852259,0.1610878550478947,0.16684092503611447,-0.001307611128740338,0.10930952685685424,0.18556476321195503,-0.001307611128740338,0.15062756455831172,0.19508364950395474,-0.001307611128740338,CRNX,2022-08-02
True,5,0.9935063487423892,0.3831167544376793,0.9207161125319693,False,False,-0.07565792097750901,-0.07216984111246649,19.670000076293945,0.0279613235855245,0.05744784729962782,-0.007117406665247739,0.09913577810757457,0.10015248122590048,-0.007117406665247739,0.06914085435061179,0.13065580502572294,-0.007117406665247739,0.04677173730175621,0.13065580502572294,-0.007117406665247739,CRNX,2022-09-01
True,5,0.7517717352928047,0.7517717352928047,0.7096444879771545,False,False,-0.021538485013521624,-0.12348400476774091,15.899999618530273,0.013207609865383274,0.02452838404741553,-0.02201254315676282,0.050314538591361924,0.06100636754561051,-0.02201254315676282,0.08238990549507164,0.11949683422105029,-0.02201254315676282,0.09245290918057303,0.1949685821285747,-0.02201254315676282,CRNX,2022-12-20
True,5,0.7570090625824438,0.3644855148416722,0.5240409326666978,False,False,-0.026839010586637624,-0.03451680173760585,19.579999923706055,-0.018386139517584943,0.014811078480967188,-0.028089848784659477,0.0030643241152283895,0.014811078480967188,-0.08478038068847493,-0.021450463632813332,0.014811078480967188,-0.08478038068847493,-0.11746676435253067,0.014811078480967188,-0.1307456320693301,CRNX,2023-02-24
True,6,0.9067791678789642,0.3898312481815537,1.1222171143363762,False,False,-0.04285717878835582,-0.08460328703410902,17.420000076293945,-0.009758902155533877,0.005740550001823053,-0.03444319051905398,-0.07175660129307726,0.005740550001823053,-0.08610792155169267,-0.09988517586093737,0.005740550001823053,-0.11194028706801207,-0.09070033965477431,0.005740550001823053,-0.125717596123199,CRNX,2023-03-16
True,5,0.8985512454424078,0.6376814398536041,0.7184628237259816,False,False,-0.05418937506014754,-0.0494279132654829,20.770000457763672,-0.021665900482503164,0.02696193806452518,-0.023591707285447128,-0.051516594667395,0.02696193806452518,-0.07799714990511009,-0.1088107934074245,0.02696193806452518,-0.12903226991379368,-0.13240250069287174,0.02696193806452518,-0.1482907971027403,CRNX,2023-06-15
True,6,0.8417261053677332,0.7482003726868306,1.399565286539787,False,False,-0.0644444359673394,-0.11368420249537414,16.84000015258789,-0.0071259405074861615,0.027909697689775026,-0.017280306625544695,-0.03741098945408372,0.027909697689775026,-0.05255345729589156,-0.046912167955410644,0.027909697689775026,-0.06146079798301285,0.011282691943943934,0.08966747121138163,-0.06146079798301285,CRNX,2023-08-14
True,6,0.8554567059914389,0.6489667682419081,0.3655773336094281,True,False,-0.08657126456433595,-0.08124788594565224,26.799999237060547,0.0022388572760869696,0.005970143730110733,-0.022388003403051693,0.006343286609458598,0.019029859828375573,-0.022798510389143267,-0.012686573218917085,0.02320901737523484,-0.022798510389143267,0.03917914829479474,0.12164180304802863,-0.022798510389143267,CRNX,2023-10-05
True,6,0.893441854066088,0.5081953373189584,0.40814709145664924,True,False,-0.02769235464242792,0.0078282583336311,34.7599983215332,0.03423482447837367,0.035960876304923284,-0.027617926663648706,0.08170311535454133,0.12140395352346456,-0.027617926663648706,0.06990795231628177,0.12140395352346456,-0.027617926663648706,0.05437293715790781,0.12140395352346456,-0.027617926663648706,CRNX,2024-01-05
True,5,0.9444431198955195,0.6666666666666666,0.6630266839270055,False,False,-0.027441670079122793,-0.051822263238051836,45.0099983215332,-0.004221253805692493,0.008331482203601803,-0.013885803672669672,0.041768521178011886,0.07220617909788207,-0.013885803672669672,-0.006665168812437505,0.07220617909788207,-0.013996829080452855,-0.0031104064623228567,0.07220617909788207,-0.03065979348765635,CRNX,2024-06-10
True,6,0.7644224773502549,0.45192201885339106,0.5772874863001772,True,False,-0.030659114121845077,-0.019134359259856626,52.79999923706055,-0.03446969168792624,0.011742404182642163,-0.039772698948205565,-0.010606014520558649,0.011742404182642163,-0.05928032411633588,-0.03901510584014989,0.011742404182642163,-0.05928032411633588,-0.0005681587070140992,0.03238634676480068,-0.05928032411633588,CRNX,2024-09-04
True,6,0.8409501732304551,0.8409501732304551,2.244629820147006,False,False,-0.018760691110078387,0.02372473121393659,51.779998779296875,0.02626497957538243,0.03553495936588513,-0.0047701398044588394,0.11239860625781284,0.1187717588038617,-0.0047701398044588394,0.13789106909950744,0.15256859235457432,-0.0047701398044588394,0.13441489114041327,0.15952109561526395,-0.0047701398044588394,CRNX,2024-10-10
True,6,0.8661811823146577,0.690998429570118,1.9033745277582121,False,False,-0.03514655424426172,-0.04809197335574511,54.630001068115234,0.013545631508351308,0.027823548014733968,-0.029104889648554177,-0.03459636376890962,0.027823548014733968,-0.06983346818261138,-0.01226435970241313,0.027823548014733968,-0.06983346818261138,-0.0640673610025384,0.027823548014733968,-0.07688084716862253,CRNX,2024-12-16
True,5,0.9913025017746612,0.9913025017746612,0.7824977905259871,False,False,-0.10407125272233986,-0.10589136288822754,35.209999084472656,0.0014200294905033495,0.01817663749757581,-0.0039761259099315716,0.009088318748788016,0.0359841561674914,-0.016188574542610135,0.046861731575748466,0.05055389492410156,-0.016188574542610135,-0.056802046350577284,0.07000852646073863,-0.09571141776515724,CRNX,2025-02-12
True,6,0.9493331909179688,0.7253331502278646,1.306123792168687,False,False,-0.11882763984590516,-0.19849315581817628,27.65999984741211,-0.029284145712609844,-0.01771510389809383,-0.08242952636381984,0.07664500545656172,0.09689082863196496,-0.08242952636381984,0.06941431984402491,0.10122918483394416,-0.08242952636381984,0.20715833600311573,0.20968905528042514,-0.08242952636381984,CRNX,2025-04-09
True,5,0.7999997065615766,0.43076907276392584,0.7683618372003705,False,False,-0.05989817420062726,-0.03027493279497817,31.389999389648438,0.04173308055950509,0.05957307958729818,-0.02309647939528725,0.06148456013708126,0.09397900032811979,-0.023892960005833297,-0.0031856793904262437,0.09397900032811979,-0.04141443970493519,-0.04587443946188341,0.09397900032811979,-0.05702449961719347,CRNX,2025-05-07
True,5,0.9677427293856337,0.5887109551050042,0.7119328565304696,False,False,-0.0031856793904262437,-0.06289303721197836,31.290000915527344,-0.0025567858329779147,0.002876262147841535,-0.02972196477994593,-0.0108660959616389,0.02013420077766659,-0.02972196477994593,-0.042825187388311314,0.02013420077766659,-0.05401088157907252,-0.02460851502824879,0.02013420077766659,-0.07158841843801989,CRNX,2025-05-14
True,5,0.8357147917450041,0.4500002724780791,0.9022897302199048,False,False,-0.012676422884315697,-0.08074030096816365,34.27000045776367,0.05981906068507592,0.07557630924983383,0.015173634397949609,0.08637289305323259,0.09439744870556876,0.015173634397949609,0.12080534970376822,0.12576601446512692,0.015173634397949609,0.15990660837574833,0.18004079622203606,0.015173634397949609,CRNX,2026-03-30
True,6,0.8044261639724554,0.6715849394435904,2.369946707183284,False,False,-0.01687979215265034,-0.03344233884199144,38.439998626708984,0.008844957459276603,0.016649407575707098,-0.021071737448787098,0.07310097486160072,0.07388138017816148,-0.021071737448787098,0.0850676528248262,0.10561918622104316,-0.021071737448787098,-0.024973962507002456,0.134755475812546,-0.07401138157245124,CRNX,2026-04-29
True,6,0.9166661850128524,0.5378782186515584,1.186773525821347,False,False,-0.025410487493293554,-0.024845442926657246,87.82386779785156,-0.015762840699315883,0.0010905809048777915,-0.016456800224223356,0.02488330980562492,0.03995225013321768,-0.03182313356614763,0.013383342382451868,0.03995225013321768,-0.03182313356614763,0.003767184276251445,0.03995225013321768,-0.03182313356614763,DGX,2019-07-18
True,5,0.7499990650255958,0.4411770205731729,0.9627548882921368,False,False,-0.01769822347476957,-0.022002750526707415,91.79447174072266,0.012297612512295553,0.01391818635727482,9.552494745324047e-05,0.02088867851842857,0.025199907770645735,9.552494745324047e-05,0.022517461186857934,0.031331423169605355,9.552494745324047e-05,0.034588588381427865,0.041390669809099556,9.552494745324047e-05,DGX,2020-01-08
True,6,0.949917273897911,0.674457822424825,0.7683263503199195,True,False,0.02896801429042939,0.0032693835192889598,97.89801025390625,0.0055218767787994505,0.0159319566630165,-0.005702939841195964,-0.002263225228044785,0.03548467018299606,-0.02217817212937445,0.022811340175976857,0.06752970768866762,-0.02217817212937445,0.07069786921253063,0.0848193692386543,-0.02217817212937445,DGX,2020-05-14
True,5,0.9859438243215494,0.7590365506527889,0.7685895188128113,False,False,-0.034417752786329636,-0.04778765590468692,99.94512939453125,0.009664803258135457,0.02367432724417129,-0.010640222368170416,-0.014985029016776119,0.02367432724417129,-0.02101440148849909,-0.025447847054749895,0.02367432724417129,-0.0489449319997467,-0.020925788747609975,0.02367432724417129,-0.0844121897300435,DGX,2020-06-15
True,5,0.974264829628966,0.44117795554757877,0.7501777831448161,False,False,-0.025447847054749895,-0.05898974213220476,97.40174102783203,-0.026840184508987175,0.004549174568742043,-0.03475577650213768,-0.014648332321712476,0.004549174568742043,-0.06050404023745071,0.004640139877043703,0.0090073799390602,-0.06050404023745071,0.07240118994495104,0.08261278516958503,-0.06050404023745071,DGX,2020-06-22
True,6,0.9385485099224821,0.7281205246527679,1.1485846574765863,False,False,-0.02511472674822668,-0.023708589730525587,95.97496795654297,0.017728341952160553,0.02308385179893091,-0.007110087500019624,0.05226226429058212,0.05724842250975337,-0.007110087500019624,0.07146807406353961,0.07903963117155444,-0.007110087500019624,0.08379768850135583,0.09870701058482689,-0.007110087500019624,DGX,2020-06-25
True,5,0.8465340083961083,0.6980195682594593,0.7500964070652371,False,False,-0.01905701566102358,0.012417111565208305,99.45854949951172,0.019516683924978073,0.03312460237234749,0.008594626929728788,0.024977541438165662,0.03312460237234749,0.008505176325421582,0.019427240895010245,0.035273112454651034,-0.019695440541699027,0.04965653032690209,0.06135214014918988,-0.019695440541699027,DGX,2020-09-25
True,6,0.9795913600959153,0.6530609067306048,1.4794034760114096,False,False,-0.018837171016878207,-0.016761407449562227,108.128662109375,0.0029787675408392555,0.008606043821249187,-0.0023174850599805286,-0.005048036216258933,0.010426971820780118,-0.009930557962081643,-0.020192144865035733,0.010426971820780118,-0.031198447437814414,0.04030131295227979,0.05345924173131511,-0.031198447437814414,DGX,2020-12-21
True,7,0.9718545765049756,0.4503318285051666,1.5717905278781428,True,False,0.029089521154715525,0.03062707283855115,125.19096374511719,0.010581612685210517,0.014640557573998514,-0.003189448039622733,0.014423216972605957,0.016815099266233036,-0.003189448039622733,0.023700608750182095,0.027107154466936345,-0.003189448039622733,0.067623010013389,0.07711780639926968,-0.003189448039622733,DGX,2021-07-22
True,6,0.9566805299253642,0.6209381111080595,1.2686372799115186,False,False,-0.0320390957474368,-0.06392207677511863,129.70828247070312,0.008220162384557694,0.02016421255326839,0.005831373792235306,-0.013841202499317085,0.02016421255326839,-0.018689107706860608,-0.009695947162081775,0.02016421255326839,-0.019110660414529357,0.03175707676739492,0.038361355878233194,-0.019110660414529357,DGX,2021-10-06
True,5,0.7400721623929268,0.3898917564106069,0.7899035316908583,False,False,-0.037063713113181795,-0.030829046129465243,120.56448364257812,-0.019738995311412766,-0.002429562391640383,-0.020270365315849914,-0.008882509921767423,0.006073465717239213,-0.02528117079739023,-0.01677803210959594,0.006073465717239213,-0.04517157867350452,0.03089865812192749,0.03682037326419274,-0.04517157867350452,DGX,2022-02-16
True,6,0.8794149590255926,0.6235335828598642,1.5216514004144102,False,False,-0.007478997179263591,-0.019917851810416498,120.25325012207031,-0.006317348602960848,0.008677335353251658,-0.015451137353045263,-0.014233305591214829,0.008677335353251658,-0.04270033892947511,-0.0008371487734232241,0.009971146479705872,-0.04270033892947511,0.035926466425163506,0.05153002350298852,-0.04270033892947511,DGX,2022-02-18
True,5,0.9565221633160381,0.8312009381628153,0.8271625253688771,False,False,-0.01677803210959594,-0.05321988905406394,118.5416488647461,0.02061594114519516,0.02455393574180076,0.0037833235043427393,0.018608474173854805,0.02455393574180076,0.000617550678178036,0.04849026139419799,0.05451302668591618,0.000617550678178036,0.04988038287520169,0.06671287381406721,0.000617550678178036,DGX,2022-02-24
True,5,0.8781479201928502,0.483189721495614,0.9160572584409522,False,False,-0.027830180134408855,-0.05104836807712998,123.65154266357422,0.026035809271835353,0.027374855140244403,-0.007364401040497404,0.02201884279601951,0.047162017818546786,-0.007364401040497404,0.019489420015912584,0.047162017818546786,-0.007364401040497404,0.05363394356416307,0.07052008846537028,-0.01175334189782018,DGX,2022-04-06
True,5,0.9426563482731241,0.9426563482731241,0.5201747327278997,False,False,-0.02304637059467818,-0.012684114900941679,126.72376251220703,-0.016113727583674797,0.0005807864568456722,-0.016984819865581757,-0.0473254654728672,0.004717991184838288,-0.05364030123140051,-0.07766591769733988,0.004717991184838288,-0.08652126285361428,-0.024896903582475982,0.004717991184838288,-0.09029555929016841,DGX,2022-06-07
True,5,0.8503180534835223,0.6687870232234902,0.9370577192972067,False,False,-0.018635898782879856,-0.027131555162563048,123.1423568725586,0.019740696006292247,0.02056634077632813,0.0015766255952236463,0.025745275166250803,0.03152467346523413,0.00030030698027450065,0.01050864857781808,0.03152467346523413,-0.024168319944223415,0.014636459865128293,0.03152467346523413,-0.031223915510690592,DGX,2022-07-14
True,6,0.964951121949134,0.6308405883904863,1.137093241645815,False,False,-0.02531840763776061,-0.006637423500466921,123.11465454101562,0.008258285800406107,0.01614119163059069,-0.011636677919152905,0.025300299611746624,0.030029951186927972,-0.011636677919152905,0.0262766343241978,0.03918956119489159,-0.011636677919152905,0.045120235108587314,0.06216219572381054,-0.011636677919152905,DGX,2022-07-26
True,5,0.9971525638879924,0.5584061313341899,0.9629768605378362,False,False,-0.03942341002087635,-0.07092571187782692,120.7115249633789,-0.026799497734184996,0.0024501141170309992,-0.02725889706431206,-0.03307807323532108,0.0024501141170309992,-0.03614087217300255,-0.034303336874627166,0.0024501141170309992,-0.048392186007584215,-0.0045943278244504615,0.0032158109328643825,-0.048392186007584215,DGX,2022-08-25
True,5,0.8214311259157875,0.4910746216804455,0.9592190972733736,False,False,-0.034303336874627166,-0.07237439238081078,116.57071685791016,-0.00784958227734689,0.008325498078453064,-0.012606944618901106,0.010545542532222063,0.015699437159096608,-0.012606944618901106,0.030764328162869115,0.03885189753691898,-0.012606944618901106,-0.0110210923285885,0.04511578013444617,-0.02220107990629605,DGX,2022-09-01
True,6,0.7283569920585963,0.4388042569763478,1.1951350322658778,False,False,-0.011586819184543073,-0.05652850256326436,113.5390625,-0.003988834140404629,8.15016923754186e-05,-0.015222938679855025,-0.0043145341636275925,0.01685126045685048,-0.015222938679855025,0.014490392017305398,0.024421977089444047,-0.015222938679855025,0.03176331183771408,0.05312544028645694,-0.015222938679855025,DGX,2022-09-22
True,5,0.9065947885576322,0.7032932023206774,0.5307183745867935,False,False,-0.001309426065138064,-0.04576242578779521,135.26588439941406,0.0142157988039191,0.014974894918568404,0.00034515739812079893,0.00586568089355799,0.019184347320548634,0.00034515739812079893,0.0257401617749331,0.02781043343872902,0.00034515739812079893,0.009454036392309462,0.03905880594500544,-0.034780305250753596,DGX,2023-01-25
True,6,0.9641556282336008,0.5627249160495752,1.2696404438072781,False,False,-0.033245270933143445,-0.038661372803882266,129.7491912841797,0.005108168730447948,0.007626088994642011,-0.007841496176281604,0.009568584597664742,0.01489235997144056,-0.007841496176281604,-0.016330828132278485,0.01489235997144056,-0.021366778105972872,-0.044244589975848014,0.01489235997144056,-0.0590648256136137,DGX,2023-03-01
True,5,0.8275873234306071,0.6870036831667149,1.0894506963584254,False,False,-0.05727006752879005,-0.02807913034639442,129.560302734375,-0.01115033758637518,0.003982503171716667,-0.01151239000051163,-0.011584804561703077,0.003982503171716667,-0.027659153746504517,-0.03229318005800119,0.003982503171716667,-0.03815805246641035,-0.05466652156953644,0.003982503171716667,-0.06197935564354384,DGX,2023-05-02
True,5,0.9781031247041562,0.9489054346797122,0.8327639869429895,False,False,-0.011845198654676592,-0.01901973301530857,117.20390319824219,0.0022526794752035784,0.011906718157662644,-0.0018503145853377978,-0.007642875508961922,0.011906718157662644,-0.012872096473004246,-0.027272614835814002,0.011906718157662644,-0.03789214369194671,0.010114599844422756,0.012380384481578632,-0.03789214369194671,DGX,2023-09-25
True,5,0.8340066965664641,0.5951419004905043,0.8470532092579337,False,False,-0.015768764838372307,-0.033948292984765094,127.97593688964844,-0.012366771984031022,0.0011175278781776488,-0.01914620778897469,-0.03315201768063092,0.0011175278781776488,-0.0372494852862969,-0.03039549990932433,0.0011175278781776488,-0.0516276480296074,-0.052596204783313616,0.0011175278781776488,-0.08336427216131703,DGX,2024-01-18
True,6,0.7960864209633507,0.7905007693324069,1.8270529210570412,False,False,-0.03039549990932433,-0.04568496525748167,124.08604431152344,0.002228205914263537,0.012447197972312418,-0.0030733878911927137,-0.010142210446670408,0.012447197972312418,-0.013215657412535609,-0.022896660310377293,0.012447197972312418,-0.05462925579144817,-0.02773735158051982,0.012447197972312418,-0.05462925579144817,DGX,2024-01-25
True,6,0.9828087119431825,0.7650451096425592,1.1532174977341565,False,False,-0.008837881649666923,0.0037224399502804317,120.82538604736328,-0.010968233847377884,-0.0012625339269611846,-0.021541865436844998,-0.004182214553737906,0.009232166069781611,-0.021541865436844998,-0.00844310649388369,0.009232166069781611,-0.021541865436844998,0.0014992272756693126,0.009232166069781611,-0.024224614259715227,DGX,2024-02-21
True,5,0.963564028590314,0.740895640409455,0.9188092426031919,False,False,-0.004538060805727828,-0.0314669362246881,132.51678466796875,0.005499377059675625,0.010781546128709518,-0.0021707594980201472,0.0007235780034129391,0.01722144643890422,-0.003979816597068586,-0.006222955063088564,0.01722144643890422,-0.008972542150523899,0.016280620222876685,0.027496270611023776,-0.019753998947523277,DGX,2024-06-20
True,6,0.989966981878301,0.4448158486984116,1.3399645728300857,False,False,-0.010568358322502913,0.01022237446445362,147.6473388671875,-0.003033313849132746,0.01265971279724143,-0.003692622996781747,-0.0009892296740792172,0.01265971279724143,-0.0071213182036432565,0.023869144715248147,0.0315178565050942,-0.010022501812263052,0.07543165634169391,0.10167457019052217,-0.010022501812263052,DGX,2025-01-16
True,5,0.8730614440977057,0.4696761002905404,0.7810772690885526,False,False,-0.041236580718273186,-0.02820229690989473,199.89181518554688,-0.003373330452950407,0.013939923190776415,-0.01344376840247885,-0.0034725662608939833,0.013939923190776415,-0.015924219035773235,-0.01309653125050092,0.01696597222747198,-0.015924219035773235,-0.029665628761895935,0.01696597222747198,-0.04360553808303447,DGX,2026-03-09
True,5,0.9354835822765525,0.5513204879227406,1.0456588872281898,False,False,-0.030408101865951553,-0.008994589645950901,192.12884521484375,0.006479683363729949,0.0069980123287147755,-0.009071609349190712,-0.007516426348361471,0.007101698468570561,-0.009693725948328957,0.017624710158302248,0.020009276429463485,-0.01389253370101795,0.019283626005014876,0.0875018907331313,-0.01389253370101795,DGX,2026-04-13
True,7,0.9824773435438904,0.9824773435438904,1.106740099659061,True,False,0.00653689300842375,-0.026657616867237444,209.41000366210938,0.006064605278939039,0.02382880543962229,0.0,-0.012272610091567326,0.02382880543962229,-0.025356943153306166,0.08829563970692278,0.13547583506547056,-0.025356943153306166,0.11885773819005019,0.14669786869528423,-0.025356943153306166,DGX,2026-07-16
True,5,1.0,0.7812507450587702,0.39215686274509803,False,False,-0.0013698421112479098,-0.04129404723622576,18.225000381469727,-0.009876559748047908,-0.003566558721376345,-0.02661182991494948,0.03429355209426865,0.039506134336576126,-0.02661182991494948,0.035665273246916485,0.04828527530025961,-0.02661182991494948,0.13909463892190477,0.14979421043041818,-0.02661182991494948,DSGR,2019-08-30
True,7,0.8540773024053857,0.7725312542976706,1.3226968605249614,True,False,-0.03393111410891636,-0.0005015159786357914,19.93000030517578,-0.00577018411225505,0.013296507054223028,-0.013045671093859124,-0.028349248640547553,0.01354743871697539,-0.03261412988345358,-0.05168091675232034,0.01354743871697539,-0.06773709788248894,-0.06297044901646653,0.01354743871697539,-0.07852486252351887,DSGR,2019-09-25
True,6,0.8770480526302624,0.3606542511944368,2.4974721941354905,False,False,-0.14382117161890862,-0.1781377080959765,20.299999237060547,-0.014778288095344094,0.014039401877996127,-0.039408830892960545,-0.011822649267888119,0.014039401877996127,-0.05073885802992861,-0.01231527139880817,0.05394094885994094,-0.0514778382053408,-0.2258620323542715,0.05394094885994094,-0.24605906993167181,DSGR,2020-02-27
True,5,0.8350000381469727,0.619999885559082,1.0893999654158741,False,False,-0.10214898722430199,-0.2397806377865932,15.25,-0.06557377049180324,-0.02786886496622054,-0.09114756349657405,-0.062295069460008956,0.04885245151207096,-0.1036065523741675,-0.0377049055255827,0.04885245151207096,-0.11475409836065575,-0.12393444874247561,0.04885245151207096,-0.16065572519771387,DSGR,2020-03-17
True,6,0.7169811999769679,0.7169811999769679,1.1010009099181073,False,False,-0.0011926331077953822,-0.046670444454576465,25.125,0.013333296894434188,0.023084574077852915,0.005771162498056537,0.03482587064676612,0.043582062223064266,0.005771162498056537,0.012935353748833922,0.043582062223064266,0.005771162498056537,0.0640796262826493,0.09830843038226833,0.005771162498056537,DSGR,2021-04-20
True,6,0.7272740784043675,0.5194821923101693,0.6289308176100629,True,False,-0.032778837761521684,-0.04323278323295676,29.655000686645508,-0.006238454527311088,-0.006238454527311088,-0.006238454527311088,0.004889514316563037,0.02040126549411192,-0.014162875284743581,-0.037261892564466326,0.02040126549411192,-0.05142476784920991,-0.059180611279013084,0.02040126549411192,-0.10436692460091201,DSGR,2021-06-08
True,5,0.7559055196947442,0.7559055196947442,1.0216110019646365,False,False,-0.018060648804902102,-0.045996605244409294,28.0,-0.0035714421953473297,0.0008928435189383688,-0.02571426119123188,0.0035714421953474407,0.004107134682791669,-0.02571426119123188,-0.04642854418073383,0.02571426119123177,-0.11464282444545204,-0.05982140132359093,0.02571426119123177,-0.11464282444545204,DSGR,2021-06-21
True,6,0.9148918901370041,0.3829783780274008,1.118881118881119,False,False,-0.04118776809301017,-0.09000001387162637,25.024999618530273,-0.0007992191036383378,0.0,-0.030169797093924755,-0.03836160236189601,0.0037962526334178737,-0.03836160236189601,-0.03516480216507134,0.0037962526334178737,-0.07472523318242474,-0.03296698773893014,0.0037962526334178737,-0.07472523318242474,DSGR,2021-11-24
True,6,0.9735092980191341,0.6556284531259079,2.0316301703163018,False,False,-0.020755852352167592,-0.08956857739501944,25.0049991607666,0.0,0.004599147463569597,-0.013197357919684793,-0.0635872145012506,0.004599147463569597,-0.07398514441959203,-0.04459107412679397,0.004599147463569597,-0.07398514441959203,-0.02819435902290357,0.004599147463569597,-0.07398514441959203,DSGR,2021-11-26
True,6,0.7552094509214887,0.7239587058627185,1.2406015037593985,False,False,0.004348877257462247,-0.06139035148416616,21.940000534057617,0.005013614417747059,0.015952614993168135,0.003190505611682104,-0.026663672633607693,0.024612533957803162,-0.03988149401554164,-0.031221575050906836,0.024612533957803162,-0.03988149401554164,-0.14311764906855062,0.024612533957803162,-0.2000912119478958,DSGR,2022-02-18
True,5,0.773194903256253,0.4536062608148498,0.7161489210339104,False,False,-0.06521743474499775,-0.05105030450635328,17.844999313354492,0.011207664367338,0.03670499926303328,-0.015130207946434715,-0.02549733489569539,0.041468187144416246,-0.049593738466525816,0.011487807878627354,0.041468187144416246,-0.049593738466525816,0.10955449699810349,0.1316895753372811,-0.049593738466525816,DSGR,2022-04-06
True,6,0.7244099218435549,0.4330714101200882,1.3053448579996472,False,False,-0.09869730912658514,-0.19375866415829424,20.40999984741211,-0.026457570417237397,0.021558086102259733,-0.03135714818388824,-0.044341043283263826,0.021558086102259733,-0.08206757714762691,-0.10338072641480689,0.021558086102259733,-0.16217537925959735,-0.15850076602336405,0.021558086102259733,-0.17197453479289893,DSGR,2022-08-30
True,5,0.924242599389263,0.5858586442408654,0.5705910066481704,False,False,-0.063373103447245,-0.01398850076714686,13.744999885559082,-0.05347396600922927,0.0025463694218639255,-0.05783922029196931,0.018188432308585023,0.04001456495555966,-0.05783922029196931,-0.019643470813923036,0.052018927503891144,-0.05783922029196931,0.04365226529394928,0.09749000827535381,-0.05783922029196931,DSGR,2022-10-13
True,6,0.8888892252823939,0.5714303014523117,1.9630548662806728,False,False,-0.024836984160182762,-0.04818182280569361,31.40999984741211,0.013371540220766587,0.01719200630852069,-0.007004116982592623,-0.08787011277585965,0.02737983491020035,-0.10824576997921898,-0.03820441798054708,0.02737983491020035,-0.10824576997921898,0.0509391430083983,0.0983763186118729,-0.10824576997921898,DSGR,2024-03-04
True,7,0.7169312062520689,0.4947088718987914,1.3532168726033234,True,False,0.024848475600733888,0.04382710191575501,33.81999969482422,0.019810821693919678,0.019810821693919678,-0.019515075498747425,0.05381430252061037,0.057066833902755576,-0.019515075498747425,0.047013606355272186,0.06327615047187418,-0.019515075498747425,0.06002361908972875,0.06445890966431334,-0.019515075498747425,DSGR,2024-05-02
True,6,0.9571419229323,0.4999972752192086,1.5445070903810012,False,False,-0.03197673773881593,-0.01769914491892266,29.969999313354492,-0.0030030081631595706,0.020020033207086785,-0.024024001663345507,-0.018017985337026365,0.020020033207086785,-0.024024001663345507,0.0010010239350302097,0.020020033207086785,-0.024024001663345507,-0.036369708960993896,0.020020033207086785,-0.057057027816169725,DSGR,2024-06-21
True,5,0.7624991059294757,0.4250005960470162,0.760338651904917,False,False,-0.0248756222052835,-0.041095898080644844,29.399999618530273,-0.0010203666559902569,0.013945573222174268,-0.01598637140995951,-0.017687090629617708,0.013945573222174268,-0.038775489946942576,-0.013265285534310944,0.013945573222174268,-0.038775489946942576,0.12074833981193933,0.14829927753655148,-0.038775489946942576,DSGR,2024-07-02
True,7,0.9281761842689004,0.5801102468910735,2.1661272923408847,True,False,-0.017680556531997627,0.0045969263337908295,32.779998779296875,0.015253203740684285,0.028676097511020515,-0.0054911626564631,-0.0012201678559957685,0.040878590679942484,-0.023794960596200676,-0.021659521382321634,0.040878590679942484,-0.029896265367016284,0.08785848613070057,0.125381353368059,-0.029896265367016284,DSGR,2024-08-05
True,6,1.0,0.9122786470533121,0.7605848052057804,True,False,0.012668238320623137,0.0039245867710855364,38.369998931884766,0.035444374464692174,0.035444374464692174,0.009382346113447682,0.046911631148490285,0.06333073684702395,0.009382346113447682,0.045087297117403,0.08079234754010667,0.009382346113447682,0.018243439729620725,0.08079234754010667,0.009382346113447682,DSGR,2024-10-10
True,6,0.9669414713346679,0.7933857721590819,1.3229005549995452,False,False,-0.01843442263537176,-0.04445059514330707,34.61000061035156,-0.014157806120357108,0.010979516365613007,-0.016180334106192573,0.01213516791501279,0.043051078806507936,-0.023403679832607382,-0.026870854919824105,0.043051078806507936,-0.05200806718628548,0.005489703073052077,0.043051078806507936,-0.05200806718628548,DSGR,2025-01-03
True,5,0.89690851387649,0.89690851387649,0.48458491884755767,False,False,-0.026870854919824105,-0.04480992885903001,33.68000030517578,0.004750589250663406,0.020783870445270747,-0.003266051346640264,0.01514246784180795,0.03473866265866721,-0.003266051346640264,0.033254124754644065,0.047802868045228264,-0.003266051346640264,-0.036223313825672454,0.047802868045228264,-0.03919238963371885,DSGR,2025-01-13
True,5,0.7941158321085169,0.4264689382804699,0.7271053842613898,False,False,-0.044109126469726756,-0.026595789651912227,32.939998626708984,0.001214356927595972,0.030965406808991736,-0.001517888255769595,-0.051912542676493145,0.030965406808991736,-0.05859133206709466,-0.038251316759665865,0.030965406808991736,-0.05859133206709466,-0.07741345911875397,0.030965406808991736,-0.08136000332599003,DSGR,2025-01-29
True,5,1.0,0.47368605976037625,0.8846153846153846,False,False,-0.0334883697273195,-0.08025964480203873,31.170000076293945,0.0019249106767893487,0.005453964577408987,-0.01668272237699331,-0.025024083565489907,0.005453964577408987,-0.02919473356383473,-0.023419940341659506,0.005453964577408987,-0.035290355430775966,-0.09432147984797756,0.005453964577408987,-0.09528390459046865,DSGR,2025-02-07
True,5,0.916668653490054,0.5833353201567206,0.7041623153811726,False,False,-0.01711084438495125,-0.057133820975584726,29.8700008392334,-0.03481757235712335,0.017408722323570824,-0.03916973697426829,-0.012721829843945431,0.017408722323570824,-0.05590893971788735,-0.018747953048446897,0.054904564565473546,-0.05590893971788735,0.021091367360764002,0.054904564565473546,-0.07666557921617101,DSGR,2025-02-20
True,6,0.8536577990635402,0.8048762900745958,1.4590347923681257,False,False,-0.04043866664958462,-0.05755634928196118,28.0,0.005357129233223956,0.016071455819266278,-0.0035714421953473297,-0.03035715648106163,0.037499972752162325,-0.07107142039707726,-0.09928573880876812,0.037499972752162325,-0.13178573335920063,-0.031071458544049912,0.037499972752162325,-0.13178573335920063,DSGR,2025-03-31
True,5,0.9873414665356469,0.9873414665356469,0.9232563953003916,False,False,0.011962605413989413,-0.01991314727362059,27.06999969482422,0.018101210810573143,0.021056509096791798,-0.005910596572437421,0.024750649569532435,0.0262283339425764,-0.005910596572437421,0.014776491431093497,0.03694126380766827,-0.005910596572437421,0.07129665042237865,0.10306615984413159,-0.005910596572437421,DSGR,2025-06-23
True,7,0.907802003663192,0.5460996745332406,1.5376634156463997,True,False,-0.0019011237946037207,-0.012539173144626603,31.5,-0.019047631157769085,0.0028571477012029334,-0.03015875437903026,-0.018412695990668415,0.0076190403529576844,-0.03015875437903026,-0.0784126766144283,0.0076190403529576844,-0.08444443960038439,-0.054603152804904465,0.0076190403529576844,-0.09365081787109375,DSGR,2025-09-18
True,5,0.8989904536215549,0.6515157645290871,0.6972353337828725,False,False,0.017888468073921082,-0.03523934403693252,29.020000457763672,-0.00034459781957585367,0.022398332469921733,-0.005513433662586498,-0.026878038399094306,0.022398332469921733,-0.026878038399094306,0.03032388514422557,0.034803591073398144,-0.026878038399094306,0.03618191662638792,0.053411413253299234,-0.026878038399094306,DSGR,2025-10-14
True,6,0.8019801169966128,0.8019801169966128,0.35089879340064023,True,False,0.0631941623883423,0.010189253686673228,27.760000228881836,-0.01585016319992083,0.019092243597825576,-0.016570640779127177,-0.0007204775792063467,0.019092243597825576,-0.021613846416524085,-0.010806957562523922,0.019092243597825576,-0.02305473286641313,0.04971178492033412,0.05511529805585802,-0.028098007212333687,DSGR,2025-11-28
True,6,0.988505495131881,0.4597692329615834,1.3848491426090732,False,False,-0.04790620726636563,-0.04406321850363015,28.420000076293945,-0.0010556188094641428,0.006685451567472134,-0.01900073589295226,0.034482742421024115,0.03905702348246831,-0.01900073589295226,0.04222381279796039,0.05559464882000431,-0.01900073589295226,0.08550317729248436,0.12596762540800444,-0.01900073589295226,DSGR,2026-01-29
True,5,0.8205136147188618,0.5128208054227386,0.6404341926729986,False,False,0.0020140807015252005,-0.02673621430663209,29.850000381469727,-0.004690160643481267,0.03517585338834239,-0.007705177195880597,-0.2599665035079559,0.03517585338834239,-0.2874371797004178,-0.29949750150111853,0.03517585338834239,-0.31993303257502226,-0.15711894385666658,0.03517585338834239,-0.36281406315924536,DSGR,2026-03-03
True,6,1.0,0.934785132602458,0.619457653257936,True,False,-0.010603324003016334,0.007071031662625238,27.059999465942383,0.0177384131211491,0.019955688329077237,-0.00886917131762055,0.03510719814075092,0.03843314619559712,-0.009608286548899336,0.015890625042952244,0.045085042305289535,-0.009608286548899336,0.0040650632861249925,0.045085042305289535,-0.011086446525548688,DSGR,2026-04-30
True,6,0.7115394490701683,0.7115394490701683,1.4523576325731076,False,False,0.0011119602355271763,-0.035701534874279406,27.010000228881836,0.006293967969395409,0.011106969067692152,-0.0003702417177746664,-0.0003702417177746664,0.011477210785466818,-0.009626072812980446,0.004442759380522077,0.019992558445123265,-0.0166605242179253,0.017030695319312894,0.039614945788858824,-0.0166605242179253,DSGR,2026-05-19
True,7,0.9369371381832741,0.45946020252285813,2.510758272740763,True,False,-0.027612754235367243,0.004332091284463546,27.81999969482422,-0.02947518705317509,0.0,-0.031272427801162905,-0.023723934387206325,0.0,-0.03846152791379387,-0.027318484443521807,0.0,-0.03846152791379387,-0.0032350881946499044,0.0014378474466620883,-0.04385331871809717,DSGR,2026-06-26
True,5,0.7407413948395528,0.5000017660667927,0.73181887482848,False,False,-0.01279708872351093,-0.025270784969652516,27.0,-0.005555541427047173,0.004444475527162872,-0.005925920274522545,0.027037020082826935,0.03185187445746518,-0.009629638106734673,0.017777760823567634,0.03333331920482485,-0.009629638106734673,0.27814808598271124,0.2900000678168402,-0.009629638106734673,DSGR,2026-07-08
True,6,0.9558841678914862,0.5735282567963228,1.0595877749175031,True,False,-0.011803595809703027,-0.01701820484351424,68.17383575439453,0.022278548215854954,0.022547025819912747,-0.00026875799738690365,0.03167324348306533,0.03999420550515831,-0.00026875799738690365,0.020131537820117007,0.03999420550515831,-0.00026875799738690365,-0.005234519898371537,0.03999420550515831,-0.005905611478851713,EXPD,2019-03-08
True,6,0.987806920421658,0.6707310265261046,1.1535082779592296,False,False,-0.006477813578519065,-0.023470489419026297,71.56832885742188,0.01201745644523533,0.012912364351130856,0.0025568899684569324,-0.0318330248244143,0.012912364351130856,-0.05510073275060334,-0.050498667249997964,0.012912364351130856,-0.05510073275060334,-0.049220071543367605,0.012912364351130856,-0.08079777790821585,EXPD,2019-05-02
True,6,0.9137941240306972,0.6379313746769035,1.5323332002357728,False,False,-0.04028109045967365,-0.010248957890812815,66.74540710449219,0.02374716721377279,0.024161343406531754,0.0015187986346487659,0.03686342752673788,0.044457010229569605,0.0015187986346487659,0.021814368573007226,0.044457010229569605,0.0015187986346487659,0.0410053021939647,0.06295762376437941,0.0015187986346487659,EXPD,2019-07-11
True,6,0.9633020459301913,0.6238512203487159,0.7954191498639865,True,False,-0.01152007231136809,-0.022777324549927647,69.58367919921875,0.014302768540926492,0.014700151813741735,-0.002648613723698956,0.003178563565569892,0.01708419346900314,-0.002648613723698956,-0.016418448518892403,0.01708419346900314,-0.016551789760888336,-0.008419630036691106,0.01708419346900314,-0.03508237687907556,EXPD,2019-11-22
True,5,0.799997346301082,0.3739128127218448,0.9978732952217432,False,False,-0.00730055968363208,-0.0727366426210807,68.11653900146484,-0.005310830180111914,0.0025878764545310684,-0.014707570966162153,-0.002178609706288137,0.010350169858045488,-0.014707570966162153,0.008171102457602997,0.018793558230046914,-0.014707570966162153,0.010213850070748043,0.018793558230046914,-0.014707570966162153,EXPD,2020-01-30
True,6,0.7941167332369006,0.6266963327107825,2.595297932062249,False,False,-0.06617183536199922,-0.05068762069867028,65.3243408203125,0.021585010006783367,0.023005039735985333,-0.01888654149407709,0.03848348647168853,0.03905151999799861,-0.01888654149407709,0.0008523518276628561,0.03905151999799861,-0.01888654149407709,-0.07483638535552584,0.03905151999799861,-0.1336265655468608,EXPD,2020-02-28
True,5,0.8995983074372879,0.8192781789937165,0.9723390992675706,False,False,-0.04799791690776534,-0.018653173127086253,69.28848266601562,-0.0026960573808217925,0.04286874978216426,-0.008627608471179937,-0.00754918088744716,0.04286874978216426,-0.010380120246620717,0.005392334982789793,0.04286874978216426,-0.027635497714353363,0.0016177445390661571,0.04286874978216426,-0.027635497714353363,EXPD,2020-06-15
True,6,0.8587572001442562,0.5988695288602044,1.196822794470984,False,False,0.002136914658582123,-0.015549668479647782,119.52023315429688,-0.00852943196613043,0.0030011249165722287,-0.008766351725035038,-0.018796347906861355,0.0030011249165722287,-0.02519348038167346,-0.03411779169801954,0.0030011249165722287,-0.035855283599732335,-0.019191221923793522,0.0030011249165722287,-0.03593434189075706,EXPD,2021-08-03
True,5,0.8664129361781397,0.5572538867647588,0.9954569748797435,False,False,-0.044605847151565126,-0.05998044121759494,109.1747817993164,-0.0016427951921196282,0.015303417561962185,-0.005792919074171676,-0.0020751575306274805,0.015303417561962185,-0.020837014678815047,0.004149965649311804,0.01685971919181317,-0.020837014678815047,0.02939637619283131,0.03743723945932076,-0.020837014678815047,EXPD,2021-10-06
True,6,0.8784718604244566,0.4641206504059297,1.5876020703280525,False,False,-0.029673631318576366,-0.03793523668966314,116.25757598876953,0.02610126332571494,0.02936385658921692,-0.002691613841512619,0.05587286299819416,0.05946179037159194,-0.002691613841512619,0.046248114842041055,0.06280602259687207,-0.002691613841512619,0.10619917308658877,0.12398064382370344,-0.002691613841512619,EXPD,2021-12-02
True,6,0.9024383057775637,0.5914628283974864,1.6462308107312766,False,False,-0.028104311997149134,-0.07680896979066332,112.15158081054688,-0.0295933341732465,-0.01166822432722725,-0.04033144730434668,-0.06358328732405016,-0.01166822432722725,-0.06975563354294112,-0.03204525027734817,-0.01166822432722725,-0.06975563354294112,-0.07372945670769093,-0.01166822432722725,-0.08945630470299049,EXPD,2022-01-24
True,5,0.9646178129932648,0.808192573207343,1.0499963075105236,False,False,-0.021884927770784657,-0.058871047393429854,99.59651947021484,0.003046885263608301,0.010759018083985827,-0.008188004606916266,-0.03351412923619512,0.010759018083985827,-0.04027409445102326,-0.03446615161347033,0.010759018083985827,-0.04094055628189541,-0.04217831422024054,0.010759018083985827,-0.07293149581971003,EXPD,2022-02-24
True,6,0.9295305879491573,0.47986533365762607,1.1990253357765335,False,False,-0.052733641239034124,-0.05920873508798008,92.66468811035156,0.0012279196354014754,0.007879592773941235,-0.009005399631881184,-0.010028696467059284,0.018317642182457794,-0.012996368481841047,-0.010540233592897463,0.018317642182457794,-0.01442894528063432,0.017499130971452947,0.04011476632150712,-0.016987371420768116,EXPD,2022-04-07
True,5,0.9590169316636167,0.5327861419883352,0.8436697630727481,False,False,-0.03536579429231146,-0.0319225055368626,90.5578842163086,0.020122155728376168,0.022650578051303993,0.007269214989757078,0.05488835641764944,0.05794357061450994,0.007269214989757078,0.06890011401392271,0.08080484695215451,0.007269214989757078,0.10155916756440808,0.1044037131703337,0.007269214989757078,EXPD,2022-07-14
True,5,0.8015711467782644,0.544204054224198,0.831733236364625,False,False,-0.004964163489226792,-0.002984494664521886,86.05479431152344,-0.0025498755516042415,0.010643056171969256,-0.012749411793197996,0.028381362299007007,0.04678486534148352,-0.012749411793197996,-0.004988840692754737,0.04678486534148352,-0.012749411793197996,0.06873617276987187,0.08813760955536698,-0.012749411793197996,EXPD,2022-10-13
True,5,0.8531475247154962,0.5069944993677724,0.91757903218162,False,False,-0.04672134262509131,0.0029418023888225786,101.43138885498047,0.015706198243450542,0.01977470296093209,-0.003500903497268504,-0.0035009137020710623,0.027249413840997994,-0.007096307899981835,-0.009650980476223259,0.027249413840997994,-0.01012401877166913,-0.0009462335504480945,0.027249413840997994,-0.02649264783978933,EXPD,2023-03-15
True,6,0.8644587380704551,0.8012059959692911,1.3608513721392983,False,False,-0.009745941049027596,-0.06407557116415086,111.83323669433594,-0.010619171268298477,0.007165555321760886,-0.014331510395299119,-0.009755900551540853,0.007165555321760886,-0.017439568097842417,-0.01303652029450264,0.007165555321760886,-0.018389195170912975,0.004661893822477392,0.021583165770262314,-0.018389195170912975,EXPD,2023-08-18
True,6,0.8125006829698604,0.3906249844779571,2.6038120034715266,False,False,-0.0011711217280737651,-0.0007532582815281685,116.6635513305664,0.004857198444215838,0.01607907240406936,0.002512346423704237,0.0010886564767931262,0.02060131615130678,-0.005778437270203218,0.0007538261072863595,0.02060131615130678,-0.011807937400336588,-0.00401979553766596,0.020852555210380208,-0.013650375853725527,EXPD,2024-11-06
True,6,0.9574900520544155,0.8471665054042853,1.3778415341424133,False,False,-0.09812122372668353,-0.07753625284053756,108.05004119873047,-0.015191492080931623,-0.0002729134735204308,-0.04229968163964437,0.019285026092095592,0.024197181877501528,-0.04229968163964437,-0.040480330397494435,0.024197181877501528,-0.04421000963415278,0.00955153228616612,0.024197181877501528,-0.056126637025939896,EXPD,2025-04-09
True,7,0.8944098054384354,0.6878888003004374,2.0091769575247658,True,False,-0.005135234551161827,0.020365150528482756,115.03787994384766,-0.013678514973062161,0.0002581267055696834,-0.025722575728989616,0.0006021920986163387,0.014969069389576761,-0.025722575728989616,0.015743344135872528,0.029852080213859766,-0.025722575728989616,0.031228634366930574,0.05299387778738818,-0.025722575728989616,EXPD,2025-07-31
True,6,0.9657319687599499,0.8473506329294423,0.685157488134178,True,False,0.0019795152904678037,0.01409014880730175,151.08143615722656,0.016725829092885336,0.018701352820777117,-0.008033780256001544,0.0331883587090267,0.03970761766504838,-0.008033780256001544,0.0462926332805893,0.054853169636064125,-0.008033780256001544,0.0694718749801162,0.08310275670255085,-0.008033780256001544,EXPD,2026-01-02
True,7,0.7094273148869379,0.5837737220737611,1.280095684861288,True,False,-0.015014366270239887,-0.003858360450698206,159.2493438720703,0.008933590697705718,0.02167797305793595,0.0033735270449704036,0.021740486453157626,0.024051944624765342,-0.006497218765273982,0.03029924117753313,0.044480545829861606,-0.006497218765273982,0.011370024524352651,0.044480545829861606,-0.006497218765273982,EXPD,2026-01-28
True,8,0.8749995529652708,0.8749995529652708,1.4565551979851685,True,True,0.0046366278007319295,0.012461089632363587,6.422569751739502,0.021538476387258143,0.02461539663639334,-0.02923074440325646,0.02000014106356729,0.0384616641533293,-0.02923074440325646,0.04153839471887699,0.04307689137556148,-0.02923074440325646,0.08769238936068868,0.13076923430859622,-0.02923074440325646,IDT,2019-03-28
True,5,0.9393925382192315,0.36363610091611,0.9199992672247971,False,False,-0.04999988147012269,-0.01095897341696861,10.700989723205566,-0.022160539162935033,0.011080430158560528,-0.02677736247223228,-0.010156939776402751,0.014773762530448487,-0.030470907326905605,-0.006463620556143912,0.014773762530448487,-0.049861582106994984,-0.06186528038417227,0.014773762530448487,-0.10895668964329408,IDT,2019-07-17
True,5,0.874999254942711,0.6249997516475704,0.5196423010188193,False,False,-0.03707754002252417,-0.11256288894239097,8.724813461303711,-0.010192345739198139,0.02038528890005442,-0.021517311602547773,-0.03510744231649987,0.02038528890005442,-0.0611550184899724,0.0,0.02038528890005442,-0.0611550184899724,-0.012457493635659067,0.02038528890005442,-0.061155254159229844,IDT,2019-08-12
True,5,0.847826763001588,0.43478215799894393,1.0790074297091246,False,False,-0.051115087411737425,-0.07851977147380862,10.08837604522705,-0.11165542633977121,-0.014691611413629957,-0.15377092837244766,-0.15964742968922885,-0.014691611413629957,-0.19196867520841954,-0.2193928796043344,-0.014691611413629957,-0.24485808199956594,-0.281096937929063,-0.014691611413629957,-0.33594519646312815,IDT,2019-10-03
True,6,0.7241381578298306,0.4827598680640728,0.613416001583009,True,False,0.0015384838116563326,0.009302234753991279,6.432450771331787,0.0,0.009216580748084846,-0.012288847577652695,-0.019969196046769166,0.013824841523651044,-0.023041389939382872,0.01843329792146342,0.019969358295139017,-0.023041389939382872,0.07987715483675206,0.11981560016999238,-0.023041389939382872,IDT,2020-07-30
True,6,0.9230764528237291,0.8461529056474583,3.8121364044837533,False,False,-0.09339069541177336,0.001587324324400896,6.23483419418335,0.030110753824263092,0.042789027934221124,0.0031693835563648687,0.04278907061698711,0.0935022447010525,0.0031693835563648687,0.5166397649937153,0.6624400517230116,0.0031693835563648687,0.7464339700636196,0.8795562907027059,0.0031693835563648687,IDT,2020-09-25
True,6,0.9545458486258411,0.40909169725168354,0.5853174603174603,True,False,0.007177137343634898,-0.05037586908091196,12.479548454284668,-0.011084801755802398,0.022169358878471268,-0.030878941394839154,0.028503513935573377,0.05859061631315576,-0.030878941394839154,-0.0031671844689129536,0.05859061631315576,-0.06175789724055558,0.11322243156776213,0.12984951166152414,-0.06175789724055558,IDT,2021-01-04
True,5,0.9056602264666391,0.42348013918445376,0.9228811297904222,False,False,0.0004383796796332273,0.03680977935484164,45.0864372253418,-0.00021905148928358376,0.0074513919234446835,-0.03177721077409257,-0.03090055883089282,0.00854716180651649,-0.034845331546705105,-0.023887611441070322,0.017751617701187383,-0.054788415064542684,0.007889745606680876,0.022792029161449845,-0.054788415064542684,IDT,2021-09-01
True,8,0.9737608907929014,0.7930020886299802,1.200044966556124,True,True,0.022837813180788924,-0.03491611246955817,47.793800354003906,0.06326235000827696,0.07483980232482579,0.0020674139028222793,0.08765770990460586,0.09448007984530782,0.0020674139028222793,0.16869957341682706,0.17614221570999744,0.0020674139028222793,0.37275161072142415,0.3746121922720169,0.0020674139028222793,IDT,2021-10-29
True,6,0.9666658895983753,0.3611099926037215,1.2090953182505493,False,False,-0.058796982489232485,-0.0736140603660822,41.28230667114258,0.015557791143873123,0.02513178744729072,-0.013164106461984293,-0.030397317146170777,0.04643359309967643,-0.035902332758303124,-0.1354717545675167,0.04643359309967643,-0.137147189648822,-0.14073709176449367,0.04643359309967643,-0.21541421740410505,IDT,2022-01-10
True,5,0.9304363690643981,0.5304363690643982,0.9103622802344167,False,False,-0.026839129806881412,-0.08038945028836686,40.126243591308594,-0.11056413559880196,-0.018468572915587123,-0.11228784105048839,-0.15020942395435855,-0.018468572915587123,-0.15094812813225622,-0.10416163205611562,-0.018468572915587123,-0.1928097925927521,-0.07584352820183649,-0.018468572915587123,-0.1928097925927521,IDT,2022-01-14
True,6,0.920716733838512,0.7468036055232138,1.7447792882720157,False,False,-0.10416163205611562,-0.1282051542993463,35.94662857055664,-0.013193829310298555,0.003298710285843054,-0.043980057013376705,-0.03710822860149421,0.022539807194925654,-0.05112704600758611,0.03161072897477535,0.03353485470231088,-0.05112704600758611,0.06102241565040645,0.08796050589878646,-0.05112704600758611,IDT,2022-01-24
True,6,0.9706543884515426,0.7584650968140821,1.3580569339253068,False,False,-0.12646780227013665,-0.16876170630131293,35.284610748291016,0.03248393533635707,0.04144500270250817,-0.0014001073184239932,-0.004480602453130977,0.04144500270250817,-0.04788578781999875,-0.0005602374749571482,0.04144500270250817,-0.04788578781999875,-0.06664793442432249,0.04144500270250817,-0.17390088174502094,IDT,2022-02-24
True,5,0.9113915799004078,0.43670801267541876,0.9168583634571147,False,False,0.0003675595605341364,-0.029233384524714356,26.905630111694336,0.0029377656038624966,0.011384383855175928,-0.02019844688195338,-0.006243239279133395,0.013587860912725791,-0.03709155227477523,0.035989595853596956,0.04517064538812021,-0.03709155227477523,-0.06610358960915264,0.10650003838721434,-0.06977602359151813,IDT,2022-05-20
True,5,0.7572817152052612,0.6504850773216391,1.0915879639797936,False,False,-0.13099501537504077,-0.119652028673227,23.990768432617188,-0.07248757997251087,-0.03830306744094747,-0.09143325601454311,-0.04077429354832762,-0.02306431069238679,-0.09143325601454311,-0.059719963441137836,-0.02306431069238679,-0.1070839502861416,0.059308056115436436,0.07166395182308083,-0.1070839502861416,IDT,2022-06-10
True,5,0.8421063198630746,0.6447404745293125,1.0614480148183942,False,False,-0.012688829575053906,-0.018323824067723593,32.290706634521484,0.007343928957691315,0.011321929990736113,-0.007955949307611232,0.03212970395690862,0.05416156452193421,-0.007955949307611232,-0.008261846242357374,0.05416156452193421,-0.01682974114336422,-0.07007347473039871,0.05416156452193421,-0.08414933385649537,IDT,2023-05-17
True,6,0.849463071281492,0.580645955191678,1.3943873068375627,False,False,0.004716924906661424,0.0055794386096885695,23.150894165039062,0.007255636471249716,0.008109262466539091,-0.013230898978164318,-0.02731530822552075,0.012377373583191797,-0.04438750415701642,-0.010243261181492214,0.012377373583191797,-0.04438750415701642,-0.03115671654087715,0.012377373583191797,-0.04950905456249577,IDT,2023-09-05
True,8,0.885416697710751,0.8368054693219871,6.902309708087025,True,True,0.2176685686176938,0.17797369018103049,26.421464920043945,0.008227276937224914,0.05048610255039576,0.0014958488713074924,0.015706599919422137,0.053477899985462596,-0.0007480053954981303,0.013463026811777912,0.053477899985462596,-0.0014958878233716222,0.10770385354742484,0.11368739313296872,-0.004861559725454434,IDT,2023-10-03
True,6,0.8387092804690819,0.5967747393550058,0.639963167587477,True,False,-0.02627028854199942,0.013673902687629802,27.834428787231445,0.007454881388027301,0.010294779768283746,-0.009584508893510035,0.01313455933791885,0.02839893112681735,-0.009584508893510035,-0.0024848462546777084,0.02839893112681735,-0.009584508893510035,0.053958139707948716,0.05466806340660657,-0.009584508893510035,IDT,2023-11-10
True,6,0.9040008544921873,0.4800018310546877,0.6531613372093024,True,False,-0.003277557754143068,-0.01588697035812614,33.051536560058594,-0.022720573315996195,0.0020926340157736423,-0.02331849429237487,-0.016442485234172244,0.0020926340157736423,-0.04095667443004958,0.005979043570011999,0.007174771457503226,-0.04095667443004958,0.026606882386520647,0.03946188866777667,-0.04095667443004958,IDT,2024-01-10
True,5,0.9647072551184384,0.4823536275592234,0.6917706790776391,False,False,-0.016442485234172244,-0.03490767195060129,32.508087158203125,0.00030404374662640343,0.0024316942515898443,-0.012461859283154797,0.004559365392287962,0.033130871528584516,-0.012461859283154797,0.04498486235302401,0.05683894745622364,-0.012461859283154797,0.07294832077730051,0.07325233708054735,-0.012461859283154797,IDT,2024-01-16
True,6,0.9039978027343739,0.40799865722655826,0.945282059969507,True,False,0.0013086457499285054,0.008434263505720851,37.85405731201172,-0.02639830200175064,-0.0013068459287480794,-0.04626234646673166,-0.027705338209979113,-0.0013068459287480794,-0.04626234646673166,-0.03162574141805263,-0.0013068459287480794,-0.04626234646673166,-0.04025097110674025,-0.0013068459287480794,-0.05488763030720434,IDT,2024-04-01
True,5,0.9553577814789457,0.7767855014117776,1.032373564075787,False,False,-0.007038515138939605,-0.008380807446456418,36.29082107543945,0.00545261268265107,0.008724121253375738,-0.006543092075642298,-0.002453586359733251,0.017720828061903893,-0.006543092075642298,-0.014449376307429262,0.017720828061903893,-0.0299891696968273,0.039531100326580804,0.04334787754896552,-0.03571429889077826,IDT,2024-04-19
True,5,0.7837839231080541,0.7837839231080541,0.6087319630677864,False,False,-0.03693218917195307,-0.08581419050128203,47.347389221191406,0.010905882241093456,0.010905882241093456,-0.004614284518023037,-0.008599132086362093,0.010905882241093456,-0.014261892517328456,-0.012793677388853286,0.010905882241093456,-0.014471574315730096,-0.041317342787536515,0.010905882241093456,-0.06103207477788464,IDT,2024-12-24
True,5,0.8505739566616694,0.6666666666666694,0.8273926466460848,False,False,-0.03156558246273178,-0.02230719704602313,45.69896697998047,-0.006736390112949353,-0.0034769050972591753,-0.027162258587118626,0.023250646301120836,0.023685249853184542,-0.027162258587118626,0.0328117291653971,0.05410680696454229,-0.027162258587118626,0.0312906572863616,0.06540620770172967,-0.027162258587118626,IDT,2025-01-08
True,5,0.8631568803029263,0.7473668571336733,0.5596179674675421,False,False,-0.0016924685636520165,-0.01830675959350958,46.86079788208008,0.004873953916864515,0.010383641490657958,-0.001907137837811712,0.019071859092724797,0.03983896144764243,-0.001907137837811712,0.016316955405678346,0.03983896144764243,-0.001907137837811712,0.03475320525579151,0.03983896144764243,-0.001907137837811712,IDT,2025-02-03
True,6,0.8453338623046867,0.6693339029947896,1.1933962264150944,False,False,-0.07209791914767572,-0.07174287665861678,48.24340057373047,-0.016488072241351515,-0.005564767383809843,-0.037304273470060156,0.014633045506351916,0.04245666822585137,-0.037304273470060156,0.009892764272912524,0.04245666822585137,-0.037304273470060156,0.020610011229790892,0.04245666822585137,-0.037304273470060156,IDT,2025-04-09
True,5,0.8791201881358718,0.47252788711848165,0.7125227331774487,False,False,-0.04609226280652734,-0.2284274628958849,47.414451599121094,-0.020167966084322253,0.0052521857057759025,-0.021428419142559996,-0.008823505275469934,0.0052521857057759025,-0.03949573525403138,0.00630254974208766,0.020168092709165863,-0.03949573525403138,0.04075638642336643,0.05714293130509196,-0.03949573525403138,IDT,2025-10-09
True,5,0.9947377191696797,0.7684214964473061,0.8829790946846753,False,False,-0.03731626203107263,-0.014254456214020439,49.59592056274414,-0.01265329941152682,0.0010040655152105948,-0.01646929855269308,0.008033597940755532,0.013054685933993282,-0.01646929855269308,0.004820143381344177,0.01506315319348861,-0.01646929855269308,-0.035951094942779815,0.08435429734010058,-0.04438648608648332,IDT,2025-11-21
True,6,0.9499998940361427,0.6611106283868682,1.1813297723673177,False,False,-0.00020405918403820777,-0.0030512362773047474,48.81895446777344,0.026729316974844375,0.03917576995216665,-0.00530495814625398,0.06366062813672202,0.07569899222734233,-0.00530495814625398,0.07836839043832922,0.09021630702309302,-0.00530495814625398,0.0511996940675421,0.10471988170609281,-0.00530495814625398,IDT,2025-12-09
True,5,1.0,0.41860506378524015,0.8925213366121799,False,False,-0.016073306574712065,-0.058777764840101776,48.22699737548828,-0.014061155073341158,0.009925608818278198,-0.014061155073341158,0.005583188279330686,0.01199339445828751,-0.026468132514268383,-0.021505379746184605,0.026674964373615495,-0.03577334146578526,0.013854469928141988,0.02874279146202685,-0.03577334146578526,IDT,2026-01-27
True,5,0.9122786470533133,0.359649181512761,0.6980994152046783,False,False,-0.022348689796927723,-0.07550435733073746,47.98765563964844,0.010598603652431038,0.017040781175966302,-0.0024936888779558686,-0.016625070470813408,0.03179557643188535,-0.03096419463165745,0.007481353255839096,0.03387371695024388,-0.03096419463165745,-0.007481273762535712,0.03387371695024388,-0.03096419463165745,IDT,2026-01-29
True,6,0.9075911247192486,0.4488452667519393,0.6099235144145911,True,False,0.004139316478639854,0.01859620048104005,76.0875244140625,-0.005889233911270386,0.005300365341395663,-0.009422838866484318,0.008127289193642362,0.010129713448352451,-0.009422838866484318,-0.012720717172381546,0.0348647204719319,-0.017196539377068776,-0.010718499973528361,0.0348647204719319,-0.044876155924432504,IOSP,2019-04-12
True,6,0.972094178598676,0.5488369617288532,0.9828604628643363,True,False,-0.024356139739426075,-0.002671088805253463,94.78336334228516,-0.03653736946555486,-0.001625897175809965,-0.03739823967491862,0.004304200646439105,0.008895337672084835,-0.03739823967491862,-0.006886576146954426,0.025633765728463542,-0.03739823967491862,0.0018172898097106316,0.025633765728463542,-0.03739823967491862,IOSP,2020-01-30
True,6,0.9222048833085604,0.8654790197770776,1.965149359886202,False,False,-0.09571582171682469,-0.17376363307087195,78.45578002929688,0.028426225835223473,0.028426225835223473,0.0008089443515757466,0.029697503422034588,0.04679913044211137,-0.005199711687126296,-0.02911948200567982,0.04679913044211137,-0.07534088437582331,-0.19181855612117293,0.04679913044211137,-0.25571964622829013,IOSP,2020-02-28
True,5,0.9049761883802057,0.7466043197506129,0.8835076374913398,False,False,-0.02911948200567982,-0.12204810857436266,76.17118835449219,-0.17114957967369493,-0.040466344789413466,-0.17662445672505167,-0.1374671847001826,-0.040466344789413466,-0.17662445672505167,-0.16757888442503988,-0.040466344789413466,-0.2333965508863326,-0.2695786520511503,-0.040466344789413466,-0.3250414790482764,IOSP,2020-03-06
True,5,0.9872393492709812,0.6218101139054584,1.0650091486384674,False,False,-0.04544260518252974,-0.15862118042677542,66.84246063232422,-0.1318325452921555,-0.02197229183600302,-0.17509853822515564,-0.16763892970977068,0.04665645860704126,-0.17808239860707842,-0.06673020456730971,0.04665645860704126,-0.1984268271791323,-0.05750718368255403,0.04665645860704126,-0.1984268271791323,IOSP,2020-03-17
True,5,0.9134385112424965,0.883826376506328,0.5868848353299662,False,False,-0.09187782387240317,-0.010322860165527303,70.09394836425781,0.013298605888049986,0.06166886889752443,0.0075619376757298795,-0.017601041605668,0.06166886889752443,-0.023728828188455786,-0.0329856670375388,0.06166886889752443,-0.06036504783580676,-0.01590588541597504,0.06166886889752443,-0.08852679714186829,IOSP,2020-06-15
True,5,0.850201391205506,0.4736832351087885,0.9261420473491164,False,False,-0.0329856670375388,-0.12183283960355329,67.78185272216797,0.024672954085424692,0.028717756891731394,-0.00903339308843809,-0.013887077016621285,0.028717756891731394,-0.0389646085169052,0.017662387246360156,0.028717756891731394,-0.057435684468273185,0.02143724724381868,0.08251318966157961,-0.057435684468273185,IOSP,2020-06-22
True,6,0.8769836043735802,0.7440474838897201,3.277676950998185,False,False,-0.026061625774811636,-0.03111176572444585,70.0116958618164,0.0033939685326973557,0.010181551161387636,-0.01161714833527494,0.05077668972937932,0.05155984545622383,-0.01161714833527494,0.08171263934804429,0.10351133691247427,-0.01161714833527494,-0.009659270405193765,0.10351133691247427,-0.020101811294538696,IOSP,2020-08-05
True,5,0.9295774496540444,0.8845070604151472,1.0360922408614077,False,False,-0.04744511469557444,-0.05173673071538076,59.630126953125,0.013639800712399452,0.013639800712399452,-0.006436789497465623,0.05180057421851014,0.07693466089755807,-0.006436789497465623,0.07754764683002713,0.10773923057815482,-0.006436789497465623,0.1745592284386579,0.23310359096342226,-0.006436789497465623,IOSP,2020-10-29
True,7,0.9553082983652164,0.6787721343372302,1.275851733439904,True,False,-0.03215788484913895,-0.03928005508244059,88.86814880371094,-0.017493028492308493,0.0049683955518948775,-0.034572021680750686,-0.055584220156959185,0.0049683955518948775,-0.07276666737833593,-0.09129485721565855,0.0049683955518948775,-0.09636677399567051,-0.020908856926856734,0.0049683955518948775,-0.10019655513232417,IOSP,2021-01-22
True,5,0.8686876860387805,0.6035353389397826,0.9744863400316098,False,False,-0.04793494440276935,-0.07093648866589553,83.12820434570312,0.01648775948119363,0.026557428785407122,-0.0038730232067549775,0.0487991681182991,0.05211888699537148,-0.0038730232067549775,0.0989266486658138,0.10047582864631699,-0.0038730232067549775,0.07779121825146973,0.11895525819212871,-0.0038730232067549775,IOSP,2021-02-01
True,5,0.878464947098553,0.4477622623339082,0.7206486980356327,False,False,-0.04298512314298175,-0.038954827422812754,92.36363983154297,0.025794200980036264,0.03714764528122205,0.00995916192190327,0.019918328385903905,0.049397499688240254,-0.024599117372560264,0.04899916877899879,0.054277515586853786,-0.024599117372560264,0.02111332731497284,0.07290109752866258,-0.024599117372560264,IOSP,2021-03-25
True,6,0.8638732162294411,0.5575909485814735,1.3330538671138126,False,False,-0.04979576678185449,-0.04710808403018596,89.87080383300781,-0.012794381039812563,0.02221079312114993,-0.014022580704752485,-0.009621338547343039,0.02221079312114993,-0.02661203591204231,-0.0029682807809401357,0.02221079312114993,-0.02661203591204231,0.0495394304670147,0.05721599147561762,-0.02661203591204231,IOSP,2021-04-23
True,6,0.8284771106112625,0.6537197571435952,1.2408115260217583,False,False,-0.03733762494554482,-0.04729387432914267,88.32488250732422,-0.006956254941405393,0.0025294261691659603,-0.03572947424164219,-0.019076923661640932,0.016968779956696434,-0.03572947424164219,-0.020236213106440526,0.016968779956696434,-0.04310725084121214,-0.05491158744394775,0.016968779956696434,-0.060602977126154034,IOSP,2022-01-24
True,5,0.9697726172082183,0.41309795601472665,0.8146148101338542,False,False,-0.030471308985281165,-0.041908157846397565,86.19307708740234,-0.011880328557674624,0.016200441996332193,-0.011880328557674624,-0.014580306667874021,0.016200441996332193,-0.024408540254970523,0.027648862814681374,0.0393132100109268,-0.024408540254970523,0.04266130052323969,0.04503738045611372,-0.024408540254970523,IOSP,2022-03-10
True,6,0.9354203930257498,0.6418783537231739,1.4549913150097067,False,False,-0.04140330891826349,-0.127529017751154,85.23270416259766,0.0029673401917234,0.009451528706793333,-0.012089288984589497,0.02813503966881803,0.04055395717890886,-0.012089288984589497,0.0445103714134234,0.04923644711389219,-0.012089288984589497,0.023738990071360266,0.06044619635469339,-0.012638626899866834,IOSP,2022-06-22
True,6,0.7587721352946686,0.38377213529466897,1.0432777099443766,True,False,-0.02279122298178049,0.024295960299818065,94.384521484375,-0.02897972123569903,0.016276387457472064,-0.029475904502023642,-0.06986898892651039,0.016276387457472064,-0.07016671400712227,-0.10152848946841564,0.016276387457472064,-0.10857492665502555,-0.10172693475668582,0.016276387457472064,-0.1399363995441244,IOSP,2022-08-25
True,6,0.7840377100324905,0.5821593721680739,2.6802847415660787,False,False,-0.03259301733235176,-0.032806688389586,82.01973724365234,0.026838774154594347,0.029808103815503584,-0.0059387809792684765,0.026838774154594347,0.05790311373024415,-0.0059387809792684765,0.017016897181719504,0.05790311373024415,-0.0059387809792684765,-0.021585153645540478,0.05790311373024415,-0.03369109246073476,IOSP,2022-09-16
True,6,0.7515926971615727,0.4522288041286201,1.798984771573604,False,False,-0.025136196407271938,-0.006010465875068038,82.10404968261719,-0.015972618050461573,-0.001711351645395709,-0.03468339261039877,-0.004563751179895936,0.009241271096255277,-0.03468339261039877,0.009811697989005719,0.028636549456458438,-0.03468339261039877,0.007643885978422027,0.028636549456458438,-0.051568816032707465,IOSP,2022-09-28
True,5,0.8268739810231246,0.4961232057628486,0.76253322335258,False,False,-0.010544293922508108,-0.010090387902255915,80.86756896972656,0.012857619161101841,0.023051030621291435,-0.006486823309896361,0.05177804106128292,0.0568747025800167,-0.006486823309896361,0.05583220450373294,0.07216480371590439,-0.006486823309896361,0.0937101218418952,0.10459860102702012,-0.006486823309896361,IOSP,2022-10-10
True,6,0.788792352188683,0.35560382390565926,1.6526724187851063,False,False,-0.015710919371048626,0.009111369749241538,104.4891586303711,0.005320466722056771,0.011813328862845474,-0.019478880248125385,-0.01776533680189185,0.012715360828222,-0.03390746842091896,-0.01713411231327311,0.012715360828222,-0.03931834787224908,-0.04860684118837266,0.012715360828222,-0.05266488875276809,IOSP,2022-11-30
True,6,0.8265881678463554,0.8265881678463554,7.354162467244507,False,False,-0.038798749525574605,-0.07395107721306193,97.11111450195312,0.016689413435059475,0.02813905871182021,0.004269474293219666,0.020764662237986675,0.029982638758394575,0.0017465307905086824,0.014748815025877215,0.029982638758394575,-0.008538529229327296,0.004657483320171352,0.029982638758394575,-0.016010062180853213,IOSP,2022-12-16
True,5,0.9389301418129957,0.4580122885180996,1.0745755426606491,False,False,-0.043360752728771046,-0.0020024868774948246,103.32072448730469,0.022617466524161634,0.0229822719811954,0.0005472582200718445,0.04040124485562213,0.040948418187032765,0.0005472582200718445,0.05161870957804249,0.057911481171144086,0.0005472582200718445,0.018787067690981374,0.057911481171144086,-0.0697674497069769,IOSP,2023-02-10
True,5,0.986230333972836,0.37005156730735217,0.7667520449475337,False,False,0.0028988568709147344,-0.009673194904387783,94.53870391845703,0.004883880136969498,0.014153294122511983,-0.020831278151052457,0.014153309999364927,0.02770858391178943,-0.020831278151052457,0.02332299307817043,0.02770858391178943,-0.020831278151052457,0.05322427039383926,0.056513434241325156,-0.020831278151052457,IOSP,2023-03-24
True,5,0.810344373997,0.5517218699850002,0.6172185430463576,False,False,-0.03701855710614621,-0.04293924258683601,90.939208984375,0.006942188586447351,0.012330195956097523,-0.0053881639450394925,0.0006215820954824647,0.016578560590630786,-0.005906209666172502,0.023313565305634887,0.023624401242583914,-0.005906209666172502,-0.007781311831016935,0.05493019665604981,-0.016859295290200582,IOSP,2023-05-11
True,5,0.763357978387289,0.40076119146557054,0.7019335077531746,False,False,-0.03320965127996245,-0.03575542819996769,88.95055389404297,0.06208658824264024,0.06475353936328876,0.014294869738395777,0.05813956979059909,0.06635384226134544,0.004267216677334984,0.08299545918762496,0.10177093713542607,0.004267216677334984,0.07627485788357702,0.10177093713542607,0.004267216677334984,IOSP,2023-06-01
True,5,0.8500022888183618,0.520000457763672,1.033971105037095,False,False,-0.02424356800832017,-0.038119758016170846,92.4235610961914,0.0017453982085895436,0.009034916685860983,-0.005646811607950886,0.0021560752842484376,0.009034916685860983,-0.01427101748759807,0.004209295566231175,0.015502991322314363,-0.01427101748759807,0.04137569473559877,0.05831616087142755,-0.01427101748759807,IOSP,2023-10-25
True,5,0.9948706913416017,0.7589733557650898,0.7299862937204934,False,False,-0.03234069882029689,-0.022331956924466878,119.18415069580078,-0.0033661498536811107,0.021078854744079445,-0.0049690749119037925,-0.02075816948278053,0.021078854744079445,-0.028131722345608123,-0.01691102219636076,0.021078854744079445,-0.028131722345608123,-0.019956656459714228,0.021078854744079445,-0.041596402640210695,IOSP,2024-04-05
True,6,0.9158876838720297,0.7663550735488105,2.552265771911065,False,False,-0.018242591204732928,-0.04635140233314616,118.41316223144531,0.009087957012109626,0.016877628209677642,0.0009737084429590759,0.0021908876239074004,0.016877628209677642,-0.007789706769550819,0.0028399583780318594,0.016877628209677642,-0.01103536709480235,-0.0049497282652466446,0.016877628209677642,-0.024586158513054013,IOSP,2024-06-21
True,5,0.9061390534581559,0.38628194640687935,0.4883697169907707,False,False,-0.02757983608136061,-0.0650627345810112,102.3095932006836,0.0006573490392152159,0.007513055924313727,-0.009861083126075254,0.03221263835743127,0.03690835578061824,-0.009861083126075254,0.0493988667943881,0.08330195093663595,-0.009861083126075254,0.04432747302128437,0.0869645720327692,-0.009861083126075254,IOSP,2024-09-11
True,6,0.9516606008081161,0.5740176881818356,0.48227188707780205,True,False,-0.022498987564468442,-0.04691701842144813,114.37772369384766,0.0007610869388743335,0.008202988834159042,-0.004143726696698047,0.01437633861418286,0.033319303419858226,-0.014038071109007455,-0.004989421825398632,0.033319303419858226,-0.014038071109007455,-0.009386850085283727,0.033319303419858226,-0.014038071109007455,IOSP,2024-11-20
True,5,0.8823545251366585,0.3529409124772265,0.6400565171317556,False,False,-0.02410604718349274,-0.0043883471621483094,105.33390808105469,-0.01092752699016375,0.014416843649492472,-0.014784259244822517,-0.02093663440947291,0.014416843649492472,-0.040587684407762614,-0.008999135613631082,0.014416843649492472,-0.04820936851162316,0.07079884974467499,0.07337000461331145,-0.04820936851162316,IOSP,2025-01-03
True,6,0.844104908635726,0.7680603622080521,1.1490417522245038,False,False,-0.010000926709238467,-0.013910094224007685,106.28181457519531,-0.06989448385816233,-0.035311275391084584,-0.0945577438627968,-0.05933748583152021,-0.035311275391084584,-0.0945577438627968,-0.05005459216672392,-0.035311275391084584,-0.0945577438627968,-0.11021121174510451,-0.035311275391084584,-0.11503464416608311,IOSP,2025-02-18
True,6,0.9816509587487794,0.43577835562072786,1.540608269734594,False,False,-0.016793778042317742,-0.03523412899740752,86.07588958740234,0.0014608931870099262,0.024160035692115445,-0.018204238198373468,-0.02485760900481726,0.024160035692115445,-0.026332316239239484,-0.0291683163981582,0.024160035692115445,-0.04187378647105511,-0.03415974577161296,0.024160035692115445,-0.046978595223604924,IOSP,2025-05-16
True,5,0.9411741239945937,0.7581641659311514,0.8148998851550407,False,False,-0.01333015158733819,-0.0289097333411954,81.6708755493164,0.0032281885683618228,0.01602110727600259,-0.004304151197922934,0.008727888935441408,0.01602110727600259,-0.008130086054940255,0.005380127447916827,0.0187709115009842,-0.008130086054940255,0.06145375447289125,0.07054034077612692,-0.008130086054940255,IOSP,2025-06-23
True,6,0.7684239691290836,0.4842131892048194,1.418795756760795,False,False,-0.02776771431238001,-0.06728653664582984,79.31761932373047,-0.0075095810353645875,0.02142059622446668,-0.011202835121025156,-0.020682127972410203,0.02142059622446668,-0.022651888373194096,-0.023882876237252826,0.02142059622446668,-0.035824278868815895,-0.05010475342282206,0.02142059622446668,-0.06253856960030812,IOSP,2025-09-16
True,6,0.8516501712422048,0.6538476049146644,1.157422673613401,False,False,-0.03577499904009829,-0.006749449991493739,71.84771728515625,0.0009513419241169441,0.0063876223831131895,-0.023919571186104105,0.005843972703633238,0.03288933548150874,-0.03424850450508521,0.03914094004772539,0.04117955799798456,-0.03424850450508521,0.006931129598276575,0.04715955353713164,-0.03424850450508521,IOSP,2025-10-31
True,5,0.8828819850161495,0.48648704378307606,0.823746377447967,False,False,-0.024563149392171524,-0.11018709554382389,76.14339447021484,-0.008696761319111013,-0.0036344640277916618,-0.03816202917535305,-0.0366044315247277,0.004023800101353281,-0.03816202917535305,-0.0728193945111889,0.004023800101353281,-0.10137594629377278,-0.11578397652086858,0.004023800101353281,-0.11941853863703322,IOSP,2026-03-02
True,5,0.8533838899533037,0.35714408636692074,0.9747012261368928,False,False,-0.03694825739055674,-0.11341994096319252,75.48119354248047,0.008511067551519647,0.012832159650150388,-0.017939063060538496,-0.055781130808388646,0.012832159650150388,-0.07214881318946587,-0.07555326133770446,0.012832159650150388,-0.09349226488757212,-0.09820607954478267,0.012832159650150388,-0.1116931459492233,IOSP,2026-03-03
True,6,0.7765966944697705,0.5496465317363909,0.9894566098945661,True,False,-0.0041795854197475,0.006760805821735438,83.38999938964844,-0.00695529242474946,0.010792679367624736,-0.03033935481250205,-0.03213814995552644,0.010792679367624736,-0.03777433204142622,-0.019426822861724702,0.010792679367624736,-0.03777433204142622,-0.032018205881852446,0.010792679367624736,-0.04736775365335377,IOSP,2026-06-24
True,6,0.8194432670707438,0.43055408383842714,1.3873547286491097,False,False,-0.018010492413222834,-0.00043663620718747964,40.650917053222656,0.008733723621705325,0.009825410109701949,-0.01986892878970803,-0.0010916450724325344,0.009825410109701949,-0.02816591551613634,0.004585134521114753,0.013318792450757622,-0.02816591551613634,-0.034934331444576805,0.013318792450757622,-0.04170292143109655,KFY,2019-05-09
True,5,0.9078953972795315,0.8552627616322959,0.7900910959014934,False,False,-0.012173345764619259,-0.005919992944808383,34.65753173828125,0.006418305510990097,0.017201311564073674,0.00462113783547613,0.013863988982598663,0.0225931329761635,-0.013864014732620888,0.013093620614656798,0.02541709971805428,-0.013864014732620888,0.0169449121126255,0.039537888801338905,-0.013864014732620888,KFY,2019-07-09
True,6,0.777778114170876,0.777778114170876,1.5649620748715438,False,False,-0.12614761970310817,-0.278495183254419,22.981563568115234,0.09027261942484976,0.09182900139162165,-0.010505617710772741,0.00038924527747541404,0.09182900139162165,-0.09494146624928657,-0.14163423924292873,0.09182900139162165,-0.1653695979664095,-0.005995456204594629,0.09182900139162165,-0.1653695979664095,KFY,2020-03-16
True,5,0.8608245446206402,0.8092779704243065,1.0184988003464088,False,False,-0.11292234297730885,-0.0272992042656387,26.875560760498047,0.025058170258132062,0.05212129158179435,0.015368867621668558,-0.0026731421250606457,0.05212129158179435,-0.005346042343498225,-0.037420796117450195,0.05212129158179435,-0.07985308408176073,0.02572642030458172,0.05212129158179435,-0.08586721611026871,KFY,2020-06-15
True,5,0.8466657002766921,0.5333328247070298,0.9530902880330795,False,False,-0.037420796117450195,-0.1461174951211004,25.869855880737305,0.009371570467413548,0.01839622108766381,-0.012148760427703298,0.0166608974025777,0.01839622108766381,-0.05032980122301689,0.0656020992011137,0.0659491425936054,-0.05032980122301689,-0.04165209604921527,0.11072530465215613,-0.05032980122301689,KFY,2020-06-22
True,6,0.8835628249679972,0.4657539257440006,0.9796939946069156,True,False,-0.020880167355582846,-0.02804290784493213,43.35945510864258,-0.015680397549941216,0.013171732760949073,-0.022788910761754932,0.010871759896980748,0.014635094561250117,-0.04662338303323443,0.010871759896980748,0.022370841268043673,-0.04662338303323443,0.16830434135775896,0.1749946961457014,-0.04662338303323443,KFY,2021-01-27
True,5,0.8353412854774811,0.4538145473375234,0.5481673233106235,False,False,-0.04820603282944291,-0.047908933760053674,55.395999908447266,0.020324714777420816,0.024422404395000763,-0.005572713618059888,0.015571148587058659,0.03409277910240549,-0.005572713618059888,0.03605975569438047,0.04114091297532885,-0.005572713618059888,0.08146226940331958,0.08260961746289186,-0.005572713618059888,KFY,2021-03-25
True,5,0.883893440163673,0.8164777419327183,0.9256725014808309,False,False,-0.10146701361821298,-0.09308123075608365,66.39402770996094,-0.022091497079310796,0.00905564174859319,-0.03553819554887827,0.032793374883566484,0.04761227731111384,-0.03553819554887827,0.04514261471378345,0.07436877561159427,-0.03553819554887827,0.024698134927866988,0.07436877561159427,-0.03553819554887827,KFY,2021-12-02
True,6,0.9232459075638109,0.8815803563062993,1.2974550761652832,False,False,-0.04768409813950303,-0.027275465746223637,63.78385543823242,-0.03805423922830309,-0.017882509773660904,-0.045922558410259495,-0.08726743819209348,-0.01416316054767508,-0.09184540284299259,-0.05035753896925077,-0.01416316054767508,-0.10987136405604747,-0.03919893807352681,-0.01416316054767508,-0.10987136405604747,KFY,2022-01-24
True,6,0.7244115774170683,0.7244115774170683,1.1331070671500887,False,False,-0.01414919879673815,-0.02244840968461892,60.398494720458984,-0.023115367846719637,0.012992790866105164,-0.03157593745835474,-0.02900770619631543,0.012992790866105164,-0.05816612874502691,0.0010574048561422522,0.012992790866105164,-0.05816612874502691,-0.07871293453974249,0.012992790866105164,-0.08007265866389968,KFY,2022-02-18
True,5,0.9554435906490839,0.6089086380211938,0.9387410416761766,False,False,-0.057762745770409296,-0.06597895979804891,58.6464729309082,0.035164127382516064,0.0395207288759345,0.004667798220098662,-0.013692301998312617,0.03983211587576152,-0.024428237693001953,0.02629547982898983,0.03983211587576152,-0.024428237693001953,-0.05150131512523792,0.03983211587576152,-0.05959232958314187,KFY,2022-02-24
True,6,0.7435883641770039,0.7435883641770039,1.1590124703873397,False,False,-0.06934242943145597,-0.1753213188963656,45.26921081542969,0.009313602063933057,0.018019824133947093,-0.022474203266591553,-0.023543505160338096,0.024498855558960253,-0.023949694347928485,-0.03877517348032178,0.024498855558960253,-0.05624092259317315,-0.00810858501336309,0.024498855558960253,-0.05624092259317315,KFY,2022-09-19
True,6,0.7849998474121078,0.4799995422363272,1.299265043638034,False,False,-0.03596994161126199,-0.17233930477501347,45.69083023071289,-0.014042072115253323,0.015045129149131808,-0.02326981354365898,-0.04764502870655729,0.015045129149131808,-0.0649496098368777,-0.04704140077746943,0.015045129149131808,-0.0649496098368777,0.021170725932298406,0.022378049004623923,-0.0649496098368777,KFY,2022-09-20
True,7,1.0,0.6529850002704443,1.9855300408933627,True,False,0.0021085236412015096,0.002460809027070132,52.431785583496094,-0.0022792094511053795,0.017008862917460732,-0.00894238969578287,-0.027178592324971218,0.017008862917460732,-0.03401708833002903,-0.05400650346264935,0.017008862917460732,-0.05400650346264935,-0.1024021079286106,0.017008862917460732,-0.13887418886694647,KFY,2022-11-30
True,6,0.9180338633272316,0.8360677266544696,4.655184942954727,False,False,-0.027837582029072827,-0.12647513886293227,45.59166717529297,-0.0010083183966774767,0.011494179869560917,-0.004839784988146079,0.04551280324228202,0.047130968087952585,-0.008087544723828222,0.030545244972590258,0.047130968087952585,-0.008087544723828222,0.014970737765092501,0.047130968087952585,-0.008087544723828222,KFY,2022-12-16
True,6,0.8064505212899808,0.6290304221695129,1.1011783827712311,False,False,-0.0779428208458739,-0.0772903364581573,48.10931396484375,-0.04101987952647923,-0.00555884692414621,-0.04523681224810583,-0.027218661470167715,-0.00555884692414621,-0.04523681224810583,-0.05060393759126547,-0.00555884692414621,-0.060379637373860096,-0.016998124261788816,-0.00555884692414621,-0.060379637373860096,KFY,2023-03-16
True,6,0.989900702442555,0.5858594421303719,1.2502300754647524,False,False,0.0036857847386286835,-0.01821617488164151,48.031585693359375,-0.000773318364138964,0.007537470256800516,-0.010243777628065387,0.004831790349952625,0.019713826903845044,-0.010243777628065387,0.0027057803582060114,0.019713826903845044,-0.010243777628065387,-0.057595658933641825,0.019713826903845044,-0.06455346358239145,KFY,2023-08-23
True,5,0.8974382800579125,0.5384649242928173,1.004626044830941,False,False,-0.04262941430323641,-0.07559142683031894,44.6153450012207,0.00020785514608223643,0.002080517100611967,-0.008531181059306281,-0.02039126529575752,0.017061868077580034,-0.033083744115525615,0.007282454281059225,0.017061868077580034,-0.033083744115525615,-0.02696439572165532,0.02684127672090475,-0.033083744115525615,KFY,2023-09-12
True,5,0.9854038987907119,0.8978133692713364,0.7084552961614431,False,False,-0.05240088162991363,-0.041418022225147455,52.69660568237305,-0.015291551045059082,-0.006401081290970501,-0.0218705474998937,-0.0019559726624226448,0.0012446014705018715,-0.026138065156745327,0.000889019254893153,0.009957222743212757,-0.026138065156745327,0.023470875661163237,0.03342815811404387,-0.026138065156745327,KFY,2024-01-08
True,5,0.7342650440424036,0.49650275031611185,0.60480438242588,False,False,-0.01308356187062265,-0.05213110449760461,52.303062438964844,0.005553596859265708,0.008778253029958272,-0.006986725100176394,0.008419995311770956,0.017556430564088066,-0.006986725100176394,0.000895708490756375,0.017556430564088066,-0.013436033402258296,0.044966083273393354,0.04568262043239679,-0.013436033402258296,KFY,2024-01-10
True,5,0.7088616763402086,0.5189865471718148,0.8496244066546845,False,False,-0.03330281653012124,-0.0229633886201418,59.87229919433594,0.0067641854522833,0.0130564856144888,0.00471917889839335,-0.011168918018314433,0.01950588928667929,-0.014157787217974671,-0.03271988747616783,0.01950588928667929,-0.034450272902320944,-0.035866143227302416,0.01950588928667929,-0.05961934326096252,KFY,2024-04-05
True,5,0.9496406234134037,0.7769779434163672,0.8153084896678422,False,False,-0.012788472658406214,-0.01611471779829865,64.28083038330078,0.014591918714527807,0.02293017821758525,0.0016377396149065415,0.03871333608769745,0.053454218431530975,0.0016377396149065415,0.06030372146565566,0.0726622952840128,0.0016377396149065415,0.06298382620112442,0.0726622952840128,0.0016377396149065415,KFY,2025-01-13
True,6,0.9064767550359513,0.9064767550359513,1.3336820083682008,False,False,-0.021853821963673248,-0.04455581679307019,63.83097839355469,-0.012895427381779623,0.0001499339192159166,-0.014844818399818105,-0.024891309986285748,0.0001499339192159166,-0.04393471278372152,-0.0262408064396219,0.0001499339192159166,-0.04393471278372152,-0.028340023144811433,0.0001499339192159166,-0.04888294468766485,KFY,2025-02-19
True,6,0.9661030099527118,0.7570658241270266,0.5479362076666404,True,False,-0.016557690964756566,0.0029317668114487994,71.44996643066406,0.011541159775293242,0.015071399539408947,-0.0033943265638142206,-0.0067888295787867925,0.025526088388667878,-0.007060442243857379,0.005159587361146523,0.025526088388667878,-0.007060442243857379,-0.027019601520113512,0.025526088388667878,-0.030957156528898966,KFY,2025-07-16
True,5,0.7956984175164251,0.7580641853367971,1.0423399734611971,False,False,0.0039011664980816985,-0.05101423962807938,60.7464485168457,0.0,0.014734453888332277,-0.0016191463218713231,0.015058228243007177,0.029306976381926475,-0.0030764687794401224,0.03724090647027434,0.049222860853279204,-0.0037241110452536086,0.034791131073313775,0.049222860853279204,-0.0037241110452536086,KFY,2026-03-19
True,5,0.8666641235448566,0.5666647593253116,0.8671589363336798,False,False,-0.0035481454142203273,-0.09504639270305681,35.75817108154297,0.008900882140521649,0.014908903735125989,0.0037829566823563976,0.015799479186113574,0.016244442580053642,0.0037829566823563976,0.01134877141476398,0.018914420057854375,0.0037829566823563976,0.028482822849669187,0.031153027024144686,-0.007342853328655696,KO,2019-02-27
True,5,0.9242416360816503,0.873737344546235,0.784629157840679,False,False,-0.06277571285443584,-0.005732579799136217,38.68929672241211,0.010151282265417283,0.030021654746623216,-0.0023757561699421226,0.014903028120124562,0.030021654746623216,-0.004967428694590548,-0.01209485112994102,0.03218152911224714,-0.01987024342359922,-0.041900710173673916,0.03218152911224714,-0.06025906494205269,KO,2020-06-15
True,5,0.9473692664142255,0.48420917373723565,0.7144995669253404,False,False,-0.04383893392566596,-0.00443137259662163,37.54450988769531,-0.030269553106115454,0.0017802637767376783,-0.03160499398156391,-0.0055644809607087176,0.0017802637767376783,-0.03160499398156391,-0.0011129774758719124,0.013353659937894502,-0.03160499398156391,0.0048961254890740324,0.013353659937894502,-0.03160499398156391,KO,2020-06-25
True,5,0.7343716472355367,0.6249970197649252,0.6942892322715438,False,False,-0.030925845282370967,-0.010805355905037062,39.01518630981445,0.011351640077331915,0.012422517017115497,0.002570318446829978,0.023774010649813437,0.029771068876196738,-0.0019273505031144333,0.026558340145784065,0.04197923005443949,-0.0019273505031144333,0.037052985173350095,0.04412091893662207,-0.0019273505031144333,KO,2020-08-04
True,7,0.9180341196187866,0.540982940190617,2.0923003798917996,True,False,0.0073102489778258395,-0.0020426799199582124,45.62479019165039,-0.01730546940222477,-0.013769953279658576,-0.03275023816862166,-0.012281416841516513,-0.00651294776098843,-0.03275023816862166,0.007815545893004927,0.013025795586532718,-0.03275023816862166,-0.029028537411169397,0.02214376125631845,-0.03275023816862166,KO,2020-12-18
True,6,0.8834960445616397,0.7766992089123264,0.9272459226844361,True,False,0.0003517849643790427,0.006371564730893953,49.042213439941406,-0.0038692072150529055,0.002989733557943408,-0.004924387586719203,-0.01494890916560998,0.002989733557943408,-0.01688342919407948,-0.02321477658659432,0.002989733557943408,-0.02374243395055653,-0.0015828256763587012,0.002989779351312505,-0.02479771433434652,KO,2021-08-19
True,6,0.9214280070081566,0.3857128454690829,1.3314951951969587,False,False,-0.006403940640060779,-0.008682872316284174,52.99203872680664,0.03867129250202184,0.03949765265570937,0.006775732276485202,0.02412820172270247,0.03949765265570937,0.006775732276485202,0.03239135747679622,0.04148075155178721,0.006775732276485202,-0.043463919959946806,0.04148075155178721,-0.04974389102764287,KO,2022-02-24
True,5,0.9263161698864052,0.8947345173608738,0.9133691538409695,False,False,-0.011603726563835681,-0.008767823013850595,55.26783752441406,0.0051462811078750725,0.012705000773569397,-0.0017691302140880882,0.005628813983748815,0.012705000773569397,-0.010775176506807704,-0.013187483382950949,0.012705000773569397,-0.02235441343062672,0.030234746618818864,0.033290430735885446,-0.02235441343062672,KO,2022-07-14
True,6,0.9466654459635341,0.5599975585937491,1.5984126822791427,False,False,-0.04128651728604715,-0.04937136350364735,55.107845306396484,-0.013709565379552258,0.012419451967031092,-0.017741823801504464,0.0049998646702096305,0.012419451967031092,-0.017741823801504464,0.005161222082692873,0.014193501728097635,-0.017741823801504464,-0.032675948975061986,0.014193501728097635,-0.03966200256506325,KO,2022-09-01
True,6,0.9655186021528916,0.8390809637603279,1.2346865856366076,False,False,-0.031072500789089297,-0.03940588929316491,55.38936233520508,0.0040695623116517865,0.015464657256284431,0.002116136980600425,-0.027836591336260708,0.015464657256284431,-0.028487823436117,-0.019534381189958205,0.015464657256284431,-0.033045702606246286,-0.012860202580043278,0.015464657256284431,-0.033045702606246286,KO,2023-01-13
True,6,0.9855096500975817,0.5217410534113927,1.2563749932163322,False,False,-0.01846103145364575,-0.03408361261521564,54.172115325927734,0.0024966736251483823,0.008155797393900599,-0.0004993368108753282,0.014147770263775561,0.02946054684399524,-0.004660607362615532,0.006824288187469829,0.02946054684399524,-0.004660607362615532,-0.004161146181279385,0.02946054684399524,-0.014147868115079398,KO,2023-01-20
True,6,0.8055567329292566,0.5694432670707407,1.1014184844689143,False,False,-0.0035965648612908963,0.0039531225838624895,55.79985809326172,-0.008531612640708341,-0.00032816747810449076,-0.010336380590452388,-0.011156650599777218,-0.00032816747810449076,-0.015914705307700783,-0.009187769584589334,-0.00032816747810449076,-0.015914705307700783,-0.02690715180988701,-0.00032816747810449076,-0.030024501541636495,KO,2023-08-18
True,6,0.8780424264979488,0.390240044659473,1.4690250267591822,False,False,-0.02842977572179839,-0.021312051807395038,53.81321716308594,-0.007655663093830145,0.0064647518782321445,-0.008166084888926561,0.0017013766115263618,0.0064647518782321445,-0.013099751221642975,-0.005784297685401896,0.0064647518782321445,-0.013099751221642975,0.002103664527463689,0.008791269753957831,-0.013099751221642975,KO,2023-09-06
True,6,0.9137923096654248,0.6321824212780991,1.7903987415935363,False,False,-0.050732275546602645,-0.07743043945175054,49.0357666015625,-0.004892709378368498,0.00018821759902909463,-0.019382744435584742,0.01072641716102285,0.022393675517015987,-0.019382744435584742,-0.004704603050527667,0.022393675517015987,-0.019382744435584742,0.026910018272297,0.035378229638926895,-0.019382744435584742,KO,2023-10-06
True,6,0.7196232361476514,0.4205580155012305,1.552424461035008,False,False,-0.012652985973570785,0.003902728223234453,66.06813049316406,-0.020734133193343607,-0.01079900091201702,-0.0413244940872709,-0.03642905132082219,-0.01079900091201702,-0.0413244940872709,-0.05601135237991417,-0.01079900091201702,-0.05658731960929786,-0.05874719187147981,-0.01079900091201702,-0.06925840008300033,KO,2024-10-22
True,5,0.8795201764868172,0.8795201764868172,0.6943619567907923,False,False,-0.002898169907512127,-0.05874719187147981,62.18681335449219,-0.02554689944116939,-0.007801759183398094,-0.03350162553678715,-0.02218146351038841,-0.007801759183398094,-0.03350162553678715,-0.03319563977205109,-0.007801759183398094,-0.034419470755535087,-0.042527128739594744,-0.007801759183398094,-0.06088420326015598,KO,2024-11-05
True,5,0.8863660008322869,0.7386339991677151,0.6976006977431144,False,False,-0.024634387631458532,-0.021621012594671307,66.78047180175781,0.013880875809003657,0.014603770855019738,-0.0011567311187630214,0.0017350523531798334,0.014892995124051955,-0.008964742852733742,-0.007084958957163545,0.014892995124051955,-0.01416994893806689,0.017495615813916343,0.03123183426134246,-0.01416994893806689,KO,2025-03-14
True,6,0.8518516192838447,0.4773645625657376,0.8391308199684424,True,False,-0.020974226861991796,-0.001380128053635521,69.8607177734375,0.002764398504977228,0.015618583996378721,-0.009122272183897273,-0.009675230954448666,0.015618583996378721,-0.017277207697040553,-0.008707642333815047,0.015618583996378721,-0.01852116801917303,-0.046855642767154926,0.015618583996378721,-0.050449365840794735,KO,2025-04-29
True,5,0.7631658200654505,0.3684321480916327,1.0220880925620166,False,False,-0.0447513901390707,-0.04672647217732506,66.78047180175781,0.03542502327760033,0.037160169843918345,0.006361952603731069,0.040052096126492964,0.044823629868655956,0.006361952603731069,0.03889524222985141,0.044823629868655956,0.006361952603731069,0.03368997092442072,0.044823629868655956,0.006361952603731069,KO,2025-05-14
True,5,0.9418569578254444,0.4186050637852418,0.8054282297443307,False,False,0.007095332943261923,-0.009407505541018546,65.37026977539062,-0.0038974292419469148,0.0010493832089923938,-0.011242623435815058,-0.015589833678251619,0.0031479909666354278,-0.01813814996319074,-0.005846260573384554,0.0031479909666354278,-0.02038671633707312,0.0011993167302584151,0.00824475608615094,-0.02038671633707312,KO,2025-09-23
True,5,0.9200032552083368,0.49333699544270665,0.7887700143371599,False,False,-0.0025676173534009417,-0.0025676173534009417,64.71372985839844,0.004239722957294578,0.009085265875802273,-0.0012115272668836718,0.00090849522020231,0.011962448348634691,-0.0027256334670424653,0.00090849522020231,0.014385258057646455,-0.0030285449149858312,0.011508156297017846,0.020593623994191956,-0.0030285449149858312,KO,2025-09-29
True,5,0.8539355701476166,0.4606785879609742,1.0727938593685309,False,False,-0.023627506341240112,-0.03024779085210627,69.32269287109375,-0.0022776137695317278,0.0054092321451015835,-0.005978603259053528,-0.016227791752473797,0.006263336545085263,-0.020782947354203052,0.010249096878541142,0.015231281411554054,-0.020782947354203052,-0.0005694309564414635,0.015231281411554054,-0.020782947354203052,KO,2025-12-08
True,5,0.7468347706838442,0.4177233526804233,0.8511447767456558,False,False,-0.009477379611575576,-0.023992994187916783,74.76728057861328,-0.007441812908849932,0.006644533599228231,-0.007973386545213845,0.013554734299758397,0.023255775220703878,-0.007973386545213845,0.011029911844991913,0.023521514014456013,-0.007973386545213845,0.038936837805540137,0.04039863987549697,-0.007973386545213845,KO,2026-03-25
True,5,0.7065248038744122,0.5108719088451301,1.004345431793097,False,False,-0.03504041123405022,-0.038574166528331566,78.25476837158203,-0.024631839554786428,0.016251871454654676,-0.024758834676556707,0.009903471860071456,0.025139548711147652,-0.024758834676556707,0.061325382477484425,0.06462657734252941,-0.024758834676556707,0.021407410288905915,0.06703907308525037,-0.024758834676556707,KO,2026-06-03
True,7,0.9431813091620559,0.7159079907696015,1.3780738186662487,True,False,-0.0063673177505289,-0.004253745404309561,62.354366302490234,-0.016631282499510736,0.005034960275924982,-0.022734331430758203,-0.008239291469141707,0.023802185063290127,-0.044095278332263566,0.0003050932339105916,0.023802185063290127,-0.044095278332263566,0.057522157189638046,0.07720480902946547,-0.044095278332263566,LNG,2019-02-27
True,5,0.9802640164633833,0.5394769863976279,0.8982700740267313,False,False,0.006307697574724047,-0.025331557189582354,62.230682373046875,-0.006421162970318917,-0.0007644940869412364,-0.011007547224258007,-0.01467683009060039,-0.0007644940869412364,-0.01849870150361299,-0.014370946583790012,-0.0007644940869412364,-0.03164668058081366,0.037609204702882204,0.042654217334157085,-0.08255645445889481,LNG,2019-04-26
True,5,0.8222223164123175,0.7333334746184783,0.8485763968173116,False,False,-0.010309187397419706,-0.033072649849302915,61.193660736083984,0.014303479757038495,0.018345801647874804,-0.011504917047042262,0.010105506630873728,0.018345801647874804,-0.06700894845951832,0.02052239213028706,0.06032361266432651,-0.06700894845951832,0.03233833187327084,0.06234467010708422,-0.06700894845951832,LNG,2019-05-06
True,6,0.9612409003572957,0.4011627434179845,2.233366564347465,False,False,0.011206127074540495,0.0007699865457713173,61.81205368041992,0.04463652314579081,0.049715703660453414,-0.007079687452744343,0.032938548015605695,0.049715703660453414,-0.007079687452744343,0.04371253431092326,0.050177146196976885,-0.007079687452744343,-0.001230956538890382,0.051716541621924295,-0.02031666299504542,LNG,2019-05-09
True,5,0.9750003814697278,0.7900009155273443,0.9994098410120561,False,False,-0.04751237096040217,-0.04708692827983152,60.841644287109375,-0.014699040808884622,0.008444031836929433,-0.015637235597113053,0.012353291109462594,0.02783422024588389,-0.04487886575923816,0.028147178128255623,0.040500595801535866,-0.04487886575923816,0.015949756202038534,0.06536353386836136,-0.04487886575923816,LNG,2019-05-29
True,5,0.7608694750779859,0.6811602215290012,0.8155172223021344,False,False,-0.026352543449083665,-0.06827894953879388,60.109066009521484,0.024691330602439,0.04036093331433088,0.0018993294044611364,0.040677705365872896,0.05318168011884539,0.0018993294044611364,0.06995892869756104,0.07629007091305429,0.0018993294044611364,0.035296112622833276,0.07834763484445384,0.0018993294044611364,LNG,2019-05-31
True,5,0.993547021588683,0.7548360421732422,0.8492739675620595,False,False,-0.026643550480796252,-0.026925240575263243,63.952701568603516,-0.0031238635053397745,0.006545902039757134,-0.011008404896313606,-0.013983988014900528,0.011901086516453718,-0.024992584212090496,-0.00788424949702704,0.013984266186407135,-0.024992584212090496,-0.05162155960306636,0.013984266186407135,-0.05667958022182751,LNG,2019-07-18
True,6,0.7058818249544481,0.7058818249544481,1.4350465735196274,False,False,-0.015992677239443642,-0.03720114252513307,62.0499153137207,-0.001073219356212296,0.0062864210981767865,-0.011346114187625544,-0.02652567657483118,0.0062864210981767865,-0.04461828908632337,-0.0576510051971556,0.0062864210981767865,-0.08279685038877305,-0.06807728482695785,0.0062864210981767865,-0.09383633957092441,LNG,2019-07-30
True,5,0.9099110245069278,0.6396406613535706,0.5093009751506778,False,False,-0.03930199961499592,-0.010414958259005291,56.0466194152832,0.018163206063590565,0.029875963971412567,-0.006790131169007285,0.0018672384860489721,0.029875963971412567,-0.012731311664858413,0.05024603048470677,0.07112532835173768,-0.012731311664858413,0.08810045544311174,0.09913424179706287,-0.012731311664858413,LNG,2019-08-28
True,5,0.8942302754649168,0.37499908300627205,0.6071482225044728,False,False,-0.010950545895078823,-0.055184838895238175,59.29087448120117,0.005295202965087231,0.010269489493339723,-0.008183617518863318,-0.043966616711962225,0.010269489493339723,-0.04621313791049009,-0.01572534121542346,0.010269489493339723,-0.04621313791049009,0.0016046069591173495,0.03562257370314126,-0.04621313791049009,LNG,2019-10-03
True,5,0.9500019073534804,0.933337995752948,1.0048461511886104,False,False,-0.02444068323130555,-0.002450158015871118,58.101627349853516,0.020468396249673226,0.020959615863736847,0.0001638609866698726,0.030948080666834965,0.03340430346624257,0.0001638609866698726,0.015064546349670138,0.04765006375780545,0.0001638609866698726,0.07073846071625134,0.07761578442198225,0.0001638609866698726,LNG,2019-12-31
True,6,0.9190754759001459,0.83236936863436,1.2090192721075272,False,False,-0.047891952308558916,-0.08487541090762374,56.9314079284668,-0.010026716961622162,-0.002172482291465716,-0.011196561697976892,-0.010360804616547314,0.007854441106848853,-0.021390285285422972,-0.036597540361721914,0.00885688482454361,-0.06534087709628178,-0.08489290601114552,0.00885688482454361,-0.0899062735567766,LNG,2020-01-30
True,5,0.8799999606224804,0.8012904505575863,1.092245029064969,False,False,-0.05391626371815694,-0.32277259616043463,33.5556640625,-0.019847060439160624,0.06974747721761876,-0.04451388190370675,-0.0983838758876342,0.06974747721761876,-0.23277562877146962,-0.15225399753717883,0.06974747721761876,-0.23277562877146962,-0.0774028877215448,0.06974747721761876,-0.23277562877146962,LNG,2020-03-16
True,6,1.0,0.361539612719971,0.8842035759137223,True,False,-0.007280339701617011,-0.030033719830844685,46.703922271728516,0.0016297272442808985,0.0036668488428779344,-0.028315222026784492,0.01853738166957486,0.03279692055459593,-0.028315222026784492,0.06335312480371691,0.08657576648071919,-0.028315222026784492,0.08739064193676249,0.16418829095916898,-0.028315222026784492,LNG,2020-07-29
True,6,0.9363042622568435,0.579617849870983,0.68108730463322,True,False,-0.016796574059159908,-0.027107549819747057,46.78003692626953,0.006304764877674618,0.008745255945844077,-0.01708343615439456,0.05979260066740033,0.06711415082317873,-0.01708343615439456,0.08033356312829709,0.08907873954353951,-0.01708343615439456,0.0902990645273718,0.1622940686496246,-0.01708343615439456,LNG,2020-07-30
True,6,0.9117655308597641,0.41176553085976403,1.406681018605679,False,False,-0.04792635249834587,-0.031683411243669024,49.13949966430664,0.03194581428973442,0.039690277821606834,0.0011616862283923002,-0.012003920312848693,0.040464773646404106,-0.02710554199696935,0.014133542934218424,0.040464773646404106,-0.02710554199696935,0.007744597440152212,0.058083197572377454,-0.02710554199696935,LNG,2020-08-21
True,5,0.8708478202727997,0.8339480018580803,0.8265277167117256,False,False,-0.05317253207709838,-0.06947768460787596,44.72502136230469,0.01106163592563747,0.0221231239755304,0.0010638164768375091,-0.014464796310189487,0.0316954967123364,-0.015315698724909343,0.02722860947378436,0.03871555043578723,-0.015315698724909343,0.06445440771533129,0.09593719410319346,-0.015315698724909343,LNG,2020-10-02
True,5,0.9628244616885636,0.4572484854672937,0.9756329507465198,False,False,-0.03568580944508615,-0.05482419821245976,45.76204299926758,-0.004781662928691421,0.0008316525628422333,-0.026611170301784615,-0.0016630203867959992,0.02058242662987131,-0.026611170301784615,0.029106191145646054,0.040124878520879204,-0.026611170301784615,0.07068611886469478,0.13866954631630923,-0.026611170301784615,LNG,2020-10-29
True,6,0.973243583920634,0.47826009298148275,0.7277708193927331,True,False,0.013850129604813244,-0.02160099863478049,68.94752502441406,0.021802040258534605,0.022215987761945,-0.006347548015731341,-0.0037258675082355586,0.02580369574849417,-0.010487255559259445,-0.009245232702119854,0.02580369574849417,-0.025941888263014024,0.00896925890967104,0.02580369574849417,-0.02704572792812221,LNG,2021-03-25
True,6,0.899279736429363,0.658272053526464,1.2179379915377813,False,False,-0.035186092861432816,0.0012395393858228854,100.2293930053711,-0.014378333027714185,0.0130449848662757,-0.031137063619789962,0.014663780526041004,0.03789747195258841,-0.031137063619789962,-0.027137836202917986,0.03789747195258841,-0.031137063619789962,-0.039611511283130674,0.03789747195258841,-0.06589234356278229,LNG,2021-12-02
True,5,0.9316245818507461,0.6752140467718544,0.7368131540967616,False,False,-0.012017479601104886,-0.040334188829100226,96.50729370117188,0.04400697455785263,0.054192878815506385,0.009889129653238848,0.02798637785622149,0.054192878815506385,0.009889129653238848,0.026503224974077755,0.054192878815506385,0.008900293822527328,0.03579891985424766,0.054192878815506385,-0.007219317363877709,LNG,2021-12-20
True,6,0.9363288923813265,0.3988755938136222,1.3244949326798865,False,False,-0.06964603884714138,-0.031238611954792828,100.3343505859375,0.04518218505266214,0.051174812432267514,-0.0030438205144055486,0.04784570387826825,0.08304011377525011,-0.0030438205144055486,0.06439658234978518,0.08798638521519586,-0.0030438205144055486,0.11134395314007484,0.1282287176581014,-0.0030438205144055486,LNG,2022-01-24
True,5,0.8880778904966531,0.37956209799426455,0.6698965326186396,False,False,-0.057070464538610755,-0.020585061719530562,121.13471984863281,-0.005372804186083768,0.0064792837252096724,-0.020227399333083596,0.0418774645926876,0.04685537970680431,-0.020227399333083596,0.061077747763011114,0.07624852462971532,-0.020227399333083596,0.09505402972910493,0.1806259970380093,-0.020227399333083596,LNG,2022-03-15
True,5,0.8185751973674458,0.44492414268129743,0.6454297096486771,False,False,-0.05826665167376355,-0.05136608990053659,119.22920989990234,-0.015286917494938934,0.009091540327002656,-0.023734925885268265,-0.0009654066766826563,0.009091540327002656,-0.03218280824918618,0.06291735825776579,0.06299777105584359,-0.03218280824918618,0.15986787743820852,0.16397113930781426,-0.03218280824918618,LNG,2022-07-12
True,5,0.9650524623247458,0.4758053930777609,0.7202138939531477,False,False,-0.06115964788315986,-0.07895914499159917,118.83589935302734,0.002341092827139457,0.011705024175356238,-0.013722824889767504,0.06643529021044414,0.06651596915033409,-0.013722824889767504,0.10768481295557497,0.10946112618399062,-0.013722824889767504,0.1792057284836941,0.19325162401637042,-0.013722824889767504,LNG,2022-07-14
True,5,0.8211143826237917,0.5454541386624236,0.8799145185303581,False,False,-0.06961260164873162,-0.06125940183016432,148.1145477294922,0.023552476167566505,0.024333186144728902,-0.0037735643504791527,0.014443636880610455,0.024333186144728902,-0.03949236411479029,-0.027586128743303018,0.03532878777841009,-0.03949236411479029,-0.05797038890637374,0.03532878777841009,-0.12166556232126302,LNG,2022-12-20
True,5,0.7129324328877661,0.6025251625759929,0.9682240676377207,False,False,-0.04741936831277482,-0.08174019448515646,144.41409301757812,0.0006672427248355373,0.005938784255998586,-0.018417238448952156,-0.034498826223368195,0.005938784255998586,-0.09915919372087267,-0.04657671199268154,0.005938784255998586,-0.09915919372087267,0.04437465251076622,0.04570931282990043,-0.09915919372087267,LNG,2022-12-29
True,6,0.9690002441406255,0.7309997558593766,1.8824341760412886,False,False,-0.06957762362966602,-0.04978004008724568,139.43197631835938,0.0006907560167015436,0.003109762084650969,-0.014375882701399334,-0.008293559050337462,0.006980442612590787,-0.018522399886835905,0.03296707505755747,0.04526922981509318,-0.018522399886835905,0.0407767109288939,0.0830740979211122,-0.018522399886835905,LNG,2023-01-04
True,6,0.9836323905850026,0.6710320284697522,0.8173598319180827,True,False,0.015395982229500449,-0.01640283871986914,145.93150329589844,-0.014765207057010121,0.00033112412014379977,-0.01734747157332539,-0.04734159667419757,0.00033112412014379977,-0.05806801067040268,0.07144287392195992,0.08250026828972912,-0.05806801067040268,0.08137452533086598,0.09117387388331921,-0.05806801067040268,LNG,2023-02-15
True,5,0.9156336374995251,0.7766763848396505,1.0785586721294254,False,False,-0.04094034098115351,-0.10066124451194902,141.92160034179688,-0.02049280000137621,-0.0008168751648840455,-0.0335646849968142,0.014161097536666611,0.022943730108591742,-0.03397333767001198,-0.0015659650268885494,0.031454228393613226,-0.03397333767001198,0.06815092698893688,0.06924027660120435,-0.03397333767001198,LNG,2023-03-16
True,5,0.9763353678355985,0.5325490266893068,0.744540920434952,False,False,-0.014247282474637135,-0.017394230578311465,145.73825073242188,0.0016575050711424844,0.0028508530481683447,-0.007690792077470143,0.01306111064461457,0.018564006979770564,-0.0094808412550903,-0.0028507705184176446,0.018564006979770564,-0.015381833587122862,-0.048398813037490385,0.02512777874860861,-0.04965852564325712,LNG,2023-04-19
True,6,0.8713470295866441,0.8128667842557579,3.039794340687658,False,False,-0.04004151300943248,-0.021698055902785507,135.40914916992188,0.01760062401300666,0.029763444847687337,-0.013736508156461102,0.025899987987614503,0.057952560369016526,-0.013736508156461102,0.039136036773676164,0.057952560369016526,-0.013736508156461102,0.05172808196007872,0.06117236635139478,-0.013736508156461102,LNG,2023-05-31
True,8,0.9635257559829318,0.8642353595943346,1.782881130968917,True,True,0.038037628275959134,0.05141293131570346,159.6873016357422,-0.00952493615308625,0.010677709241993183,-0.010859652130386976,-0.007591779550392697,0.010677709241993183,-0.02997231115083132,0.015032010172315813,0.037412681367294365,-0.02997231115083132,-0.006314697943205827,0.037412681367294365,-0.02997231115083132,LNG,2023-08-03
True,6,0.9396554275585633,0.6831893504161634,1.2638398717883144,False,False,-0.04261777337309136,-0.018688917306546204,168.20217895507812,-0.005325810841728118,0.012561284363655778,-0.0075834045246531145,0.0010416120475016388,0.020896933955688368,-0.0075834045246531145,-0.015340236651499417,0.020896933955688368,-0.020781639051795753,-0.009667342749873908,0.023733712604534052,-0.020781639051795753,LNG,2023-12-06
True,5,0.9508923705722117,0.3616076294277998,1.0471625485030311,False,False,-0.022025639479146597,-0.02777777777777779,162.5548553466797,0.002336106679733163,0.003953383105979258,-0.014914506743209932,-0.013716823919960208,0.015034312663252392,-0.014914506743209932,-0.018688102489440972,0.015034312663252392,-0.020005869766068662,-0.02683448486580786,0.015034312663252392,-0.04097039098932964,LNG,2024-01-08
True,6,0.7637392580171859,0.5164871096206166,1.1399228970486002,False,False,-0.01763890665112766,-0.027301184362298447,150.61358642578125,0.01646453127729064,0.022039176586321707,0.00032406322120714925,0.04991240664712593,0.056589004097672424,0.00032406322120714925,0.030012019518141253,0.056589004097672424,0.00032406322120714925,0.02301144042537584,0.056589004097672424,0.00032406322120714925,LNG,2024-04-16
True,5,0.9573838144325403,0.4772700672339587,1.0358463333135615,False,False,-0.010102000898979169,-0.05571260917072307,207.26943969726562,-0.019128272970145632,0.0057910433569881015,-0.024681711917596272,-0.008496195046824861,0.0057910433569881015,-0.03455460584484826,-0.0009016748861311319,0.0057910433569881015,-0.03455460584484826,0.047085642182012055,0.05468005466969661,-0.03455460584484826,LNG,2024-12-17
True,6,0.9228967464544697,0.7780380328990998,0.7650114597910809,True,False,0.02272120147500578,-0.0917865624624733,225.8438262939453,-0.00675202138032005,0.0016989393225723681,-0.017511741474861675,-0.04765642307856799,0.01624842936713522,-0.06682349845776303,-0.032855161993178617,0.01624842936713522,-0.06808985266658663,-0.0584407665452259,0.01624842936713522,-0.09795426252623685,LNG,2025-02-03
True,8,0.7984106323528523,0.5342595174165228,1.9161983895127987,True,True,0.02794106067528168,0.059705487947829594,231.46990966796875,0.013848936940509704,0.01771977791046986,-0.006537242787690523,0.058320146883124035,0.10008175649462059,-0.006537242787690523,0.07324419372097313,0.10008175649462059,-0.006537242787690523,0.09173800885612637,0.11496279357851558,-0.006537242787690523,LNG,2026-02-26
True,7,0.9263344642378746,0.8723133211313028,1.1171137371077196,True,False,-0.03013108192225833,-0.06575464290047739,273.9789123535156,-0.03430116774364511,0.019694018189111873,-0.04709136009257597,-0.04945308624964784,0.019694018189111873,-0.060026843648284034,-0.0670760606704961,0.019694018189111873,-0.07056433264130679,-0.06442344460594263,0.019694018189111873,-0.104538361149488,LNG,2026-04-08
True,6,0.927031089472698,0.3996690132647729,1.40383243782987,False,False,-0.04300893914483361,-0.016824559334736033,230.90858459472656,-0.018927463973184122,-0.00821057320617291,-0.0333175153273344,0.012142940924777745,0.01944600655666262,-0.0333175153273344,0.015945733860003086,0.02372408295311823,-0.0333175153273344,0.06291858922573934,0.08059283045773569,-0.0333175153273344,LNG,2026-06-17
True,6,0.9488806988806995,0.5575055575055613,0.885757721340713,True,False,-0.0236744145740998,-0.006493091733633549,212.65789794921875,0.01699198406974145,0.01920050942006024,0.004371966933102822,0.02988258092920959,0.04263780889332791,0.004371966933102822,0.041916378196692694,0.04908272001804903,0.004371966933102822,0.040068529616808846,0.06855376096123234,0.004371966933102822,MA,2019-03-08
True,7,0.960502417576397,0.6140041365896414,1.1108525814974954,True,False,-0.007605742138838023,-0.001221655840118796,235.45301818847656,0.008642215891243366,0.01390090366469221,-0.01622424518731902,0.0025682004690794624,0.01390090366469221,-0.020178604780325293,0.03306011302570622,0.04011239617122975,-0.020178604780325293,0.018018101506942497,0.055236150692160146,-0.020178604780325293,MA,2019-05-09
True,5,0.9623840045919789,0.39184922988614934,1.0627483741011687,False,False,-0.008542654515348636,0.01037222000211524,262.1081848144531,0.004180113988502043,0.009862931307059508,-0.0004395387275564211,-0.004326002318611466,0.01055959522375205,-0.01855133432353906,-0.030320438535895944,0.01055959522375205,-0.03750658935242612,-0.0006578364446280238,0.01055959522375205,-0.04524221635731618,MA,2019-09-25
True,5,0.9692497109653007,0.49692572183600847,0.9699573873233122,False,False,-0.02044590032097482,-0.027617123733162496,257.8223876953125,0.021506159091436272,0.023071678711788834,0.003242370178940579,-0.003339005464279121,0.023071678711788834,-0.005130326892750392,0.021887891610217647,0.0251719232298393,-0.005130326892750392,0.03188963870230355,0.04655572158932797,-0.005130326892750392,MA,2019-10-03
True,6,0.9916856042072154,0.9121116898085222,2.2965675736314854,False,False,-0.1455694845145492,-0.13574914439199726,279.6366882324219,0.05681276113469891,0.0575707323967003,-0.002790969872510929,0.04172251090920298,0.08385859424423403,-0.002790969872510929,-0.01116310083830474,0.08385859424423403,-0.04006925667467098,-0.06973290254918219,0.08385859424423403,-0.16992268632861873,MA,2020-02-28
True,6,0.8279254975979052,0.7050151387392678,1.3152685006395775,False,False,-0.042653321017156465,-0.01403505090056456,286.7463073730469,0.024598921489047187,0.04011188079297767,0.009893445297832093,0.02584390571282591,0.04011188079297767,0.009893445297832093,0.02446439763378505,0.04149156555741973,-0.0022544452737480736,-0.014267936398738912,0.04462112771890414,-0.04044823354577676,MA,2020-06-15
True,7,0.7745934801755097,0.6944625031561343,1.115927428463005,True,False,-0.0009970783414736673,0.005638342102888938,329.9508361816406,0.028650379135667148,0.03998128274617585,-0.00660474507367248,0.04083240680184641,0.08257518141431097,-0.00660474507367248,0.06528525377158667,0.08257518141431097,-0.00660474507367248,0.09003120563597511,0.12270309608343655,-0.00660474507367248,MA,2021-02-22
True,6,0.9750747726394497,0.43270158186348856,1.2285957584850573,False,False,-0.03463163112283363,-0.020555134424530608,364.10797119140625,-0.00021288918279893654,0.008416122642588286,-0.005113274511737265,-0.020959945822217385,0.008416122642588286,-0.04317150370109879,-0.041174025172888595,0.008416122642588286,-0.052838964108432585,-0.02072023595497141,0.008416122642588286,-0.053558094231686226,MA,2021-05-06
True,5,0.8633533308691806,0.6832270273173254,0.9775035188027323,False,False,-0.022079902189697687,-0.055157276759859375,356.4762878417969,-0.029895689715320084,-0.00606605775938851,-0.032561505681182545,-0.010064707561800113,-0.00606605775938851,-0.032561505681182545,-0.012349868568784506,0.006066360820194072,-0.032561505681182545,-0.0010607811050666882,0.016702608302623156,-0.03329603142421511,MA,2021-05-11
True,6,0.970591185803511,0.6314922465271706,1.1125674190233201,False,False,0.012225944979805892,-0.022105380449669698,350.0471496582031,0.018615830648511356,0.023352910628360757,0.004182839940895633,0.031580741468543394,0.03534822274829885,0.004182839940895633,0.004626190406652908,0.03537586865277942,0.0029640316967656233,0.0023270442170657546,0.03537586865277942,-0.003989059856235877,MA,2021-05-19
True,7,0.7651528579465362,0.478537465031869,1.2183344216343628,True,False,0.008207698811291353,0.015118069116416777,356.16607666015625,0.000353787427650909,0.008412789535937826,-0.014402978023856705,0.029268219538422624,0.03122852627249295,-0.014402978023856705,0.020310688595946313,0.03476791945772506,-0.014402978023856705,0.009311147003003173,0.03710938978457268,-0.014402978023856705,MA,2021-06-17
True,5,0.9652294972029145,0.42559061468069237,0.9166658864723671,False,False,-0.019207892782870162,-0.031178451533818152,352.96435546875,-0.0009078383280004543,0.002475317821462264,-0.010369830375433153,-0.017191172422188705,0.005831165344977407,-0.024315157985608904,-0.0070139589221313026,0.005831165344977407,-0.028138638661597826,-0.02890859849129379,0.006986500329874801,-0.0327596118507425,MA,2021-08-16
True,6,0.8412395784174959,0.6742299826962403,1.1466316938264256,False,False,0.0020845995712854837,-0.019352064667365165,345.36248779296875,-0.007533641464161578,0.006493912411901226,-0.009782504229245204,-0.0173160559513178,0.006493912411901226,-0.031062717337404178,-0.04357233000949556,0.006493912411901226,-0.047226838558276474,-0.022235893100175153,0.006493912411901226,-0.047226838558276474,MA,2021-08-27
True,6,0.9651464717880708,0.3511021360729801,1.7144522117782555,False,False,-0.06105242334789118,-0.054727380908457524,340.11077880859375,-0.030507548397227358,-0.0068111377100203985,-0.04587586101139618,0.003176652683999137,0.029219826432664853,-0.04587586101139618,0.10577536508221352,0.10626183672194767,-0.04587586101139618,0.07644110455595676,0.14452514056396026,-0.04587586101139618,MA,2022-01-24
True,6,0.7027535379238177,0.5071222181326016,0.6391392887177598,True,False,-0.005237954841957326,-0.03162722875395885,364.1915588378906,0.019724348321062735,0.02381350535101756,-0.002031092646603283,-0.0012291109584359194,0.028971746801915055,-0.005318268547717109,-0.01568825898209203,0.028971746801915055,-0.02768853061862875,-0.07932407947189457,0.028971746801915055,-0.08803695800236033,MA,2022-02-14
True,6,0.960314634754947,0.8019156220081468,1.3970303931723314,False,False,-0.03538487990797101,-0.03143936058781649,359.5390319824219,-0.0007852224379581996,0.008690113540168687,-0.02079167458450648,-0.06741029803397314,0.008690113540168687,-0.0762359234368103,-0.07685868584948696,0.008690113540168687,-0.08308535863962119,-0.12125732352972385,0.008690113540168687,-0.1726408322986721,MA,2022-02-24
True,6,0.8683662626454616,0.7593777267111884,0.8685915198000972,True,False,0.005891201135673763,-0.01823969838090056,346.15814208984375,0.00754629984721733,0.02199132061765341,0.004871264174500789,0.024581963534930695,0.02683464812690972,-0.0054064711901543605,0.026186754545350466,0.05654097440931283,-0.0054064711901543605,0.0667059863826831,0.07554761070372584,-0.03255070950610084,MA,2022-04-13
True,5,0.9411022280574266,0.5979532506506042,0.9274364715380837,False,False,-0.035510284562361494,-0.016857834058440768,336.4678649902344,-0.03687592054658617,0.0028142833459168237,-0.037630205039890896,-0.04891650436687933,0.0028142833459168237,-0.05541544508912699,-0.056343822738429195,0.0028142833459168237,-0.07386785463428847,-0.025589505811999702,0.0028142833459168237,-0.07386785463428847,MA,2022-08-25
True,6,0.7519914799527516,0.44907028228062923,2.0044651627998356,False,False,-0.0470280928568525,-0.10946776188601737,283.2745056152344,-0.011751132984908264,0.0065134598637788255,-0.01836765845250099,0.0010342220856187634,0.00885691762576335,-0.020125315397336863,0.04831519297022013,0.056585902910258,-0.020125315397336863,-0.021858068316617185,0.056585902910258,-0.0224449031664683,MA,2022-09-28
True,5,0.9207973376040419,0.8987066201448936,1.003322971379569,False,False,-0.01761198905716288,0.02672593748286456,287.4275207519531,-0.017927307378887702,0.015852783938239634,-0.020818878876911362,0.021840063492569062,0.0331341457877572,-0.020818878876911362,0.007892402392119635,0.0331341457877572,-0.020818878876911362,0.08644067346716677,0.10372188734693011,-0.020818878876911362,MA,2022-10-13
True,5,0.800452573231744,0.521538748987935,0.8147751497822726,False,False,-0.03926004739155686,-0.04670394125571875,345.833251953125,0.006683395303886286,0.013904702522502088,0.004814331764584345,0.0010763074351249902,0.013904702522502088,-0.010562756099117165,0.023731445013988273,0.02426951271494837,-0.010562756099117165,-0.01701954702078945,0.04539537902332613,-0.02234344472213534,MA,2023-02-24
True,7,0.9062949549986131,0.507154598261941,1.5463475606336183,True,False,-0.0035464105556364256,0.010875274747703445,366.533447265625,0.01702001104360762,0.022104693357615002,-0.005780818755642514,0.006315521464097307,0.023523187536369727,-0.0073061106813238075,0.006556392670188371,0.023523187536369727,-0.0073061106813238075,0.026011925497611665,0.03690405413857012,-0.0073061106813238075,MA,2023-04-27
True,6,0.8437526665294706,0.3503305241706762,1.4510593289981766,False,False,-0.05606849447484652,-0.0348207812619441,362.97271728515625,0.011701386173909478,0.015241537262937976,2.695324606372118e-05,-0.01356612512811195,0.017808995355947932,-0.03294236269784623,0.00997184268561413,0.017808995355947932,-0.03294236269784623,-0.0022159276737888645,0.028267093287651424,-0.03294236269784623,MA,2023-05-25
True,5,0.9387473862218589,0.776356230247226,0.8512465583874309,False,False,-0.003776768186096846,-0.012686397385783144,386.0615234375,-0.004223876689424144,0.007836859292441156,-0.007480787900391195,0.0004578488188258234,0.012060677994826907,-0.007480787900391195,0.010508626402952581,0.019388782287067974,-0.007480787900391195,-0.0009924537155316937,0.019388782287067974,-0.007480787900391195,MA,2023-08-03
True,5,0.7817057361996266,0.5575150336682099,0.8208198863787907,False,False,-0.03509712438244106,-0.03407810066437078,395.3738708496094,-0.01766493297768823,-0.00407452893754412,-0.022062606692565767,-0.0075777977588243894,-0.00283232902996966,-0.027354681581385654,-0.016497407957062005,-0.0007701280291945167,-0.027354681581385654,-0.017833431398951438,-0.0007701280291945167,-0.03455977423286605,MA,2023-09-25
True,6,0.9665854625800235,0.5420807130851885,1.6775624787205112,False,False,-0.009175282310842081,-0.02571541504001107,441.1056213378906,-0.008678753761290237,-0.0046301763439524635,-0.020533692895821742,-0.0009171069151148181,0.00111837663837977,-0.020533692895821742,0.006084066242848296,0.013264130704878863,-0.020533692895821742,-0.005457602519525762,0.013264130704878863,-0.020533692895821742,MA,2024-05-31
True,5,0.988727893538785,0.988727893538785,0.787734379926206,False,False,-0.024141254420954827,-0.007721338538366096,438.7178955078125,0.007938837672027299,0.010435218865349594,-0.0008320922650307816,0.003575913257096497,0.013403857718903067,-0.0008320922650307816,-0.023316440255460757,0.013403857718903067,-0.03365451704054878,0.016143745494197725,0.01695453736513164,-0.03365451704054878,MA,2024-07-02
True,7,0.7945088620385858,0.6356065818503994,1.5759135487337945,True,False,0.0014190692807094507,-0.015997276571261043,502.7117004394531,-0.004920457938777711,0.003778986371496096,-0.009939328844828399,0.025684979842901523,0.029365493123863162,-0.009939328844828399,0.032829581413837294,0.040859847182272535,-0.009939328844828399,0.0271808952144732,0.051075007725536636,-0.009939328844828399,MA,2024-11-01
True,6,0.8009640253938402,0.6276109021083135,1.117051340616459,False,False,-0.03012473215479472,-0.05687928013089616,500.3115539550781,0.00814000846274432,0.008872863074774306,-0.0013864366358511404,0.03610549310430278,0.0439880475078136,-0.0013864366358511404,0.04584966557398418,0.049652289317078324,-0.0013864366358511404,0.08407426061239054,0.09237277332832128,-0.0013864366358511404,MA,2025-01-13
True,6,0.721819317945125,0.591518181187004,1.191682013505218,False,False,-0.005291646917279347,-0.01794208229612193,553.2152709960938,-0.015188971520912808,-0.004692848927939197,-0.024377588372693215,-0.03793662735347636,-0.004692848927939197,-0.047071457107024206,-0.060290081101038506,-0.004692848927939197,-0.06992648665712553,-0.03978142250133743,-0.004692848927939197,-0.0727028304934576,MA,2025-03-05
True,6,0.7113392939658919,0.5773194457280276,1.4552299473077972,False,False,-0.058400769588603074,-0.0700976826476638,10.479999542236328,0.03053441435840476,0.04961836645774409,0.0019084407096647826,-0.008587710195106513,0.05343515687761191,-0.017175511389674658,-0.007633580839735754,0.05343515687761191,-0.017175511389674658,0.025763403583704436,0.05725194729747973,-0.02099230180954248,PAYO,2021-03-25
True,8,0.9102036113494215,0.5142856475563369,4.630266862381789,True,True,0.02251784063936979,0.005030200487486924,9.989999771118164,0.017017025043927214,0.039039074300109,-0.023022977728315297,-0.014013953238836474,0.039039074300109,-0.09709703058841235,-0.051051075131781753,0.039039074300109,-0.09709703058841235,-0.004004000277224251,0.039039074300109,-0.13513508095349103,PAYO,2021-08-09
True,6,0.9157301815642582,0.5243441478945493,1.3797241854946225,False,False,-0.11547087455141491,0.053404553750435735,7.889999866485596,-0.010139407485400764,0.009505739844289929,-0.03422053048104534,-0.017743963099451254,0.016476627817229916,-0.06590620909074041,-0.051964493580496596,0.016476627817229916,-0.07097591283344074,-0.14448667753823174,0.016476627817229916,-0.19011407165817074,PAYO,2021-11-24
True,6,0.9245283358374794,0.6226416791873971,1.787435091216458,False,False,-0.16000000000000003,-0.20933733349926886,5.25,-0.05333337329682852,-0.0019048055013021203,-0.07619049435570124,-0.13904762268066406,-0.0019048055013021203,-0.13904762268066406,-0.0057143256777808515,-0.0019048055013021203,-0.16761906941731775,-0.03809520176478798,0.08000001453217997,-0.16761906941731775,PAYO,2022-01-24
True,6,0.9333334392970789,0.4333334392970789,2.5470213785586755,False,False,-0.11428569612048922,-0.2757009283321187,4.650000095367432,0.12258057701806968,0.12473116383027172,0.0021504842665789337,0.12473116383027172,0.21935483010907686,0.0021504842665789337,0.07526879515147877,0.21935483010907686,0.0021504842665789337,0.06451606618171479,0.21935483010907686,0.0021504842665789337,PAYO,2022-01-28
True,5,0.9750000149011665,0.9125003501774133,0.967519404080634,False,False,-0.008213544721353827,-0.054794560174654894,4.829999923706055,-0.0062111249368659305,0.028985480061493263,-0.04658383192269833,-0.05590061805204816,0.028985480061493263,-0.07039340744482014,-0.12215324263094063,0.028985480061493263,-0.1366459332996619,-0.10144922957725178,0.028985480061493263,-0.1983436769812239,PAYO,2022-02-24
True,5,0.972221596741614,0.5555548196960164,1.0028172547707779,False,False,-0.00943395377648304,-0.0789473986911865,4.199999809265137,0.0738096270701829,0.13333343929715102,-0.01904760174740394,0.11904762445393624,0.13333343929715102,-0.01904760174740394,0.12380952489078734,0.1738095362440535,-0.01904760174740394,0.13333343929715102,0.1738095362440535,-0.01904760174740394,PAYO,2022-03-15
True,5,0.7704926746827467,0.5245899588981773,0.421833327442819,False,False,-0.07916668736272303,-0.026431693076513496,4.420000076293945,0.011312152270284148,0.037330307467183355,-0.005656130075996191,0.04524882484455328,0.06787323726682981,-0.006787377667537009,0.054298589813463805,0.07013573244991167,-0.038461555058724284,-0.05882358017962741,0.07013573244991167,-0.08597287508635931,PAYO,2022-04-11
True,6,0.7971009685322055,0.5507240667986607,1.5264850523853783,False,False,-0.17808223502932763,-0.1818182212262106,3.5999999046325684,0.3138889289932496,0.36388888263408026,0.1916666876386719,0.3166666379681333,0.36388888263408026,0.1916666876386719,0.33333342163651314,0.3833333752773438,0.1916666876386719,0.3666667240637336,0.3972223175160705,0.1916666876386719,PAYO,2022-05-12
True,7,0.9839996337890625,0.8159996032714844,0.4643115011090657,True,True,0.0681264534976469,0.052757742485984194,4.389999866485596,0.011389565434062554,0.020501174333733996,-0.08428243663143542,0.06605921883209209,0.08314356698318592,-0.08428243663143542,0.02505697878356994,0.08314356698318592,-0.08428243663143542,0.24373580961358043,0.3006834195460011,-0.08428243663143542,PAYO,2022-07-05
True,6,0.7692307692307693,0.5000009169954095,1.6374976198191398,False,False,0.009433907943081188,-0.020146544458951365,5.349999904632568,0.035514030020063814,0.05887851641786024,0.0037383142585096785,0.04299065853708317,0.06355143152310783,0.0037383142585096785,0.024299087244534556,0.11121500516543881,0.0037383142585096785,0.2710280956915043,0.35700941276567066,0.0037383142585096785,PAYO,2022-08-02
True,6,0.7416262648155965,0.6937794458196918,1.4318703513500473,False,False,-0.061983508528291376,-0.1027668239957018,6.809999942779541,-0.1541849813098738,0.07635829446340248,-0.1571219061162944,-0.02055798350395488,0.07635829446340248,-0.17474303483397002,-0.14096916978168772,0.07635829446340248,-0.19897210432580936,-0.18208513678959748,0.07635829446340248,-0.23935391015225527,PAYO,2022-11-09
True,6,0.9444445180303983,0.5555554819696017,1.6261409086247565,False,False,-0.0721649151503736,-0.18181813678043257,6.300000190734863,0.05873013878685662,0.07380947010677663,-0.015873075943202752,-0.071428614679106,0.10158727731894612,-0.13412702245176333,-0.12380955336405575,0.10158727731894612,-0.14920635377168345,-0.1476190915904244,0.10158727731894612,-0.17777782991870006,PAYO,2022-11-11
True,5,0.9285715502134696,0.6250002128735719,0.6701321444027335,False,False,-0.18072286647503655,-0.17700454654482434,5.440000057220459,0.023897079609102256,0.033088203390680304,-0.007352934086817808,-0.012867678478875488,0.033088203390680304,-0.018382335217044576,-0.007352934086817808,0.033088203390680304,-0.025735269303862496,-0.025735269303862496,0.033088203390680304,-0.05790442167410692,PAYO,2022-11-22
True,6,0.873240571721006,0.873240571721006,2.4318669682904153,False,False,-0.047101404518671286,-0.02230481096775072,5.260000228881836,-0.03422058884853807,0.001901093461891934,-0.039923959887662286,0.015209110308928908,0.01901138788616108,-0.04372623746489446,-0.03422058884853807,0.01901138788616108,-0.055133160850039276,0.03231931407974975,0.08365010669910844,-0.055133160850039276,PAYO,2022-12-16
True,5,0.857141744987865,0.65305963569695,0.39377082008986913,False,False,-0.03889793273705766,-0.03889793273705766,5.929999828338623,0.00843173561252386,0.010118034488434624,-0.016020201170607096,-0.03878583907782751,0.020236149387859337,-0.04047213795373816,-0.05227655172907353,0.020236149387859337,-0.06661045402376997,-0.04553119540345052,0.020236149387859337,-0.07251262070594255,PAYO,2023-04-06
True,6,0.9166668322349533,0.62499975164757,1.8117911202061292,False,False,-0.046992479686692845,-0.03612168231043,5.070000171661377,0.11439840316928351,0.12820504862375115,0.043392462079455685,0.1676528354739748,0.19723865209896285,0.043392462079455685,0.1301774802890856,0.19723865209896285,0.043392462079455685,0.1459565574088877,0.19723865209896285,0.043392462079455685,PAYO,2023-08-07
True,7,0.7674419894097751,0.6976740317706746,1.5448770902276425,True,False,-0.00491001786461398,-0.025641002128344415,6.079999923706055,-0.0065789411768027994,0.05098683333380394,-0.008223637257420813,-0.03125000980339565,0.05098683333380394,-0.034539480391796995,0.008223715684585908,0.05098683333380394,-0.034539480391796995,0.008223715684585908,0.05098683333380394,-0.034539480391796995,PAYO,2023-09-21
True,6,0.9111111582061591,0.5777764120213877,1.9599098119103657,False,False,-0.012089839744830355,-0.05298016120569693,5.71999979019165,-0.020979001741372683,0.0,-0.08741259061886208,-0.04895100406320296,0.0,-0.09090909090909094,-0.0034965002902287434,0.0,-0.09090909090909094,-0.05594400464366045,0.031468585975201524,-0.09090909090909094,PAYO,2023-11-07
True,5,0.9600009918212891,0.6000003814697266,0.7619941732897227,False,False,-0.047285460441806704,-0.03202843985836068,5.440000057220459,-0.009191211435466529,0.00827207276114228,-0.029411736347271344,0.04779407156431592,0.08455882965229367,-0.029411736347271344,0.005514656738169199,0.08455882965229367,-0.029411736347271344,-0.023897079609102256,0.08455882965229367,-0.029411736347271344,PAYO,2023-11-10
True,5,0.7891551383399209,0.6024077350859454,0.9711775957806378,False,False,-0.01544400122725742,-0.05204464755619187,5.099999904632568,0.005882394190066309,0.010784373765541089,-0.01372543061434861,0.04117647883801334,0.07352941313966888,-0.01372543061434861,-0.007843129921765946,0.07352941313966888,-0.029411783955364257,-0.0019607357316996366,0.07352941313966888,-0.0627450393741279,PAYO,2023-12-07
True,5,0.9285731315629034,0.5000017029914748,0.5516474092273459,False,False,-0.0041840962444885665,-0.0041840962444885665,4.760000228881836,0.02310917045965888,0.02941173524239149,-0.0189075941723289,0.02731084692285779,0.02941173524239149,-0.0189075941723289,0.04411755277565299,0.0504201175583856,-0.0189075941723289,0.14495788806829268,0.1575630176337579,-0.0189075941723289,PAYO,2024-02-01
True,6,0.92307861599463,0.92307861599463,2.551726115759727,False,False,-0.01627489135140736,-0.0810810832580221,5.440000057220459,-0.011029401130226768,0.0027573283690844885,-0.022058802260453536,0.027573546652511105,0.036580860230001955,-0.022058802260453536,0.018382335217044687,0.03860294778273787,-0.022058802260453536,0.009191123781578048,0.03860294778273787,-0.022058802260453536,PAYO,2024-06-21
True,6,0.7999997065615766,0.7846161972140956,2.8399818973659356,False,False,-0.015564187895738879,-0.07579908111082945,10.119999885559082,-0.012845861256028712,0.009387378271058289,-0.015316179320552292,0.008893295810834756,0.014822191096922399,-0.015316179320552292,-0.010869531415134914,0.014822191096922399,-0.026679793195910628,0.025691722512057424,0.04644271465847383,-0.026679793195910628,PAYO,2024-12-20
True,5,1.0,0.7037034420641789,0.8161675658332761,False,False,-0.05438928623298267,-0.02938297645582677,9.90999984741211,0.0,0.02522704377894458,-0.004036323155289789,0.08274467280020725,0.08779010080270311,-0.004036323155289789,0.04339054609451587,0.10494449827106833,-0.004036323155289789,0.06054494356288109,0.10494449827106833,-0.004036323155289789,PAYO,2025-01-13
True,5,0.8846165132230496,0.6538458716942376,0.7530322308636306,False,False,-0.08605070765830714,-0.054358005581899516,10.09000015258789,0.03865206974733404,0.03964317269387574,0.0029732143228458074,0.0614469649338969,0.0654112822032844,0.0029732143228458074,0.0336967440481839,0.0654112822032844,0.0029732143228458074,-0.13974230189188563,0.0654112822032844,-0.15956398275560268,PAYO,2025-02-12
True,5,0.9295771999317652,0.7605632856899162,0.789336364962428,False,False,-0.0664112370361799,0.0,7.309999942779541,0.02188780419487535,0.02325582457245612,-0.01367987762179712,-0.07934335543722548,0.034199726669893904,-0.08413129629715399,-0.15458278020331262,0.034199726669893904,-0.21887823764116032,-0.12311902905777827,0.034199726669893904,-0.21887823764116032,PAYO,2025-03-31
True,5,0.9230769230769231,0.6538470708415633,1.0685485491923878,False,False,0.023041415246775943,-0.052631628926555485,6.659999847412109,0.037537538397563575,0.04054053860548179,0.012012000831672864,0.024024073260518142,0.04354353881340001,0.010510536526299852,0.02852853777380915,0.04354353881340001,-0.007507464721209223,0.013513536734218068,0.06531530822010012,-0.007507464721209223,PAYO,2025-06-23
True,7,0.8828828441817307,0.792792459962884,1.293162476768072,True,False,0.038922190952585645,0.046757154966607706,6.940000057220459,-0.040345851224746654,0.0028818416083016274,-0.040345851224746654,-0.005763683216603255,0.0028818416083016274,-0.040345851224746654,-0.01585016319992083,0.004322728058190561,-0.040345851224746654,-0.03170032639984166,0.004322728058190561,-0.040345851224746654,PAYO,2025-07-14
True,6,0.8181833945033667,0.5454555963355778,1.5715100958691643,False,False,-0.035242257435351254,-0.025222493357530795,6.570000171661377,0.031963475290727406,0.051598133846662675,0.0015220322349167592,0.003044137047785833,0.051598133846662675,-0.006088274095571666,0.0,0.051598133846662675,-0.010654515956226462,-0.07914763582038375,0.051598133846662675,-0.09817351051353329,PAYO,2025-09-16
True,5,0.8297874930757196,0.42553329640383825,0.9850613532656454,False,False,-0.059813028136155855,-0.17269732353182,5.03000020980835,0.04174941402593224,0.05367792637463942,0.01988069591678565,-0.1411530832071326,0.05367792637463942,-0.16998011598613094,-0.08747515683249318,0.05367792637463942,-0.18886684820605426,-0.07157060009906457,0.05367792637463942,-0.18886684820605426,PAYO,2026-02-24
True,5,0.9615384968074834,0.8461539872299336,0.9481214304552275,False,False,-0.07287452011022078,-0.1510658128084913,4.579999923706055,0.0021834561241091954,0.006550264259409522,-0.03493446508240117,0.05895196188301122,0.06550222614242074,-0.03493446508240117,0.028384304935910265,0.06550222614242074,-0.038209545155646785,0.0021834561241091954,0.06550222614242074,-0.05676850575890202,PAYO,2026-03-02
True,5,0.9655180918618684,0.7586217102342422,0.89482665442196,False,False,-0.06066534925241551,-0.041916173363896636,4.800000190734863,0.0,0.03541658181283536,-0.014583368516629225,0.04166662527455389,0.04166662527455389,-0.014583368516629225,0.031249919285380123,0.04583328780200935,-0.014583368516629225,0.11458326917555861,0.15520830332405167,-0.014583368516629225,PAYO,2026-05-18
True,6,0.8000003317129157,0.7913044776267931,2.228471001757469,False,False,-0.1440046003978841,-0.2163865882944097,14.920000076293945,0.0891420855834486,0.17493301588506927,0.06387399891362944,0.019436994662875406,0.17493301588506927,0.014678274902884425,-0.046916877056679795,0.17493301588506927,-0.08847182895940708,-0.0281501390178458,0.17493301588506927,-0.11930293055422925,PHVS,2021-07-09
True,6,0.9313215875643308,0.707596245640986,0.18683001531393567,True,False,0.03405579921984114,0.022031860892886668,16.700000762939453,0.0,0.0,-0.01137727696870916,-0.0017964482200555354,0.024550887944986055,-0.011976093042061042,0.11257479490292499,0.1568861564185704,-0.011976093042061042,0.20898201267530192,0.2856286426645316,-0.011976093042061042,PHVS,2021-08-17
True,5,0.8823522211954493,0.8823522211954493,0.7207207207207207,False,False,-0.05617354030011357,-0.12072538942032218,16.969999313354492,0.0017678661083915248,0.0017678661083915248,-0.06393630691657248,0.0017678661083915248,0.05939901993522212,-0.06393630691657248,0.012964126670883092,0.06364171876283775,-0.06393630691657248,0.07896288784958183,0.07896288784958183,-0.06393630691657248,PHVS,2022-01-24
True,6,1.0,0.7174882522695742,1.3709677419354838,False,False,-0.1348600340954348,-0.05607996757613265,17.0,0.0,0.057529449462890625,-0.0035293803495519693,0.0,0.061764661003561594,-0.030000013463637454,0.0,0.061764661003561594,-0.030000013463637454,0.087058796602137,0.087058796602137,-0.030000013463637454,PHVS,2022-01-25
True,5,1.0,1.0,0.24232633279483037,False,False,-0.05918419135909492,-0.12701015218205303,7.980000019073486,-0.03884711053115175,0.0012531017569896719,-0.12268171544019624,-0.22431077162589463,0.0012531017569896719,-0.3258145236112969,-0.29699246615218045,0.0012531017569896719,-0.3258145236112969,-0.3734335854574945,0.0012531017569896719,-0.40726816945262856,PHVS,2022-09-28
True,5,1.0,1.0,0.8596424496006086,False,False,-0.14539581373955035,-0.33450748011683795,5.289999961853027,-0.05482040906318719,0.03969755003049413,-0.08317581481916159,-0.10586010336820106,0.03969755003049413,-0.2077504697612227,-0.12306238706666184,0.03969755003049413,-0.2077504697612227,-0.0037807147581732092,0.12003785131586331,-0.2077504697612227,PHVS,2022-10-10
True,6,0.8909083658015977,0.6454534893197184,7.199817205529532,False,False,-0.08333333333333337,-0.05337698349707165,8.6899995803833,0.0034523231408700727,0.016110512092404328,-0.025316377903068732,-0.004602987777274747,0.016110512092404328,-0.05753740208787739,-0.065592603262137,0.016110512092404328,-0.2117376023704679,-0.027617926663648706,0.09033381346283109,-0.2117376023704679,PHVS,2023-02-17
True,6,0.7668711118028012,0.7177914074535201,1.282516636418633,False,False,-0.1396449532513354,-0.10467979268623395,7.269999980926514,-0.05364509869446965,0.009628634366578792,-0.08940854155058653,0.03988995359200387,0.03988995359200387,-0.12104540808111086,-0.030261319225424965,0.10729026297864497,-0.12104540808111086,0.020632750448551507,0.12792294783749103,-0.1403026112245631,PHVS,2023-03-13
True,6,0.7190081472157834,0.45454480968680866,2.2044198895027622,False,False,-0.08238640519951901,-0.12608225007694418,16.149999618530273,-0.058823518990992474,0.0,-0.07120740840208939,-0.00185750959786124,0.012074284794439283,-0.07120740840208939,0.06501555227310485,0.08359135686422903,-0.07120740840208939,0.128173358744178,0.17027864179295027,-0.07120740840208939,PHVS,2023-11-17
True,6,0.8606063058116348,0.606060746178077,0.3894086374149895,True,False,-0.07272723934635261,-0.03666665818956161,26.010000228881836,-0.014225330102940359,-0.011149592963298871,-0.044982701499354905,0.009227211418924464,0.02191463628636514,-0.057285650057920745,0.07074202754311143,0.0907343556164597,-0.057285650057920745,0.13533258080693966,0.18262206682818638,-0.057285650057920745,PHVS,2024-01-08
True,5,1.0,0.4151516254939598,0.6697994572771196,False,False,0.03573207118282018,-0.08223390284549748,20.8700008392334,0.020124583584318234,0.159559165778566,-0.015812166288258545,0.0910397480654852,0.159559165778566,-0.061332086016941734,0.1236224159059891,0.2189745812675341,-0.061332086016941734,0.0867273307694254,0.22184949566761358,-0.061332086016941734,PHVS,2024-04-22
True,5,0.9565207776447856,0.48550554374597454,0.7889593081798258,False,False,-0.050442534413927875,-0.08094223837773262,21.459999084472656,-0.013513467872817375,0.03145392233020061,-0.0330847676963032,0.029822988084847735,0.07502333080323731,-0.03541464836702157,-0.05172407969980142,0.12348563089158326,-0.08993469152678557,-0.05964579841119455,0.12348563089158326,-0.10903999744027759,PHVS,2024-05-10
True,5,0.8235307317310335,0.8235307317310335,0.5886717783823893,False,False,-0.018338734401201595,-0.0671450256573094,18.200000762939453,-0.0016483893070267097,0.01813186317980997,-0.009340663141076067,-0.015934115569811946,0.01813186317980997,-0.03736265256430438,0.08406586347031375,0.11593398981056668,-0.05082423657326174,0.16483515792531622,0.2153846105477213,-0.05082423657326174,PHVS,2024-10-04
True,6,0.8932386129151372,0.8398585981450509,0.8856021181411485,True,False,0.011040961063012888,-0.017373538982620063,19.229999542236328,-0.035881364697564755,0.01872078101514596,-0.048361951498394506,-0.14664585345571313,0.01872078101514596,-0.19656785350768657,-0.13416536584098204,0.01872078101514596,-0.19656785350768657,0.00468019525378649,0.03484139845257794,-0.20904834112241766,PHVS,2025-01-07
True,6,0.8780485535580124,0.542681494334953,0.4969269908989972,True,False,0.0008716616964032919,-0.004047394883806121,34.45000076293945,-0.0026124862291646567,0.01190130154810265,-0.01190130154810265,-0.00812779645263062,0.01190130154810265,-0.03483311281172419,-0.023367207179913363,0.01190130154810265,-0.03889695567233287,-0.01683604697270835,0.01190130154810265,-0.08534108763272963,PHVS,2026-07-21
True,5,0.715517269728729,0.3620690789149158,0.738650418596099,False,False,-0.03358910774851176,-0.12110401329353127,56.68000030517578,0.02681722740966319,0.028228625008934305,-0.013408647356006997,0.07568808913954084,0.11132677027728977,-0.013408647356006997,0.11926602479068626,0.12155962160464684,-0.013408647356006997,0.14714178357421526,0.14996471337745954,-0.013408647356006997,ROKU,2019-04-18
True,6,0.969439712958945,0.6960952831227373,1.3674295295158985,False,False,-0.0021447393913370805,-0.10863106048657689,93.05000305175781,0.004943568719893321,0.01558298657374202,-0.014820047145639004,0.10961844829353296,0.11767863072665774,-0.014820047145639004,0.11230517577124122,0.13799028389873946,-0.014820047145639004,0.1750670902941478,0.21912948652249664,-0.014820047145639004,ROKU,2019-07-02
True,5,0.9733332881221065,0.6962958441840278,0.9016648078578094,False,False,-0.02435078118020706,-0.05552485141824193,102.56999969482422,-0.0398751715907143,0.025592278520133904,-0.06249386810750179,0.18972408250338169,0.2035682686510878,-0.06249386810750179,0.3093497460401642,0.33128598477170756,-0.06249386810750179,0.3157844117715971,0.38539540339577605,-0.06249386810750179,ROKU,2019-08-05
True,6,0.8578667916285843,0.7550752869734947,1.4615957981089174,False,False,-0.09487078351786438,-0.1987060421991963,133.75999450683594,-0.1922098722407184,-0.04744313174794479,-0.2253288950211012,-0.22600177159841417,-0.04744313174794479,-0.2624775341814114,-0.22742224445434367,-0.04744313174794479,-0.2624775341814114,-0.1863038217130889,-0.04744313174794479,-0.2667463676813906,ROKU,2019-09-19
True,5,0.9854291014960012,0.3961755734207911,0.981881384015155,False,False,-0.04940214040330215,0.01675607155560921,138.35000610351562,-0.02219014953943499,-0.004409111553599465,-0.04011566900550201,-0.004481462584921436,0.01915427379527257,-0.04011566900550201,0.012938151117922736,0.025442637212738317,-0.04011566900550201,-0.032164886235723666,0.0805204112626734,-0.08044817052255748,ROKU,2019-12-16
True,5,0.8754899608031358,0.6749660027197825,0.9109232496582524,False,False,-0.04452694106137545,-0.032164886235723666,133.89999389648438,0.023898523920061754,0.025616191866461024,-0.002389784018041574,0.07072443355019287,0.07953703988595229,-0.002389784018041574,0.005526553598920625,0.07953703988595229,-0.00784158208237462,-0.010455518747571335,0.07953703988595229,-0.056758709418627595,ROKU,2019-12-31
True,6,0.8770106092468294,0.42528715472592926,1.3791775240158082,False,False,-0.0658436406703522,-0.04006602225845168,133.92999267578125,-0.003807918574822433,0.023893170925334495,-0.020981092453250638,-0.021354330679954403,0.023893170925334495,-0.04129021938113553,0.0201598772096363,0.026655771817004847,-0.0414394690993839,-0.03225559845946946,0.04905553411119401,-0.07578581685624042,ROKU,2020-01-13
True,5,0.9831871689923212,0.7247077696127578,0.8608278983095967,False,False,-0.04815034529597517,-0.014644170297051451,356.6199951171875,-0.01839492358368211,0.030172199856850934,-0.028012984047886103,0.033677331417377276,0.03465878536922484,-0.028012984047886103,0.003140584186311468,0.055745626030530904,-0.028012984047886103,-0.14707526893498424,0.05854973127895202,-0.15361444442809025,ROKU,2021-04-21
True,5,0.9845065991084793,0.835817963906323,0.5975339720911722,False,False,-0.059320253888560215,-0.05256552038526241,407.70001220703125,0.02330144644483334,0.03139560316340839,-0.02255583548922513,0.03176350576824882,0.05670835031873156,-0.02255583548922513,0.1761098495050044,0.19283785323328373,-0.02255583548922513,0.03352951312450436,0.20373061475140486,-0.02255583548922513,ROKU,2021-07-19
True,5,0.9520534873269265,0.7556316220425904,1.0355269612467455,False,False,-0.01692503227012665,-0.07762872582507807,317.7200012207031,-0.013565395763673771,-0.0006924374287355928,-0.024172203972913753,-0.08916651914710993,-0.0006924374287355928,-0.10040285085585521,-0.12762806130294846,-0.0006924374287355928,-0.1340173310105447,-0.13511894910877853,-0.0006924374287355928,-0.15466452996235058,ROKU,2021-11-01
True,5,0.9431342007466413,0.38002522665899147,0.5165419959874719,False,False,-0.011628706809115652,-0.09681859496426926,275.3800048828125,-0.002142480671905367,0.014234813133307878,-0.01583272493221144,-0.1099208502278235,0.014234813133307878,-0.11700196328493162,-0.14990194657329425,0.014234813133307878,-0.15077348949183766,-0.1601423680789108,0.014234813133307878,-0.1926791946320625,ROKU,2021-11-12
True,5,0.8821253816543491,0.5574888286399615,0.9161030564305916,False,False,-0.055730095173980754,-0.15713768461828526,231.4499969482422,0.016029409214884716,0.023979274681083407,-0.013091375326198196,-0.016591040779963095,0.023979274681083407,-0.03525601110262333,-0.09155326299764366,0.023979274681083407,-0.11760640129448852,0.015726936433973826,0.1494922933719629,-0.1491034563053082,ROKU,2021-11-24
True,5,0.9873040943469545,0.6549667417640711,0.942721956380248,False,False,-0.09131786245529017,-0.10226399751062087,210.16000366210938,0.03064333045863643,0.049390890003562005,0.014274837969756371,0.11862386867799612,0.265940155866756,0.014274837969756371,0.05595733870343578,0.265940155866756,0.014274837969756371,0.08517317084398024,0.265940155866756,-0.09483254466731617,ROKU,2021-12-06
True,5,0.9251974180215846,0.5826782769589365,0.9325057924936296,False,False,-0.21540372743964598,-0.19729736062371384,182.9600067138672,0.01497589710225622,0.03350453322627045,-0.019184573878565314,-0.08012682074851629,0.04121115549544485,-0.08274490059478079,-0.08816137019517256,0.04121115549544485,-0.12680373500047992,-0.1681788540846657,0.04121115549544485,-0.23770775566956648,ROKU,2022-01-10
True,6,0.9889204567067712,0.49138581781264606,1.7129694395616522,False,False,-0.0606638921811824,-0.127986230636833,157.32000732421875,-0.032608725171491604,0.005212255449110081,-0.06025941104103116,-0.06038647061858815,0.01830656934872943,-0.07028353878188076,0.04277901992255373,0.0444316673591898,-0.09717138222585875,-0.009852548815125761,0.07263530487121206,-0.09717138222585875,ROKU,2022-01-24
True,5,0.7398156112838836,0.36005225282668546,0.7734275966760044,False,False,-0.14220967315874744,-0.10057653163541858,115.44999694824219,-0.016197446224497036,0.04148983146075591,-0.016370718402840212,-0.035426560814239116,0.04148983146075591,-0.036812473905091014,0.011520154752805656,0.04148983146075591,-0.0855781508408987,-0.20519701548915825,0.04148983146075591,-0.2095278947721101,ROKU,2022-04-11
True,6,0.9229867344676828,0.6452740929076897,2.253485459522501,False,False,-0.07955806685633238,-0.21334139240507155,91.62999725341797,0.0138601365331108,0.10542403090325347,0.011786553131369892,0.13445378221229465,0.16490233617013383,-0.01386005327004447,0.11808359728419182,0.20659173712317935,-0.01386005327004447,-0.04507254586067244,0.20659173712317935,-0.18018110882590999,ROKU,2022-04-28
True,6,0.7820594938764809,0.5710678601877998,1.2860938968937665,False,False,-0.14592481594504036,-0.04507254586067244,87.5,0.11817138671874994,0.12571428571428567,0.025942818777901833,0.11611432756696427,0.1605714634486608,0.025942818777901833,0.10708574567522322,0.1605714634486608,0.025942818777901833,0.011885724748883941,0.1605714634486608,-0.1425142996651786,ROKU,2022-05-12
True,6,0.7891077318589649,0.37543440265711653,1.328005811001345,False,False,-0.12544200773704628,-0.08524128666153918,51.939998626708984,-0.05121293642168612,0.03812090093545284,-0.055063474610559715,0.024836367917499214,0.06353490833672959,-0.055063474610559715,-0.001155132078938803,0.06353490833672959,-0.055063474610559715,0.006353520211396235,0.08432809364501814,-0.0899114033966083,ROKU,2022-10-13
True,6,0.788399470449622,0.7620837995854232,5.022158673837013,False,False,-0.008226521932465647,-0.0007710276542751693,51.84000015258789,-0.043402777650024316,0.0339505848061874,-0.08487657239444002,-0.013503101097203762,0.0339505848061874,-0.08487657239444002,0.07079471755676892,0.07195215145172273,-0.08738423545453511,0.08815585805117099,0.19579478194450228,-0.08738423545453511,ROKU,2022-11-03
True,6,0.706290455055134,0.641767040637453,1.4251568166408985,False,False,0.009690653358970236,-0.07432083657687971,54.18000030517578,0.09579177920774562,0.0976375209621767,-0.009413106927977366,0.12089330380522045,0.12569216195889288,-0.009413106927977366,-0.05500183694077332,0.13205977739009644,-0.058324101690900854,-0.030454070073552275,0.13205977739009644,-0.08527129763495811,ROKU,2022-11-29
True,6,0.9808924935490299,0.6645438803658871,0.9591447492627374,True,False,0.03992215095442031,0.013924067365379988,64.08000183105469,0.0037452849081103246,0.005773956095740829,-0.03573659254200512,-0.056335838127302806,0.02169162531101576,-0.057116160385870196,-0.03682897226772319,0.02169162531101576,-0.057116160385870196,-0.09410116138716862,0.02169162531101576,-0.09925094301837789,ROKU,2023-04-06
True,5,0.7059966767113018,0.6382986886881273,0.6100162794882633,False,False,0.0005046797180070506,-0.08164441860964422,79.30000305175781,-0.013997485089970119,0.008663258934713314,-0.024590220713661015,0.012231948978305818,0.019672099603521565,-0.03783101998170102,-0.029634375953072944,0.021412332680072366,-0.05271122502287373,0.030516999695016755,0.04123576944798013,-0.05271122502287373,ROKU,2023-08-18
True,6,0.7272727272727273,0.5103666126808636,1.2404503080290976,False,False,-0.0889054517504716,-0.14696041182560382,61.18000030517578,0.003922815668067736,0.030892438382164267,-0.00915334047887606,-0.07796666286319276,0.0500163050560638,-0.08989865924428087,-0.07894739795622518,0.0500163050560638,-0.10068649585951339,0.3615561071631883,0.40715913547662197,-0.10068649585951339,ROKU,2023-10-23
True,5,0.8622755722052172,0.6227534377998081,0.9301209631149678,False,False,-0.0526231169666217,-0.025730461629649537,58.689998626708984,-0.030499184575129235,-0.00221498136752063,-0.040381649128310104,0.05196802049965976,0.06389504323984485,-0.043107835039980835,0.0701994009709701,0.07701483325144753,-0.043107835039980835,0.021383559336873192,0.07701483325144753,-0.04413017913088213,ROKU,2024-04-18
True,6,0.9757079580414396,0.5101205258410862,1.1655370804128853,False,False,-0.0062775524347755685,-0.0374691674029628,58.56999969482422,0.054123305449200965,0.06607476441948412,0.005634315055047745,0.07239203859585275,0.07922143441736207,0.005634315055047745,0.001536625457688734,0.07922143441736207,-0.0421717813483512,0.030049550032454464,0.07922143441736207,-0.0421717813483512,ROKU,2024-04-22
True,5,0.9245289809001245,0.5283019320600083,0.7679799487889595,False,False,-0.02570297821444012,-0.092836475026017,56.47999954223633,0.014872524068625825,0.026203958113164783,-0.006728064291697922,0.025849842356688635,0.048796043575352055,-0.006728064291697922,0.029036816624299577,0.048796043575352055,-0.006728064291697922,-0.0021246269981823884,0.06993627469818953,-0.00885269128988031,ROKU,2024-05-29
True,6,0.8343935116117464,0.6242036514192134,1.1601989807370083,False,False,-0.04952049220837251,-0.0503484865421604,54.5099983215332,-0.009906386304487591,0.009539542721986427,-0.01467619265628417,-0.015410019784500073,0.009539542721986427,-0.05503577494727063,-0.0011006707107170666,0.011924445897884661,-0.05503577494727063,0.1460283093794459,0.1696936394207511,-0.05503577494727063,ROKU,2024-06-14
True,6,0.9113912844730734,0.5780579511397401,1.2466189735400912,False,False,-0.04772892853574917,-0.07656574061804,53.66999816894531,0.013601702661431903,0.018259798590800846,-0.01583749772909293,0.01807343495056024,0.027762283012876088,-0.01583749772909293,0.10210552531944095,0.10881312375313335,-0.01583749772909293,0.1566984152977966,0.1880007545524045,-0.01583749772909293,ROKU,2024-06-20
True,6,0.7368421052631579,0.6147364566200658,0.9161096128613693,True,False,-0.028919166015868303,-0.041963935965692034,80.58999633789062,-0.022211110156003522,0.0017372754114042266,-0.027670875156630248,-0.01377333455014873,0.0017372754114042266,-0.027670875156630248,-0.07072834355698121,0.0017372754114042266,-0.09033377726900416,-0.03226204978618008,0.05271127052571356,-0.09033377726900416,ROKU,2024-12-20
True,5,0.9591846664668491,0.716838392999638,0.6636925657968271,False,False,-0.06020704971160962,-0.03790323502138071,83.51000213623047,-0.03891749391525878,0.02382945530911651,-0.048616992984447105,0.01868036784442806,0.02382945530911651,-0.08178663221577764,-0.08190640393143578,0.02382945530911651,-0.13266677160776308,-0.188360710747835,0.02382945530911651,-0.19350979821252368,ROKU,2025-02-28
True,5,0.7090914555484142,0.5575764441505717,0.8785304128666822,False,False,-0.021082220208448188,-0.1321953691496609,69.6500015258789,-0.032878691534220295,-0.011629650685467952,-0.04851396595417001,0.05987075488283988,0.07824833925118013,-0.04851396595417001,0.1662598934294648,0.17142849318639763,-0.04851396595417001,0.011342439314000696,0.18219661929650743,-0.04851396595417001,ROKU,2025-03-17
True,5,0.7452090472455032,0.5411505855800063,0.671195046227208,False,False,-0.07296474684840759,-0.05722556561184233,94.4000015258789,0.04427966353400814,0.048146166265679025,0.004194873806664612,-0.0020127376942272734,0.05720340506984578,-0.011387760172249739,0.032733011524830546,0.05720340506984578,-0.011387760172249739,0.048834751438936896,0.06345336617529007,-0.01292374153583753,ROKU,2025-10-14
True,6,0.9089121133184781,0.4916749237434672,1.1465811965811965,False,False,-0.04737636055211081,-0.08734455159133026,119.63999938964844,0.20076901032263983,0.24439991342639522,0.00016720388300717204,0.15304244108996534,0.24439991342639522,0.00016720388300717204,0.15404553684881517,0.24439991342639522,0.00016720388300717204,0.13172847364791562,0.24439991342639522,0.00016720388300717204,ROKU,2026-06-11
True,6,1.0,0.9034487475960843,0.6717087552877836,True,False,-0.010502463848435784,-0.04689418735135442,63.49097442626953,-0.009130198684457302,0.007418501995836824,-0.015635560195004228,-0.010157309235919842,0.007418501995836824,-0.018260289068215974,0.016549007082406364,0.01723375457117715,-0.018260289068215974,-0.00981495907960317,0.018146834606702633,-0.02293983551947376,SAFT,2019-03-11
True,5,1.0,0.8409099775886797,0.9823522152289276,False,False,-0.04563002470518729,-0.009179153509145777,68.6417236328125,0.012991096595668328,0.016611626413929104,-0.002875135019206332,0.019806139996763283,0.029709241747428283,-0.002875135019206332,0.03631140485814832,0.03631140485814832,-0.002875135019206332,0.024704768518600817,0.04557529381673975,-0.002875135019206332,SAFT,2019-06-27
True,6,0.9937141321663673,0.4716991996314799,0.7125338840841616,True,False,0.0066825762130193755,-0.0007256125432411054,70.46903991699219,-0.009749994532571638,0.005704811939393206,-0.016180891310014434,-0.008505369664196016,0.005704811939393206,-0.020952179750847955,0.0029044494905980933,0.010994885177866953,-0.020952179750847955,0.01047591743988363,0.061508371665282224,-0.020952179750847955,SAFT,2019-07-18
True,5,0.8214313286497318,0.5119050322205563,0.632249260859677,False,False,0.002949268314948794,-0.0016199319153283875,72.7551498413086,0.00689512123481939,0.010951031511920784,0.0017237350615266767,0.02048266163235679,0.026668025803900486,0.0017237350615266767,0.02342336220553287,0.026668025803900486,0.0017237350615266767,0.031636413932941476,0.031636413932941476,0.0016228174729238098,SAFT,2019-10-16
True,7,1.0,0.5657897048378846,1.5473667047122126,True,False,0.00984089397874044,0.010158424154854462,71.81499481201172,-0.007049767155515307,0.003420914292856514,-0.017002067495945683,-0.03244864646361634,0.003420914292856514,-0.034729397290732766,-0.041571837051886606,0.003420914292856514,-0.04333420631251528,-0.02850928004920883,0.003420914292856514,-0.04799919727751645,SAFT,2019-12-19
True,5,0.7154451877421054,0.3577225938710527,0.4981481481481482,False,False,-0.016235690310140494,0.010109504291857974,69.92393493652344,0.0004259651044673518,0.012670445709077383,-0.0012775703042308129,0.0018101334741578157,0.012670445709077383,-0.012563787284562866,-0.012883262211854318,0.012670445709077383,-0.02044271173046852,-0.003939522556838049,0.012670445709077383,-0.02044271173046852,SAFT,2020-01-27
True,6,0.9947905697789395,0.8229151351630507,1.1583615966605791,False,False,-0.01103000192258008,0.002149188126701951,69.42510986328125,-0.028096567706497155,0.0037533105655491728,-0.028203747401877366,-0.08814967062606982,0.0037533105655491728,-0.08814967062606971,-0.10397427911814117,0.0037533105655491728,-0.15307304925342202,-0.18862360995234118,0.0037533105655491728,-0.20108799786323184,SAFT,2020-02-24
True,5,0.9097941438456518,0.9097941438456518,0.9766373037150518,False,False,0.03556018116269777,-0.11999674352751477,61.35639953613281,-0.08192306841019004,-0.05089537007616618,-0.09602659317100226,-0.0789799338630951,-0.05089537007616618,-0.11859232912302997,-0.06131988312514158,-0.05089537007616618,-0.1688742653806411,-0.1689969642280268,-0.03188634937253876,-0.19732667590672337,SAFT,2020-03-06
True,5,0.9128918378631248,0.46341340223724947,1.003690036900369,False,False,-0.050578745465501784,-0.13195443728545708,54.945343017578125,0.031224294606511993,0.034237079823256744,-0.02136408815527846,0.0308133554463359,0.09504258334586124,-0.02136408815527846,0.04943850117387383,0.09504258334586124,-0.02136408815527846,0.05616973877071785,0.11941947530084818,-0.02136408815527846,SAFT,2020-05-14
True,6,0.9887616369777273,0.6685368697172838,1.216774955699941,False,False,-0.005911962811814941,-0.03432878690771657,57.59773254394531,-0.008986482458987033,0.004625235668919592,-0.008986482458986922,0.004625436290060847,0.015329880532550355,-0.015858329230026613,0.019162256853148207,0.021805272074556292,-0.015858329230026613,0.02854505957387632,0.09092101086777116,-0.015858329230026613,SAFT,2020-07-31
True,5,0.7222226931717007,0.7222226931717007,1.0651793525809274,False,False,-0.026725093318378912,-0.017764747327324026,57.65861892700195,0.009109180693094077,0.010165210006533032,-0.0025080482176657037,-0.012805079715916712,0.012805409875022322,-0.016369392618830303,-0.022177974378990273,0.012805409875022322,-0.02508228165796078,-0.035007268674187575,0.012805409875022322,-0.04957355707517663,SAFT,2020-08-21
True,6,0.7631573663851424,0.574560640334093,0.8344283837056504,True,False,-0.004207056181182889,0.011514428841695734,67.19193267822266,0.007745560027891507,0.01314397647329768,0.003403314620416875,0.008575810484886981,0.014742979229994013,-0.0029284798385945665,-0.0050630289766719905,0.014742979229994013,-0.013009219865354749,-0.045031435857531665,0.014742979229994013,-0.04645458003962377,SAFT,2021-05-26
True,6,0.9210518918875493,0.6736830270200809,0.6375459428894543,True,False,-0.027787490551629435,-0.008349918322597127,68.73065948486328,-0.009606195812587148,-0.004625192655445143,-0.022414567200756075,-0.03629028274444657,0.00794583372792923,-0.040559739762575986,-0.020517024442578302,0.00794583372792923,-0.04874280110999829,-0.023600611189338316,0.00794583372792923,-0.05846791778852112,SAFT,2022-01-14
True,6,0.8409878846371577,0.8409878846371577,1.3849726322773264,False,False,-0.020517024442578302,-0.04773439837136206,67.32051086425781,0.0021794380991302376,0.007143764018862742,-0.02373168275180948,-0.02167334516945807,0.013318979531887543,-0.029180144366812044,-0.0031481779915624175,0.013318979531887543,-0.03874584274866544,0.04031954816919714,0.05327510254093748,-0.03874584274866544,SAFT,2022-01-24
True,6,0.7466735839843767,0.7466735839843767,0.6454903103599009,True,False,-0.00909775010818692,-0.0285834586657715,74.47345733642578,-0.0008850178535115827,0.00542028813455353,-0.005088527046904212,0.006637172901181598,0.02798673390008899,-0.005088527046904212,-0.015044483953865151,0.02798673390008899,-0.03351791040688301,-0.047013308050035896,0.02798673390008899,-0.05973456319192405,SAFT,2022-04-18
True,5,0.7948716694706355,0.5000000000000054,0.8493504520246145,False,False,-0.035886148513205596,-0.03664239981948714,72.2146224975586,-0.0081424654118748,-0.002675428114202849,-0.02349665439403059,-0.03733864113344354,-0.002675428114202849,-0.044783090942646764,-0.05059916125348174,-0.002675428114202849,-0.05920687764952659,-0.04129350158975165,-0.002675428114202849,-0.05920687764952659,SAFT,2022-09-19
True,5,0.8883498112096486,0.8276702400109643,0.8129832350914797,False,False,0.004119442284611363,-0.023075121687344935,67.56942749023438,-0.0017405374156265196,0.00683721879916277,-0.013923570880679526,0.0165338069612464,0.029089773192515933,-0.013923570880679526,-0.012804551705760558,0.029089773192515933,-0.022252613851344027,0.03741901391752456,0.05258585135395122,-0.022252613851344027,SAFT,2022-10-13
True,5,0.8114066201764102,0.8114066201764102,0.4236419542193372,False,False,-0.04372951625948873,-0.0009470912547649979,71.61090087890625,0.014097635418184762,0.016467076690027005,-0.0036727673883895084,0.008292933528684321,0.016467076690027005,-0.016704113703153278,0.03506707305119949,0.036607142552974814,-0.016704113703153278,-0.040161156013988175,0.04857255614580902,-0.07475419806469474,SAFT,2023-02-10
True,5,0.8920013427734359,0.8160003662109381,0.511772335993082,False,False,0.009512092859034427,-0.05619265226966774,62.824012756347656,0.007100761445577142,0.015021036505848517,-0.0005463432007608571,0.012972481892882248,0.01706920384845434,-0.003960039662813775,0.017615647104870957,0.021985436573349393,-0.003960039662813775,0.0499794218667895,0.058445887253617546,-0.003960039662813775,SAFT,2023-03-24
True,5,0.9468092445670936,0.8510642615100532,0.918825561312608,False,False,-0.018225468174440818,-0.05648353912048931,59.61545181274414,0.015397912173747974,0.01568578486640959,-0.003021987671113835,0.013383365435246208,0.023456824866524784,-0.008490281129933108,0.052525516493553415,0.05410848682703806,-0.008490281129933108,0.037990999775848744,0.06677233010367156,-0.008490281129933108,SAFT,2023-05-11
True,6,0.8125004584968648,0.6874995415031372,1.5591682419659736,False,False,-0.023232330338297635,-0.011969043578537564,58.791629791259766,0.023932587557657703,0.02541000080179656,0.002954626936231719,0.039592202712804614,0.042103624682581,0.002954626936231719,0.052149599208350494,0.054070078789052234,0.002954626936231719,0.04963789930010454,0.0717979719820121,0.002954626936231719,SAFT,2023-07-19
True,6,1.0,0.5757570753392738,1.2024523699650602,False,False,-0.021209146087946218,-0.0306586447437045,66.15008544921875,0.02045759238533207,0.021130580963729217,0.004306893340201956,0.04602958286699699,0.04777920935478486,0.004306893340201956,0.06312217257195263,0.07133213828515106,0.004306893340201956,0.13162851090096628,0.13310900357674504,0.004306893340201956,SAFT,2024-01-11
True,6,0.981132799754318,0.38364906623672723,1.1735537190082646,False,False,-0.018334075170104547,-0.05931787477018868,71.81556701660156,-0.009651429245267962,0.000250814223077267,-0.01328643727519907,-0.0102780088409552,0.000250814223077267,-0.017422895975456765,0.020055115207569196,0.02118326721441055,-0.017422895975456765,0.013035893938283305,0.0332164737953109,-0.017422895975456765,SAFT,2024-03-06
True,6,0.9906083443177229,0.976520860794311,1.1315071072201826,False,False,-0.027036890886840692,-0.024981452597389486,70.61834716796875,-0.01338427205964332,0.00025498513664978795,-0.01338427205964332,0.00611845954792134,0.00611845954792134,-0.01542400670441424,-0.0029319081668195413,0.020777468557974688,-0.01542400670441424,0.0413001691427306,0.062332669256783824,-0.01542400670441424,SAFT,2024-04-10
True,5,1.0,0.6015052258412434,0.511929580727357,False,False,0.007824407136400868,-0.013476741357716593,69.7465591430664,0.0031339489145543187,0.008226654321563887,-0.009663169561046958,-0.008357415880271502,0.008226654321563887,-0.02650835797089568,-0.010577214320866668,0.008226654321563887,-0.02650835797089568,-0.007834981673782493,0.008226654321563887,-0.029903507235112592,SAFT,2024-06-06
True,5,0.7531640374131481,0.5759489697865284,0.5306351883080382,False,False,-0.00888117979068015,-0.014714976448594985,73.93157196044922,-0.002986886244358944,-0.0001244626428469342,-0.010952031412422514,0.00448043256188968,0.012320990225643813,-0.010952031412422514,0.04380828408937165,0.046048486826085755,-0.010952031412422514,-0.0027379790573290874,0.0583696576187267,-0.010952031412422514,SAFT,2024-10-09
True,5,0.7285776566757517,0.44286648501361875,0.4956865038748355,False,False,-0.018192435760997716,-0.022094864655141766,77.78349304199219,-0.0032277814407078997,-0.0025104450731573413,-0.011117751834566758,-0.018529533101630413,0.007531498580682694,-0.021996370364158357,-0.028451910588060847,0.007531498580682694,-0.0347878195665986,-0.014943152871958465,0.007531498580682694,-0.0347878195665986,SAFT,2024-12-16
True,6,0.8181818181818218,0.45454545454546535,1.17162074202647,False,False,-0.03248468994501652,-0.039472174599498366,71.73004913330078,0.004278010138695665,0.004278010138695665,-0.00868543370168351,0.018148969543175797,0.03940889481012433,-0.00868543370168351,0.030723368852414445,0.03940889481012433,-0.00868543370168351,0.02774181244635998,0.03940889481012433,-0.00868543370168351,SAFT,2025-01-23
True,5,1.0,0.8199996948242121,0.7939339875111507,False,False,-0.03126169303502169,-0.03548304749463682,72.03691101074219,0.03059238794402308,0.03498123459516633,-0.0021944089771472886,0.019362378100792332,0.03498123459516633,-0.0021944089771472886,0.019878581092058534,0.03498123459516633,-0.0021944089771472886,0.007874054942892617,0.03498123459516633,-0.011230182411277378,SAFT,2025-01-24
True,5,0.9007652704654534,0.7175604528723873,0.9534794309880815,False,False,0.0015486329074010374,-0.020941053604522364,72.1670913696289,0.0018037685463234698,0.00824623651125167,-0.007215647282872162,0.02654284214593705,0.03362959636856311,-0.007215647282872162,-0.01997191060234682,0.03362959636856311,-0.05231281193442383,-0.011508618434024065,0.03362959636856311,-0.05231281193442383,SAFT,2025-02-20
True,5,0.9552255801771891,0.6268703454872671,1.034355828220859,False,False,0.00042838202742667697,-0.02083054234409465,66.63715362548828,0.002712993022309318,0.00856673543210773,0.0001430281053147464,0.016562011800649534,0.05325532882419837,-0.016133504354432726,0.032981367064086164,0.05325532882419837,-0.016133504354432726,0.04683061482563211,0.08695037710727571,-0.016133504354432726,SAFT,2025-08-04
True,5,0.9766340812994233,0.46728985290237857,0.7181579714368989,False,False,-0.028712957299224295,-0.03264583226296436,74.55352783203125,0.012557358461217305,0.030477505358757595,0.007848389984053572,0.0005232360610241127,0.030477505358757595,-0.01896659955170288,-0.008502151070213682,0.030477505358757595,-0.02367551636608023,-0.005886175434000385,0.030477505358757595,-0.02589933990432247,SAFT,2026-01-07
True,6,0.9354824816417959,0.37096650146588667,0.7720248722526627,True,False,-0.004188271647843633,-0.00545054514376675,76.513671875,-0.009049238194001274,0.026637773474146975,-0.01593173746882781,-0.005677448947032593,0.026637773474146975,-0.029824137481156088,-0.015609045947670763,0.026637773474146975,-0.037793973219544696,-0.07468281349712824,0.026637773474146975,-0.08822586951877842,SAFT,2026-02-25
True,6,0.8554217605784845,0.39759169041272174,1.327979232578892,False,False,-0.020018780836494443,-0.039378346526435015,72.94000244140625,0.4148614408279494,0.41787763514299403,0.41033725395360365,0.4125307832565861,0.4189744520935961,0.41033725395360365,0.4147244171577902,0.4189744520935961,0.41033725395360365,0.4189744520935961,0.42075670118965824,0.41033725395360365,SAFT,2026-07-23
True,5,0.9772764710472313,0.9090972143953298,0.627177700348432,False,False,-0.05114295137118774,-0.06266289755491716,64.0291519165039,0.008356579483722815,0.00961001038881748,-0.016016679865805794,0.020891329554292293,0.02715869604351262,-0.016016679865805794,0.015459290748840449,0.02715869604351262,-0.016016679865805794,-0.011281775514573877,0.03147600794141625,-0.02520934635888894,SAIC,2019-03-08
True,6,0.9461099182237601,0.4251496185298561,1.10274842940544,False,False,-0.020525844349953637,-0.021310612238470195,65.43132019042969,0.008355201957413794,0.009861853458749792,-0.004793671101373187,0.006300915532191809,0.02725674548142032,-0.004793671101373187,0.013422939306318549,0.02725674548142032,-0.007259083510458897,0.027530446418431165,0.03533795475094981,-0.009039514810999294,SAIC,2019-04-18
True,6,0.9197525631425534,0.37036880053876997,0.8873089885046859,True,False,0.012308054322779372,-0.004150972095629424,77.72208404541016,-0.011463613760380853,0.01540067159294689,-0.019337633002429078,-0.04330713801422548,0.01540067159294689,-0.05222335160261593,-0.06820301459018774,0.01540067159294689,-0.08059281751433955,-0.026517030360386995,0.01540067159294689,-0.08638255955395968,SAIC,2019-07-30
True,6,0.9371956995271258,0.6618334875183839,1.1575250101922414,False,False,-0.05306319794224801,-0.06510933891755677,72.75420379638672,0.034883666058832086,0.03859464321525308,0.01261742561442869,0.025482173468460045,0.03908927606545509,0.01261742561442869,0.0076693268557312955,0.05158330967209723,-0.012864966330278671,0.04057397416264763,0.05158330967209723,-0.012864966330278671,SAIC,2019-08-07
True,7,0.9572484248412095,0.8996280313741294,3.3389926428975665,True,False,-0.0059754166322635305,0.007122538662612143,76.69453430175781,-0.020037789582020626,-0.0010608859438561158,-0.021098566715245015,-0.018623216937149856,-0.0010608859438561158,-0.028406360175171397,-0.005304249507535719,0.0055396689156108625,-0.03229607191258921,0.03465324964740146,0.036656999480841446,-0.03229607191258921,SAIC,2019-12-06
True,6,0.7051773452769229,0.6972105619910584,1.7254793347852908,False,False,-0.0326206634463414,-0.03365253085420816,81.27681732177734,0.012952080213158412,0.019428205140284316,0.003237892822469446,0.009714154029126787,0.02020999549923297,-0.004689607761460657,-0.0007816493110230915,0.02020999549923297,-0.021884884465117493,0.051138845304870895,0.08083967631862343,-0.021884884465117493,SAIC,2020-01-27
True,6,0.9335930107631034,0.7187496740372739,1.6940994809120178,False,False,-0.1550141932875767,-0.1502650857359723,72.71898651123047,0.03132407406533111,0.03469365185267481,-0.030200950588941677,0.08823152639432741,0.09796578779838949,-0.030200950588941677,0.016098750417435026,0.09796578779838949,-0.030200950588941677,-0.14127061615039016,0.09796578779838949,-0.23636601406524627,SAIC,2020-02-28
True,5,0.9878792736195411,0.4707077308163008,0.8897164093852693,False,False,-0.028155236041008225,-0.01934852248558927,73.05130767822266,0.03658858435332668,0.03971046291517788,-0.01885600939224852,0.03234283180300834,0.09016016194989196,-0.01885600939224852,0.053446581251701764,0.09016016194989196,-0.01885600939224852,0.0994006149986093,0.11750764222085341,-0.01885600939224852,SAIC,2020-05-14
True,5,0.8831626111966123,0.5670116066582972,1.0641162198946683,False,False,-0.06700130458813724,-0.06959432790816278,76.34445190429688,0.02760202745782303,0.04875147093466703,0.01230750023981142,-0.018520839204446693,0.04875147093466703,-0.024256239829612225,-0.03811686663428815,0.04875147093466703,-0.051499621308331855,-0.07623363333473243,0.04875147093466703,-0.14589532938539174,SAIC,2020-06-15
True,6,0.9610714584048757,0.4233578674784884,1.8314298106115368,False,False,-0.08168948088178651,-0.10458218187648705,68.80945587158203,-0.0038447751317691736,0.002518784301923871,-0.023730759287209358,0.029828829005632995,0.03645749034033807,-0.023730759287209358,0.025719057548885926,0.04547243935477008,-0.023730759287209358,-0.05846484191749568,0.04547243935477008,-0.0816651602014482,SAIC,2020-06-25
True,5,0.9308486461918082,0.6116972923836103,0.3481785105697048,False,False,-0.08207305777037244,-0.05846484191749568,64.7865219116211,-0.028865307166445753,0.010841804461120486,-0.03182220716333117,0.029428504236902464,0.04280497707638031,-0.03182220716333117,0.017540070603067726,0.04280497707638031,-0.03182220716333117,0.08051745592960846,0.0924052647843816,-0.03182220716333117,SAIC,2020-07-10
True,7,0.7436489281850499,0.3833725081139372,2.118150090448956,True,False,-0.0010808384412342997,-0.008109087232298084,76.26518249511719,-0.012623058893202699,0.009016799461395886,-0.0396728359756906,-0.050252645247258254,0.009016799461395886,-0.060832076432364435,-0.07405611915692212,0.009016799461395886,-0.08403441162198222,-0.07790326953261384,0.009016799461395886,-0.09257018148172302,SAIC,2020-09-03
True,5,0.9238571406441192,0.5076138986569162,0.6913014418027308,False,False,-0.02870950409645756,-0.06903705727034537,70.10382080078125,0.02458794808550735,0.025895901279111788,-0.0009155426646718645,0.003269795512898188,0.032435470950388456,-0.021318191483744142,0.04459861777271268,0.04590647133793291,-0.021318191483744142,0.0449909497022849,0.05427683960718688,-0.021318191483744142,SAIC,2020-09-21
True,5,0.8237551812638474,0.5249022210009953,0.7402597402597403,False,False,-0.03394137831771282,0.005410108905858024,87.64237976074219,-0.014981986447485052,0.0012661779994376232,-0.017936183529501326,-0.012555427822089849,0.0012661779994376232,-0.03249633723285705,-0.03777170274861408,0.0012661779994376232,-0.05771242764174944,-0.09221340623368335,0.0012661779994376232,-0.09432375018279526,SAIC,2021-02-17
True,5,0.9043042114907929,0.5980849891034923,0.9079368917366862,False,False,-0.027434647482922347,-0.017428059889319725,86.5419921875,-0.017202416383619745,-0.005983315206786521,-0.04573117427752038,-0.06368202642774123,-0.005983315206786521,-0.06432309448939277,-0.04092308082916751,-0.005983315206786521,-0.08280801238327429,-0.0548133900461526,-0.005983315206786521,-0.08344921120570448,SAIC,2021-02-22
True,6,0.890625372529386,0.781250745058772,1.1752028978861937,False,False,-0.050164765802546474,-0.033508371473727316,81.03174591064453,0.0375592941262648,0.04010177924949132,0.0016179922563352989,0.04819144499953998,0.059054771670532524,0.0016179922563352989,0.04541797551321247,0.059054771670532524,0.0016179922563352989,0.025540267280093287,0.06252162428489938,0.0016179922563352989,SAIC,2021-10-28
True,6,0.807579124376915,0.807579124376915,1.3233784414372376,False,False,-0.03176757164112842,-0.02267511516416232,79.91737365722656,0.0025777737894190356,0.011483351998386793,-0.0076166838156103145,-0.007265155948536162,0.04980062449272071,-0.01663945827837865,-0.023435669737172482,0.04980062449272071,-0.030231946122933007,-0.01382701364114125,0.04980062449272071,-0.043004512528020955,SAIC,2021-12-02
True,6,0.7154809711998267,0.3974883643723132,1.1545256863278064,False,False,-0.028657878002714465,-0.04083760094687083,78.0819091796875,-0.007435839611535711,0.011513478630481355,-0.010674077372275992,0.00935486682498321,0.013072755737235209,-0.010674077372275992,-0.023866679590461626,0.027704685130869988,-0.03717923137279877,0.003957847062520337,0.027704685130869988,-0.03717923137279877,SAIC,2021-12-13
True,6,0.8863641993351549,0.7337664911246468,1.2416677951819919,False,False,-0.04256026557763126,-0.006009540821035664,80.19107818603516,-0.011376959233855066,-0.003635978362232617,-0.02861835276756608,-0.04503889093176017,-0.0016421192419033837,-0.05148969233601308,-0.0378841582542917,-0.0016421192419033837,-0.06896591827140264,-0.02357497831992883,-0.0016421192419033837,-0.06896591827140264,SAIC,2022-01-24
True,5,0.9690714959886743,0.9561841277332088,1.0938029547993524,False,False,-0.008959250538378982,-0.022450415400249724,76.99319458007812,0.03493798636734602,0.038724910876872576,-0.0003661933520792138,0.07720519891094146,0.08404611838709197,-0.0003661933520792138,0.09308614684691863,0.09320823956659985,-0.0003661933520792138,0.08502344313894294,0.14720289198740244,-0.0003661933520792138,SAIC,2022-02-24
True,5,0.8882341589512778,0.8529370845918046,0.6135986733001658,False,False,-0.021089425603284417,-0.006399372044269658,86.29905700683594,0.004285591779613185,0.009010869313620828,-0.008351786168499076,0.019230616219580332,0.02252735255716387,-0.008351786168499076,0.02615390327802336,0.028461585721315963,-0.008351786168499076,0.051538493500798754,0.05538463059782961,-0.008351786168499076,SAIC,2022-07-14
True,6,0.9389082826954624,0.5627022346080889,1.4653706851947668,False,False,-0.012446625986976878,-0.023869507740573725,88.0345230102539,-0.014973574948168644,0.0019390578759188593,-0.015727638238921426,0.012603497000267083,0.019282400716636783,-0.02122168656969492,-0.00872555792118479,0.021436968019353575,-0.02122168656969492,0.009371895544976194,0.05364642524231655,-0.02122168656969492,SAIC,2022-08-29
True,5,0.9069778995330093,0.5953499595463553,0.9342994495924197,False,False,-0.0006019153549947642,-0.0030017924928038564,95.53878021240234,0.0026095513668680237,0.006724325462401426,-0.01003599575256875,-0.01174226244222476,0.011140241479684176,-0.016659944723670717,-0.025993536892394697,0.011140241479684176,-0.028101191608217224,-0.007225897086187261,0.011140241479684176,-0.04225204938481664,SAIC,2023-05-17
True,6,0.8532111697120082,0.8165130872095644,1.4308731486645596,False,False,-0.04961991239496677,-0.0614034002131697,107.04615020751953,0.0003593534858750136,0.007548452819661433,-0.005661477783980184,-0.013749297703409047,0.007638261079132347,-0.024083601234527352,-0.028486710584955777,0.007638261079132347,-0.029565096140524716,-0.05769248450172271,0.007638261079132347,-0.06299446017700916,SAIC,2023-09-12
True,5,0.7629860639778838,0.4999999999999976,0.6228106723454161,False,False,-0.027909901965409656,-0.035869982580104764,104.53895568847656,-0.013017100261054293,-0.00018475921496741154,-0.018371621535578697,0.008493205071036458,0.011909035015036817,-0.018371621535578697,0.0165251679848315,0.024649219850223947,-0.018371621535578697,0.014863309573037276,0.03314249227718724,-0.018371621535578697,SAIC,2023-10-26
True,5,0.9887645104832655,0.72471907704397,1.0746493255226528,False,False,-0.1686372407457758,-0.17504685277296017,120.1410903930664,0.014059321147538384,0.03193826945932443,-0.0015440773045557465,-0.006745227845602164,0.03193826945932443,-0.016741191614527917,0.00195045028196561,0.03193826945932443,-0.016741191614527917,-0.0184477390265263,0.08086150048752305,-0.02169846270666742,SAIC,2024-11-20
True,7,0.8760043691646284,0.5843854044674438,1.359913902604631,True,False,-0.024027652126649923,0.030291952803287225,110.61032104492188,0.0003542578119504203,0.010095654466449222,-0.02222806158285151,0.04442348817581787,0.05321954938654794,-0.023102018709301175,0.03376154200369208,0.05321954938654794,-0.023102018709301175,0.08538303022310245,0.09044743737313632,-0.023102018709301175,SAIC,2025-04-09
True,6,0.8950004577636709,0.41500091552734314,0.7087917270474443,True,False,-0.02052424815206222,-0.03077225420273,111.97860717773438,-0.0014087779326659167,0.008540199100369739,-0.005634836193012194,0.008716272655795443,0.012502152958083323,-0.015407672876093237,0.012414101814643974,0.04094032466291986,-0.015407672876093237,-0.018489145794242212,0.04094032466291986,-0.02826199845326871,SAIC,2025-07-17
True,5,0.8597295533867946,0.6561109404182027,0.862063662924804,False,False,-0.027045308972446724,-0.030064880034079144,98.59993743896484,-0.02809731368538604,0.001999695099222043,-0.046695458196749584,-0.022897715521053574,0.001999695099222043,-0.04709538320188722,0.011198813094494442,0.012998636093542792,-0.04709538320188722,0.013598669296565502,0.036396377356912035,-0.04709538320188722,SAIC,2025-09-24
True,5,0.9813079780672632,0.7149529045184535,0.6774430717932256,False,False,-0.020275330382885093,-0.02423203761496573,90.85665893554688,-0.0009802864512219456,0.0050102964313529785,-0.02799263065390134,-0.015575587861175189,0.0050102964313529785,-0.02799263065390134,-0.03474567133919193,0.0050102964313529785,-0.042261218875998874,-0.07232329064544396,0.0050102964313529785,-0.07918525837490065,SAIC,2025-11-07
True,5,0.8378344940640319,0.8378344940640319,0.8622051523605928,False,False,-0.052552099039746114,-0.048053428598324954,45.51893997192383,0.015961678495827858,0.015961678495827858,0.004988030260383969,0.02793308402577588,0.02793308402577588,-0.0071826847574657515,0.045291450244738796,0.045291450244738796,-0.0071826847574657515,0.004788679538441087,0.05945741601518373,-0.0071826847574657515,SEIC,2019-03-08
True,5,0.9249996821077541,0.45833386315374325,0.9092837926147214,False,False,-0.025889776406876286,-0.005442329262063339,46.47256088256836,-0.00566755452471468,0.01074831395775977,-0.010162365894389569,-0.017002335234393096,0.01074831395775977,-0.024623975296008904,0.038108096505291345,0.04025780521241873,-0.024623975296008904,0.05935980479545133,0.0843299344007058,-0.024623975296008904,SEIC,2019-05-29
True,6,0.8941217653553084,0.3529454003644161,0.7091806951390751,True,False,0.002590307200423858,-0.008232279961362998,60.443321228027344,-0.01306992162881404,-0.01079037924434778,-0.022340447153107457,-0.012614063846848933,-0.005775205148096374,-0.028115604890832202,-0.00015203674328589933,0.005319096742383733,-0.028115604890832202,0.007750718308922266,0.010334413068818993,-0.028115604890832202,SEIC,2020-01-02
True,6,0.9840026855468709,0.43200073242187015,1.2663963472017288,False,False,-0.00015335841241848058,-0.0029035106562217416,59.93809127807617,-0.0236015338448059,0.0007663433667364217,-0.030038287475934733,-0.027586154664615115,0.0007663433667364217,-0.047662900882434744,0.0292721467125574,0.030498111560349095,-0.05333327119117093,0.05302680791636627,0.062069014328921535,-0.05333327119117093,SEIC,2020-01-23
True,8,0.9853758245712639,0.941500508742773,2.7298149884900673,True,True,0.0292721467125574,0.029114299170190927,61.69260787963867,-0.02829063709800439,-0.004169209398070528,-0.030077455801814645,0.012507399204333192,0.02665267772369706,-0.03454456313863796,0.023079086789320025,0.03186413595385407,-0.03454456313863796,0.025312590683343572,0.03513975863561036,-0.03454456313863796,SEIC,2020-01-30
True,6,0.9850301692286431,0.7035934675025483,1.9677308401863607,False,False,-0.133282880234475,-0.1641377638089232,52.626102447509766,-0.025135302031072615,0.01832780988549132,-0.046779530786171475,-0.026531470103874244,0.01832780988549132,-0.046779530786171475,-0.08744973131683775,0.01832780988549132,-0.09809732569080032,-0.20684236159933989,0.01832780988549132,-0.22063190574964797,SEIC,2020-03-02
True,6,0.9234450546742806,0.8229670311618735,1.3587883143593311,False,False,0.01114985307807359,-0.19087316728821524,50.81648254394531,-0.05495300886494314,-0.005784511743112453,-0.06597977349508277,-0.0817063071324613,-0.005784511743112453,-0.09580607032596455,-0.06417197323131274,-0.005784511743112453,-0.19287791836299883,-0.30296452971781296,-0.005784511743112453,-0.31923353813336297,SEIC,2020-03-06
True,7,0.8391816029080924,0.4678366552039921,1.2395936374073084,True,False,-0.02729063862549641,-0.041233077655043915,44.85482406616211,0.04341594106624669,0.05570343788938237,0.011468339955294837,0.08109769481842921,0.09113246564245059,0.011468339955294837,0.01945507488546716,0.09113246564245059,0.007781931136548792,0.0628712710879682,0.09113246564245059,-0.00266236552559318,SEIC,2020-04-24
True,7,0.9066670735677065,0.5133336385091148,1.7775447427293065,True,False,0.01565044968486662,-0.05341927205183383,45.902015686035156,0.01340803052421613,0.016609948616719716,-0.02541523588985728,0.05523322732985081,0.06343814798119429,-0.02541523588985728,0.03742253138842733,0.06343814798119429,-0.02541523588985728,0.07924756198361527,0.11266757759927182,-0.02541523588985728,SEIC,2020-05-13
True,5,0.9797279707608546,0.8175672018413694,0.698999852919547,False,False,-0.02601828818056806,-0.01595355782122032,50.177520751953125,-0.025423575476959503,0.00018437530145543057,-0.030029324042232575,0.012896107995477468,0.018238792628043177,-0.030029324042232575,-0.0007367488597915806,0.02321312989953417,-0.030029324042232575,0.01731774151465415,0.03279295240476654,-0.030029324042232575,SEIC,2020-06-25
True,6,0.7468383769610777,0.405064391360409,1.161352621121242,False,False,-0.06732280494580822,-0.03981168258007861,49.04973220825195,-0.03656257580342592,-0.00018866027978170496,-0.03693951613819113,-0.01470031364682145,-0.00018866027978170496,-0.05446662941054137,-0.013757949954165016,0.00037699198454177463,-0.05446662941054137,0.003957818628314458,0.012815738587671044,-0.05446662941054137,SEIC,2020-07-27
True,6,0.8902945844238213,0.8818555824891143,1.5339282992667356,False,False,-0.021706497007222603,-0.08935731749787146,48.32868576049805,0.0009564234168635277,0.0028691715823718766,-0.01874523292786523,-0.004208199888310671,0.015302253558171497,-0.01874523292786523,0.0019128468337270554,0.02486601533590793,-0.01874523292786523,0.018936504835593837,0.04399389648786323,-0.01874523292786523,SEIC,2020-07-30
True,5,0.7785706889880734,0.7785706889880734,1.0289753464652382,False,False,-0.027240183548100982,-0.027605567703254175,47.866477966308594,0.0241404345424856,0.02471985883737271,-0.00038641536555228395,0.011201148239029513,0.03302427590204293,-0.00038641536555228395,0.022209355980398415,0.03302427590204293,-0.00038641536555228395,0.0003861200789614383,0.037079909908141584,-0.009076950751214952,SEIC,2020-08-21
True,6,0.9314270019531253,0.685712541852678,1.6016905082255442,False,False,0.0025838928541608297,-0.026254873930065536,46.62774658203125,-0.0023788400796388443,0.014671136304192478,-0.012688129884476984,-0.016058663601889678,0.014671136304192478,-0.021411567198959425,0.022799378623442168,0.03251392428690325,-0.0237904584473686,0.05392555654893183,0.05808890121809829,-0.0237904584473686,SEIC,2020-09-21
True,6,0.7452219085152828,0.40764300258038844,1.5509157637803572,False,False,-0.10450712774937643,-0.10402439829975241,46.100830078125,-0.002005286529081829,0.0056145457715857106,-0.018648594384116146,-0.0062160241541289185,0.007218871440986208,-0.022659037016541483,0.034489620900391316,0.04010419407718291,-0.022659037016541483,0.10427109315836014,0.13956280812927102,-0.022659037016541483,SEIC,2020-10-28
True,7,0.8600006103515644,0.3639999389648466,1.5120187503406675,True,False,-0.009095826842301813,-0.02627816777301517,50.3531608581543,0.0069763289218705005,0.011566011496779716,-0.00440606425466461,0.039471266905301894,0.04075637239513874,-0.00440606425466461,0.038002454435032584,0.04075637239513874,-0.00440606425466461,0.038553296990805785,0.04975211688673231,-0.00440606425466461,SEIC,2020-12-01
True,6,0.8308605710728133,0.5756674307383206,2.467927209568547,False,False,-0.08407234768962957,-0.07749981531396954,53.82833480834961,0.023336351121749255,0.03854812595996915,0.002765865639982268,0.053068453008427996,0.057217143157130224,0.002765865639982268,0.06205711592736751,0.07450315112465167,0.002765865639982268,0.09369074342125083,0.09749380741653635,0.002765865639982268,SEIC,2021-04-23
True,6,0.9132938927342138,0.6011545526108616,0.6647092571968547,True,False,0.020488436532044796,-0.014561603003386159,57.931766510009766,0.008191438889827207,0.014616072712479777,-0.004979130907608487,0.010118878883268678,0.018310266445060508,-0.006745969767208315,0.010600689495547488,0.018310283374588288,-0.014294897651244365,0.026501756662923093,0.03742365750817389,-0.014294897651244365,SEIC,2021-05-19
True,5,0.7731949032562564,0.6804113575586,0.8776037339697597,False,False,-0.024500350325948328,-0.014653203664773962,56.64824676513672,0.010409900391905813,0.01272317538487111,-0.0004955838835135618,0.0213153564061086,0.027429020580060026,-0.0004955838835135618,0.026437579318192572,0.037177941550985416,-0.0004955838835135618,0.03155986957035273,0.04923996473725123,-0.0004955838835135618,SEIC,2021-08-19
True,6,0.9642862981673157,0.38571451926692735,1.9098110721235615,False,False,-0.04633016141289226,-0.030901133555194638,56.06791687011719,0.004173666548100696,0.012020034070700847,-0.014691126253015718,-0.003005061686497612,0.012020034070700847,-0.014691126253015718,-0.0005008889724686938,0.012020034070700847,-0.015525891950609716,-0.024207116297411346,0.012020034070700847,-0.0474124419669234,SEIC,2021-09-08
True,6,0.9013170773331198,0.5789493497432588,1.0369377457985054,True,False,-0.014023870072384703,-0.004821979712781976,59.88689041137695,-0.006251803858197458,-0.0007813675214005666,-0.01140969493856403,-0.03844935492342849,-0.0007813675214005666,-0.05142221407730474,-0.08549537807816798,-0.0007813675214005666,-0.08549537807816798,-0.033916706356059034,-0.0007813675214005666,-0.08549537807816798,SEIC,2021-11-23
True,6,0.9632344691402367,0.6874992987692011,1.202428575007725,False,False,-0.06656028184331575,-0.07658295932707515,55.10416793823242,-0.01077303942679475,0.0034198769130686646,-0.033857826333585805,-0.04634070478781671,0.01179891417742951,-0.07609449285908199,0.0022230180252618137,0.01179891417742951,-0.07609449285908199,0.022400824853773482,0.028727861457778392,-0.07609449285908199,SEIC,2022-01-24
True,6,0.91419193852166,0.7359737427860656,3.154420503281145,False,False,-0.054995804176914964,-0.05624278568616037,53.916908264160156,0.02743782118486826,0.027787357269702273,-0.0012234710996139597,-0.003844914608001071,0.027787357269702273,-0.01048596717742889,0.027088379972426857,0.03303036062908582,-0.01048596717742889,-0.014505524765328182,0.03303036062908582,-0.0321565652077741,SEIC,2022-02-24
True,5,0.7076892378839612,0.46153620432643966,0.7976607651374605,False,False,-0.01725326222983492,-0.05966023387788377,54.20900344848633,0.0276378173563121,0.028506915931594268,0.0008692231745797141,-0.0085172545919181,0.041717399851261217,-0.012862813539560758,-0.010950655375067786,0.041717399851261217,-0.037371664448275,-0.021901521860671957,0.041717399851261217,-0.04710577862261178,SEIC,2022-04-18
True,5,0.8803426048795473,0.8461538461538457,0.7085251093225693,False,False,-0.05404922723286354,0.004271295172100231,51.32150650024414,-0.012389077293294526,-0.006471923300145455,-0.021819519426738654,-0.04178985217738718,-0.0025888847661282854,-0.04770700687994356,-0.05713761161025377,-0.0025888847661282854,-0.0637944271451546,-0.06767744752808258,-0.0025888847661282854,-0.09578409715979419,SEIC,2022-09-19
True,6,0.8985498633067865,0.7210131606953815,1.491088698535507,False,False,-0.03444185559301316,-0.03520590722841388,46.291839599609375,-0.021935162117779017,0.01189021004491675,-0.02337017032326738,0.016400239041565845,0.0373103800973682,-0.02337017032326738,-0.02911011733868818,0.0373103800973682,-0.03259519343294093,0.07933612237135024,0.0832311342434231,-0.042435311838751044,SEIC,2022-10-13
True,5,0.8775486372235269,0.5408132283905881,0.7781516214474908,False,False,-0.0034861750979601203,-0.03473227336947482,57.38667678833008,0.008995469360902453,0.011660800745261879,-0.0004997776675349508,-0.013826436046808777,0.013992896106014507,-0.016991560749285428,-0.03448283197083568,0.013992896106014507,-0.037647893028240564,-0.07412959673875352,0.013992896106014507,-0.09545230022790185,SEIC,2023-03-02
True,6,0.8205106468998327,0.6923044318882069,1.1225225844124618,False,False,-0.06686932712764848,-0.08083836011736789,52.82671356201172,0.005790858397109355,0.014477060910804473,-0.013391215298843462,0.00524789998069064,0.019724903834630325,-0.024068041452512068,0.006514706670307957,0.03420205189993952,-0.024068041452512068,0.023344251233697655,0.03420205189993952,-0.024068041452512068,SEIC,2023-03-15
True,5,0.8235317877049861,0.8235317877049861,0.9414621233558187,False,False,-0.009702457500220252,-0.007294584669100601,58.97108459472656,-0.0011430943799681792,0.000816454021288493,-0.009634221621652617,0.005225334040239282,0.005388598593176974,-0.010777245651907075,0.001306301166265511,0.014043010488007157,-0.017635606196506837,0.012573455991351512,0.024167232944038775,-0.017635606196506837,SEIC,2023-08-18
True,5,0.9108907899458021,0.5346552603251952,0.7490973932540629,False,False,-0.04452173306420004,-0.05777710765513755,55.59112548828125,0.009007416516158884,0.0284080556365347,-0.011605758419350298,-0.00155892315039996,0.0284080556365347,-0.011605758419350298,0.002251854129039721,0.0284080556365347,-0.011605758419350298,-0.03204569035084348,0.0284080556365347,-0.032565395783953344,SEIC,2023-10-04
True,5,0.8092104602720448,0.3881594137429114,0.9880752731012629,False,False,-0.03181344688423082,-0.04090032972628632,63.42972946166992,-0.0015399582973567583,0.005543606610911356,-0.012319091881687227,0.0010778384989935663,0.021712184918158295,-0.012319091881687227,-0.0033878360855542633,0.021712184918158295,-0.019710614862788134,0.013088923841225952,0.0352632695727928,-0.019710614862788134,SEIC,2024-06-10
True,5,0.8548386600586357,0.4758090069802681,0.9996002904012595,False,False,-0.0033878360855542633,-0.035093504226424765,63.214839935302734,0.016069200225859115,0.01730520451209938,-0.0007726401528571625,0.016687253351272746,0.02147701206857544,-0.0007726401528571625,0.016532770242401407,0.03878249439233716,-0.0007726401528571625,0.006643980580748998,0.03878249439233716,-0.010197874705301202,SEIC,2024-06-17
True,5,0.9500002724780761,0.6928572596334627,0.6960218478492664,False,False,-0.012124229024785271,-0.013777719249714049,80.04907989501953,-0.030437011595192742,-0.011291240774757738,-0.03411893381535547,-0.008222875808708396,-0.007854702266335445,-0.0479872364303674,0.01816398154322929,0.019882187154983688,-0.0479872364303674,0.04172797812621254,0.04467355358831493,-0.0479872364303674,SEIC,2025-01-08
True,5,0.9235651147082063,0.48407302838427035,0.7119142444970561,False,False,-0.03516482974653801,-0.059733442840240514,77.63227844238281,0.02265253378288734,0.0230321690827906,-0.008858451261401834,0.04986085092523962,0.05163254668183748,-0.008858451261401834,0.06188315801866806,0.07365223818066524,-0.008858451261401834,0.06795750307260096,0.07719570304084233,-0.008858451261401834,SEIC,2025-01-13
True,6,0.9185184347944036,0.6296313041119476,2.114562458249833,False,False,-0.0024922085822010054,-0.031106330374155777,78.64419555664062,-0.012492176019290535,0.009369160163514634,-0.018613418772136736,-0.03897564738711057,0.009369160163514634,-0.05658970290348897,-0.05346664917871968,0.009369160163514634,-0.06995633889206054,-0.07582761514978775,0.009369160163514634,-0.10093689837407338,SEIC,2025-02-28
True,6,0.966852132861233,0.6961347158995086,0.5322947803256751,True,False,-0.006402731190370825,-0.002069500204121555,83.17757415771484,-0.014136438429091402,-0.002375860448746825,-0.018175358892062676,-0.007483867322445659,0.008434336683742938,-0.018175358892062676,-0.011404158645769602,0.008434336683742938,-0.018175358892062676,0.06391065478129243,0.07531477807732667,-0.018175358892062676,SEIC,2025-06-12
True,6,0.9536424175668708,0.5364241756687085,1.2368792850889738,False,False,-0.017070083733011665,-0.00586776606759043,87.05089569091797,-0.004313258576845502,0.0011350471139848217,-0.018274704283206322,-0.01055623892686508,0.01611797671604487,-0.018274704283206322,-0.016458551253797693,0.01611797671604487,-0.023723016525659335,-0.01010216096761285,0.01611797671604487,-0.023723016525659335,SEIC,2025-09-02
True,6,0.9496845085290684,0.4213814447829927,1.2105737055005308,False,False,0.005542781758518522,-0.004003122096107092,86.04304504394531,-0.010335406603785846,0.010679771066575583,-0.011713481203251885,-0.022737788124918334,0.010679771066575583,-0.02606806945553708,-0.019063057675791306,0.010679771066575583,-0.02606806945553708,-0.019866846772172764,0.010679771066575583,-0.04145613991142394,SEIC,2025-09-22
True,5,0.78531187903292,0.4067811221696803,1.0245720579176285,False,False,-0.0028201496343341903,-0.016115982145574748,83.84947967529297,0.008955972979492133,0.010487875585185824,-0.0028281421876820145,-0.001414153674702212,0.015083624751301539,-0.008013229082839968,-0.008838051015625625,0.015083624751301539,-0.013315982481246214,-0.051260841473300234,0.015083624751301539,-0.052203592285143374,SEIC,2025-10-02
True,6,0.9166664839706119,0.4396543975305344,1.9201239408812965,False,False,0.012669097931455653,-0.030674221481208575,80.55912780761719,0.00466093243650989,0.011406859541417624,-0.0034342923826906624,0.0036796884870091695,0.02882369609433133,-0.0034342923826906624,-0.008953649789952611,0.02882369609433133,-0.017907409482637027,0.008095238906999702,0.02882369609433133,-0.024408124451726243,SEIC,2025-10-23
True,6,0.958335099393892,0.8472216335353776,0.9086610578490837,True,False,-0.021648517700521785,0.0053185057811078185,82.52727508544922,0.04746411094003289,0.05637876560585475,-0.0015661220846208135,0.05421033436673617,0.06312490726731701,-0.0015661220846208135,0.04529567537809642,0.06312490726731701,-0.0015661220846208135,0.03614028454245455,0.06312490726731701,-0.0015661220846208135,SEIC,2026-01-02
True,6,0.9440002441406243,0.47200012207030934,1.6459995357531183,False,False,-0.06891652546134774,-0.10495160867925246,78.17274475097656,0.004959859492118968,0.012081888838407773,-0.013989623011418595,0.024672519470034793,0.03459241213959152,-0.013989623011418595,0.005595798973635047,0.03955231505297019,-0.013989623011418595,0.047182981338162566,0.06320740090978005,-0.013989623011418595,SEIC,2026-02-13
True,6,0.7214612190295685,0.4155263231236553,1.3470237993881293,False,False,-0.03534436010452002,-0.04981996452262383,78.6897201538086,0.0093493137835019,0.024131349807724467,0.003411206220372165,-0.004801038276155967,0.028048028931188185,-0.014782032184330052,-0.016171775522228482,0.028048028931188185,-0.027163598140318213,-0.028174371212618454,0.028048028931188185,-0.030701180424887786,SEIC,2026-03-12
True,6,0.9316255200386009,0.376071051293087,0.8399148179821252,True,False,0.0027515841727918655,-0.015158294053095767,44.68034362792969,0.01680665166071238,0.019207601372718486,0.0005144087879920267,0.010975537289318105,0.03138367105421214,0.0005144087879920267,0.013548132947153624,0.03138367105421214,0.0005144087879920267,0.016978089735879554,0.037043430635790964,0.0005144087879920267,SON,2019-03-08
True,5,0.7142862332925282,0.5809533843655498,1.0857356795207787,False,False,-0.010878264337520482,-0.026759023251288983,47.70252227783203,0.008086650624993474,0.008571832207792118,-0.0029112510263921143,0.04043357299880923,0.04302124965425724,-0.0029112510263921143,0.05547476075435842,0.06566394522510288,-0.0029112510263921143,0.05919473359706928,0.0711630100010947,-0.0029112510263921143,SON,2019-05-31
True,5,0.9600028991699213,0.909999847412111,1.0487896257085192,False,False,-0.004037130033798131,-0.018338806368844884,44.425025939941406,-0.004582442665369668,0.003877188632915418,-0.0049349357066948984,0.007754414183916314,0.013041674655865032,-0.007226114263843342,-0.07571514905775956,0.013041674655865032,-0.07642567597004479,-0.10200670561991954,0.013041674655865032,-0.1606295355743247,SON,2020-02-18
True,6,0.996183845187291,0.5954206142247506,1.2232323537406748,False,False,-0.045782106201623374,-0.06963499660482442,35.85986328125,0.006885948414373511,0.012661122603397246,-0.020657405118056804,0.04686787268011061,0.08374036301589571,-0.020657405118056804,0.09395828794542549,0.11217240900665759,-0.020657405118056804,0.15082174806987925,0.18258545751099042,-0.020657405118056804,SON,2020-05-14
True,5,0.7446148212139424,0.6338465763972372,0.952653275192413,False,False,-0.0955724389663436,-0.04139658509760946,40.025718688964844,0.009751344340939827,0.05034830427145098,0.009751344340939827,0.022089678896415776,0.05034830427145098,0.001592161914875545,0.020298399752509022,0.05034830427145098,0.001592161914875545,0.031642023990083645,0.05034830427145098,-0.027064518255465964,SON,2020-06-15
True,6,0.967532901825859,0.6883113987827645,0.6336280933901648,True,False,0.003720431243811717,-0.0009256485652315849,43.33450698852539,0.019644307893718294,0.022609464787943567,-0.0033357110577160176,0.012416679364863015,0.025203844170215817,-0.006856874595382867,-0.0074129297657254956,0.025203844170215817,-0.024462638892615463,-0.008154222742298045,0.025203844170215817,-0.024462638892615463,SON,2020-09-01
True,6,0.8901741751541868,0.5375725729809129,1.1565954851896605,False,False,-0.0702804864157025,-0.10635998945533243,39.94548416137695,-0.017088910829989534,0.008644879515717907,-0.02191395817343733,0.06091676344551078,0.0655407992201289,-0.02191395817343733,0.06433443101440695,0.07338149029667829,-0.02191395817343733,0.10525266321277371,0.16828846366270955,-0.02191395817343733,SON,2020-10-29
True,5,0.7738076856704283,0.49999545871517725,0.8191506515971092,False,False,-0.014708132673086682,-0.013402325222194422,54.99533462524414,-0.004030118688074014,0.0043293041501035745,-0.005672164443943806,0.005971270673164497,0.007613316299702966,-0.006568011472692148,0.00522470576998324,0.028959653157974108,-0.007612927705805239,-0.014628870954283113,0.028959653157974108,-0.03433339440343841,SON,2021-06-08
True,6,0.8873242085185787,0.38732286531719334,1.2724877230806084,False,False,-0.03896543937440988,-0.08845828604436301,49.759761810302734,-0.0066466971624143945,0.007311431693323156,-0.008973041407016158,0.007976021262439348,0.013625741043122419,-0.008973041407016158,0.01080117995529517,0.019774214482031427,-0.008973041407016158,0.005483730230616324,0.019774214482031427,-0.01877678157023477,SON,2021-09-20
True,5,0.8842983023061499,0.528927000740869,1.0224085694721934,False,False,-0.0028980489684391486,-0.04692845817631308,48.36240005493164,0.003077399253331281,0.009232307847690135,-0.002564556811732399,0.01846455327465968,0.020003280245780353,-0.002564556811732399,0.0340226344825052,0.04393888821747782,-0.002564556811732399,0.06520008458805493,0.07415714361504322,-0.002564556811732399,SON,2021-11-01
True,6,0.8509625700813734,0.7259632578279314,1.3267430316099622,False,False,-0.0162307276929593,-0.013872124554479948,47.96686553955078,-0.011809792507308181,-0.0022578795790723083,-0.028134945103207576,-0.019972521569120882,0.006946525669071502,-0.03178199592938458,-0.01632521954035182,0.006946525669071502,-0.03178199592938458,-0.028308541615205574,0.006946803056598672,-0.032129346625567545,SON,2022-01-24
True,6,0.7030311857713925,0.38181935880630224,1.3495451519858,False,False,-0.07039904180380485,-0.030231102054819936,51.43301773071289,0.013709853927843296,0.015505196087812312,-0.012404106312755125,-0.013873024092742381,0.022523276855236807,-0.023012857189515512,0.0262772200283663,0.026603651546246887,-0.023012857189515512,-0.05063044130780292,0.026603651546246887,-0.05128859817122322,SON,2022-04-27
True,5,0.979797551662091,0.6363636363636433,0.7616034513751573,False,False,-0.04115198709567702,-0.055354721220570724,49.2520637512207,-0.003951938222617635,0.007560057008012766,-0.009622072383105085,0.018900277768031604,0.023024017734317948,-0.013058319072727365,-0.0207904294688932,0.023024017734317948,-0.032646140548300395,-0.005326488387967232,0.023024017734317948,-0.05051551393625231,SON,2022-05-12
True,5,0.9457365487262096,0.37209350465009333,1.048168009260353,False,False,-0.009116662824966704,-0.010756375333981216,51.426143646240234,0.004516560462070718,0.007862173801458372,-0.005854783458990931,0.023586581317263322,0.02693219500892119,-0.005854783458990931,-0.00920024434289457,0.03161602315700174,-0.00936749632007916,0.016560870050600585,0.03161602315700174,-0.025593613464201526,SON,2023-01-10
True,5,1.0,0.8118822351896947,0.9223156008702701,False,False,-0.031065829675484657,0.006967200268126916,50.97882080078125,0.009787341796400284,0.018393455568266104,-0.006243720079719961,0.025480866508547972,0.026324593027543974,-0.006243720079719961,0.01687462660298822,0.03341189636705244,-0.006243720079719961,0.04505555010134854,0.05113048363976036,-0.006243720079719961,SON,2023-01-20
True,6,0.7042262601949257,0.471832991263793,1.3313849650917358,False,False,-0.03774867456589148,-0.046664317581494585,49.07569122314453,0.018554441706416958,0.027213244470658315,0.005124537572412269,-0.020321575810395065,0.027213244470658315,-0.04152668310489416,0.009895686697243944,0.027213244470658315,-0.049655518679736055,0.04135003635473833,0.05354301053401089,-0.049655518679736055,SON,2023-03-13
True,5,0.73170572856093,0.5182919454032868,0.9856884783055504,False,False,-0.03683108817428993,-0.0716678090854036,48.07839584350586,-0.024170420463010878,-0.0019842154264294587,-0.029942420027884387,0.022186045216302963,0.048881630662074516,-0.029942420027884387,0.037517942489298406,0.0753967674704148,-0.029942420027884387,0.07954528053123178,0.08657996940972046,-0.029942420027884387,SON,2023-03-16
True,6,0.9922493457335909,0.68217290376,0.7453443285456829,True,False,0.007108975700990783,0.011143728790746543,52.04275894165039,0.0026890577427616247,0.010420134674576698,-0.0021849071496010675,0.022352984897340944,0.031932811822426244,-0.003865602248602884,0.008571252443706712,0.031932811822426244,-0.003865602248602884,0.03663857666852821,0.045714221572910496,-0.014117739501123494,SON,2023-05-18
True,6,0.9032256741347238,0.5053774908324257,1.153104835330596,False,False,-0.020506490442662617,-0.029703047696008067,49.71614456176758,0.004046486135853122,0.011787489770234139,-0.007740955792379434,-0.0010555683821782402,0.011787489770234139,-0.013195053234778209,0.019352342771758124,0.01970421563957192,-0.013195053234778209,0.027445545232106516,0.03782539867080592,-0.013195053234778209,SON,2023-07-06
True,5,0.7500028049232002,0.38235591109514405,0.5314088672636328,False,False,-0.016148702567306827,-0.02587647342836419,49.98036575317383,0.003355046724356825,0.012184288647212327,0.001236047524167061,-0.0021192098673391557,0.012184288647212327,-0.009535739988199565,-0.020130814613557146,0.012184288647212327,-0.02295616900900488,-0.013067417755064814,0.012184288647212327,-0.02419228028625031,SON,2023-08-09
True,5,0.9248130652142155,0.5639106154865512,0.9764658766990978,False,False,0.00501876150752123,-0.00515167786601245,47.72096252441406,-0.0024043619048289555,0.011836444872202811,-0.0029591756263095403,-0.030885794488209384,0.011836444872202811,-0.037728827071212834,-0.009432232294709908,0.011836444872202811,-0.037728827071212834,-0.07305349645285075,0.011836444872202811,-0.07323841084598837,SON,2023-10-09
True,7,0.9940815847448423,0.8283998158113344,1.4741510390268626,True,False,-0.0023568730577552266,-0.005601824337775785,49.02634048461914,-0.009812821560849727,0.005451582097778518,-0.012902081596211867,-0.022896661451120237,0.005451582097778518,-0.02471389354029796,0.022896661451120126,0.050336210514389856,-0.02671272172819872,0.018535381487696734,0.050336210514389856,-0.02671272172819872,SON,2023-12-07
True,6,0.9600001743861611,0.7485722133091538,1.680046538685282,False,False,-0.013835356557385325,-0.005650768802463513,50.16669845581055,0.00497243572473649,0.010300072465704302,-0.004439724775792464,0.020245231903917693,0.02699360914872817,-0.004439724775792464,0.009756063064585874,0.02699360914872817,-0.004439724775792464,0.017461315762519414,0.02767534545368333,-0.004439724775792464,SON,2024-02-20
True,5,0.8412725324097369,0.5714285714285714,0.6977890907152472,False,False,-0.03785655362914464,-0.0474725125426666,45.89419174194336,-0.0006055247630536442,0.005851287976027297,-0.005851656249327264,-0.01351911957946239,0.005851287976027297,-0.01694926777878014,-0.014326208865564127,0.005851287976027297,-0.026432756601310725,-0.04620681750231714,0.005851287976027297,-0.06255066730509085,SON,2024-12-23
True,5,0.7272711509534596,0.7272711509534596,0.901847023831381,False,False,-0.028780195416636012,-0.053455379137796744,43.125343322753906,0.009877621063153263,0.012024975435979801,0.0012884493114277973,0.02211737232475741,0.029632891370207082,0.0012884493114277973,0.05690359618046803,0.05905086851468089,0.0012884493114277973,0.03607485150441625,0.06678132515905388,0.0012884493114277973,SON,2025-01-13
True,6,0.907895166127508,0.4934209040327853,1.1725936932474823,False,False,-0.024764776608704242,-0.0020942930514348257,44.12546157836914,0.0027282256548135653,0.013641142140257134,-0.0016788906018248007,0.0006295373350133637,0.02245536846486651,-0.0027282766806100422,-0.006085988644640383,0.02245536846486651,-0.019936982888333676,0.010283278833082221,0.02245536846486651,-0.024134326427119768,SON,2025-02-03
True,6,0.9501384280491154,0.8005537121964617,1.5848497894637363,False,False,-0.1042189141741654,-0.08996405348360348,40.16141128540039,-0.009326113145302073,-0.002797813120753445,-0.04429930146209926,0.028911273696525575,0.03264174373521733,-0.04429930146209926,0.01235724714294828,0.03637223758305175,-0.04429930146209926,0.08183729349141111,0.08393568828209208,-0.04429930146209926,SON,2025-04-09
True,6,0.767676728755173,0.7171723399172321,1.1811737361998838,False,False,-0.015540678512606765,-0.03103536045877353,41.41649627685547,0.012583026421638444,0.018988943384688817,0.005033311040068433,0.004118139987101532,0.018988943384688817,-0.005490704754969711,-0.003431675865881556,0.018988943384688817,-0.011667791422234397,0.06497360341439684,0.07961554685903338,-0.011667791422234397,SON,2025-06-23
True,7,0.9615376150827153,0.4038440377067811,1.7160710438021363,True,False,-0.012345635112507858,-0.022602276958748835,46.61973571777344,0.00520829412513657,0.01020832889816825,-0.00875000051678021,0.07541663243620622,0.07791668962881948,-0.00875000051678021,0.06916661402540059,0.07979165413319267,-0.00875000051678021,0.07645827489607315,0.09125007816711106,-0.00875000051678021,SON,2026-01-30
True,5,0.7636375616421254,0.37272765104488015,0.8201741026339837,False,False,-0.007918268849647303,-0.03564907486159097,47.16688919067383,0.048099088706821336,0.049779366171323725,0.0121822064322481,0.061331550597568896,0.06721272206866136,0.0121822064322481,0.057550812538815777,0.09010705953982878,0.0121822064322481,0.06679266161387454,0.09493799634635813,0.0121822064322481,SON,2026-06-08
True,7,0.8616262668477687,0.7574878974680485,1.5909458367016978,True,False,0.0009600620404150995,-0.017219164556714572,47.93720245361328,-0.0005049158672496556,0.013077525445915006,-0.008432167070666963,0.04301938892845625,0.04801807689230131,-0.008432167070666963,0.06008562481846513,0.06498338316602648,-0.008432167070666963,0.051956598721198066,0.09300684954040461,-0.008432167070666963,TECH,2019-05-31
True,5,0.950717662872343,0.35934215020005805,0.9147043432757719,False,False,-0.004904029845292035,-0.01877944589443381,50.58760452270508,0.004258426268982207,0.007990478052613215,-0.007990366560222784,0.028995258888744768,0.03363641330402767,-0.007990366560222784,0.005502352457768422,0.03363641330402767,-0.007990366560222784,-0.08894728297216914,0.03363641330402767,-0.12368408507325701,TECH,2019-07-24
True,6,0.835615400392704,0.4263692075755657,1.4647372429550647,False,False,0.012873474454122347,-0.010732516741155051,45.590206146240234,0.04047033272561196,0.04472476394161462,-0.003243787754427685,0.06865562191709795,0.07211249255999141,-0.003243787754427685,0.051212685856875106,0.07211249255999141,-0.003243787754427685,0.06860248917284362,0.08519467842299511,-0.003243787754427685,TECH,2019-09-10
True,7,0.9438376903776865,0.44149769332946226,1.398953381536372,True,False,0.002479861987027654,-0.01662145871433174,53.012245178222656,-0.024231764310193693,0.0033894973181767263,-0.028766624389120032,-0.004489293322900267,0.007374549970253996,-0.028766624389120032,-0.0070085707241975825,0.007374549970253996,-0.028766624389120032,4.598166979241647e-05,0.022765569213209158,-0.028766624389120032,TECH,2019-12-12
True,6,0.7894748918692606,0.7568922593302196,1.6156246388535769,False,False,-0.005313480910677293,0.0017531139839319643,52.73299026489258,-0.005433881112474226,0.007736133533889689,-0.008104731105394114,-0.0021645533660931138,0.010222672419997192,-0.013584644793931955,0.0006444034952595157,0.010222672419997192,-0.013584644793931955,0.02003098026951955,0.022655948345749355,-0.013584644793931955,TECH,2020-01-06
True,5,0.859853159346167,0.6087583143619585,1.083815028901734,False,False,-0.01731557989180421,0.0030074053486432994,52.64313507080078,0.007564810122142829,0.009825087136442034,-0.004797348931308787,-0.017482577277439404,0.01725173495509358,-0.02578555549014283,-0.04400575300929366,0.01725173495509358,-0.05470738704996647,-0.051201579816699594,0.01725173495509358,-0.09280867439930618,TECH,2020-01-27
True,6,0.8435207915177464,0.4311326831864663,1.2083019051558432,False,False,0.028111517383550222,-0.05741886834970167,47.23115539550781,-0.028527228502449375,-0.009938141096688669,-0.0546858385004968,-0.07013362986501326,-0.005303657881309265,-0.08007188135605958,-0.0750768655214401,-0.005303657881309265,-0.1600408569130417,-0.13872292261175745,-0.005303657881309265,-0.18831091482335027,TECH,2020-03-06
True,6,1.0,0.714545047644413,2.1303888622179548,False,False,-0.0750768655214401,-0.04907587274809844,43.68518829345703,-0.10271686309849715,-0.019931009552269785,-0.10878520921989143,-0.08295317508760625,-0.019931009552269785,-0.12242536172019058,-0.0688122663578945,-0.006848112569594833,-0.12242536172019058,0.026555802095913128,0.05411395657498086,-0.13612081235097406,TECH,2020-03-13
True,6,0.946285621612006,0.4788570043448275,0.9133785320250979,True,False,0.008439712913479225,0.052616946878240256,64.30226135253906,0.007346267174136001,0.014882108536184102,-0.012307615740201006,0.021888117380810534,0.04233721677652991,-0.012307615740201006,0.03764149181571552,0.04396550734961324,-0.012307615740201006,0.038739587666491104,0.056727324786611355,-0.025523549808498913,TECH,2020-06-30
True,6,0.8340170598093913,0.422130224879307,1.3950807071483475,False,False,-0.027994525220914723,-0.039252011304219625,61.62620162963867,0.0010682801092594119,0.005064046651287679,-0.021996115977562014,0.010642070514781832,0.017604900099592813,-0.021996115977562014,0.03481443043517518,0.037504594497511645,-0.021996115977562014,-0.02551727369567902,0.037504594497511645,-0.04375514106119871,TECH,2020-08-26
True,6,0.7322486642905668,0.463016592817979,1.2425564436518803,False,False,-0.004424969044400151,-0.06246893948112875,59.787933349609375,-0.005423705714421301,0.0092564124464658,-0.017534787641566685,-0.008114886140845101,0.0092564124464658,-0.03910622288264487,-0.05305234820948679,0.012151734314412632,-0.067528564883503,0.014190666678236319,0.027565858905648444,-0.067528564883503,TECH,2020-09-17
True,5,0.9973767681783944,0.7047262227063732,0.9775849602313811,False,False,-0.009649346780714052,-0.009366999943541177,59.30276107788086,-0.0010278618819682395,0.020432427276184884,-0.011511346565430514,-0.006166978314423588,0.020432427276184884,-0.05989975846244466,0.014471181175339076,0.02610578712520617,-0.05989975846244466,0.05323943739887582,0.06322953886393434,-0.05989975846244466,TECH,2020-09-22
True,5,0.8709991455078109,0.5464996337890602,0.7248211195205745,False,False,-0.015150884480939486,-0.08558584454928408,87.00822448730469,-0.03180718361480217,0.018556366732526364,-0.03180718361480217,0.02119526054199361,0.04769648523373515,-0.03180718361480217,0.08116014058505083,0.09205233491455078,-0.03180718361480217,0.053423424165988775,0.13643660081787767,-0.03180718361480217,TECH,2021-03-05
True,6,0.9311943136030878,0.523012314851597,0.989137068228976,True,False,0.008636848795431362,-0.027808459253948703,92.14015197753906,0.02921347812212205,0.03417078346686542,-0.012274222928629897,-0.009941298306515689,0.03417078346686542,-0.047187462025764515,0.02990288808622421,0.0353108950157881,-0.047187462025764515,0.08350563062298444,0.09063675408880045,-0.047187462025764515,TECH,2021-03-25
True,5,0.9717777127042637,0.7347125090433044,0.918383816646043,False,False,-0.006408461107473951,-0.058586587225787135,101.50020599365234,-0.016026882474113657,0.02230877681019261,-0.016917278787410117,-0.03332009153751536,0.02230877681019261,-0.06846493986702706,-0.03661959126823211,0.02230877681019261,-0.07004890321123913,0.011910625770689354,0.031178232872357103,-0.07004890321123913,TECH,2021-05-11
True,6,0.919814993457629,0.756793651371474,1.7324386467082726,False,False,-0.03661959126823211,-0.04279337714929199,97.78330993652344,-0.006075064521520179,0.010049888358285575,-0.016150060630128804,0.023374977587754087,0.04452495544690649,-0.016150060630128804,0.05037492624830153,0.07037492513454868,-0.016150060630128804,0.025325018526676235,0.07037492513454868,-0.016150060630128804,TECH,2021-05-18
True,6,0.7619856728891112,0.392768684662391,1.2624026372773989,False,False,-0.05028147405209471,-0.015714730849579528,121.65790557861328,0.018257933286487615,0.019906785919391545,-0.006273520684609735,0.013394251642031785,0.02067076000593948,-0.006273520684609735,0.01508427377618582,0.03566757657000941,-0.006273520684609735,0.009048068333360026,0.03566757657000941,-0.020609675780794867,TECH,2021-11-05
True,6,0.8302166173094175,0.6098107628903233,1.2779820815953797,False,False,-0.020336662942173067,-0.05395629338746755,114.37975311279297,-0.023797719087594982,0.004922324523766619,-0.037494285399489624,0.012177241663094307,0.030582034062894836,-0.037494285399489624,0.006270551400705315,0.04046923359687393,-0.037494285399489624,-0.012284032072341633,0.04046923359687393,-0.037494285399489624,TECH,2021-12-02
True,6,0.924540599238593,0.7175482851432605,1.6383537219553266,False,False,-0.12304465248095708,-0.14558769277047756,104.7108383178711,0.01061323272221193,0.0142600467784042,-0.02001071673933219,-0.07034156549900439,0.02382123970480987,-0.07298318335678389,-0.11401004571406836,0.02382123970480987,-0.12207515430930183,-0.13972463723871031,0.02382123970480987,-0.1867593141058761,TECH,2022-01-10
True,6,0.9806809962037817,0.4904848142457636,1.7709305944600062,False,False,-0.021070970514047715,-0.08040355372733232,93.48018646240234,-0.036371686580070284,-0.013406986248668318,-0.05965068066146251,-0.07342420630337887,-0.01235976415450979,-0.07489059085438077,-0.014349648055295816,-0.01235976415450979,-0.08581004167625694,0.08062526958486882,0.10631337222017856,-0.08581004167625694,TECH,2022-01-24
True,6,0.9328230425398119,0.882353753462839,1.0474957978193284,True,False,0.002111471547667776,-0.0256505911438335,101.14723205566406,0.023710152011265917,0.027803157869457085,-0.0012595636360938078,0.01763143622850949,0.0339550525776402,-0.0019375733649300564,0.016759481564117662,0.03458473235005033,-0.0019375733649300564,0.0053039131605565615,0.03458473235005033,-0.062485099524539844,TECH,2022-02-24
True,6,0.8467670622652196,0.3769045798566123,1.1128959712137763,False,False,-0.045720872467846174,-0.07154273322229776,93.71981048583984,0.00222166268874191,0.023027824462372948,-0.007292645053154745,0.009331292637122734,0.041115441388318574,-0.020074376705548902,-0.09284345553007267,0.041115441388318574,-0.09339233792532697,-0.05258382765348513,0.041115441388318574,-0.12431390388202967,TECH,2022-05-02
True,6,0.7627961269409382,0.6296089150899823,1.4024627349319507,False,False,-0.09651681160292291,-0.09824494885461221,85.46439361572266,0.05511226622343579,0.06698974499658483,0.016869253576560217,0.06452238080219508,0.07952699993694634,0.016869253576560217,0.051296604558351167,0.07952699993694634,0.016869253576560217,0.04808333591472014,0.07952699993694634,0.0028401311194727885,TECH,2022-05-12
True,5,0.991716660506286,0.4637690774280527,0.9768347394260884,False,False,-0.07183495441072052,-0.07915350026345713,81.67975616455078,-0.008442331347424448,0.012859187501034652,-0.011837371226562365,0.003875796299414924,0.012859187501034652,-0.042693127817705956,0.041882026305237074,0.04735014132202675,-0.042693127817705956,-0.07586226286387665,0.050564813681223786,-0.09430951767807716,TECH,2022-09-01
True,6,0.9705697442218212,0.6011274495752945,1.9737674265130476,False,False,0.0022495873471786165,-0.02338300008169203,81.99633026123047,0.025588738807433176,0.025768302312058067,-0.017208934704333045,0.031963476267752755,0.046508758906149916,-0.017208934704333045,-0.04327679295771647,0.046508758906149916,-0.05653517134415409,-0.1133689443506597,0.046508758906149916,-0.11597270701449669,TECH,2022-09-07
True,5,0.8768127731697725,0.7163583576721335,0.7441629263585725,False,False,-0.06512881824222505,0.01162374556457757,70.9090576171875,-0.02107660353907037,0.014465936664189272,-0.02291082623587415,0.04730890000981258,0.0772103089832008,-0.02291082623587415,-0.02360258966029538,0.0772103089832008,-0.024294793245882684,0.023602374472143417,0.0772103089832008,-0.04346800452050048,TECH,2022-10-13
True,5,0.797710601644103,0.43893141996860785,0.9868854288743791,False,False,-0.06730560737836955,-0.04265912364858171,79.3853988647461,0.008293254826455598,0.011511501857489614,-0.008169203929143665,-0.007921709936846044,0.024879458492432338,-0.01386308112219159,-0.005817378094401415,0.024879458492432338,-0.036143030464495074,0.0007425131446259225,0.06622091649223649,-0.036143030464495074,TECH,2023-01-19
True,5,0.9949266297717774,0.4162448540147417,0.8785839843231388,False,False,-0.0020003552649587863,-0.07753636269348607,78.44209289550781,0.0061381723905375996,0.015157354600069839,-0.006012664998941708,-0.01440559323573598,0.027308048382983063,-0.016034019333429295,0.01816358253736161,0.027308048382983063,-0.021671129777203646,-0.035450352777136374,0.07904276402240895,-0.0633847115062054,TECH,2023-01-25
True,5,0.8822121556688564,0.7932692660382215,0.7619144327105335,False,False,-0.015315019483575831,-0.021334958735905962,77.07626342773438,-0.018358056488764207,0.0016572363909668208,-0.020525294579112785,-0.026382870050502105,0.0033145372499550074,-0.04603644527008466,-0.017321683457823478,0.0033145372499550074,-0.04603644527008466,-0.05254500353376479,0.0033145372499550074,-0.0705394516026433,TECH,2023-02-07
True,6,0.9333292643229099,0.37333170572915625,1.3638946112978423,False,False,-0.07367608146217408,-0.06458280099879687,71.47264099121094,-0.0183649510432361,0.00607587495417361,-0.01891719205341047,-0.005937514077084427,0.027202526954013484,-0.026650187414896442,0.009942077667718152,0.027202526954013484,-0.026650187414896442,-0.028997459666684544,0.027202526954013484,-0.05509521587461186,TECH,2024-01-04
True,5,0.8736469551326171,0.6209381111080486,1.0632156673530755,False,False,-0.05508055229331732,-0.06188901591838514,71.95623016357422,-0.012618212242511695,0.0202991077680732,-0.015361278642862186,0.003154659088896894,0.0202991077680732,-0.029625255038819187,-0.020299006080403137,0.0202991077680732,-0.030311395990762158,-0.005897504380823038,0.0202991077680732,-0.06144554469921193,TECH,2024-01-08
True,6,0.9428558972430601,0.44999754769728223,1.124178601516428,False,False,-0.028898760332314644,-0.04733886517750152,70.53742980957031,-0.012352411696869847,-0.004491692063513519,-0.020213131330226286,-0.02667032394849722,-0.004491692063513519,-0.03621542181106929,-0.035934740882087035,-0.004491692063513519,-0.04449735581900549,0.0571308234659913,0.11538461027208902,-0.04449735581900549,TECH,2024-10-18
True,6,0.9395779166897178,0.7341396064981311,1.2523112916818657,False,False,-0.09495588969509272,-0.09281273539500534,68.11359405517578,0.033905722416030404,0.03783466066105934,-0.0043655932986375046,0.08250870736694482,0.09138531682550877,-0.0043655932986375046,0.09691485626053953,0.10870189203563263,-0.0043655932986375046,0.07523277050242583,0.11772403909789397,-0.0043655932986375046,TECH,2024-11-20
True,6,0.8945326178792977,0.8906255355101934,1.1898647708441386,False,False,-0.03601193771367128,-0.09195117301077382,65.297607421875,-0.004711586635708698,0.021124341200290386,-0.00623131981471825,-0.003647638516557694,0.021124341200290386,-0.021580770523805026,-0.02507609811223399,0.021124341200290386,-0.03890593248341123,-0.05471136463906623,0.021124341200290386,-0.10364761624363394,TECH,2025-02-19
True,6,0.7864071197626743,0.631067853293779,1.2389265756545373,False,False,-0.04882924100891228,-0.07407409115275321,61.27851867675781,-0.009068840266646783,0.008097174012289932,-0.022024293601469735,0.007287505394117266,0.013441369112025203,-0.0448583397564305,0.042429199175587184,0.05101214167788881,-0.0448583397564305,0.0066397133031321776,0.05101214167788881,-0.0834007960675951,TECH,2025-02-28
True,6,0.9837844469669562,0.4243251853478537,1.8248375583417222,False,False,-0.03151124034746977,-0.06095089452454827,59.780052185058594,-0.005976141125042411,0.023904322396653077,-0.01726432608379158,0.03884459825172404,0.058432852393980994,-0.01726432608379158,0.010790070462718848,0.058432852393980994,-0.01726432608379158,-0.014276259139344272,0.058432852393980994,-0.021082365169550754,TECH,2025-03-12
True,6,0.9682741159754946,0.9568527783627301,2.114177379259646,False,False,-0.07382665675300037,-0.08942408488133724,53.65715789794922,-0.08895874576689078,-0.0262621790520009,-0.10486399517910705,-0.028296727788946652,-0.024412890826867373,-0.10486399517910705,-0.07564271384799925,-0.019789131627960366,-0.10486399517910705,-0.060847075431067266,-0.009802091479048647,-0.14906606512285459,TECH,2025-04-09
True,7,0.8427421525663852,0.7096768735473767,1.1523798852757836,True,False,-0.050675207013366697,0.011477480096008463,62.28645324707031,-0.02093652506550092,-0.0030365281499060703,-0.028607926186380084,-0.04203295929328843,0.0015981675833067754,-0.1337701780653946,-0.0824676843854919,0.0015981675833067754,-0.1337701780653946,-0.0509828503394778,0.0015981675833067754,-0.1337701780653946,TECH,2025-10-31
True,6,0.8489800748303238,0.8204087797176487,1.2488738372029915,False,False,-0.046850443820272925,-0.07623376996220987,60.63603591918945,-0.009370462712639749,0.005424892746584531,-0.026138448618714172,-0.03518011184764269,0.005424892746584531,-0.05589354630154275,-0.06312679796818865,0.005424892746584531,-0.06970245381955675,-0.02696048718076638,0.005424892746584531,-0.06970245381955675,TECH,2025-12-10
True,5,0.831167126165158,0.5389607655170514,1.0580868706475286,False,False,-0.059712499635052096,-0.08390511650438803,63.8856315612793,0.01809964450848156,0.01872378118094753,-0.01809944920125528,0.0714621249418188,0.09096595036616462,-0.03729116515008779,0.04197224198502014,0.09096595036616462,-0.03729116515008779,-0.06365056679505599,0.09096595036616462,-0.09439839843790032,TECH,2026-01-30
True,5,0.8011374719858496,0.4431827541213834,0.7128688273222389,False,False,-0.08318174360881148,-0.08077009572638927,59.22038650512695,-0.018203304773963924,0.001011246870955107,-0.033035616198357376,-0.07702687965533195,0.001011246870955107,-0.08646557048592363,-0.024608179618634485,0.001011246870955107,-0.08646557048592363,-0.02494526473356007,0.001011246870955107,-0.08646557048592363,TECH,2026-02-18
True,6,0.9021736876949683,0.7463763809281592,1.1045525980373958,False,False,-0.051020406814336394,0.0020087960463086585,54.76862335205078,-0.03736101288365068,9.466878170272253e-09,-0.038272243765866576,-0.0619645829505423,9.466878170272253e-09,-0.09130667656163649,-0.11044282386354054,9.466878170272253e-09,-0.12064879039174248,-0.05230543196733972,9.466878170272253e-09,-0.12064879039174248,TECH,2026-03-09
True,5,0.9114573916637029,0.5468740376343327,0.7956000208681973,False,False,-0.0731201772185951,-0.07344049709934031,53.520931243896484,-0.04009688820344637,0.0076464489717096296,-0.07012301136680044,-0.08970526488199626,0.0076464489717096296,-0.10014915522051626,-0.05240577266553248,0.0076464489717096296,-0.10014915522051626,-0.01734424000357515,0.0076464489717096296,-0.10014915522051626,TECH,2026-03-11
True,5,0.7090907829850395,0.4545460850748029,0.5460685852221767,False,False,-0.02979577189973326,-0.03663012088688,34.189998626708984,-0.0032172214118888487,0.005849686193997394,-0.0070195341740098005,0.01082195850961476,0.011406938286362855,-0.011991806489627055,0.012869331941491202,0.02573855230949862,-0.011991806489627055,0.012576786266375262,0.02573855230949862,-0.011991806489627055,USFD,2019-03-07
True,6,0.91199951171875,0.4240020751953125,2.2799872293793304,False,False,-0.013269266806962499,-0.040362369025578326,34.95000076293945,0.019170190395411124,0.020028633695531317,-0.002575111605815028,0.01545066963489039,0.022603745301346345,-0.002575111605815028,-0.002289036603956851,0.022603745301346345,-0.01373389218192278,0.10672387584585041,0.11902717472393642,-0.023176004452335586,USFD,2019-07-25
True,5,0.8681293805962641,0.7692243200643885,0.8893318061705793,False,False,0.0079012270326968,-0.028326557349539927,40.81999969482422,0.008574191002884035,0.009921577225004974,0.0002450302867527121,0.013473768769534988,0.01923076563647408,0.0002450302867527121,0.019353280779850435,0.035766758828706724,0.0002450302867527121,0.0034296764011536585,0.035766758828706724,0.0002450302867527121,USFD,2020-01-14
True,5,0.9210528165019821,0.5736844060163812,0.8997894410290187,False,False,-0.08152456632807614,-0.1930232380711755,17.350000381469727,-0.011527421241619096,0.009221893019840666,-0.03688768201299919,0.057636886340822535,0.12219013747970764,-0.03688768201299919,0.06916419764880533,0.12219013747970764,-0.03688768201299919,0.10316996938458156,0.21786736001078233,-0.03688768201299919,USFD,2020-05-14
True,6,0.9244190624047018,0.7151174073355328,0.8122608839154003,True,False,0.01675126451400266,0.00906802527539563,20.030000686645508,-0.009985060213842045,0.020219608857372506,-0.025461817843164924,0.07139282819798232,0.0733898783305873,-0.03644540312330946,0.05641533310181068,0.07713429971692576,-0.03644540312330946,0.04643027288796864,0.10034948377320596,-0.03644540312330946,USFD,2020-07-10
True,5,0.9266399883349805,0.8185323579098995,0.9456936917152291,False,False,0.005734413777198855,-0.09810132049937226,22.799999237060547,-0.017105236960469172,0.024342119462602785,-0.024780642351540094,0.02587720054081699,0.05614038287180789,-0.024780642351540094,0.0662280824302568,0.07280701328769523,-0.024780642351540094,0.08903512081464537,0.12280707184664652,-0.024780642351540094,USFD,2020-10-02
True,6,0.7892156312760157,0.6225489646093489,1.9475208623835627,False,False,-0.08575086105315421,-0.12744296534317945,21.43000030517578,0.07512835218965042,0.0877274444234395,0.019132050470064055,0.08632759473283413,0.10265976781435127,0.019132050470064055,0.40317308756928494,0.4540363697468701,0.019132050470064055,0.454969662209719,0.5188986828525177,0.019132050470064055,USFD,2020-11-02
True,6,1.0,0.5911596038619038,1.45971037492561,False,False,-0.03393155046691532,0.004373222426105272,34.45000076293945,-0.029608140353394874,0.009840368487567197,-0.03134983474997566,-0.050798257220435517,0.009840368487567197,-0.0856313700321597,-0.09114662488991909,0.009840368487567197,-0.11059510272608564,0.07285916592006014,0.07285916592006014,-0.11059510272608564,USFD,2021-01-25
True,7,0.7053294572484661,0.3573667336730289,1.486243817532161,True,False,-0.0601038903495803,0.0,38.0,-0.018421072708933006,0.0039474085757607025,-0.02710523103412832,-0.040789453606856485,0.0039474085757607025,-0.04526319001850332,-0.022631595009251604,0.004210522300318598,-0.06500003212376648,0.004473636024876715,0.019868449160927115,-0.06500003212376648,USFD,2021-03-19
True,5,0.9249983906768933,0.7562483459734736,0.8756140585700501,False,False,0.004341922768992035,-0.08391096723533986,37.0099983215332,0.003512593191326907,0.03107272569666164,-0.009862142132472607,0.022426421742682834,0.03107272569666164,-0.01810316669362,0.022426421742682834,0.04674421603329404,-0.01810316669362,0.06890038279937372,0.06917053470390333,-0.01810316669362,USFD,2021-03-25
True,7,0.8914969068474455,0.7507355326598875,1.343814951391217,True,False,-0.037188081231085524,0.023202443118021776,40.130001068115234,0.01096433129822616,0.01096433129822616,-0.011462818014610354,-0.03189640069586619,0.020682730980958963,-0.07749814422064827,-0.052329983377122025,0.020682730980958963,-0.08921011053496164,-0.053326671634423284,0.020682730980958963,-0.08921011053496164,USFD,2021-05-06
True,6,0.7368426336148626,0.5350885411786752,1.3592067138421047,False,False,-0.048568959172152204,-0.03771932417397028,32.90999984741211,0.020358614000275166,0.029626207190571074,0.005773279477056192,0.02917043722041046,0.10240045419355326,0.005773279477056192,0.053479134904085956,0.10240045419355326,0.005773279477056192,-0.007596475270711944,0.10240045419355326,-0.008508015211032949,USFD,2021-08-04
True,5,0.8789250401998016,0.5919292483492422,0.82102143065933,False,False,0.004829454942761657,-0.030858736701031897,33.290000915527344,-0.008711351984135307,0.008711351984135307,-0.012616460561485798,0.004505788737052097,0.015620319719520603,-0.024782239118372962,0.004205448657201405,0.015620319719520603,-0.028386893025991067,0.08921590040030836,0.10693894444842966,-0.028386893025991067,USFD,2021-09-13
True,6,0.8451870957856363,0.5690380576003473,1.1558502176625802,False,False,-0.02786125213762669,-0.05118630378192013,35.59000015258789,-0.02585001347845406,0.0016859053957225534,-0.035684193658856334,0.005057609002642627,0.02556897565357108,-0.035684193658856334,0.039336935090659386,0.055071623379302936,-0.035684193658856334,-0.01713966304400838,0.08766504407159714,-0.035684193658856334,USFD,2021-10-28
True,6,0.9328856397107486,0.7114091468261842,1.2718637785242672,False,False,-0.0963751045996406,-0.087449113354367,31.40999984741211,-0.006049046003840486,0.004138843322087693,-0.019102208990273595,0.08118431230335221,0.09614773869578652,-0.019102208990273595,0.049347317560978876,0.09614773869578652,-0.019102208990273595,0.01751032281860576,0.09614773869578652,-0.019102208990273595,USFD,2021-12-02
True,6,0.9509811621357808,0.7156873744796868,1.1708105094525292,False,False,-0.014765922541031817,-0.05485231097301457,31.360000610351562,0.05102035851341635,0.05197707386450712,0.004783151007999642,0.10267860835564657,0.10778064420698819,0.004783151007999642,0.11001277728931713,0.12818878761235486,0.004783151007999642,0.14668362195766949,0.1581632330337206,0.004783151007999642,USFD,2021-12-20
True,6,0.9349319363519975,0.5856164920439997,2.557334040797076,False,False,-0.04654942314448529,-0.01920931686754712,35.22999954223633,0.002554645295410607,0.01362473881559012,-0.031223346250752404,-0.031507255883464036,0.02279311422771646,-0.03718425745990972,0.000851512338537308,0.02279311422771646,-0.0708202941897168,0.01532787177246342,0.039171191769695746,-0.0708202941897168,USFD,2022-01-24
True,6,0.9682532474118344,0.8015873376294083,0.8381318827119544,True,False,-0.028513211982966746,-0.0023529451656965072,38.15999984741211,0.02987419796139612,0.03563942913495044,0.003668747122857585,0.004716989148205952,0.03563942913495044,-0.0031446261101834017,-0.011006241368572645,0.03563942913495044,-0.01755760407820728,-0.09879456165719402,0.03563942913495044,-0.211740040776075,USFD,2022-02-24
True,6,0.8676456769883021,0.463233819472591,1.3468462714037652,False,False,-0.016949187410723487,0.004408041204015056,31.899999618530273,-0.00877739130549171,-0.0012538874187156823,-0.018181816007582063,0.008150477491880803,0.012225746133568194,-0.018181816007582063,0.033855797386238784,0.05893414367549199,-0.018181816007582063,0.03636369180665788,0.05893414367549199,-0.018181816007582063,USFD,2022-08-01
True,5,0.886227230312908,0.6467065115965649,0.6442474588274906,False,False,-0.022826125340860814,0.016584945922389904,26.969999313354492,-0.01928062898235061,0.012606605904492474,-0.0222468850351063,0.028550258708475384,0.050241063555163556,-0.0222468850351063,0.0055617919798993665,0.050241063555163556,-0.0222468850351063,0.08268452007267024,0.10418989413542978,-0.0222468850351063,USFD,2022-10-13
True,7,0.7187503725279049,0.43750074505580966,1.1206800490297522,True,False,0.005699651241657389,-0.024059705076216353,35.290000915527344,0.0048171766657709725,0.006800732715876334,-0.01272318788913096,-0.013885000446435258,0.009351034508254363,-0.021224157831825186,-0.024086207615947264,0.009351034508254363,-0.04108814750133549,-0.035987543916579545,0.009351034508254363,-0.04533868652053141,USFD,2022-12-15
True,5,0.7764693210785194,0.4705866513481492,0.7494793518565551,False,False,-0.012195069270984127,-0.035987543916579545,34.02000045776367,0.0029394024919324746,0.013521430872517337,-0.009994125455994762,0.048794821430794055,0.05173422392272653,-0.009994125455994762,0.09876544871076809,0.11654909168829963,-0.009994125455994762,0.08524390570723339,0.11654909168829963,-0.009994125455994762,USFD,2022-12-30
True,6,0.7295069665057408,0.3688495885133952,1.5397539119118908,False,False,-0.09975062723709172,-0.04749348230312689,36.099998474121094,0.012465395622164532,0.02991694949319479,-0.00429359517585548,-0.04210517194775065,0.02991694949319479,-0.04542934789385378,-0.03961219849360664,0.02991694949319479,-0.059279763991750056,-0.007202169875978992,0.02991694949319479,-0.059279763991750056,USFD,2023-03-13
True,6,0.9243697748371544,0.5546205826537416,7.821375784793758,False,False,-0.03175912013968474,-0.09335394276158449,35.060001373291016,-0.01112387875269194,0.022960646709758503,-0.01312044726616457,0.002567032203725228,0.04107240645478094,-0.01312044726616457,0.0014261048232198092,0.04107240645478094,-0.025099858347000126,0.053622281225869095,0.055618849739341725,-0.025099858347000126,USFD,2023-03-17
True,5,0.9493705726412771,0.9240534445876973,0.8730405848154328,False,False,-0.02843943087757328,-0.050368232934169255,39.970001220703125,0.003752757232940551,0.005253917389521634,-0.011508703655772168,0.018513831402793057,0.02251682971466784,-0.011508703655772168,-0.006254690827242393,0.02251682971466784,-0.01175884929569826,0.01751305796507241,0.02476852223003556,-0.01175884929569826,USFD,2023-08-18
True,5,0.974842254264533,0.6540869940740386,0.5752860122621831,False,False,-0.018140524840465577,-0.03754014311567766,38.970001220703125,-0.027970236552335992,-0.00025666245617550487,-0.02950991762525168,-0.04131384552013395,-0.00025666245617550487,-0.05414422746362679,-0.039774262335264154,-0.00025666245617550487,-0.05414422746362679,-0.039774262335264154,-0.00025666245617550487,-0.08493716370561855,USFD,2023-10-04
True,5,0.7407415779866288,0.5333348403759318,0.6369972261583134,False,False,-0.04401231167129416,-0.07957623873106567,37.36000061035156,0.009100646333867646,0.0179335695396019,0.004148789527961938,-0.0385439619347131,0.0179335695396019,-0.039614548127878124,-0.012580332254408466,0.0179335695396019,-0.04550323166933845,-0.007494613884435952,0.02582976811623805,-0.04550323166933845,USFD,2023-10-09
True,5,0.9672123971283488,0.7704930334942592,0.9090601471956687,False,False,-0.026584361811112456,-0.08690178077175459,36.25,0.01765515557650854,0.02482762830010765,0.00041377626616379004,0.03227581155711201,0.049241375101023666,0.00041377626616379004,0.023172418002424644,0.057241400356950356,0.00041377626616379004,0.01875862910829751,0.057241400356950356,0.00041377626616379004,USFD,2023-10-13
True,8,0.8161763812155988,0.6813725811020928,3.120773577110765,True,True,0.03318445924250213,0.027719031312240627,48.56999969482422,0.02079477336991009,0.02676547756287251,-0.006176636585248252,0.02882440878475223,0.04879553112571511,-0.006176636585248252,0.0512662485919706,0.05394274137012123,-0.006176636585248252,0.041589468199624724,0.06578134064029428,-0.006176636585248252,USFD,2024-02-15
True,6,1.0,0.6075984818488223,1.4362858968627699,False,False,-0.00863199618258259,-0.038055287829059314,52.83000183105469,0.0035964152966827534,0.007382157413047485,-0.008328647097407549,0.006624994548369623,0.0321786274715381,-0.01627864055545114,0.011357154142069392,0.0321786274715381,-0.01627864055545114,-0.019117965194480946,0.0321786274715381,-0.02498586908519762,USFD,2024-05-31
True,6,0.8461523950853277,0.587912018813587,1.6159374046225132,False,False,-0.03558854414255186,-0.012526093463922638,52.029998779296875,0.006919097036281574,0.009994243128266023,-0.00788006644303918,0.07457238437720504,0.07514895135780653,-0.00788006644303918,0.10936003411305761,0.11012876564810403,-0.00788006644303918,0.12973284947847952,0.13107822131139368,-0.00788006644303918,USFD,2024-08-09
True,7,0.8690482317643604,0.6587309756858138,1.4536792303705146,True,False,-0.0048277959447570185,-0.01119284861995673,61.84000015258789,-0.002102216490854847,0.011238675503061568,-0.0042852423834826014,-0.0064683299626765445,0.011238675503061568,-0.009055649610433925,0.02069855718205904,0.028864809880460696,-0.009055649610433925,0.08360287792506127,0.09961189896850797,-0.009055649610433925,USFD,2024-10-29
True,6,0.9197891507278543,0.5347607546184476,0.8598337487875343,True,False,-0.03472222222222221,-0.0038698101771119653,69.5,-0.007625881716501803,0.00920862431148839,-0.009928092682104261,-0.039999982435926285,0.00920862431148839,-0.04151082210403556,-0.02604313033947847,0.00920862431148839,-0.04489212585010116,-0.026618683080879002,0.00920862431148839,-0.04489212585010116,USFD,2024-12-13
True,6,0.7797648512041271,0.7797648512041271,2.787705903739128,False,False,-0.02604313033947847,-0.05986107720269096,67.69000244140625,0.0025114221127775505,0.003840958745141121,-0.016693822456139706,0.011670865519781692,0.016693709745336793,-0.016693822456139706,-0.00059094274020699,0.016693709745336793,-0.016693822456139706,-0.0069434363089285744,0.016693709745336793,-0.016693822456139706,USFD,2024-12-20
True,6,0.9942812275076883,0.6003446094789417,0.8659452406654906,True,False,0.011265967188626824,0.00530504873435933,68.22000122070312,-0.012752898431757975,-0.003957846198029635,-0.020668478992660444,-0.01861630386596247,-0.003957846198029635,-0.037818847623704244,-0.002052175126698086,0.003737866444666338,-0.037818847623704244,0.01905592786721866,0.025359069137836032,-0.037818847623704244,USFD,2025-01-08
True,6,0.9485735212053571,0.5200020926339286,1.7231004724076957,False,False,-0.029297321290005507,-0.02264777219116043,69.91000366210938,0.01716488178204134,0.01745091585469072,-0.05921909315085361,0.013445784047658282,0.02803603178088454,-0.05921909315085361,0.024889111323457058,0.046917445393792834,-0.05921909315085361,0.004720271554484512,0.046917445393792834,-0.05921909315085361,USFD,2025-02-12
True,7,0.9962692834348214,0.358208572819431,2.9484853443757455,True,False,0.00267910950806316,-0.008505306748035513,71.11000061035156,0.001968772162098009,0.010687696944272407,-0.009984518047793434,0.007172017041949363,0.01610176674502406,-0.011953290209891443,-0.014203376846595672,0.029250482536937294,-0.015890834534087683,0.008015745885695313,0.029250482536937294,-0.01947689670008035,USFD,2025-02-13
True,6,0.9892477528842657,0.6093204371997123,2.0016472399777983,False,False,-0.01649097933865762,-0.01843948542863605,64.41000366210938,0.01800956321629954,0.023754055151481657,0.005977247088132298,0.018630598975545754,0.023754055151481657,0.002095862430688822,0.0018629888272787554,0.023754055151481657,-0.006676045574051215,-0.04098747173179784,0.04758569535394663,-0.050147541892374026,USFD,2025-03-21
True,6,0.9911552821870084,0.7433681495635031,0.8807474384537934,True,False,-0.0122406512146771,-0.02406109886976182,76.66000366210938,-0.015653594055720643,-0.004043897380369033,-0.01839295062291124,-0.013566408372628125,0.0030002050163315808,-0.01839295062291124,-0.0035221009595958197,0.0030002050163315808,-0.01904522102950046,0.007957121729939676,0.009392037006443088,-0.02021918833437164,USFD,2025-06-12
True,5,0.956523421734972,0.4202920184211545,0.9989356235071302,False,False,-0.016481325430682592,-0.0764246578740525,76.9800033569336,0.00025976412307615604,0.007664280490544906,-0.01026241726522592,0.005196075331793892,0.024032195290291103,-0.01026241726522592,0.00675495739660259,0.024032195290291103,-0.01026241726522592,0.005585870179584118,0.024032195290291103,-0.01026241726522592,USFD,2025-08-18
True,5,0.7315435897961065,0.4630871795922129,1.029436819687648,False,False,-0.013070186538740924,-0.03649356271684312,75.51000213623047,0.008872972453854988,0.014964868513436036,-0.0005297432710328343,0.007416203718064285,0.014964868513436036,-0.014037944086875864,-0.0031784596261971165,0.01734866271398494,-0.014037944086875864,-0.007416304756261982,0.035359529776310517,-0.014037944086875864,USFD,2025-10-02
True,7,0.7598423659524876,0.6968488208985261,1.4169664782136941,True,False,-0.0039282838937863,-0.008472386803136556,76.06999969482422,0.010516669580218796,0.013408658435104526,-0.002169066861959945,-0.014460345452005252,0.015051881788614052,-0.022610769391394614,0.01630074758438438,0.017746792159024416,-0.022610769391394614,0.09688448502890545,0.1285657791314847,-0.022610769391394614,USFD,2026-01-05
True,5,0.7429803053072846,0.5140360937541195,0.7583333023556658,False,False,-0.03239639412056827,-0.06491712209885636,81.23999786376953,-0.009478048539065753,0.004800583455238705,-0.017786801241025718,0.014155607534694026,0.020433329711468273,-0.017786801241025718,0.007508624155486476,0.020433329711468273,-0.017786801241025718,0.04148206345639194,0.04185132465882546,-0.017786801241025718,USFD,2026-05-21
True,6,0.8316134444968801,0.7216480520161501,0.7791615300106507,True,False,-0.003518356370172282,-0.02718355476920631,99.12999725341797,-0.018763246866603023,0.006758860253239352,-0.02224346073593908,-0.04418437783490348,0.006758860253239352,-0.05053964133609612,-0.03581151539112826,0.006758860253239352,-0.06047609485816663,0.014324683119981474,0.04721073776701257,-0.06047609485816663,USFD,2026-07-16
True,5,0.9243866910884521,0.40831879083317707,0.738912248328247,False,False,-0.03581151539112826,-0.039203874087998636,95.58000183105469,0.016635240713858357,0.022494261191574383,-0.0026679731944684315,0.061623763097007345,0.06999366691619047,-0.0026679731944684315,0.05199833778501062,0.08610583354126988,-0.0026679731944684315,0.11916718111997082,0.15175765825006704,-0.0026679731944684315,USFD,2026-07-23
True,8,1.0,0.38460550929831283,3.2512953367875648,True,True,0.0020309168477659068,0.0030490428986233997,8.946693420410156,-0.0020268005843120385,-0.0020268005843120385,-0.0020268005843120385,0.003039348115098983,0.0040525424024868695,-0.0020268005843120385,0.008104963838654111,0.008104963838654111,-0.0020268005843120385,0.011144418548924229,0.020262971267555496,-0.0020268005843120385,UTZ,2019-03-07
True,8,1.0,1.0,3.3786878620503837,True,True,0.013104835074627674,0.012084679530687259,9.10985279083252,-0.009950407087327973,-0.0049752644308916905,-0.010945454597205861,0.001989976731436194,0.008955261692565886,-0.013930359873882914,-0.0009949360227035076,0.008955261692565886,-0.013930359873882914,-0.005970139566367383,0.008955261692565886,-0.013930359873882914,UTZ,2019-04-09
True,6,1.0,1.0,0.18050176797440648,True,False,0.006965180275100291,-0.007843056355657518,9.173304557800293,0.0,0.0,0.0,0.0,0.0,0.0,0.0,0.0,0.0,0.0009881580100525866,0.0019763160201049512,-0.001976249370569172,UTZ,2019-07-10
True,6,1.0,1.0,0.2957486136783734,True,False,0.0,-0.0009776355330304298,9.263948440551758,-0.0009782834055009904,-0.0009782834055009904,-0.0009782834055009904,-0.003913648345462595,-0.0009782834055009904,-0.0068491369124582535,0.0,0.0,-0.010763207948808917,-0.004892137640347127,0.0,-0.014676912969055933,UTZ,2019-09-03
True,6,1.0,0.3749970197649275,3.5761489936917994,False,False,-0.0009758304643657789,0.0009774298449316543,9.28207778930664,0.0,0.0,0.0,0.0009767836395984109,0.0029296317134226424,0.0,-0.001953156304698167,0.0029296317134226424,-0.006835987150416001,-0.003906209865771615,0.0029296946272212576,-0.006835987150416001,UTZ,2019-11-14
True,7,1.0,1.0,1.4923469387755102,True,False,-0.0009718329976819984,0.005870729879923209,9.318334579467773,0.0,0.0,0.0,0.0,0.0,0.0,0.0,0.0,0.0,0.01653702770100285,0.0175098126894635,0.0,UTZ,2019-12-30
True,6,1.0,0.9285699688694148,1.040224294787435,True,False,0.0046507476429165084,-0.004333307338921011,9.789688110351562,-0.001851395078065421,5.000526503984304e-07,-0.009258798994489448,-0.004629218316741457,5.000526503984304e-07,-0.009258798994489448,0.0,0.013888853322332029,-0.018518304978064726,-0.02314755282686254,0.013888853322332029,-0.03333280054911669,UTZ,2020-02-24
True,5,0.8736851826941017,0.5368429928946151,1.0651406824437917,False,False,-0.021098841100022803,-0.03173919835533301,20.381242752075195,-0.005388446046428075,0.01392005413853803,-0.011674902610260052,0.016165431722813928,0.03412688723798718,-0.01796108267605523,0.026044202682833806,0.03412688723798718,-0.01796108267605523,0.021553597018653337,0.06825336415091798,-0.01796108267605523,UTZ,2021-07-01
True,5,0.9337836700064117,0.3565345232929407,1.0264583520397474,False,False,-0.07754174497533672,-0.09775285779542697,14.737689971923828,0.012453353874841255,0.03549189349622739,5.758898469210294e-09,-0.038605403482997014,0.03549189349622739,-0.06288929700908918,-0.008094560305347831,0.03549189349622739,-0.06288929700908918,-0.006849218446874583,0.03549189349622739,-0.06288929700908918,UTZ,2021-10-06
True,6,0.7711861119193074,0.6101703682151725,1.2028902427643946,False,False,-0.031230516263793695,-0.004493081678780597,14.232975006103516,-0.0006447179362378819,0.015538416250550302,-0.01482913270466868,0.005157944503602074,0.025145121644902124,-0.01482913270466868,0.028368862281226814,0.04867835293737932,-0.01482913270466868,0.02643457446338049,0.04900075509121149,-0.01482913270466868,UTZ,2021-10-26
True,5,0.950493974390571,0.9009888930120323,1.0992415250313576,False,False,-0.04540147425456997,-0.0888889988712358,15.098518371582031,-0.022560969139355236,-0.00426833339569721,-0.05000003905658379,-0.0603658022034439,-0.00426833339569721,-0.06768286886921182,-0.017682856887315967,-0.00426833339569721,-0.08780485441302466,0.014634084102369327,0.03353674126770789,-0.08780485441302466,UTZ,2022-01-24
True,5,0.953846537573323,0.6615393192815457,0.9130175067775582,False,False,-0.04592514431300365,-0.055092915360534844,13.579458236694336,0.041356142462434686,0.041356142462434686,2.2426066026426383e-07,-0.009491334209887237,0.041356142462434686,-0.017626921433242737,-0.027118579314105218,0.041356142462434686,-0.033898266464429616,0.03796617958979698,0.06847483140541666,-0.08474574167557158,UTZ,2022-02-24
True,5,0.7380955084116515,0.4285730504699136,1.0010690058245832,False,False,-0.055123891142818016,-0.09784079436104276,12.354700088500977,-0.043380613982015426,0.026851264847013168,-0.04786830473617798,0.0007479828777534614,0.052356030885900795,-0.09798033779288928,0.0366492312295279,0.08376966055760926,-0.09798033779288928,-0.03590117116055913,0.08376966055760926,-0.09798033779288928,UTZ,2022-05-09
True,6,0.9833329359686551,0.5166662693019903,1.8618532888675499,False,False,-0.007864463741596883,0.0024452445169644843,15.3223295211792,0.006707194982493947,0.010365698508958854,-0.01768302236349062,0.0006093998447838089,0.04512155162029097,-0.01768302236349062,0.004268039582919325,0.04512155162029097,-0.01768302236349062,0.023170700359197882,0.04512155162029097,-0.01768302236349062,UTZ,2023-01-23
True,6,0.8666658189567011,0.7777770713528072,1.1874918396657528,False,False,0.019999866026614077,-0.029149238724661464,15.247581481933594,0.008578488399729522,0.022058956866594093,0.0006128526553814684,0.008578488399729522,0.02328447524937549,-0.010967977192718026,-0.006127375557346881,0.02328447524937549,-0.013480252154846606,0.0496323299463457,0.12438759224803331,-0.02022040661841651,UTZ,2023-02-16
True,5,0.8055567329292576,0.7777783664646268,0.6432175321660356,False,False,-0.004194143488232549,-0.031468363959083034,15.57829475402832,-0.010228756293378383,0.01323690711296055,-0.016245625433069733,-0.004211992071515569,0.01323690711296055,-0.030685838735944437,-0.03188945031370016,0.01323690711296055,-0.03880880957878363,-0.0006017743712192214,0.016847020544976443,-0.06919382575539146,UTZ,2023-05-30
True,6,0.9259266236296829,0.8271601595107786,1.157999923133095,False,False,0.014589800221289861,-0.007728656276500434,15.64390754699707,-0.018574142398242954,0.006590629041848928,-0.020970727435868475,-0.0551228719446305,0.006590629041848928,-0.07309776040990623,-0.018574142398242954,0.012582263057282939,-0.07309776040990623,-0.013343167624430996,0.012582263057282939,-0.07309776040990623,UTZ,2023-06-07
True,5,0.7812507450587702,0.687501490117539,1.0493309283107513,False,False,-0.03940284066596689,-0.05741050132657066,15.134177207946777,-0.021131131203670495,-0.00559353011166519,-0.03729025056445456,0.01553763910081929,0.036668786532194186,-0.03729025056445456,-0.018023628589351692,0.036668786532194186,-0.03729025056445456,-0.08079557208918964,0.036668786532194186,-0.0820385492874568,UTZ,2023-08-07
True,5,0.8548386600586344,0.48386908222814884,1.0486770566610886,False,False,0.01092583167784289,-0.029265573842612302,16.666217803955078,-0.007963700194257295,0.006825844364809042,-0.014220844410304467,-0.030280280223001,0.006825844364809042,-0.03370480441865886,-0.009733118880536296,0.006825844364809042,-0.04968625198743093,0.06960243756564788,0.07473927768117705,-0.04968625198743093,UTZ,2024-04-10
True,5,0.8837183513422414,0.4651132875570035,0.6620299689001979,False,False,-0.020855600523604245,-0.0347917291835147,17.417194366455078,-0.009284655328634761,0.0016383783790270279,-0.014200010080105518,-0.011469041767588783,0.0016383783790270279,-0.024030439145147908,-0.011469041767588783,0.0016383783790270279,-0.03331500850044833,0.022392069057580732,0.03003823470703515,-0.03331500850044833,UTZ,2024-05-21
True,5,0.9302351370412977,0.6511668137844168,0.7492687633808762,False,False,-0.011469041767588783,-0.03208544853769968,17.217435836791992,0.011049425079166175,0.022651686876914434,0.003867152825970388,0.014917089431083497,0.035911516464957716,0.002209825609601257,0.034253971049845955,0.04198884832989247,0.002209825609601257,0.01215456699119688,0.04364625984897286,-0.006629918849140437,UTZ,2024-05-29
True,5,0.9642849844347141,0.6071416407245213,0.8701224475657701,False,False,-0.027809946744843606,-0.07990236644585913,16.034271240234375,-0.008343349301784708,0.01132291458501511,-0.02145415400366113,-0.02443396693255373,0.01132291458501511,-0.029797503116693824,-0.016686698603569416,0.01132291458501511,-0.03933265189455604,-0.10250302858143434,0.01132291458501511,-0.11501792851391968,UTZ,2024-06-27
True,5,1.0,0.5263189595892179,0.5463371507625308,False,False,-0.016686698603569416,-0.044032589148900514,15.766712188720703,-0.01272716033223098,0.0036363891210018373,-0.024848419390893328,-0.09333319461746958,0.0036363891210018373,-0.09454534375520596,-0.0872726219161225,0.0036363891210018373,-0.09999989806982923,-0.053333305912755646,0.0036363891210018373,-0.09999989806982923,UTZ,2024-07-05
True,6,0.8135583357579288,0.45762615976465176,1.310128355228662,False,False,-0.06284315219147918,-0.07469887051454671,14.677375793457031,-0.01953114238382192,0.01757821578710539,-0.03320302098703354,0.025390725509449208,0.027018305000383824,-0.03320302098703354,0.03841148709866404,0.06575530523833373,-0.03320302098703354,-0.04361981772467205,0.06575530523833373,-0.06705729540382765,UTZ,2024-07-11
True,5,0.9189196155402571,0.5135151157425913,0.9800877489031387,False,False,-0.021577869963978147,-0.042244136978506264,13.865152359008789,0.025499657258788444,0.030323895329915196,-0.0006891857600547224,0.08614744984168432,0.13370089588051415,-0.0006891857600547224,0.1171605427898268,0.14334945232054808,-0.0006891857600547224,0.13783575466965137,0.21295652494113715,-0.0006891857600547224,UTZ,2024-07-29
True,5,0.9824590756381226,0.4385967260510454,0.782617553262343,False,False,-0.04497514217286169,-0.022171597663232623,16.50067710876465,-0.03081397559872978,0.019476707391141268,-0.037790768386321005,-0.006395366512054523,0.019476707391141268,-0.037790768386321005,0.0186047866475354,0.038081479686957076,-0.037790768386321005,-0.026162894528989233,0.038081479686957076,-0.037790768386321005,UTZ,2024-10-08
True,6,0.9333334392970798,0.8166673554310135,1.565207972270364,False,False,-0.07257004204230821,-0.11273890864558189,13.40973949432373,-0.02297197856986044,0.01076817150732956,-0.04055991093405864,-0.0007178654405538554,0.01076817150732956,-0.04091890075676541,0.0014357308811077107,0.03015085461314526,-0.04091890075676541,-0.01363958560659162,0.03015085461314526,-0.05240480837204675,UTZ,2025-01-13
True,5,0.9824557587641745,0.4210517509942465,1.012047170161637,False,False,-0.016254408500278816,-0.11111113219825852,13.400113105773926,0.022988552375173388,0.030890895560049536,-0.004310308103936622,-0.0265803869137915,0.030890895560049536,-0.029813151211821043,-0.048132105836743544,0.030890895560049536,-0.051724073856559194,-0.04022991327971026,0.030890895560049536,-0.051724073856559194,UTZ,2025-01-16
True,6,0.9833329624602214,0.49999999999999845,1.4216812570232584,False,False,-0.004408463778774907,-0.013828196476213805,13.043932914733887,0.0029519895917069494,0.0132840473410063,-0.01549819396845864,0.011070034081383628,0.019188159804415683,-0.01549819396845864,0.017712156887689456,0.019188205405870074,-0.01549819396845864,0.03542424066289618,0.06568261392517138,-0.01549819396845864,UTZ,2025-03-19
True,5,0.953487340536893,0.5581386064832016,0.573657113641498,False,False,-0.015463824373328272,-0.02692863473158269,12.93704605102539,-0.005983571826008949,0.01121915745010682,-0.017202690371298623,-0.10919970666713064,0.01121915745010682,-0.12453253576118384,-0.09349292276953647,0.01121915745010682,-0.13762148905330784,-0.05684371119745446,0.01121915745010682,-0.13762148905330784,UTZ,2025-04-29
True,5,0.9393954281420671,0.6969713608646633,0.6330848659486297,False,False,-0.054741744979417306,-0.016840393739739556,11.862990379333496,0.06362161632452512,0.06362161632452512,0.0016313805718375374,0.06933120630211786,0.07650904511176981,0.0016313805718375374,0.09869496119821397,0.10522029380183828,0.0016313805718375374,0.1402936206669101,0.14151713971975943,0.0016313805718375374,UTZ,2025-05-23
True,6,0.8888888888888895,0.7222208976732994,1.2514774582090393,False,False,-0.020558063481079136,-0.03744494995664538,12.482758522033691,-0.02660407830288991,0.005633845486421318,-0.028168984763758398,-0.0007824818794173183,0.005633845486421318,-0.030516401568931206,-0.025821672822796904,0.00743342606900943,-0.030516401568931206,-0.04929582360801765,0.00743342606900943,-0.08215971090406682,UTZ,2025-09-16
True,6,0.953489455229359,0.9302352917693343,1.4801913208912232,False,False,-0.01148513940666207,-0.05783297498525075,12.502293586730957,-0.00234377771107519,0.0031249480991302203,-0.014062571668974178,-0.027343844456030553,0.005859292729400778,-0.0312501090376931,-0.05703131406323836,0.005859292729400778,-0.08343751167691404,-0.04609376102483642,0.005859292729400778,-0.08359385331200675,UTZ,2025-09-18
True,6,0.9202907464510155,0.37681215507030125,2.2041179255632413,False,False,-0.14845167126001912,-0.11290324808036512,9.18912410736084,-0.03743315730016983,0.02139039237538154,-0.05668452679328739,-0.009625556341423036,0.02139039237538154,-0.05668452679328739,0.01925132024872611,0.040641674430764496,-0.05668452679328739,-0.03636357031994719,0.040641674430764496,-0.05668452679328739,UTZ,2026-02-13
True,6,0.9888886416401493,0.5555552023430711,1.259962622271504,False,False,-0.005263174358778211,0.005319165752374122,7.429923057556152,-0.013227522735356212,0.014550259678627775,-0.015873022818892912,0.03571425362531566,0.03571425362531566,-0.02645497104008354,0.021164023540982013,0.05952387106037782,-0.02645497104008354,-0.005291021929730522,0.05952387106037782,-0.02645497104008354,UTZ,2026-03-25
True,5,0.9122819932807777,0.3508787193318282,0.6494209091009462,False,False,-0.016339772589792134,0.02746691802884116,7.482532024383545,0.0370860782817648,0.05894037777373762,0.006622499723675457,0.03973507021759559,0.05894037777373762,0.006622499723675457,0.009271471775407658,0.06026487624621768,-0.011920560233344979,0.0331125903780185,0.06026487624621768,-0.01655629097246858,UTZ,2026-04-13
True,7,0.9168549728256222,0.9146055857493155,1.5770956845989865,True,False,-0.011392036435069475,0.011720664533782621,153.89735412597656,-0.012755932414796,-0.003081347259078937,-0.02218416547841562,-0.015220383237173563,-0.003081347259078937,-0.03148856186748028,-0.03050293298004514,-0.003081347259078937,-0.03611054672900982,0.008881977533401697,0.022028110018462055,-0.03611054672900982,V,2019-05-06
True,5,0.9850714826602589,0.3544754237432875,1.007858059410627,False,False,-0.008130343542590901,-0.007514259796596701,151.5549774169922,0.005631420776663454,0.009948966428991124,-0.015894149493430265,0.0025025404470482293,0.010699755511242914,-0.021213033998923048,0.033249173631060724,0.03782419195279352,-0.021213033998923048,0.012191930837417653,0.0380117416914183,-0.021213033998923048,V,2019-05-09
True,6,0.861790483751916,0.8170749105254397,1.2406652395293547,False,False,-0.006813891838724162,-0.03657370426398232,166.3697967529297,-0.002458633516310038,0.013092225040418182,-0.008633246817181028,0.0042305885853259895,0.013092225040418182,-0.014407439068606087,-0.01658034500111938,0.013092225040418182,-0.01658034500111938,-5.7230846949529735e-05,0.013092225040418182,-0.03613312756130094,V,2019-09-23
True,5,0.8810977028070583,0.4512183775435198,1.053856524515717,False,False,-5.683224220309757e-05,0.001714680407335356,166.7217254638672,0.002110783409716488,0.006674926380308532,-0.0038225415144027552,-0.018656220898705222,0.00884284014120218,-0.018656220898705222,-0.031093304900343455,0.00884284014120218,-0.03816772998032547,-0.002282296574084075,0.00884284014120218,-0.03816772998032547,V,2019-09-25
True,6,0.9390366896119547,0.8524059912331396,2.091897049381012,False,False,-0.12954360567128076,-0.12362602282996582,173.4256591796875,0.05815386819060708,0.05875906535297748,0.007372629748892301,0.06893717406101074,0.07003759348944105,0.007372629748892301,0.014304713933876334,0.07003759348944105,-0.00979302736023302,-0.03262522145726443,0.07003759348944105,-0.13627825916245584,V,2020-02-28
True,5,0.8851670682144503,0.7591711080285187,0.7720900983306654,False,False,-0.039278513482199795,-0.013326362852154605,183.27352905273438,0.005840639266593062,0.034522324127226556,0.00020858978164461917,0.011212042546949075,0.034522324127226556,0.00020858978164461917,0.016687600230921307,0.034522324127226556,-0.002450976996020815,-0.0019816811469872686,0.04375253184130945,-0.023258285099629905,V,2020-06-15
True,6,0.9777425756024662,0.6089024845835507,0.9531618239867765,True,False,-0.004479998263706819,0.010189024770730581,184.77401733398438,0.01665564212777726,0.022966103105506175,0.006051993506108744,0.009103791698150676,0.022966103105506175,-0.004189463777379054,0.01629360783196465,0.03538016104670416,-0.004189463777379054,0.017638436414836534,0.039414397898510645,-0.004189463777379054,V,2020-07-14
True,5,0.7853878097042971,0.39725760151612294,1.063501782998712,False,False,-0.02822905990211977,-0.019268393319208266,216.48777770996094,-0.021509693261289042,-0.0021288394878656858,-0.022928920283469267,0.007937062293840613,0.010468639458639295,-0.022928920283469267,0.0018523735593463098,0.017885854410278013,-0.022928920283469267,0.01717517719344075,0.022371636335049905,-0.022928920283469267,V,2021-05-11
True,5,0.9772736467936293,0.596589891049907,1.0091028243530522,False,False,-0.017996522057901254,-0.017095528572585894,226.6104736328125,-0.0035265296734042773,0.0013171114551755458,-0.009092460770174893,-0.016102867226928774,0.0013171114551755458,-0.027447248938397117,-0.005183506401931104,0.0013171114551755458,-0.027447248938397117,-0.01754753707862511,0.0035265440486635935,-0.027447248938397117,V,2021-08-16
True,5,0.7563780031295672,0.7167181056617452,0.8280573357805339,False,False,-0.000948934549360736,-0.034654150201545386,222.96139526367188,-0.000907131249265114,0.0025475598895725593,-0.0054845690038050066,0.011529908503956854,0.01995067433550468,-0.0054845690038050066,-0.004534424381935964,0.01995067433550468,-0.006132257910824945,-0.03191261044519711,0.01995067433550468,-0.04149928403308456,V,2021-08-19
True,5,0.7040229759059847,0.3706881810010298,0.8526048226609886,False,False,-0.023047682164102135,-0.02309039299696969,215.4898681640625,0.002323410334714948,0.006210614300819595,-0.0047361573143349656,-0.01680018557825813,0.006210614300819595,-0.03351080887213875,-0.004736111795605624,0.006210614300819595,-0.03351080887213875,0.012823366999132668,0.04253611294615611,-0.03351080887213875,V,2021-09-15
True,5,0.8926022229020134,0.7374688633483423,1.0657103064403324,False,False,-0.020389390865175328,-0.022478077701845733,211.86959838867188,0.0005455493757835495,0.009634394883317299,-0.004862324795981365,0.037537109961004234,0.039309431996610744,-0.004862324795981365,0.04339951513443996,0.060350192965925364,-0.004862324795981365,0.021268143387804805,0.060350192965925364,-0.004862324795981365,V,2021-09-20
True,5,0.7680709809517918,0.6521064714276833,0.7640167550217782,False,False,-0.027935023812604487,-0.06068825427261537,190.6373291015625,-0.0068807185242245605,0.018214184284245816,-0.011585969375210503,-0.037894897935008,0.018214184284245816,-0.038198452605405664,-0.006728800839597371,0.018214184284245816,-0.038198452605405664,0.07968642845205332,0.0839869911526896,-0.038198452605405664,V,2021-11-26
True,6,0.9658746231795925,0.848872932718147,1.3089250324110464,False,False,-0.05034525463914463,-0.05724628107690888,209.93118286132812,0.009065819647406492,0.015554491495662681,-0.01403590255409437,-0.038333993552865375,0.015554491495662681,-0.04611127205800636,-0.04634145100504794,0.015554491495662681,-0.05112750442295955,-0.08895541155905085,0.015554491495662681,-0.14095734104568747,V,2022-02-24
True,6,0.9131734817180277,0.4251509316301988,1.130750533929256,False,False,-0.026208837748168845,-0.0476891878205955,206.03782653808594,-0.0022505544181451453,0.012566363676620007,-0.003469640762591153,0.011393927006023485,0.015191917841637759,-0.00820565286743491,0.014910654344864493,0.04993668314482602,-0.00820565286743491,0.03465101372705637,0.054672532753060166,-0.05706368893485436,V,2022-04-13
True,5,0.8884611208760906,0.6923063379765072,0.9821686290221826,False,False,-0.015105328305089816,-0.0323995344229312,202.83038330078125,-0.04215263544810943,-0.0066203980639489846,-0.04215263544810943,0.05101239086860665,0.07135051870220366,-0.04215263544810943,0.007525864587850206,0.07135051870220366,-0.04215263544810943,-0.08073338342602088,0.07135051870220366,-0.08511537101161992,V,2022-04-25
True,6,0.7592584220133735,0.5703713541342863,2.184732082809386,False,False,-0.04761657557816856,-0.10646602450599008,183.9171905517578,0.023051643476830197,0.03536676826064289,0.019578122033639733,0.03489290019900948,0.03920850109699159,0.005368126934576445,0.07131211744070898,0.08989008222832928,0.005368126934576445,0.05541816001182087,0.08989008222832928,0.005368126934576445,V,2022-06-17
True,6,0.9204274092362454,0.3740073663334279,1.1049857648090318,False,False,-0.04618219137972823,-0.0702439570735679,194.05581665039062,-0.011842525524778935,0.01174214587148148,-0.016389511100244447,0.001449089383078972,0.01174214587148148,-0.018638154818459207,0.02533331257476812,0.03132939865819595,-0.018638154818459207,-0.03412794604534397,0.03527698830953985,-0.05951145212496056,V,2022-09-01
True,6,0.8254245385450595,0.36432573289902437,1.492086250572864,False,False,-0.04192075723237798,-0.10144936571409091,173.7416534423828,0.004911238763173342,0.017077819368228164,-0.0025114748085488525,0.013784859445090891,0.023328371552533644,-0.008817902055846871,0.04738259455436622,0.05380077319007581,-0.008817902055846871,-0.005246113915691741,0.05380077319007581,-0.008817902055846871,V,2022-09-28
True,6,0.9340768635718342,0.8969371881295828,1.1080129888829207,False,False,-0.005010994035104299,0.0255470644158049,179.05532836914062,-0.011047273142518188,0.013376046182436374,-0.014025654163970613,0.013592658273801295,0.029947064367019882,-0.014025654163970613,0.013863311565741165,0.03422502750054557,-0.014025654163970613,0.10630342654225933,0.11756733566014943,-0.014025654163970613,V,2022-10-13
True,5,0.7517975739612465,0.3848948899500545,0.7801512444352545,False,False,-0.027808602902052115,-0.04272944991164396,213.7801055908203,0.003643821010738346,0.008608504737292577,-0.0009565421948511954,-0.005420157879638898,0.010111648042421928,-0.01421090243674894,0.019221154047242228,0.020359846828431838,-0.01421090243674894,-0.015531723711988077,0.03584607751821811,-0.018537889481468173,V,2023-02-24
True,5,0.7653320312499969,0.6906656901041649,0.8599724281533692,False,False,-0.007790235486396568,-0.0015571414772386216,232.79983520507812,0.005416415138984165,0.0099089715429308,-0.001721395480591359,0.017340564221653754,0.018348206802634603,-0.001721395480591359,0.01847429042975679,0.02263075740075049,-0.001721395480591359,0.041734783968035094,0.04492575858190806,-0.001721395480591359,V,2023-08-18
True,6,0.8139500223557964,0.3906943074313443,1.2921102383426135,False,False,0.006131263029061529,-0.011970685545681703,270.5412292480469,0.0010157815567684025,0.004788302931810318,-0.005876246034673183,-0.015706430669947702,0.008089412819341169,-0.01998672982787353,-0.015633899016310626,0.008089412819341169,-0.021111300542568934,-0.001886161400413644,0.026552652435896773,-0.026806245379669802,V,2024-04-11
True,5,0.9034183363318795,0.7806848953376322,0.9454725645655075,False,False,-0.01949814661549032,-0.038496913213543094,258.5752868652344,-0.0017109652490058247,0.0023955640530821665,-0.008516966087792843,0.020722542619227236,0.02372626153901547,-0.008516966087792843,0.03688211783436679,0.03768056438706879,-0.008516966087792843,-0.03357419660934535,0.04038014043994265,-0.03752854352012314,V,2024-07-10
True,6,0.9053617586606857,0.7918016452546045,0.8076151912426368,True,False,-0.0020127257290771805,-0.0025863310655797056,308.3254699707031,0.004513813383450804,0.010147910766376889,-0.00374541328068434,0.007554827382072471,0.014629614114803902,-0.00374541328068434,0.01895130547136059,0.02067999674662313,-0.00374541328068434,0.026474261791476383,0.02957955137660684,-0.009027273648235523,V,2024-12-10
True,6,1.0,0.6233775241265819,1.4334316579203226,False,False,-0.02537232072621054,-0.04359475761463527,302.93634033203125,0.007070182412580062,0.010556456584992269,0.0019548193108198664,0.03365698166283826,0.039945241407139065,0.0019548193108198664,0.05444402111575153,0.05753923014303575,0.0019548193108198664,0.08979533613563051,0.10071015211807843,0.0019548193108198664,V,2025-01-13
True,5,0.8524127828663767,0.6137947871767209,0.9318742709084408,False,False,-0.04794465582089735,-0.009210046792394011,341.4114685058594,-0.011120128223154446,-0.0008977297578360854,-0.022240237641180882,-0.03614057315163677,-0.0008977297578360854,-0.046942178400335766,-0.03915218329668335,-0.0008977297578360854,-0.05484771957573353,-0.02797413261793147,-0.0008977297578360854,-0.05484771957573353,V,2025-03-07
True,5,0.8481997449698438,0.7183110699327061,1.041756418447142,False,False,-0.03915218329668335,-0.0852197011647845,328.0444641113281,0.008288027539497422,0.01298964738320918,-0.0061483128382423535,0.02432191085591051,0.027818004023422827,-0.0061483128382423535,0.011633528727893694,0.031464638521514265,-0.0061483128382423535,0.03330337496340485,0.059734931285101656,-0.0061483128382423535,V,2025-03-14
True,5,0.9278629084473602,0.5360685457763199,1.0754248771647554,False,False,-0.011512074340172651,-0.028679938981096775,337.3321533203125,0.01814559830644935,0.01814559830644935,-0.0014997973350638905,0.004646588924975381,0.01814559830644935,-0.005440802627174612,-0.003911359997105013,0.01814559830644935,-0.007058162778212473,0.003970344771434098,0.01814559830644935,-0.016233823105376022,V,2025-09-16
True,5,0.9967018933947414,0.629319966616728,1.0596280151170876,False,False,-0.019025576769770014,-0.019901466345497942,337.60003662109375,-0.0007641145139452021,0.005318684731267398,-0.011578169159929375,-0.012577200153528034,0.005318684731267398,-0.019365375853932276,-0.0040552397030755305,0.005318684731267398,-0.020863940927401403,-0.05431631140870974,0.013640587729865317,-0.06367949489430691,V,2025-11-04
True,5,0.9711403449687278,0.5806490054558688,0.7685994844706936,False,False,-0.0040552397030755305,-0.023003663198554958,336.2309875488281,0.0018624717123494339,0.017767880447169926,-0.0025130223963599763,-0.02433121427256002,0.017767880447169926,-0.027258014472576586,-0.05046572230637536,0.017767880447169926,-0.05986703034961027,-0.010997841003186126,0.017767880447169926,-0.05986703034961027,V,2025-11-11
True,6,0.7888040317288988,0.5890579561029209,0.9598593769351152,True,False,0.003941328060509619,-0.012617523039694323,364.25,0.003541547137740242,0.017542936577728208,-0.003706262466755317,0.018641066698481534,0.02072748879332531,-0.003706262466755317,,,,,,,V,2026-08-18
True,5,0.8518519826713832,0.5555559480141496,1.09313235678044,False,False,-0.07430340808653813,-0.0980392283782402,11.960000038146973,0.0033444784051375187,0.03511706312327223,0.0,-0.13545149501605502,0.03511706312327223,-0.13545149501605502,-0.13545149501605502,0.03511706312327223,-0.21070237873963327,-0.15050168770850159,0.03511706312327223,-0.21070237873963327,1810.HK,2019-01-04
True,5,1.0,0.5555567329292587,0.9075920156592905,False,False,-0.05579394003393934,-0.05781584079561353,8.800000190734863,-0.005681839733083893,0.00681812098203749,-0.007954618975149041,0.017045410827172702,0.025000029802321633,-0.010227289845135212,-0.014772739957186531,0.025000029802321633,-0.01931819006923785,-0.018181800448205276,0.0329545404053917,-0.025000029802321744,1810.HK,2019-09-30
True,5,0.8571457765667575,0.7857220708446866,0.7892015567525326,False,False,-0.018181800448205276,-0.012571389334542382,8.640000343322754,-0.010416683913380353,-0.002314867704736656,-0.013888875091517927,0.02430555900489839,0.05671293421844026,-0.013888875091517927,0.046296250305059905,0.05671293421844026,-0.013888875091517927,0.03009250750880521,0.09722212564062582,-0.013888875091517927,1810.HK,2019-10-17
True,6,0.750000525923469,0.5294120946970786,1.5043328433462995,False,False,-0.0948794654023396,-0.016366596145236056,12.020000457763672,0.04326118837653525,0.06489182223511425,0.01497498707541256,0.06655567442543897,0.0965058072575089,0.01497498707541256,0.07820295712020209,0.0965058072575089,0.01497498707541256,0.10482522689037754,0.13477535972244747,0.01497498707541256,1810.HK,2020-02-03
True,5,0.8787879663612982,0.8787879663612982,1.0405716464008892,False,False,-0.014040511371785414,-0.010954569058968966,12.640000343322754,-0.014240530085971814,0.0,-0.02373419166031454,-0.006329107716228521,0.02848098472302807,-0.03481016788817204,0.01107590077894205,0.060126523304170565,-0.03481016788817204,-0.04746838332062897,0.060126523304170565,-0.08386079041340044,1810.HK,2020-02-25
True,5,1.0,0.7586217102342422,0.5783841012555694,False,False,-0.03435111377881084,-0.036190487089611256,10.119999885559082,0.003952565445193956,0.01976282722596956,-0.003952565445193956,-0.003952565445193956,0.01976282722596956,-0.011857696335581758,0.007905130890387913,0.021739157066863468,-0.011857696335581758,0.10671936125682957,0.13438731937318726,-0.018774662305522716,1810.HK,2020-04-22
True,6,0.7241370238536841,0.5862055357805261,0.9769539426887272,True,False,-0.026785731771771126,-0.06236562421244962,21.799999237060547,0.009174347244904846,0.059633082105762014,0.004587173622452312,0.01834869448980969,0.059633082105762014,-0.016054976438994006,0.1123853600313156,0.14449548789542277,-0.016054976438994006,0.06651379879291075,0.224770720062631,-0.016054976438994006,1810.HK,2020-10-29
True,6,0.8947363137532048,0.7368417882519229,0.6578317916331041,True,False,0.014336904085998858,-0.034129693721463794,28.299999237060547,0.01766784499927554,0.021201427478626522,-0.00883392249963777,-0.04416961249818874,0.021201427478626522,-0.053003534997826396,-0.03003528258078425,0.021201427478626522,-0.06007063255904865,-0.07420489507897299,0.021201427478626522,-0.08303881757861076,1810.HK,2021-06-17
True,5,0.7674422730881773,0.5426366675488777,0.8857631069552441,False,False,-0.04137929280598962,-0.09347824428392493,20.850000381469727,-0.014388543833112055,0.01199040745448543,-0.02398081490897097,0.014388452353562897,0.03836926726253398,-0.02398081490897097,0.01199040745448543,0.04796162981794194,-0.02398081490897097,0.076738626004617,0.11270984836807352,-0.02398081490897097,1810.HK,2021-10-05
True,5,0.7878796636129816,0.7575759327225963,0.9351051600330994,False,False,-0.027896918854182773,-0.02054049517657308,18.1200008392334,0.007726235273969317,0.008830013245125112,-0.013245125129748625,0.0022074506802507443,0.03532005298050045,-0.013245125129748625,0.030905046357937893,0.04194251028331397,-0.013245125129748625,0.04304628825446977,0.05187630149959488,-0.013245125129748625,1810.HK,2022-01-06
True,5,0.7741929529607747,0.5161286353071831,0.8963599036106726,False,False,-0.05987053330688352,-0.1493411408960964,11.619999885559082,-0.06024094803435165,-0.013769350171074612,-0.06884683292717364,-0.036144585234971105,-0.013769350171074612,-0.08433731083373208,0.04991393540604583,0.05163514521333057,-0.08433731083373208,-0.06884683292717364,0.05163514521333057,-0.10843375570491343,1810.HK,2022-04-22
True,6,0.7999994550430993,0.6571430906958146,1.1924313811336473,False,False,-0.06821968529700839,-0.09385112294768083,11.199999809265137,0.014285700905079413,0.014285700905079413,-0.016071370943467445,0.04107143267685065,0.09107147099412294,-0.016071370943467445,0.033928582224310944,0.09107147099412294,-0.016071370943467445,-0.014285700905079524,0.09107147099412294,-0.08035711016581926,1810.HK,2022-04-27
True,6,0.9642865657814517,0.9285731315629034,1.494074826782837,False,False,-0.031198694985207887,-0.013377913620550408,11.800000190734863,0.0,0.010169481662661628,-0.016949136104436047,-0.015254262903920512,0.02203391734569493,-0.018644090124807722,0.03559322622924377,0.04067792665064651,-0.018644090124807722,0.17288134990495996,0.2322033666804142,-0.018644090124807722,1810.HK,2022-06-17
True,5,0.9062507450587702,0.40625074505877024,0.9216487005761268,False,False,-0.0528541224084329,-0.12499997671693508,8.960000038146973,-0.018973222719885552,0.008928562875609058,-0.02790178559549461,0.0479911052840476,0.059151755660126204,-0.02790178559549461,-0.004464281437804529,0.059151755660126204,-0.02790178559549461,-0.02566969809502495,0.059151755660126204,-0.07254459997353979,1810.HK,2022-09-30
True,5,0.9069768989194655,0.7209306967583967,0.9128937804013786,False,False,-0.0678642988133703,-0.1001926734476769,9.34000015258789,0.06745183127929177,0.06745183127929177,0.012847953276085677,0.11991433268325546,0.15203426692669786,0.012847953276085677,0.2312633631824541,0.2334047397816963,0.012847953276085677,0.1970021544462257,0.23554601427448252,0.012847953276085677,1810.HK,2022-11-28
True,6,0.971427909695192,0.5142853639562781,0.7343288503888872,True,False,-0.016560524333790183,-0.06537535396210103,15.4399995803833,-0.028497382923657888,-0.003885975879080572,-0.03367872527341398,0.005181404116229027,0.023316102340374956,-0.034974091744089386,0.011658051170187367,0.023316102340374956,-0.034974091744089386,-0.04922275232268192,0.023316102340374956,-0.06865281701750336,1810.HK,2023-11-23
True,5,0.8695663892027491,0.4782614104012688,0.7027977020183632,False,False,-0.04336398395746888,-0.03830910901939666,14.5600004196167,0.04120875072139629,0.04807690859143299,-0.00824181564388704,0.09615381718286575,0.122252725389554,-0.00824181564388704,0.09203290936092223,0.122252725389554,-0.00824181564388704,0.12087906761570366,0.13598904112962718,-0.00824181564388704,1810.HK,2023-12-11
True,5,0.8499991655361668,0.45000011920911903,0.5391484368938095,False,False,-0.07598037955303527,-0.051572309087892676,15.079999923706055,-0.009283842442377677,0.00265251737767902,-0.017241394575414404,-0.049071603107561645,0.00265251737767902,-0.06896551506065507,-0.03978782390618674,0.00265251737767902,-0.08222810194904973,-0.11671089109987864,0.00265251737767902,-0.15649865176506272,1810.HK,2024-01-04
True,6,0.7894736842105263,0.39473621468735137,1.19728892299549,False,False,-0.08011048923230535,-0.11671089109987864,13.319999694824219,-0.010510464929127439,0.003003000207918216,-0.024024001663345507,-0.007507464721209223,0.013513536734218068,-0.05105100353460923,0.031531537981727364,0.04354353881340001,-0.05105100353460923,-0.07057054068466373,0.04354353881340001,-0.09759754255592745,1810.HK,2024-01-18
True,6,0.8275855265105052,0.5517236843403368,1.1044495454002643,False,False,-0.0030581010769374917,-0.0239520735814005,13.039999961853027,-0.018404890477013436,0.015337408730844437,-0.026073631409702536,0.02760733571552021,0.030674817461689097,-0.026073631409702536,0.14417178833900568,0.16411045625637044,-0.026073631409702536,0.11196319343696537,0.17791408754686366,-0.026073631409702536,1810.HK,2024-03-06
True,5,0.9117655308597651,0.352940681484141,0.8251960861023384,False,False,-0.07243454162467156,-0.049484489863375836,18.440000534057617,-0.016269042067276196,0.005423014022425399,-0.02277657614587536,-0.04013013826932532,0.005423014022425399,-0.053145413297301936,-0.029284213659863667,0.005423014022425399,-0.057483803828164426,-0.06073757086746401,0.005423014022425399,-0.07700650949935095,1810.HK,2024-05-27
True,6,0.9374985098824595,0.43749850988245953,1.2357359653516933,False,False,-0.03240223106516904,-0.06073757086746401,17.31999969482422,-0.010392627502734397,0.0011547608612054727,-0.016166211560647348,-0.0011547608612053617,0.017321082545909583,-0.016166211560647348,0.0034641724595592116,0.01847573328305807,-0.016166211560647348,0.02655894918743873,0.08083138817540747,-0.016166211560647348,1810.HK,2024-06-11
True,7,1.0,0.8421071123826733,1.358076438226424,True,False,-0.045128162090595,-0.010626931925287075,18.6200008392334,0.002148174348866272,0.004296451133207757,-0.023630532450380493,0.016111666140660397,0.03651978341452877,-0.023630532450380493,0.03329747067349165,0.04403864972424887,-0.023630532450380493,0.13856067709029585,0.15198709968600443,-0.023630532450380493,1810.HK,2024-09-09
True,6,0.9374997764826354,0.7499991059305415,0.9155171974008873,True,False,0.010714258466448134,-0.020761259148426192,28.299999237060547,-0.015901020060859916,0.012367504978988864,-0.021201360081146592,0.008833922499637659,0.015901087458339846,-0.03710244753948655,0.02826859243732871,0.04416961249818874,-0.03710244753948655,0.07597178741486865,0.13604248737139724,-0.03710244753948655,1810.HK,2024-11-27
True,6,0.7777785851217011,0.6666678776825515,1.2286272856305158,False,False,-0.11218567024119286,-0.18761059246232026,45.900001525878906,-0.20588236271869065,-0.057734236117286564,-0.2145969926224256,-0.08714596660186946,-0.057734236117286564,-0.2145969926224256,-0.035947744466819254,-0.009803937864484302,-0.2145969926224256,-0.032679737475701076,-0.009803937864484302,-0.2145969926224256,1810.HK,2025-04-03
True,5,0.8000011444091797,0.5750007629394531,1.0838999416941044,False,False,-0.047882108851790894,-0.06509943080990988,51.70000076293945,0.029980642440756933,0.030947745657830428,0.000967103217073717,0.022243669133676258,0.043520308835524935,0.000967103217073717,0.013539666394768002,0.043520308835524935,0.000967103217073717,0.034816232311370765,0.043520308835524935,-0.012572563177694396,1810.HK,2025-08-12
True,5,1.0,0.620690789149158,0.6806844989063013,False,False,-0.0356188454884494,-0.06758500756617214,43.31999969482422,0.0027700584656076277,0.0087719545427567,-0.009233645630119858,-0.022160643842002448,0.0087719545427567,-0.037857788578063656,0.0087719545427567,0.030009216210033163,-0.037857788578063656,-0.10387811707527894,0.030009216210033163,-0.11772849746188785,1810.HK,2025-11-05
True,6,0.9873438809040361,0.632912187007318,1.585305800016594,False,False,-0.015251613416214616,-0.011734670293872762,38.7400016784668,-0.019618020219470123,0.019101647695096702,-0.02219929202609161,-0.022715566081257355,0.019101647695096702,-0.0356221220527797,-0.05833768813403706,0.019101647695096702,-0.06504905391277738,-0.09086216585582196,0.019101647695096702,-0.10944763796496049,1810.HK,2026-01-12
True,6,0.8791201881358703,0.6153841316951092,1.168911357983678,False,False,-0.046422742013224716,-0.009080689395001396,34.91999816894531,0.007445651485219473,0.016036695379584298,-0.017754838613827206,0.018900449505072414,0.035509786468704396,-0.017754838613827206,0.045819082838362224,0.07388321782184715,-0.017754838613827206,0.02348234686480377,0.07388321782184715,-0.017754838613827206,1810.HK,2026-02-05
True,6,0.7777768358768191,0.37777598816595637,1.2709460204305953,False,False,-0.1052221659779845,-0.1558824102771308,22.959999084472656,-0.028745639099718168,-0.006968634747042013,-0.047909343117744196,-0.047909343117744196,-0.006968634747042013,-0.07229964780507026,-0.015679386644505078,-0.003484317373521062,-0.07229964780507026,0.08885021763380441,0.13937286108619862,-0.07229964780507026,1810.HK,2026-06-24
True,5,0.9090905938267816,0.3636358907401724,0.6693382015490688,False,False,-0.059763765798005686,0.012724556935821418,27.059999465942383,0.020694803560356023,0.028085744415419223,-0.00886917131762055,-0.025868398721582975,0.028085744415419223,-0.034737570039203525,-0.05321502790572341,0.028085744415419223,-0.05986692401541582,0.07243167148942997,0.0753880619286369,-0.0679970505876657,1810.HK,2026-08-07
True,5,0.727272595912788,0.5151511210716975,0.949840288504813,False,False,-0.018004484057899228,-0.06366233324683412,26.18000030517578,0.04812835042758712,0.0725744689221659,0.007639375601965925,0.10847976010246363,0.11153552491428598,0.007639375601965925,,,,,,,1810.HK,2026-08-18
