market,symbol,setup_date,setup_close,breakout_level,distance_to_breakout_pct,ema20,ema50,sma200,pct_above_ema20,rs_pct,pct_below_52w_high,volume_contracting,range_contracting,score,grade,compression_score,compression_setup,fast_quality,breakout_within_3d,breakout_within_10d,breakout_date,bars_to_breakout,breakout_close,breakout_volume_ratio,breakout_volume_expansion_1_2x,breakout_volume_expansion_1_5x,breakout_close_position,breakout_body_fraction,breakout_bullish_bar,entry_date,entry,stop,risk_pct,gap_vs_breakout_pct,gap_under_2pct,stopped_within_20d,stop_day,hit_1r_before_stop,hit_2r_before_stop,hit_2_5r_before_stop,hit_3r_before_stop,hit_10pct,mfe_20d_pct,mae_20d_pct,mfe_20d_r,mae_20d_r,close_return_5d_pct,close_return_10d_pct,close_return_20d_pct,suspicious_single_day_move,extreme_mfe_over_150pct
TSX,TI.TO,2025-07-08,1.0499999523162842,1.0800000429153442,2.7777860562003345,0.9743098460778225,0.8841072031739249,0.5712224960327148,7.768586814878198,72.19558855767603,2.7777860562003345,True,True,7,B,7,False,False,True,True,2025-07-11,3.0,1.0950000286102295,2.326431181485993,True,True,1.0,1.0,True,2025-07-14,1.0950000286102295,1.0499999523162842,4.109595901203698,1.3888875091518038,True,False,,True,True,True,True,True,142.46574447669084,0.0,34.66660662060781,0.0,53.42464873541264,86.30136151157811,71.23287223834542,False,False
TSX,ANRG.TO,2025-08-14,1.3799999952316284,1.4500000476837158,4.8275896655250525,1.357622261204771,1.3317808788093395,1.118599999845028,1.6483034100368332,14.094463141835023,4.8275896655250525,False,False,6,B,6,False,False,True,True,2025-08-18,2.0,1.4700000286102295,8.67866179364633,True,True,1.0,0.9285714893925009,True,2025-08-19,1.5199999809265137,1.3300000429153442,12.499996078641743,4.827581444195017,False,False,,True,True,True,True,True,106.57895686223577,-1.3157882353605488,8.526319223759046,-0.10526309185078757,21.710529411598635,78.28947843111789,71.05262745120184,False,False
US,DELL,2026-05-04,211.2908477783203,221.1345842568185,4.451468553225483,198.5907517766496,176.72414700749272,141.05097179412843,6.3951094842292555,74.6276106919955,4.451468553225483,True,True,7,B,6,False,False,True,True,2026-05-06,2.0,238.4060516357422,1.5332711938376757,True,True,0.9672547004394693,0.9068014257942077,True,2026-05-07,234.8718795690508,219.23772916777048,6.656459015002682,6.212187640571987,False,False,,True,True,True,True,True,99.55369039651166,-3.3962415179330407,14.955953333766836,-0.51021744598418,3.6597770123428797,3.260220434244321,79.39726544580728,False,False
US,APP,2024-10-17,143.0,148.47999572753906,3.690729987354566,134.94262232106038,117.00846353506971,78.7552500152588,5.970965689231389,68.41464779870823,3.690729987354566,False,True,7,B,5,False,False,True,True,2024-10-21,2.0,158.85000610351562,1.5595593467957936,True,True,0.9186448129828986,0.8966100927811722,True,2024-10-22,161.27000427246094,148.00999450683594,8.222241839358176,8.613960744174287,False,False,,True,True,True,True,True,87.60462564496459,-2.1020644260175803,10.65459121204868,-0.25565587428424136,3.0476797643218756,-1.339370995774336,84.7832777982307,False,False
TSX,ITH.TO,2025-09-19,2.190000057220459,2.2899999618530273,4.366808135300151,2.047315975007492,1.8227782833222252,1.1253499963879585,6.96932393215195,64.28222441848996,4.366808135300151,True,True,7,B,6,False,False,True,True,2025-09-22,1.0,2.309999942779541,0.6246351430239346,False,False,0.7857142857142857,0.21428571428571427,True,2025-09-23,2.390000104904175,2.200000047683716,7.949792840200602,4.3668185465919995,False,True,0.0,False,False,False,False,True,82.8451754705799,-15.48117605595235,10.421048338724939,-1.9473684870965393,-7.112973591302884,5.4393251178351365,7.949782864528276,False,False
TSX,CGG.TO,2025-08-08,12.760673522949219,12.887986183166504,0.9878398254614297,11.996031571290322,11.534259289138534,8.944238414764405,6.374124201947651,34.483508571930166,1.2130390637014643,False,False,7,B,7,False,False,True,True,2025-08-13,3.0,12.956539154052734,1.1448481831757094,False,False,0.7230764942056958,0.7230764942056958,True,2025-08-14,13.348271797708765,12.035969101941404,9.831255428831005,3.571431626326982,False,False,,True,True,True,True,True,76.30227687691674,-3.5216470424096813,7.761193616550103,-0.3582092915704489,9.391046955800952,31.034483486610664,76.00879987803549,False,False
TSX,ITH.TO,2025-09-30,2.2799999713897705,2.390000104904175,4.6025158446097505,2.124250018957134,1.9146392014150897,1.1778999951481819,7.331997224559261,83.35051941415747,4.6025158446097505,True,False,6,B,5,False,False,True,True,2025-10-01,1.0,2.450000047683716,2.270963891375709,True,True,0.8500001788138917,0.8500001788138917,True,2025-10-02,2.4800000190734863,2.2799999713897705,8.064517989739157,3.76568662003971,False,True,0.0,False,False,False,False,True,76.20967144958688,-8.467743408543505,9.449997079373102,-1.0499999403953695,19.35483932991304,25.806446030782524,2.4193525128260562,False,False
US,SEI,2024-11-05,13.656759262084961,14.026911858564246,2.6388744736660263,13.022170325026996,12.587480593135536,9.794232811927795,4.873142657628771,12.493676934364938,7.6416325697740275,False,False,4,C,4,False,False,True,True,2024-11-06,1.0,16.09198760986328,2.832526519983922,True,True,0.8000004554864468,0.6089557745433167,True,2024-11-07,16.160174313840056,14.026911858564246,13.200739137131833,15.208354317656369,False,False,,True,True,True,True,True,75.9493520379501,-1.3260959091683677,5.75341662682472,-0.10045618623265172,7.414094924402037,23.628684966110548,71.42855684733354,False,False
HK,2099.HK,2025-08-12,74.00071716308594,77.79051643299522,4.871801144518202,70.88762073112213,68.04432674682998,51.62640872955322,4.391593905756608,35.860693849770755,4.871801144518202,False,False,6,B,4,False,False,True,True,2025-08-15,3.0,78.53849792480469,2.235691212274992,True,True,0.7444441053602423,0.07777743869357673,True,2025-08-18,79.58567843826768,75.19749667772078,5.513783191470418,2.3076874760417976,False,False,,True,True,True,True,True,75.0626468210005,-2.2556367808513222,13.613637717405926,-0.40909058309378105,6.3283215641695145,37.09273835959878,72.93232490369108,False,False
HK,0992.HK,2026-05-20,13.023195266723633,13.329043414055311,2.2945993784457586,12.091594973337138,11.095151792161273,10.264007606506347,7.704527776862702,45.18069474630258,2.2945993784457586,False,True,7,B,6,False,False,True,True,2026-05-22,2.0,15.539039611816406,5.166664983743899,True,True,0.9655173871763202,0.9655173871763202,True,2026-05-26,15.706762396675687,13.329043414055311,15.13818648662831,17.83863184145009,False,False,,True,True,True,True,True,72.23618860262242,-0.125631015501404,4.771786149313807,-0.00829894753987683,58.54271758302336,54.2713553601117,39.94975194161847,False,False
US,MU,2026-04-20,448.3510437011719,471.0696217040618,4.8227643974805705,419.36940090513735,399.448416802713,259.65863704681396,6.91076715026957,20.922399357414847,4.8227643974805705,True,True,7,B,6,False,False,True,True,2026-04-22,2.0,487.4050598144531,0.9776700501469807,False,False,0.86535014386722,0.7345903185716094,True,2026-04-23,482.2058465155727,458.4894929052389,4.9183048653824075,2.364029497641229,False,False,,True,True,True,True,True,69.74992835516854,-2.173013812070612,14.181700863259792,-0.44182169905029967,7.50187161860818,38.216397342374606,51.776973816225635,False,False
US,PGY,2025-06-20,18.469999313354492,19.15999984741211,3.6012554256403804,17.245463045859452,15.106603415956755,11.724500002861022,7.100628520317076,57.58788111993698,3.802090732173493,False,True,6,B,5,False,False,True,True,2025-06-24,2.0,19.959999084472656,1.303918175297086,True,False,0.9883718093446917,0.30232408563564706,True,2025-06-25,20.239999771118164,19.110000610351562,5.582999869293845,5.636742861727773,False,True,1.0,False,False,False,False,True,69.41700248662099,-6.225297643924954,12.433638565605246,-1.1150452784646676,11.610673952788787,15.464432329597377,66.20553246078416,False,False
TSX,MUX.TO,2025-09-18,18.770000457763672,19.700000762939453,4.7208135490296055,17.78170409778723,16.157624526009492,12.578000020980834,5.557939523352129,34.05769485621053,4.7208135490296055,False,True,7,B,5,False,False,True,True,2025-09-19,1.0,20.040000915527344,1.003083684826144,False,False,0.8888892028556533,0.8296300168553058,True,2025-09-22,20.700000762939453,18.84000015258789,8.985509863756342,5.076141935391432,False,False,,True,True,True,True,True,68.69563711062676,-2.705320544208012,7.645157386974248,-0.3010759083488519,4.9275290474443345,17.053133570974843,52.80192268106496,False,False
US,DOCN,2026-04-28,94.37999725341797,99.2300033569336,4.887640773395918,88.25206684240594,78.77752951840178,50.67039991378784,6.943667871206727,54.03854678179072,4.887640773395918,True,False,6,B,5,False,False,True,True,2026-05-01,3.0,102.81999969482422,0.6018376077381831,False,False,0.7137926226424526,0.656895785156363,True,2026-05-04,105.0,98.68000030517578,6.019047328404018,5.81477017824088,False,False,,True,True,True,True,True,66.08094714936756,-3.742857433500746,10.97863890146371,-0.6218355213520447,56.14285423642114,47.49523344494047,65.19047328404017,False,False
US,MUX,2025-09-18,13.619999885559082,14.289999961853027,4.688593968386997,12.900377724238586,11.728750714440675,8.998000020980834,5.578303028820586,32.79731140170126,4.688593968386997,True,True,8,A,6,False,False,True,True,2025-09-19,1.0,14.520000457763672,1.410971787875666,True,False,0.8529416164585414,0.7843135604947137,True,2025-09-22,15.0,13.649999618530273,9.00000254313151,4.9685097273779455,False,False,,True,True,True,True,True,65.86666107177734,-3.866666158040366,7.318515828869903,-0.4296294517151298,3.6666679382324263,16.06666564941406,41.86667124430339,False,False
US,USAS,2025-09-16,2.8499999046325684,2.9800000190734863,4.362419919760148,2.6987269809207293,2.4952073912456276,1.675649993121624,5.605343733593582,30.906124070980834,5.000003178914389,False,True,6,B,4,False,False,True,True,2025-09-19,3.0,3.0,1.594736127005672,True,True,0.807692484037417,0.7692309808449005,True,2025-09-22,3.0899999141693115,2.7899999618530273,9.708736590594164,3.6912716238849397,False,False,,True,True,True,True,True,65.69579377918843,-0.6472485916521498,6.766667646832092,-0.06666661368475178,13.91586015214501,27.83172030429002,45.30743999471003,False,False
TSX,CNL.TO,2025-02-20,8.569999694824219,8.989999771118164,4.671858587174428,8.017791006879808,7.068167174633401,4.904324996471405,6.887292116626376,73.69479868366994,4.671858587174428,True,True,7,B,6,False,False,True,True,2025-02-25,3.0,9.25,2.5081732358667304,True,True,1.0,0.522388569574092,True,2025-02-26,9.300000190734863,8.579999923706055,7.741938196368101,3.448280617454813,False,True,4.0,False,False,False,False,True,64.19354994182073,-9.24731820122261,8.291663962382861,-1.194444849167191,-5.483873316367505,6.344087532123699,51.93548198545144,False,False
US,ACLS,2026-04-06,97.5,101.3499984741211,3.798715867868671,91.469834181197,88.9055503882753,83.76520008087158,6.592518585807805,16.498861856326,5.27543018466574,False,True,5,C,4,False,False,True,True,2026-04-08,2.0,104.6500015258789,1.0174091963751515,False,False,0.8855835959391395,0.6064072906937158,True,2026-04-09,104.6500015258789,100.77999877929688,3.6980436599659465,3.256046474041585,False,False,,True,True,True,True,True,63.984709133438585,-0.5446724190283581,17.302313065181007,-0.14728663831767042,12.642136201276033,33.71236563353317,63.40181319320229,False,False
US,HRTG,2025-04-09,15.15999984741211,15.79800033569336,4.038488889253773,14.127160984133925,13.127368690187694,11.708099994659424,7.3110150329436685,34.44923652741891,10.295856866235155,False,True,4,C,3,False,False,True,True,2025-04-10,1.0,16.1299991607666,1.19527248375595,False,False,0.8321028232523003,0.6703564373624621,True,2025-04-11,16.139999389648438,14.777000427246094,8.444851387519368,2.164824956880018,False,False,,True,True,True,True,True,63.24040345979347,-1.7905797300120763,7.488634264571707,-0.21203211848800174,16.914507762223806,16.48079273855567,61.21438315822911,False,False
US,ALM,2025-05-30,4.275000095367432,4.454999923706055,4.040400256368211,3.9944472551351584,3.705831153386873,2.2304587495326995,7.023571030299669,43.68786763670186,4.522610121961687,True,False,6,B,5,False,False,True,True,2025-06-02,1.0,4.51800012588501,1.0885890374858547,False,False,0.7659576866539811,0.7659576866539811,True,2025-06-03,4.758749961853027,4.355999946594238,8.463357362486024,6.818182791219596,False,False,,True,True,True,True,True,62.64775063122367,0.0,7.402233882845466,0.0,12.1040234986155,8.747049797080543,51.06382658929187,False,False
HK,2025.HK,2025-12-23,10.474411010742188,10.673923199413055,1.8691551826215,9.965007273321362,9.389215148392998,5.486425603628159,5.111925395023209,47.20083352857475,1.8691551826215,False,False,7,B,6,False,False,True,True,2025-12-29,2.0,11.023070335388184,1.535001405678943,True,True,0.9541282718023912,0.41284380391758735,True,2025-12-30,11.023070950838019,9.985604948019303,9.411769256006139,3.2710348847569293,False,False,,True,True,True,True,True,62.62442351725277,-1.3574770267365643,6.653841781903958,-0.14423186436177132,3.8913983550074693,12.94116690767586,58.37103618790673,False,False
US,ASM,2026-01-14,6.679999828338623,6.980000019073486,4.29799699018747,6.280620405460318,5.824545761150199,4.1389500039815905,6.358916748592036,16.021817587666163,4.29799699018747,False,False,5,C,4,False,False,True,True,2026-01-16,2.0,7.039999961853027,1.703655044862134,True,True,0.9295771999317652,0.7183094713286563,True,2026-01-20,7.380000114440918,6.380000114440918,13.550135291234428,5.730660376424002,False,False,,True,True,True,True,True,62.46611904052095,-8.265584336791242,4.609999656677246,-0.6100001335144043,26.55826568771611,28.319784826266513,21.815713166817673,False,False
TSX,STGO.TO,2025-05-21,0.8899999856948853,0.9100000262260437,2.197806588435245,0.8372972452011186,0.7912931195458854,0.7080250003933907,6.294388378300164,18.92973830497815,2.197806588435245,False,True,7,B,6,False,False,True,True,2025-05-26,3.0,0.9300000071525574,1.2276139541730042,True,False,1.0,1.0,True,2025-05-27,0.9200000166893005,0.9100000262260437,1.086955465418649,1.0989000192372256,True,True,0.0,False,False,False,False,True,61.95651983775357,-2.1739174096029212,57.00005364423146,-2.000005960470162,33.69565182180623,57.60869797607897,45.6521748989426,False,False
TSX,ASM.TO,2026-01-14,9.289999961853027,9.59000015258789,3.128260541830204,8.644964675373004,8.020462288538482,5.702850000858307,7.461398752935833,11.151454807564232,3.128260541830204,False,False,4,C,4,False,False,True,True,2026-01-16,2.0,9.84000015258789,1.5988508307663944,True,True,0.9795923332334245,0.6632661998201642,True,2026-01-19,9.949999809265137,8.880000114440918,10.753765983270348,3.7539066835165613,False,False,,True,True,True,True,True,61.90955697657823,-6.030145118562801,5.75701173643643,-0.560747288712058,28.040201159150424,22.41206571515846,33.869346232761146,False,False
TSX,USA.TO,2026-01-07,7.789999961853027,8.199999809265137,4.999998255473771,7.2459396571086785,6.583452536461425,4.0104499989748,7.508485172252222,33.82949356870613,4.999998255473771,False,True,6,B,5,False,False,True,True,2026-01-12,3.0,8.449999809265137,0.8396457213129767,False,False,0.4666658189540073,0.03333418104599265,True,2026-01-13,8.739999771118164,8.199999809265137,6.178489427854318,6.585365541629451,False,True,0.0,False,False,False,False,True,61.78490519014892,-7.7803131499907145,10.000001766063674,-1.2592581472932425,5.377577566786118,41.30435589118684,24.25629223200605,False,False
HK,3330.HK,2025-03-17,5.760891437530518,6.024973208062484,4.383119416673554,5.377671555223681,4.804136386371677,3.459994251728058,7.126130303264633,94.74817565814715,4.383119416673554,False,False,5,C,4,False,False,True,True,2025-03-18,1.0,6.181466579437256,1.4701427207775304,True,False,0.9761910708852375,0.9523810064441132,True,2025-03-19,6.201028571174289,5.780453409648203,6.782345165786614,2.922093709499185,False,True,2.0,False,False,False,False,True,60.883266681926514,-10.41010233161056,8.976727841728076,-1.5348824156169583,-7.886443245691388,21.45109495616946,58.04416038666176,False,False
TSX,PNP.TO,2024-11-07,9.0,9.460000038146973,4.862579664820779,8.521379624139303,7.869947606005735,6.202249987125397,5.616700545823172,24.20913032961396,4.862579664820779,False,True,7,B,5,False,False,True,True,2024-11-12,3.0,9.619999885559082,0.657051282051282,False,False,1.0,1.0,True,2024-11-13,9.600000381469727,9.399999618530273,2.0833411978347622,1.4799190566406883,True,False,,True,True,True,True,True,60.729163458777926,0.0,29.149888420530623,0.0,21.0416606648103,8.854160354369478,20.10415911260608,False,False
TSX,ORV.TO,2025-03-28,0.38999998569488525,0.4000000059604645,2.5000050291418283,0.36572937405260053,0.3411487218655296,0.30770000025629995,6.636221579181667,68.89731123784777,9.302330416818046,False,True,5,C,5,False,False,True,True,2025-04-02,3.0,0.4399999976158142,21.43344709897611,True,True,0.6666666666666666,0.6666666666666666,True,2025-04-03,0.4000000059604645,0.3799999952316284,5.000002607703171,0.0,True,False,,True,True,True,True,True,59.99999403953562,0.0,11.9999925494234,0.0,9.999997764825853,57.49999646097428,37.50000093132255,False,False
US,CRDO,2024-11-26,46.66999816894531,48.939998626708984,4.6383337177390525,43.45241749031988,39.40702511451319,28.140174989700316,7.404836979075391,28.946640325089046,4.6383337177390525,False,True,6,B,5,False,False,True,True,2024-11-29,2.0,48.959999084472656,1.0740189782775411,False,False,0.5409216706284953,0.5324546973507425,True,2024-12-02,49.380001068115234,46.084999084472656,6.672745873572221,0.8990650873580419,True,False,,True,True,True,True,True,59.923044780357884,-3.827459191508231,8.980267781167331,-0.5735958275688411,50.32402136755736,53.807199889437115,40.947745987518736,False,False
HK,3788.HK,2025-09-16,3.069999933242798,3.200000047683716,4.062503515742667,2.8458918861455214,2.602511544729946,1.5029047361016274,7.874791315449747,36.12013833961119,5.828222631174283,False,True,5,C,4,False,False,True,True,2025-09-18,2.0,3.259999990463257,3.82332406572301,True,True,0.6904759742235503,0.5476189935558876,True,2025-09-19,3.3399999141693115,2.9700000286102295,11.077841169678724,4.374995762482348,False,False,,True,True,True,True,True,58.68264451896017,-3.892211956977576,5.297299683225379,-0.35135112494941656,25.149698675313516,44.31138609355787,38.32335342164577,False,False
HK,6069.HK,2025-03-04,7.5885491371154785,7.935851349442921,4.376369932279825,7.2127616304029765,6.8692065114455385,5.394444842338562,5.210036404481966,7.042457700445892,4.376369932279825,False,True,5,C,4,False,False,True,True,2025-03-05,1.0,7.970581531524658,2.0592709308048054,True,True,0.7951806121440654,0.4939757651800833,True,2025-03-06,7.901121499787507,7.397533337656291,6.37362888476984,-0.43763231096626276,True,True,2.0,False,False,False,False,True,58.68129988353403,-8.791209642061848,9.20688997499626,-1.3793099348895201,3.736262799748169,27.252742140225905,54.50548884007213,False,False
US,GOLD,2025-12-31,32.915283203125,34.51996915543766,4.648572961021559,31.19137856875463,28.832684077977845,23.870479412078858,5.526862593041204,27.03852053655611,4.648572961021559,False,True,7,B,5,False,False,True,True,2026-01-05,2.0,35.11930847167969,0.8808691402578851,False,False,0.8457477425291728,0.22104883029465333,True,2026-01-06,35.18697455930666,33.417958215202184,5.0274749854462515,1.9322305905477233,True,False,,True,True,True,True,True,58.40657629934343,-1.0989052448102665,11.617477256161644,-0.2185799527578811,17.664832571397547,15.769212759406903,44.78020862844472,False,False
TSX,FF.TO,2025-11-10,0.33500000834465027,0.3499999940395355,4.285710271523855,0.3122321772984044,0.2855096086454362,0.19071499966084957,7.291955378604786,82.66413788595266,4.285710271523855,False,True,6,B,5,False,False,True,True,2025-11-13,3.0,0.375,2.921447828615712,True,True,1.0,0.8571429787850018,True,2025-11-14,0.36000001430511475,0.3400000035762787,5.555558315029741,2.8571486959652947,False,True,2.0,True,False,False,False,True,58.33332505491078,-15.277779157514871,10.49999329448106,-2.74999888241351,-12.500004139211274,0.0,55.555550036607194,False,False
US,AG,2026-01-05,17.00661849975586,17.87491364201323,4.857618669645081,16.180098122240484,14.687950514628353,9.91607929944992,5.108253184072331,37.64056289600693,5.752206927916459,False,True,6,B,4,False,False,True,True,2026-01-06,1.0,18.683324813842773,1.2349984259936724,True,False,0.9942855834960928,0.8571428571428557,True,2026-01-07,17.63538420647274,16.946733890112267,3.9049351479834313,-1.3400312881931886,True,True,0.0,False,False,False,False,True,57.89471946593425,-5.093376426962848,14.826038659267358,-1.3043434100546185,12.33728292079972,25.636669663720333,26.938299942498723,False,False
HK,0631.HK,2026-01-13,8.760249137878418,8.865448853990284,1.1866259435303819,8.218964959491592,7.7728766665842794,6.605459856986999,6.585794939565104,13.760241774199567,1.611176857613566,True,True,7,B,8,False,False,True,True,2026-01-14,1.0,8.989774703979492,1.3150750922886423,True,False,0.7352937876560928,0.7058813629682809,True,2026-01-15,8.98977542869529,8.750684941511366,2.659582423168764,1.4023720259696448,True,True,0.0,False,False,False,False,True,57.44680855093074,-3.617012901184924,21.599935407335728,-1.3599927829555403,17.02127596475109,37.234043452693236,51.80851359054288,False,False
US,SVM,2026-01-05,8.750779151916504,9.160348010172337,4.471105877211399,8.325236208078998,7.64037920948908,5.32871306180954,5.111481923174144,22.073244857527374,4.471105877211399,False,False,6,B,4,False,False,True,True,2026-01-06,1.0,9.240262985229492,0.9408875393236019,False,False,0.9545444693459106,0.5227255978880461,True,2026-01-07,8.910610451129644,8.82070502211895,1.0089704796745522,-2.7262889877695207,True,True,0.0,False,False,False,False,True,56.9506747852353,-4.820631182712221,56.44434196291351,-4.777772273641879,10.426015010613977,33.63228758141277,19.058295426630757,False,False
TSX,AG.TO,2026-01-05,23.424270629882812,24.56205337470708,4.632278610695904,22.179665473446967,20.212580506536362,13.680860586166382,5.611469469302244,32.442907800677204,5.705102897208239,False,True,6,B,4,False,False,True,True,2026-01-06,1.0,25.779674530029297,1.2397543830402045,True,False,0.9919026526804797,0.8785421068238248,True,2026-01-07,24.30255841151993,23.334447179914754,3.9835774292235393,-1.0564872538481151,True,True,0.0,False,False,False,False,True,56.87884639258283,-4.969203173984749,14.278333333078802,-1.2474222635992087,13.264890189398448,27.556459627008213,23.531820452429606,False,False
US,NTAP,2026-05-19,120.22484588623047,123.0961304440511,2.3325546850765293,114.00230112284382,108.64501148909257,108.41499137878418,5.4582624228624255,12.424058786483405,3.419484941297162,False,True,7,B,6,False,False,True,True,2026-05-21,2.0,123.57466888427734,0.9694471655915569,False,False,0.9506390836917901,0.9232165073839144,True,2026-05-22,123.2456816180583,118.39041784031316,3.9395001220340773,0.1214913689550734,True,False,,True,True,True,True,True,55.986079044904315,-0.7442208201740907,14.211467777794379,-0.1889125008555224,40.98849977342167,35.12375667845551,28.06179118756278,False,False
TSX,ORE.TO,2026-01-05,1.850000023841858,1.9199999570846558,3.645829937886371,1.739385227305891,1.610365123362807,1.2887499985098838,6.359419109664199,22.46881553215314,3.645829937886371,True,True,7,B,6,False,False,True,True,2026-01-06,1.0,2.0,1.3908369408369408,True,False,1.0,0.9375000465661385,True,2026-01-07,1.9199999570846558,1.840000033378601,4.166662786155852,0.0,True,False,,True,True,True,True,True,55.208337795920755,-2.083331393077925,13.250013411057864,-0.5,6.25000038805108,21.87499825377013,41.66667132327964,False,False
TSX,SVM.TO,2026-01-05,12.058056831359863,12.587532984057065,4.206353646642417,11.42817675557448,10.528468009170817,7.357001328468323,5.511641001510914,23.818317675288682,4.282315436599456,False,False,6,B,4,False,False,True,True,2026-01-06,1.0,12.747374534606934,0.903936211622037,False,False,0.9365080085921498,0.6031746752588174,True,2026-01-07,12.32778979025268,12.157958172098597,1.3776323334809384,-2.0634956359865453,True,True,0.0,False,False,False,False,True,54.70015869215308,-5.024310193619074,39.705919614952144,-3.647061753351762,10.696918535353884,36.62884684469556,18.557532104206164,False,False
US,ATLC,2024-11-04,37.2400016784668,38.540000915527344,3.373116777837936,36.52902428871313,35.11378089323213,31.287650108337402,1.9463355608251076,13.6043912495577,5.793061400319149,True,True,7,B,7,False,False,True,True,2024-11-06,2.0,41.77000045776367,3.7734487734487736,True,True,1.0,0.9973549405391441,True,2024-11-07,41.959999084472656,37.9900016784668,9.461385826090165,8.873892287759212,False,False,,True,True,True,True,True,54.19446701605028,-0.881789656715426,5.727962902285072,-0.09319878429266146,10.057200459436476,22.664447911653205,44.899906014439495,False,False
TSX,TNZ.TO,2024-10-11,8.619999885559082,8.800000190734863,2.0454579690270434,8.097626164934638,7.616968248626737,4.957475004196167,6.450948833455561,122.5819518280259,2.0454579690270434,False,False,6,B,5,False,False,True,True,2024-10-16,2.0,8.819999694824219,1.3574813811780637,True,False,0.6590900224113192,0.49999783256100255,True,2024-10-17,8.899999618530273,8.529999732971191,4.157302263122827,1.1363571094088698,True,False,,True,True,True,True,True,53.82022659731347,-0.5617892045348571,12.945949847025437,-0.13513311493325567,2.4719132186338033,8.089890987520153,42.471919647899135,False,False
TSX,CDR.TO,2026-03-18,2.049999952316284,2.1500000953674316,4.651169237927759,1.9372290105353063,1.905598332256694,1.8069749975204468,5.821249897027725,8.328451035293384,10.08772026138624,False,False,2,C,1,False,False,True,True,2026-03-20,2.0,2.369999885559082,11.992651561543171,True,True,0.8499997516473233,0.783333151208037,True,2026-03-23,2.25,1.8600000143051147,17.333332697550453,4.651158148692014,False,False,,True,True,True,True,True,53.33333545260959,-4.444440205891931,3.0769233120498893,-0.2564100212834439,10.222223069932724,15.555551317003037,23.55555428398981,False,False
TSX,BBD-A.TO,2025-06-16,105.73999786376953,106.5,0.7136170293243838,98.28366568822578,92.89299395937115,92.85660018920899,7.586542609426705,19.50413387013683,6.680787095516171,False,True,7,B,7,False,False,True,True,2025-06-18,2.0,106.63999938964844,0.5970149253731343,False,False,0.2102993470815133,0.12017105547515046,True,2025-06-19,107.94999694824219,106.1500015258789,1.6674344356177322,1.3614994819175497,True,True,0.0,False,False,False,False,True,53.15424409907485,-1.8063890721341402,31.877861560045606,-1.0833343929741575,6.280691616825296,37.322843616419334,50.89393607648533,False,False
TSX,DCM.TO,2026-06-30,1.741512656211853,1.8036472416379383,3.4449411166265134,1.6506420398047739,1.625775686412763,1.522938426733017,5.505167941671152,7.300403718371307,8.429818542155006,False,False,3,C,2,False,False,True,True,2026-07-02,1.0,1.8305672407150269,1.1096482979123565,False,False,0.7058825591856738,0.7058825591856738,True,2026-07-03,1.8107774257659912,1.7118277408319686,5.464486332005441,0.3953203244764003,True,False,,True,True,True,True,True,53.00545205876575,-3.825138992098809,9.69998803882322,-0.6999997364244473,11.475399907122519,37.704904218605236,50.27321440256822,False,False
US,BLTE,2024-10-15,55.45000076293945,56.5,1.8584057293107026,51.654023398545995,49.88002984690414,45.92456995010376,7.348851289094949,10.71676052339765,1.8584057293107026,False,True,6,B,7,False,False,True,True,2024-10-18,3.0,56.95000076293945,0.9294012511170688,False,False,0.7674428404456105,0.7674428404456105,True,2024-10-21,56.849998474121094,55.630001068115234,2.1459937357099825,0.6194663258780375,True,True,7.0,True,True,True,True,True,52.2075657023747,-2.3746675643898763,24.3279208292294,-1.1065584791207417,17.678106106427972,22.955151102947436,45.664027759455465,False,False
US,WDC,2025-08-29,80.0971450805664,81.91166272535574,2.2152128090395236,76.4267803231783,70.38511172401778,53.01634691238403,4.802458957275957,46.37187787157204,2.4052519002354726,False,False,7,B,5,False,False,True,True,2025-09-03,2.0,85.74004364013672,2.065177354988556,True,True,0.9047623990533326,0.6462584857480944,True,2025-09-04,86.2291312518337,81.91166272535574,5.006972079851673,5.270883757974909,False,False,,True,True,True,True,True,51.776814811853015,-0.5440458664471737,10.340943385765167,-0.10865765931398783,9.989575852395905,16.842235582179587,51.163319314816434,False,False
HK,1258.HK,2025-08-13,7.816267490386963,8.077454627004059,3.233532699074667,7.42120975574303,6.944208126719835,5.426239831447601,5.323360309795988,43.46294762591676,3.233532699074667,False,False,6,B,4,False,False,True,True,2025-08-15,2.0,8.416029930114746,1.466369162610293,True,False,1.0,0.8860757507167646,True,2025-08-18,8.4160302493991,7.651815738217404,9.080462979992978,4.191612804151634,False,False,,True,True,True,True,True,51.60919460234743,-5.5172387931220594,5.68354220660975,-0.6075944371204658,-3.4482787435213713,19.080450928224614,46.66667318956248,False,False
US,CDE,2025-08-20,11.437156677246094,11.956573533107385,4.344194885123581,10.707435996229096,9.709581874643344,7.209204366207123,6.815083286736323,38.09341740975349,4.344194885123581,False,True,6,B,5,False,False,True,True,2025-08-22,2.0,12.0564603805542,0.9458042661535478,False,False,0.7124994486571673,0.7124994486571673,True,2025-08-25,12.106404804635742,11.487100073070259,5.115513164802992,1.2531288425858822,True,False,,True,True,True,True,True,51.07260907759348,-0.5775541467450407,9.983868173577532,-0.11290248468499145,8.498347361131643,20.132020873605928,47.44225722252513,False,False
TSX,LGD.TO,2026-01-19,0.9200000166893005,0.9599999785423279,4.166662786155852,0.8791955211450874,0.8266671053906504,0.5309500008821487,4.641117312684706,18.477809652353393,4.166662786155852,False,True,7,B,5,False,False,True,True,2026-01-20,1.0,0.9700000286102295,1.218831137020526,True,False,0.7142859575700036,0.4285719151400071,True,2026-01-21,1.0,0.9200000166893005,7.999998331069946,4.166668994973155,False,False,,True,True,True,True,True,50.999999046325684,-1.9999980926513672,6.375001210719599,-0.24999981373544622,12.000000476837158,25.0,30.9999942779541,False,False
HK,2155.HK,2025-03-04,5.10679817199707,5.20243088944623,1.8382313860845805,4.866810671668065,4.629313111500619,4.506805279254913,4.931104095051042,6.505847056407221,14.391418908999018,True,True,5,C,5,False,False,True,True,2025-03-05,1.0,5.355443477630615,0.8712575046625917,False,False,0.8666666666666684,0.7666674613960238,True,2025-03-06,5.451076364241455,5.106798120490273,6.315784640435688,4.779409473744911,False,False,,True,True,True,True,True,50.877211895776696,-1.2280648625713542,8.055564714801132,-0.1944437520413361,22.456146363742203,46.3158040020655,9.473682116645588,False,False
US,SHLS,2025-09-19,7.289999961853027,7.619999885559082,4.330707725225149,6.813789494730849,6.187590758993549,4.816924992799759,6.988922500327233,34.394548010041404,6.05670429337774,False,True,5,C,4,False,False,True,True,2025-09-24,3.0,7.699999809265137,1.3131933912548621,True,False,0.46808486893566853,0.42553169903242594,True,2025-09-25,7.5,7.260000228881836,3.1999969482421875,-1.5748016714081325,True,True,0.0,False,False,False,False,True,50.80000559488933,-6.666666666666665,15.875016887998791,-2.0833353201567206,5.733331044514967,17.866668701171882,32.533327738444015,False,False
HK,6855.HK,2025-05-29,50.099998474121094,52.650001525878906,4.843310499249305,47.16468503548535,44.447753292178945,39.897250146865844,6.223540847198072,22.725241858606072,4.843310499249305,False,False,5,C,4,False,False,True,True,2025-06-03,3.0,53.400001525878906,1.6281782137072556,True,True,0.8017245064734764,0.5862072367447474,True,2025-06-04,54.0,48.75,9.722222222222223,2.5640995916353937,False,False,,True,True,True,True,True,50.55556120695892,-0.92592592592593,5.2000005812872026,-0.09523809523809523,10.000002825701682,16.111112523961957,44.62962680392795,False,False
US,KTOS,2025-09-12,69.19999694824219,72.69999694824219,4.814305566603778,65.43748354929014,60.19739432687277,39.41069995880127,5.749783143965148,58.58854980289281,4.814305566603778,False,False,6,B,4,False,False,True,True,2025-09-16,2.0,76.3499984741211,1.8964740169627698,True,True,0.953367145117913,0.9136442278171106,True,2025-09-17,75.01000213623047,70.83000183105469,5.572590569433947,3.1774488101187437,False,False,,True,True,True,True,True,50.07331887603288,-2.532997562682626,8.985644692916892,-0.4545457864025217,11.851751948363809,21.810425469178263,27.049727153289993,False,False
HK,0522.HK,2026-04-10,112.79875946044922,115.56440489063365,2.393163736534403,105.53214478140927,102.47675595537385,81.81222618103027,6.885688426110748,40.28691577886766,2.393163736534403,False,False,6,B,5,False,False,True,True,2026-04-13,1.0,116.25581359863281,1.4285212896301287,True,False,0.9193547990145754,0.5645164068979587,True,2026-04-14,118.52759129497635,110.62575582540263,6.666663334032184,2.5640995660791477,False,False,,True,True,True,True,True,50.00001431618137,-0.49999872843424775,7.5000058966439465,-0.0749998467571978,15.500013160837934,38.1666692208745,47.79648290505627,False,False
US,CECO,2025-07-03,30.0,30.559999465942383,1.8324590174370738,28.599807816581794,27.097364151334244,26.82015007019043,4.895809763471171,29.4140009478985,14.675767547797363,False,True,6,B,5,False,False,True,True,2025-07-09,3.0,30.920000076293945,1.0189296564617902,False,False,0.8611106328024106,0.7569442696778039,True,2025-07-10,30.739999771118164,29.68000030517578,3.448274150406168,0.5890062445072397,True,False,,True,True,True,True,True,49.86987650569012,-3.3506854076597814,14.462271365464376,-0.9716992505555605,3.0904384190400203,10.08458166737638,47.95055263782781,False,False
HK,6869.HK,2025-01-15,12.75841999053955,13.168720345280297,3.115719249728005,11.938798242442461,11.30759335068759,9.010182151794433,6.865194732777469,37.73913197134701,8.028168123269536,True,True,6,B,5,False,False,True,True,2025-01-17,2.0,13.735328674316406,1.7707918934081188,True,True,0.9464290427918832,0.9285714893925022,True,2025-01-20,13.852557631532761,12.699805649862215,8.321582283451551,5.192890944013051,False,False,,True,True,True,True,True,49.506352308461366,-4.372358811543275,5.949151329899194,-0.5254239713808072,47.74330576449828,6.488004946326775,29.901253985229715,False,False
TSX,GMX.TO,2026-01-05,1.8600000143051147,1.899999976158142,2.1052611765768803,1.7500083629348047,1.7241486637427719,1.5019499999284744,6.285207185287467,13.877404448892051,9.268289874665095,False,False,4,C,4,False,False,True,True,2026-01-07,2.0,1.9199999570846558,1.8354845766790637,True,True,1.0,0.5714285714285714,True,2026-01-08,1.8799999952316284,1.850000023841858,1.595743163077738,-1.052630588288439,True,False,,True,True,True,True,True,48.93616805415502,0.0,30.66669448219409,0.0,30.851066190767963,30.319151803075385,32.978723741538275,False,False
TSX,OBE.TO,2026-04-13,13.289999961853027,13.670000076293945,2.7798106241411173,12.473530032559216,11.546428160132777,9.152300024032593,6.545620423108844,49.912411899216025,2.7798106241411173,False,False,5,C,5,False,False,True,True,2026-04-16,3.0,13.890000343322754,1.1899463428410053,False,False,0.9310350875462176,0.9310350875462176,True,2026-04-17,13.34000015258789,13.079999923706055,1.9490271807185642,-2.4140447832061818,True,True,0.0,False,False,False,False,True,48.65067239042826,-6.2968526460244085,24.961515607233245,-3.230766973553901,31.259370529204887,45.27735336649889,35.082460657002954,False,False
HK,2722.HK,2026-01-27,2.3079748153686523,2.404948415531985,4.032252814116247,2.149560497081682,2.020379252117885,1.5534348076581954,7.369614323580986,28.14518069016092,8.812254808485656,False,True,5,C,4,False,False,True,True,2026-01-28,1.0,2.4146459102630615,1.7035251816533215,True,True,0.733333333333335,0.4666666666666669,True,2026-01-29,2.4049484729766846,2.307974907931653,4.03225125754998,2.3886042255227835e-06,True,True,1.0,False,False,False,False,True,48.38710093153771,-10.080641210218577,12.000021288588547,-2.5000032404586885,-2.419351081110155,7.258073070664128,37.903229723948996,False,False
US,ARWR,2025-10-28,39.54999923706055,40.28900146484375,1.8342530241859125,36.69812448256906,31.94954052239837,20.067374968528746,7.771173035957402,143.23988067392085,2.297431609912521,False,True,7,B,7,False,False,True,True,2025-10-29,1.0,40.290000915527344,0.8710149460467818,False,False,0.7809526577560117,0.49047778209706777,True,2025-10-30,39.91999816894531,38.650001525878906,3.1813544622213086,-0.9158908944924549,True,True,3.0,True,True,True,False,True,48.17135330405164,-7.16432095901035,15.141774950288656,-2.2519719333657733,0.9769619795451101,3.757515202410211,44.564132593990436,False,False
US,UMC,2026-01-06,7.979611873626709,8.02874753449259,0.6119965867003211,7.765287294342057,7.581957176174074,7.088318231105805,2.7600341257278727,7.164117243122892,0.6119965867003211,True,False,8,A,8,True,False,True,True,2026-01-07,1.0,8.77560806274414,2.5175853295126194,True,True,0.45454729358726215,0.060607461780772184,True,2026-01-08,8.412005143924869,8.02874753449259,4.556079114015605,4.773566584149669,False,False,,True,True,True,True,True,48.13083719060138,-1.0514036001872173,10.56409162047675,-0.23076939049474365,2.686909922716696,27.336439627576258,16.471962170772912,False,False
HK,0358.HK,2025-08-06,16.080785751342773,16.602010842424846,3.1395298800199076,15.443079881508186,14.609459207063358,12.602336654663086,4.129395656355994,21.348251681194874,3.1395298800199076,False,True,7,B,5,False,False,True,True,2025-08-11,3.0,16.843320846557617,1.999736424210747,True,True,0.7468365738181058,0.734178040353756,True,2025-08-12,16.872275767573612,16.27383308523549,3.5468996037170757,1.6279047623443788,True,False,,True,True,True,True,True,48.054918104756396,-0.8009118610681876,13.54842918429263,-0.22580618301934602,10.469109551509437,18.764301323537104,38.44393548271281,False,False
US,BLTE,2025-10-07,77.4000015258789,78.5,1.4012719415555335,72.12182954586835,68.7771651914708,62.71192499160767,7.318411101390221,13.118185766617563,10.551250875092359,False,True,4,C,5,False,False,True,True,2025-10-10,3.0,79.27999877929688,0.5526620370370371,False,False,0.9265510909576806,0.4576246346951267,True,2025-10-13,80.0,77.63999938964844,2.950000762939453,1.9108280254777066,True,False,,True,True,True,True,True,47.362499237060554,-1.6125011444091841,16.055080334917402,-0.5466104160605179,9.63749885559082,16.024999618530277,41.48750305175781,False,False
US,EXK,2025-09-17,6.5,6.739999771118164,3.5608275855823686,6.04429364264711,5.663902268454654,4.436300013065338,7.539447688933132,20.66952608523993,3.5608275855823686,False,True,6,B,5,False,False,True,True,2025-09-19,2.0,6.760000228881836,2.254965829245631,True,True,0.9836069674492266,0.9508201206475916,True,2025-09-22,7.050000190734863,6.159999847412109,12.62411800346326,4.599412910147183,False,False,,True,True,True,True,True,47.09219297876579,-0.5673753300829087,3.730335296758687,-0.04494376002563133,10.638297584525635,9.21985249567092,28.510640773079498,False,False
HK,2507.HK,2025-07-31,47.48418045043945,49.86568258926768,4.775833830340032,45.03496733693981,40.867158249909025,27.634384813308717,5.438469834285153,47.21396445940713,4.775833830340032,True,True,8,A,6,False,False,True,True,2025-08-01,1.0,50.546112060546875,1.5377500684767393,True,True,0.7363634976473729,0.5727275501598011,True,2025-08-04,50.59471095634626,46.60934830513165,7.877034132388333,1.4619841326216854,True,False,,True,True,True,True,True,46.97406340750418,-5.168104375121773,5.963420066235203,-0.6560977505317466,6.865632284913659e-07,23.919310816026318,-0.48030181011826656,False,False
US,HOOD,2025-01-14,41.7599983215332,43.83000183105469,4.722800417623605,39.63178004285456,36.45570196462691,24.97732500076294,5.36997903293106,58.17616193562585,4.722800417623605,True,True,8,A,6,False,False,True,True,2025-01-15,1.0,45.560001373291016,1.5936924644213255,True,True,0.7438882679910295,0.6092355061468888,True,2025-01-16,45.61000061035156,43.643001556396484,4.3126486025712785,4.06114237950066,False,False,,True,True,True,True,True,46.700291091256,-0.7893019196098305,10.828679865874637,-0.18302022546869212,10.414382671422162,16.20258559692107,39.88160136656656,False,False
US,TXG,2026-09-10,66.37999725341797,67.62000274658203,1.8337850381509202,61.515518921518186,53.44205821818984,29.6967000579834,7.907725427962187,123.29614415798098,1.9497780713836386,True,True,8,B,8,False,False,True,True,2026-09-11,1.0,68.58999633789062,0.6821494763679665,False,False,0.5955046547910916,0.4456912464781891,True,2026-09-14,67.04000091552734,67.0,0.05966723595028921,-0.8577370711272292,True,True,0.0,False,False,False,False,True,46.65870875913431,-3.445700368507487,781.9820713332061,-57.7486172038909,14.260139361632262,27.84904223445661,,False,False
US,XPEV,2025-01-29,14.8100004196167,15.4399995803833,4.080305556271018,13.75217173349667,12.958667827452057,9.955100038051604,7.69208461484987,28.78162837765903,5.542442035195381,False,True,5,C,4,False,False,True,True,2025-01-30,1.0,15.569999694824219,1.0158551514433518,False,False,0.7037030823109296,0.5648145368233106,True,2025-01-31,15.550000190734863,14.8100004196167,4.758840913449488,0.7124392055769091,True,True,1.0,False,False,False,False,True,46.623787507381785,-5.080385544456345,9.797299038850642,-1.0675678462161027,9.967846763490051,2.572344782147362,38.19935374613386,False,False
US,MYRG,2026-04-16,315.260009765625,323.82000732421875,2.6434430748509037,296.85509951810866,278.6792092338007,225.43885040283203,6.199964318414408,35.453785856409084,2.6434430748509037,False,True,6,B,6,False,False,True,True,2026-04-17,1.0,329.3299865722656,0.6608991140623104,False,False,0.8422318351061203,0.5922318351061203,True,2026-04-20,327.7200012207031,318.9200134277344,2.6852153546290256,1.204370887614603,True,False,,True,True,True,True,True,46.45428709486943,-0.677407912984862,17.300022888215345,-0.2522732159329722,3.5274006821477633,32.27449915162212,42.64005544790264,False,False
TSX,NICU.TO,2025-08-20,1.8899999856948853,1.9049999713897705,0.787400835704065,1.7568335358591909,1.7320284603142042,1.5917999970912933,7.579912787273191,23.076324596381625,0.787400835704065,False,False,7,B,7,False,False,True,True,2025-08-22,2.0,1.940000057220459,0.9310575531732819,False,False,0.9166667494508922,0.5833337472544612,True,2025-08-25,1.9500000476837158,1.8300000429153442,6.1538462478968725,2.362208764817786,False,False,,True,True,True,True,True,46.15383768928143,-1.0256461357301072,7.49999850988394,-0.16666749450892232,24.615384991587486,32.30768515983764,38.974357532247936,False,False
US,TWLO,2026-04-16,136.9600067138672,139.0,1.4676210691602969,127.20915496554144,125.26145591631327,120.26360038757325,7.6652122647674625,9.4080381226312,6.127476049766035,False,False,3,C,4,False,False,True,True,2026-04-17,1.0,140.11000061035156,0.8393406832305319,False,False,0.9151765513013269,0.3539540971482233,True,2026-04-20,139.41000366210938,137.24000549316406,1.556558433356603,0.294966663388041,True,False,,True,True,True,True,True,46.12294768143248,-1.0114078079553224,29.63136281493253,-0.6497718211415271,3.141804396361181,31.511363260742176,42.23512522582811,False,False
TSX,PSLV.TO,2025-12-12,28.094999313354492,29.280000686645508,4.047135742833128,26.284216683385637,24.30609720823098,18.80867494106293,6.889239469378827,33.616578740923565,4.6010234787162565,False,True,6,B,5,False,False,True,True,2025-12-17,3.0,30.190000534057617,1.5396220815195885,True,True,0.7903235730238911,0.6774206449310585,True,2025-12-18,30.100000381469727,29.280000686645508,2.7242514432957616,2.8005453401448,False,False,,True,True,True,True,True,45.84717930071784,-2.3588072519041603,16.829275951581238,-0.8658551903162478,8.77076831740613,15.8471710629996,45.149495259161476,False,False
US,ETON,2024-11-06,8.670000076293945,9.119999885559082,4.934208496840902,8.11757029640739,6.9720937241084,4.524599978923797,6.805358743010159,127.7807754131189,4.934208496840902,False,False,5,C,4,False,False,True,True,2024-11-11,3.0,9.710000038146973,4.059433895673043,True,True,0.845454529691339,0.845454529691339,True,2024-11-12,9.600000381469727,8.779999732971191,8.541673082444149,5.263163398397563,False,True,0.0,False,False,False,False,True,45.62498944501123,-12.187500310440846,5.341458166876591,-1.4268282329243005,4.479159733487781,25.312492238978844,25.416661285692,False,False
US,NAT,2026-02-09,3.8044800758361816,3.840287132619983,0.9324057172613677,3.653374679269817,3.4602277723045054,2.86537233710289,4.136049812349518,14.551759242830475,0.9324057172613677,False,True,8,A,8,False,False,True,True,2026-02-10,1.0,3.867142677307129,1.0050196618523821,False,False,0.454546636784906,0.36363557547672637,True,2026-02-11,3.9029491729647816,3.8223839125430237,2.064214952626669,1.631701958234788,True,False,,True,True,True,True,True,45.41286104076645,-0.6880781855428064,22.000063987027886,-0.333336499024602,8.486252232830838,15.596337486645218,23.925458210814156,False,False
US,DNTH,2026-03-03,55.38999938964844,57.5,3.6695662788722827,51.45615477466753,48.00462015795848,33.28389991760254,7.645041943393682,26.097206064308885,3.6695662788722827,False,False,5,C,4,False,False,True,True,2026-03-04,1.0,62.029998779296875,2.4082450441698793,True,True,0.5919628364614453,0.5533229446172949,True,2026-03-05,60.900001525878906,57.5,5.5829251899675345,5.9130461319633065,False,False,,True,True,True,True,True,45.30376953466333,-2.413795047408107,8.114701163482144,-0.432353106171953,40.95237140743535,29.49096655907426,38.850567224798404,False,False
US,RRX,2026-01-12,151.30880737304688,156.92608012300286,3.579566089685678,146.76016495071025,143.98268786678113,137.21350074768065,3.0993712932009254,6.461557805912577,8.357400478944648,False,False,4,C,3,False,False,True,True,2026-01-15,3.0,157.24423217773438,0.9697278351133146,False,False,0.7670163132918952,0.4345550993017701,True,2026-01-16,157.24424654679802,154.33118945341536,1.8525683179865642,0.20274923298011505,True,True,1.0,False,False,False,False,True,44.97976510729094,-4.2741660363055605,24.279679551130684,-2.307157039666353,-1.3151368402738783,2.1117777953780337,39.21976440322479,False,False
US,HOOD,2025-06-17,74.94999694824219,77.80000305175781,3.663246775992552,69.56016814842782,61.003504026517305,42.00724992752075,7.748441303812736,80.07955982363184,3.663246775992552,False,True,6,B,5,False,False,True,True,2025-06-18,1.0,78.3499984741211,1.0168970442888765,False,False,0.9071429349938783,0.7571434799510265,True,2025-06-20,78.47000122070312,74.54000091552734,5.008283731412648,0.861180131959105,True,True,1.0,False,False,False,False,True,44.563529025144824,-5.199441528717907,8.897964136024523,-1.0381683242317705,7.7099468946702165,20.300751952802187,39.84961916225418,False,False
TSX,WRG.TO,2026-02-06,2.4600000381469727,2.4700000286102295,0.40485790880267447,2.28215552679008,2.191235920037336,2.1221999764442443,7.792830474049084,5.903059176692516,6.8181840759334245,False,True,5,C,6,False,False,True,True,2026-02-09,1.0,2.549999952316284,1.972972972972973,True,True,1.0,1.0,True,2026-02-10,2.549999952316284,2.4600000381469727,3.5294084647946913,3.2388632704213993,False,True,3.0,False,False,False,False,True,44.313730806719654,-5.882347441324487,12.555568801044805,-1.6666666666666667,-0.39215649608830283,0.0,28.627452263690945,False,False
US,INDV,2025-07-18,16.010000228881836,16.329999923706055,1.9595817288380952,15.021643515845213,13.720768815962549,11.109649996757508,6.57955111232722,56.968890606765285,1.9895860043221563,True,True,8,B,8,False,False,True,True,2025-07-23,3.0,16.950000762939453,1.9443663398069515,True,True,0.9534895583825695,0.7325588616241727,True,2025-07-24,16.809999465942383,16.1299991607666,4.045213127778406,2.939372593257139,False,False,,True,True,True,True,True,44.17014503452232,-1.3087407515997684,10.919114429646916,-0.3235282567963289,3.5098166051893642,30.87448363441492,43.66448772029394,False,False
HK,6185.HK,2025-07-11,37.20000076293945,37.95000076293945,1.9762845452493953,35.03854453166051,34.255819101357396,31.142000007629395,6.168795708183228,14.397137952789318,11.848341018019743,True,False,4,C,5,False,False,True,True,2025-07-15,2.0,38.20000076293945,1.2745303127684198,True,False,1.0,0.8749988079078624,True,2025-07-16,38.70000076293945,37.0,4.39276674270104,1.976284545249385,True,False,,True,True,True,True,True,43.927647712813034,-1.9379844579182182,9.999995512122878,-0.4411762725936564,-0.6459948193060727,22.60981867571259,21.65374910312723,False,False
HK,0565.HK,2026-09-03,3.380000114440918,3.484999895095825,3.012906278782545,3.137435843044678,3.0179571309021473,2.3558499997854234,7.731290248818179,11.430971789246547,3.428568158830915,True,True,6,B,6,False,False,True,True,2026-09-04,1.0,3.7899999618530273,2.1186108278327525,True,True,0.9895830953286848,0.854166314833708,True,2026-09-07,3.7899999618530273,3.315000057220459,12.53297914019843,8.751795579288402,False,False,,True,True,True,True,True,43.79946871029765,-2.7704490799559056,3.494737222518363,-0.22105271611519184,15.963061349944873,10.9498671775744,-2.638519937706696,False,False
US,ELVN,2026-03-19,30.049999237060547,30.979999542236328,3.001937762806849,28.493902284980372,26.748371564190705,21.88537501335144,5.461157747074963,80.22739609913839,5.369233093265477,False,True,6,B,4,False,False,True,True,2026-03-24,3.0,31.149999618530273,1.1796322489391797,False,False,0.9128204225317672,0.1384618544721483,True,2026-03-25,33.755001068115234,29.3700008392334,12.99066831617991,8.957396923442907,False,False,,True,True,True,True,True,43.77128497601503,0.0,3.369440579242393,0.0,16.130942149391704,27.18115522658713,31.654561459003272,False,False
TSX,PHX.TO,2026-02-19,8.431699752807617,8.487786761026866,0.6607966222335158,8.017020353811334,7.590800621852293,7.078020536899567,5.172487790917746,18.932752967953448,0.6607966222335158,True,True,10,A,9,False,False,True,True,2026-02-24,3.0,8.553221702575684,0.8401216261871692,False,False,0.8235254518731269,0.7058813629682901,True,2026-02-25,9.198218601956563,8.422353301722056,8.434951742389247,8.370048175476885,False,False,,True,True,True,True,True,43.442649020223165,0.0,5.150313878134624,0.0,20.934952671162232,27.134144600547728,42.51321345648415,False,False
HK,1729.HK,2025-08-05,9.528051376342773,10.005449273380764,4.77137891556849,9.067490106290059,7.884171938118202,5.27251378774643,5.079258589245406,122.68319615080807,4.77137891556849,True,True,8,A,6,False,False,True,True,2025-08-06,1.0,10.124798774719238,1.000374524521273,False,False,0.96923151411292,0.96923151411292,True,2025-08-07,10.12479899449266,9.498214865530029,6.188608083019323,1.192847196071689,True,False,,True,True,True,True,True,43.41846004505958,-0.7858538438882068,7.015868425113843,-0.12698394103263444,20.726902860956375,13.55598677122607,42.23966996853245,False,False
TSX,FDY.TO,2026-01-20,2.9800000190734863,3.069999933242798,2.931593359164861,2.797826559079008,2.4801530901486517,1.4907749959826468,6.511249219624471,48.529875564739356,2.931593359164861,False,True,6,B,6,False,False,True,True,2026-01-23,3.0,3.1600000858306885,1.8558306857375975,True,True,0.5806454838129137,0.5483874441062148,True,2026-01-26,3.240000009536743,2.9800000190734863,8.024691040060576,5.537461888944617,False,True,7.0,True,False,False,False,True,43.20987200086537,-12.037040239389917,5.384615031925166,-1.5000004584972844,-1.5432084002812485,-5.246915919554329,40.12345520030287,False,False
TSX,MMP-UN.TO,2025-12-15,3.3671462535858154,3.4647447408034013,2.8169026730365965,3.2207211379104743,3.0685937951674473,2.451093973517418,4.5463456600386865,7.327853431848719,2.8169026730365965,True,False,5,C,5,False,False,True,True,2025-12-18,3.0,3.5135436058044434,0.21656258029332956,False,False,1.0,1.0,True,2025-12-19,3.454984476013141,3.4452247657023984,0.282482030773252,-0.2817022759372789,True,True,0.0,False,False,False,False,True,43.030801998508416,-2.2858956400697905,152.33111246304085,-8.092180709025982,7.344641834450094,3.378691392176303,18.673073888631265,False,False
US,SSL,2026-03-06,8.960000038146973,9.350000381469727,4.171126496376139,8.305665665149462,7.6424219236377064,6.215000004768371,7.878168943677744,41.3925054418374,4.171126496376139,False,True,6,B,5,False,False,True,True,2026-03-10,2.0,9.550000190734863,0.9510120972571565,False,False,0.717949156852772,0.17948912320513322,True,2026-03-11,9.600000381469727,9.270000457763672,3.4374990686774622,2.673796682355878,False,False,,True,True,True,True,True,42.49999751647324,-0.3125071401394508,12.363638990838945,-0.09091119267115567,26.666660043928616,33.02083281593193,29.791661906573697,False,False
HK,0981.HK,2025-01-09,31.450000762939453,33.0,4.69696738503196,29.14379805814824,27.334067812803188,20.21960003376007,7.913185166153824,23.161220789427382,11.408448555100133,False,True,4,C,3,False,False,True,True,2025-01-13,2.0,34.349998474121094,1.4584631258490344,True,False,1.0,0.9318191276122043,True,2025-01-14,34.849998474121094,32.150001525878906,7.747480821978087,5.606055982185132,False,False,,True,True,True,True,True,42.324248625012295,-3.7302705709611472,5.462969137651387,-0.4814817431208215,13.055963417434736,9.469162686501488,31.994266898343394,False,False
US,SDGR,2026-09-14,20.75,21.399999618530273,3.0373814491446924,19.39140119244647,18.002627812977146,15.17239993095398,7.0061920439392855,40.75531646662605,9.860992235550095,False,True,5,C,4,False,False,True,True,2026-09-15,1.0,23.25,3.848438237668093,True,True,0.8635017120864816,0.7329377140108102,True,2026-09-16,23.290000915527344,20.34000015258789,12.666383198691506,8.831781919101145,False,False,,True,True,True,True,True,42.078140196752535,-1.159297755045019,3.322032780525652,-0.0915255552322762,31.81622823583443,30.227560031932743,,False,False
TSX,LCFS.TO,2026-03-26,6.619999885559082,6.949999809265137,4.748200471403285,6.223737920781149,5.535306230006698,4.044575004577637,6.366944910305561,63.19083840205293,4.748200471403285,False,True,6,B,5,False,False,True,True,2026-03-27,1.0,6.989999771118164,3.3599202392821534,True,True,0.49999958893376817,0.49999958893376817,True,2026-03-30,6.75,6.699999809265137,0.740743566442419,-2.877695176315176,True,True,0.0,False,False,False,False,True,41.92592479564525,-2.8148156625253162,56.59978256308531,-3.799986648610502,13.333334746184168,27.851853547272864,41.92592479564525,False,False
US,HOOD,2025-05-29,63.95000076293945,67.12999725341797,4.737072278543262,59.302776922904066,52.841887050752526,38.580399951934815,7.83643546081656,29.9407835261537,4.737072278543262,True,True,7,B,6,False,False,True,True,2025-06-02,2.0,67.9800033569336,0.8313197887942227,False,False,0.9219880797461197,0.6914910598095898,True,2025-06-03,69.9000015258789,65.37999725341797,6.466386514723475,4.126328594955964,False,False,,True,True,True,True,True,41.88840935640983,-1.9170299542683789,6.477869713020258,-0.296460774484088,5.0071529665191905,9.799711480099237,32.08869787631059,False,False
TSX,TWM.TO,2026-03-19,8.09000015258789,8.5,4.823527616613052,7.5899713025733,6.84025923840369,5.389799970388412,6.5880202978509494,60.99928187552146,4.823527616613052,True,True,7,B,6,False,False,True,True,2026-03-24,3.0,8.6899995803833,2.0244973422694708,True,True,0.7582414242656706,0.725274679209058,True,2026-03-25,8.430000305175781,8.0,5.1008338031942095,-0.8235258214614016,True,False,,True,True,True,True,True,41.874253916739136,-2.7283569108464967,8.2092958783556,-0.5348844945973279,5.219449163164969,13.879003961311831,39.62040369722437,False,False
US,USLM,2024-10-30,106.62508392333984,108.04914699871237,1.3179771566262346,100.9413359420161,93.33749054517033,70.86101516723633,5.630743766447344,19.00877713011202,1.4995375337444585,False,True,8,A,7,False,False,True,True,2024-10-31,1.0,112.31137084960938,2.349926793557833,True,True,0.7431549294653841,0.7431549294653841,True,2024-11-01,112.1022378246495,106.63505875504686,4.87695801234086,3.751154857321959,False,True,1.0,False,False,False,False,True,41.76340390334043,-5.658705342971492,8.563412643221563,-1.1602940457253197,22.62590609718287,25.26427637108142,35.96063731626407,False,False
TSX,LCFS.TO,2025-08-19,3.049999952316284,3.140000104904175,2.8662468019451612,2.8608021049153978,2.736839263449634,1.974149999320507,6.613454564921106,10.927491946602231,14.804468790074967,False,True,3,C,4,False,False,True,True,2025-08-22,3.0,3.4600000381469727,2.9553264604811,True,True,1.0,1.0,True,2025-08-25,3.4600000381469727,3.049999952316284,11.849713332669989,10.191080336048696,False,False,,True,True,True,True,True,41.61849830474744,-5.491331072996597,3.512194526259475,-0.4634146766957518,-1.7341023733535632,11.849706441959684,35.83814327881496,False,False
US,KGS,2026-01-29,40.11488723754883,40.50539456032781,0.9640871963297808,37.742609120622205,36.27910668255703,33.59473201751709,6.285411030660382,15.30078994443167,14.367752977927072,False,False,5,C,5,False,False,True,True,2026-01-30,1.0,41.01305389404297,1.3182476494072752,True,False,0.8354418766357337,0.21518972060996422,True,2026-02-02,40.31013964813042,39.72437927402527,1.4531340730106443,-0.48204668616812496,True,False,,True,True,True,True,True,41.60880019579232,-0.9687612424549186,28.633834254251596,-0.6666702408593367,20.876729114396287,22.972202915530882,39.065220265409636,False,False
TSX,OBE.TO,2026-03-25,12.529999732971191,12.550000190734863,0.15936619489804765,11.634317370101058,10.75232466326375,8.85350002527237,7.698624116718178,57.2357331960605,1.493714859032769,False,True,8,B,8,False,False,True,True,2026-03-27,2.0,12.819999694824219,1.0811077774073663,False,False,0.8372079097248097,0.8372079097248097,True,2026-03-30,13.1899995803833,12.460000038146973,5.534492535708742,5.099596652762783,False,True,2.0,False,False,False,False,True,41.319181066317825,-10.310839271745643,7.4657578449559745,-1.8630143965719959,-0.8339625487239766,0.7581530299549888,34.72328296501186,False,False
US,XP,2026-09-18,20.010000228881836,20.75,3.566263957195971,19.010812780459624,17.975803457872093,17.934494767189026,5.255890213432823,28.5289822245667,12.368363047237455,False,True,5,C,3,False,False,True,True,2026-09-21,1.0,20.780000686645508,1.119856789802562,False,False,0.8709680396481869,0.6774185609381681,True,2026-09-22,20.540000915527344,20.239999771118164,1.4605702582145064,-1.0120437805911098,True,True,3.0,True,True,True,True,True,41.1879197048977,-3.700098320381806,28.1998893742013,-2.5333244324070012,-1.5092568620903468,37.049651235653556,,False,False
US,HNGE,2026-05-28,54.95000076293945,56.5,2.743361481523092,52.42967397907083,48.32592236248275,47.359900121688845,4.807061712561289,16.05773761020799,11.62753217554184,True,True,6,B,5,False,False,True,True,2026-06-01,2.0,60.91999816894531,1.7822434000079639,True,True,0.8332126034306389,0.5155234784313963,True,2026-06-02,60.0,55.150001525878906,8.083330790201822,6.194690265486735,False,False,,True,True,True,True,True,41.03333791097006,-5.383332570393884,5.076290823172602,-0.6659794965856483,4.766667683919268,13.91666412353516,38.33333333333333,False,False
US,SHOP,2024-11-06,81.91999816894531,84.37000274658203,2.9038811163674785,80.06869651418839,77.76814338510118,72.12650001525878,2.3121416175781784,7.782006982114398,10.538387635731695,False,True,4,C,4,False,False,True,True,2024-11-07,1.0,85.55000305175781,1.4820823035967408,True,False,0.9224616439110666,0.9064174668355742,True,2024-11-08,85.5999984741211,82.0999984741211,4.08878511961438,1.4578590583119277,True,False,,True,True,True,True,True,41.02804132315452,-0.40887672939259323,10.034286499023438,-0.09999956403459821,27.429910952664514,24.39252950351982,38.28271595398227,False,False
US,VISN,2025-06-10,1.710801601409912,1.7525285085806745,2.380954544617133,1.6013797006225552,1.4777406862015572,1.4608437010645867,6.832976635386223,24.019801956110687,14.464529256440976,True,False,5,C,4,False,False,True,True,2025-06-12,2.0,1.7608736753463745,0.5841734123043288,False,False,0.8999999999999968,0.7500011920940298,True,2025-06-13,1.7108015321446204,1.7108014852818323,2.7392299582388646e-06,-2.380958496923269,True,True,0.0,False,False,False,False,True,40.97561729926586,-10.569105637261,14958808.834585886,-3858422.183749846,2.7642314290012404,33.33332479553079,26.50406288847449,False,False
TSX,TLG.TO,2025-08-22,0.75,0.7799999713897705,3.8461503192516595,0.7120984730409113,0.6821412151524613,0.4865000019967556,5.3225120392739855,11.827972121005526,3.8461503192516595,False,True,6,B,5,False,False,True,True,2025-08-25,1.0,0.8199999928474426,2.972396065144923,True,True,1.0,1.0,True,2025-08-26,0.8299999833106995,0.75,9.638552399916438,6.410258173707506,False,False,,True,True,True,True,True,40.96385308560686,-2.409636304658447,4.250000558793661,-0.24999981373544622,10.843377733528303,18.0722938287863,36.144580476289946,False,False
HK,0326.HK,2026-04-13,6.599999904632568,6.860000133514404,3.7900907262612082,6.112383508338931,5.2618920412998325,3.080900003314018,7.977516391574535,97.54026198382275,3.7900907262612082,False,True,6,B,5,False,False,True,True,2026-04-15,2.0,7.059999942779541,3.055996888496426,True,True,0.9200000762939453,0.8000001907348633,True,2026-04-16,7.079999923706055,6.599999904632568,6.779661359406179,3.206993963700455,False,True,17.0,True,True,True,True,True,40.96044703079964,-22.88135456237529,6.0416656318638475,-3.374999627470985,17.37288854752976,29.37853031243072,-11.723162890538397,False,False
US,CECO,2025-07-18,32.0,32.22999954223633,0.7136194399721336,30.100304726208424,28.337062775213628,26.940700073242187,6.311216085920579,42.69462142037514,8.98748538431719,True,True,8,B,8,False,False,True,True,2025-07-23,3.0,33.84000015258789,1.0491633826474578,False,False,0.8939398318064907,0.6919188124343747,True,2025-07-24,33.63999938964844,32.06999969482422,4.667062197710184,4.374805669991866,False,False,,True,True,True,True,True,40.9036931804007,-1.783586459593467,8.764334274454159,-0.3821647074831254,29.399523094794546,35.19619609812254,34.39357878937563,False,False
US,KEYS,2026-01-29,221.1699981689453,221.58999633789062,0.18953841594224316,213.01959603231052,204.18703351853705,174.01484992980957,3.8261278720097547,28.754990717397888,1.7022230360243058,False,False,9,A,8,True,True,True,True,2026-02-02,2.0,223.25999450683594,1.0017984737277013,False,False,0.8364659464177965,0.8364659464177965,True,2026-02-03,225.0,215.9199981689453,4.035556369357638,1.538879786301206,True,True,2.0,False,False,False,False,True,40.888888888888886,-4.67110866970486,10.132156547077892,-1.157488148393374,4.857774522569436,4.173333062065976,34.46222601996527,False,False
HK,3808.HK,2026-01-16,28.262483596801758,29.253482298966848,3.387626444049327,27.04119641829221,26.39979379179793,21.930447382926943,4.516394761599374,12.774003963294621,3.387626444049327,True,True,7,B,6,False,False,True,True,2026-01-21,3.0,30.720922470092773,20.976112337924253,True,True,0.8922414094315899,0.8491382198440663,True,2026-01-22,30.968668815358104,26.775989087658196,13.538456407983082,5.863187496320155,False,False,,True,True,True,True,True,40.86154531063628,-1.9076961120588987,3.0181834678392043,-0.1409094253118847,13.353840867121658,18.58461058284322,32.18460938013437,False,False
TSX,BB.TO,2025-01-23,5.980000019073486,6.230000019073486,4.012841079207244,5.5913291226990856,4.877078606881589,3.759300009012222,6.951314935057495,70.28487641388654,4.012841079207244,False,True,6,B,5,False,False,True,True,2025-01-28,3.0,6.25,1.0676632282834104,False,False,0.754716862304778,0.7169810641741589,True,2025-01-29,6.289999961853027,5.849999904632568,6.99523147677151,0.963080940543315,True,False,,True,True,True,True,True,40.858500960421296,-3.81557667048793,5.840907637738188,-0.5454539543341783,5.087443141527537,19.71383554015189,15.103335691996843,False,False
HK,2722.HK,2025-07-15,1.2341049909591675,1.2726708509444447,3.0303090509739876,1.151031103832421,1.0758824353562828,0.8185877591371536,7.217345113450668,40.89622638630186,12.29059516455603,True,False,4,C,3,False,False,True,True,2025-07-16,1.0,1.4076509475708008,6.218548288393193,True,True,0.6800003051757817,0.6800003051757817,True,2025-07-17,1.3690850786355857,1.2437463159065438,9.154928695443312,7.575739447445695,False,False,,True,True,True,True,True,40.84507295650581,-5.633797072365299,4.461539168168033,-0.6153840471930071,4.929585163007455,1.4084625853826527,35.91549170921908,False,False
HK,3939.HK,2025-06-05,6.55647087097168,6.873916254049599,4.618115370417901,6.084248607539763,5.33424564068056,3.3073329520225525,7.761390007086932,101.2804856674823,4.618115370417901,True,True,7,B,6,False,False,True,True,2025-06-06,1.0,7.325665473937988,1.6629653552215593,True,True,1.0,0.8955222860851807,True,2025-06-09,6.983801241006216,6.507632736197593,6.818185231457377,1.5985790762562901,True,False,,True,True,True,True,True,40.73425608848276,-3.1468517710698807,5.974354568800103,-0.4615380287046335,25.349636423072663,7.708057567629201,8.060042229439901,False,False
US,WDC,2026-04-06,303.97314453125,319.43415992275874,4.840125863573048,284.3269088458073,267.42724204562245,161.0221367263794,6.909734912250953,65.40280614037154,4.840125863573048,False,False,5,C,4,False,False,True,True,2026-04-08,2.0,338.5829772949219,1.0195084530696232,False,False,0.4357403129079653,0.23133412646681392,True,2026-04-09,343.68004380460707,319.43415992275874,7.054783749862671,7.590260192495113,False,False,,True,True,True,True,True,40.70896473042605,-4.181692648199464,5.770405752156257,-0.5927456880986415,6.1416824565793116,13.149935758383414,40.49958901506423,False,False
US,IAG,2025-08-14,8.0,8.210000038146973,2.557856725593517,7.473937451713871,7.2597705659939775,6.347449998855591,7.038626583173979,20.632559576464104,4.534607508967441,False,False,5,C,5,False,False,True,True,2025-08-18,2.0,8.270000457763672,0.8571413111507515,False,False,0.9666690508547314,0.26666984558408635,True,2025-08-19,8.229999542236328,7.980000019073486,3.0376614467576233,0.24359931786150923,True,True,0.0,False,False,False,False,True,40.70474565979665,-4.00971403674254,13.400027084402245,-1.3200003051763634,7.290406012667772,14.580812025335522,33.77886805920893,False,False
US,USAS,2025-09-05,2.75,2.890000104904175,4.844294111498549,2.5551198564830044,2.3851695202237666,1.610124993622303,7.627045088414697,21.492236917973994,4.844294111498549,False,False,5,C,4,False,False,True,True,2025-09-08,1.0,2.9100000858306885,2.0221568390928177,True,True,0.5714293012808177,0.5000008514942873,True,2025-09-09,2.940000057220459,2.8299999237060547,3.7415010671258573,1.730102093471797,True,True,0.0,False,False,False,False,True,40.47619163468694,-11.564630815325028,10.818169207627651,-3.090906726430185,1.3605428936910968,6.462586854508068,36.054419120715544,False,False
US,ECO,2026-02-12,35.710201263427734,36.67859181666856,2.640206467252483,34.10015207298382,32.38049617603409,25.54057854652405,4.721530821909425,18.171297877682278,3.586309597361454,True,False,7,B,6,False,False,True,True,2026-02-13,1.0,36.83284378051758,0.5099295922902388,False,False,0.9281442733793243,0.8862282424962333,True,2026-02-17,35.99301082423722,35.50453106840437,1.3571516931945933,-1.8691584340481127,True,False,,True,True,True,True,True,40.42949656695909,-1.1428560529436416,29.78996140939284,-0.8420989773467941,19.023796917434034,34.377363230343974,12.07101961931234,False,False
US,CNL,2025-01-13,4.409999847412109,4.550000190734863,3.07693049349395,4.14758472232432,3.869513411905074,3.2369149994850157,6.3269382702502375,38.74735622038317,5.364807042619011,True,True,6,B,5,False,False,True,True,2025-01-16,3.0,4.610000133514404,1.0247651579846284,False,False,0.6359229930580793,0.2912620685025682,True,2025-01-17,4.630000114440918,4.479000091552734,3.261339506606409,1.7582400077467586,True,True,1.0,False,False,False,False,True,40.38876542846237,-7.9913580218941345,12.384103325228155,-2.4503299965263525,9.827211932175018,13.606913582484692,28.07774690637741,False,False
TSX,HAI.TO,2026-01-14,5.690000057220459,5.730000019073486,0.6980796111671768,5.459941064918075,5.313723226708919,4.807125008106231,4.213580138814854,10.284381306498624,0.8710751897463059,False,False,7,B,7,False,False,True,True,2026-01-15,1.0,6.429999828338623,16.862017804154302,True,True,0.36666654304223134,0.36666654304223134,True,2026-01-16,6.489999771118164,5.730000019073486,11.710320167141349,13.263520933941741,False,False,,True,True,True,True,True,40.36979935220677,-0.15407938978948543,3.4473693952008833,-0.013157572772589384,12.788912631967818,34.51463559500609,35.28505458573357,False,False
US,IMNM,2025-11-14,17.139999389648438,17.940000534057617,4.459315053477525,15.985205573565368,14.23487405365462,10.171725006103516,7.224141164582476,62.47942880046462,7.125443183386068,False,False,4,C,3,False,False,True,True,2025-11-17,1.0,18.1299991607666,1.2315426159471798,True,False,0.5427965415541769,0.29227557134172727,True,2025-11-18,18.040000915527344,17.350000381469727,3.824836469180673,0.5574157106622346,True,True,3.0,True,False,False,False,True,40.24389109251316,-6.818189507553063,10.521728554092642,-1.7826094167664108,3.381367361671761,-5.266079349928255,30.155201500165575,False,False
US,PAY,2024-10-14,23.020000457763672,23.770000457763672,3.155237633809291,21.319547058105982,21.152283630455884,19.61230001449585,7.976029673722151,7.714574411853925,8.687023824835633,False,False,2,C,2,False,False,True,True,2024-10-16,2.0,25.489999771118164,3.3746521629142423,True,True,0.9359600866293027,0.88669883163191,True,2024-10-17,26.389999389648438,23.59000015258789,10.610076929970887,11.022292307230618,False,False,,True,True,True,True,True,40.2046262059156,-9.92799921364329,3.789286964767174,-0.9357141592064337,-7.540734434039997,-4.1682398619250165,28.078817805197474,False,False
HK,6618.HK,2025-07-24,48.400001525878906,49.04999923706055,1.3251737437144016,45.14432764066335,42.35437101214974,34.17999995231629,7.211700905437879,16.123748109867208,2.024291435448915,False,False,6,B,6,False,False,True,True,2025-07-29,3.0,49.95000076293945,1.0391597446718983,False,False,0.9772730819448707,0.8863636757716523,True,2025-07-30,49.599998474121094,47.79999923706055,3.6290308315225053,1.1213032530385636,True,False,,True,True,True,True,True,39.81854961206219,-3.145156464889176,10.972226872858206,-0.86666567767066,2.721778891833493,8.669361258148722,31.85484584238747,False,False
HK,0290.HK,2026-02-20,3.0299999713897705,3.1600000858306885,4.113927560440051,2.8727694147899587,2.7489659152949257,2.0249499970674516,5.473135288559439,53.35461747071408,4.113927560440051,False,False,6,B,4,False,False,True,True,2026-02-25,3.0,3.2300000190734863,1.651159036805737,True,True,0.9130435684002115,0.7826089210005287,True,2026-02-26,3.2300000190734863,3.0199999809265137,6.5015491302446,2.215187700679966,False,False,,True,True,True,True,True,39.6284892337404,0.0,6.0952379871117754,0.0,12.38390380821639,36.22291236485984,27.244585425524015,False,False
US,APP,2025-08-25,450.67999267578125,473.70001220703125,4.859619788481042,418.77462225636424,390.88404013779143,341.3560006713867,7.618744958209356,15.937650973088168,14.180715657658283,True,True,5,C,4,False,False,True,True,2025-08-28,3.0,483.75,0.8911823785058626,False,False,0.8073926126121846,0.7996100401596888,True,2025-08-29,480.7200012207031,463.0,3.686137705047913,1.4819482441988496,True,True,1.0,False,False,False,False,True,39.619735182941994,-5.922366689217961,10.748305775089598,-1.6066591004203916,1.98036049873056,21.068397096462444,39.34514554222248,False,False
US,TARS,2024-10-17,37.06999969482422,37.99700164794922,2.4396713238425547,34.427445355990244,31.978401495981302,30.716824951171876,7.675720087590476,30.69121789974476,12.776471306295957,False,False,4,C,3,False,False,True,True,2024-10-22,3.0,38.0,2.666398834931954,True,True,0.8577779134114584,0.7822214762369791,True,2024-10-23,38.0,36.06999969482422,5.078948171515214,0.007891022766903788,True,False,,True,True,True,True,True,39.447372838070514,-1.6315761365388592,7.7668390198008455,-0.3212429190928533,15.447365610223063,20.157894335295023,23.39473523591693,False,False
HK,1093.HK,2025-05-26,6.200495719909668,6.495303929145804,4.538790062051891,5.741282787435625,5.3685707197696795,4.959790081977844,7.998437796497271,30.952545178838875,14.483789364874355,False,False,3,C,2,False,False,True,True,2025-05-27,1.0,6.5618743896484375,1.472835912211383,True,False,0.7142860386646744,0.6031746752588169,True,2025-05-28,6.552364472778395,6.133925793721371,6.386071482980155,0.8784892016607371,True,False,,True,True,True,True,True,39.3706487522915,-3.3381746955267966,6.165081123382385,-0.5227274239606523,13.642953433485472,33.49003598571301,17.318332353037235,False,False
US,TEN,2026-02-06,26.305843353271484,27.085565272962455,2.878736005075406,25.318265834935534,24.266718539047957,20.97853135585785,3.900652298915497,10.561633429356077,2.878736005075406,True,True,8,A,8,False,False,True,True,2026-02-11,3.0,27.183029174804688,1.1937952712860462,False,False,0.72413785543595,0.49425383114462823,True,2026-02-12,27.183029307281167,26.56899956053452,2.258871665131793,0.3598375493975903,True,True,0.0,False,False,False,False,True,39.368944702482025,-3.0476819387689758,17.428588489636514,-1.3492054399607327,8.820363529172258,23.44926901717297,24.811769691151664,False,False
US,MTSI,2026-04-08,247.0,258.9800109863281,4.625843879109483,230.87066996152717,224.76196022760044,171.25274963378905,6.986305380913338,45.81393106892724,4.625843879109483,False,False,5,C,4,False,False,True,True,2026-04-13,3.0,263.6300048828125,0.7626507357008518,False,False,0.8805962732919255,0.7503395445134575,True,2026-04-14,265.0,257.1400146484375,2.9660322081367925,2.324499481927078,False,True,1.0,False,False,False,False,True,39.2264197007665,-3.5056578438237063,13.22521704017767,-1.1819351907934585,6.067919461232307,5.4490575250589535,38.06792637087264,False,False
US,ASM,2025-05-01,2.119999885559082,2.2200000286102295,4.504510890198043,1.9846102001854642,1.7636188236937418,1.2583500009775161,6.821978712039556,75.67331252956797,4.504510890198043,False,True,6,B,5,False,False,True,True,2025-05-05,2.0,2.4000000953674316,1.167154112720984,False,False,0.9411765530859765,0.8823531061719531,True,2025-05-06,2.5,2.2200000286102295,11.19999885559082,12.612611161318622,False,True,6.0,False,False,False,False,True,39.20000076293946,-12.399997711181642,3.500000425747506,-1.1071427659112487,-3.9999961853027344,15.200004577636728,38.000001907348626,False,False
TSX,IMG.TO,2025-08-14,11.029999732971191,11.300000190734863,2.389384541648518,10.2631804880364,9.979984184154832,8.897749977111816,7.471555682262987,20.976411195354938,5.159074596437096,False,False,5,C,4,False,False,True,True,2025-08-18,2.0,11.399999618530273,0.5297149543980634,False,False,0.9268275663152802,0.34146205305222416,True,2025-08-19,11.489999771118164,11.020000457763672,4.090507595447529,1.6814121874005439,True,True,0.0,False,False,False,False,True,39.07745744612154,-4.699738665011976,9.55320495911369,-1.1489377675872006,6.440381077972379,12.967796351602212,31.76675931168782,False,False
HK,1164.HK,2025-09-18,2.8555984497070312,2.9650465959842114,3.691279132861322,2.6611487420972484,2.4624192647333416,1.8694125163555144,7.3069838049164115,16.64812130286455,3.691279132861322,False,True,6,B,5,False,False,True,True,2025-09-23,3.0,3.0048458576202393,1.1771136760717835,False,False,0.5333333333333349,0.13333333333333372,True,2025-09-24,3.0048458736105204,2.92524736726385,2.6490046310104867,1.3422816923083891,True,True,0.0,False,False,False,False,True,39.072840484875535,-3.973507682411015,14.750008372001542,-1.5000002778006767,4.3046395941364946,27.814567910428067,14.569534185228683,False,False
TSX,AG.TO,2025-09-08,13.029232025146484,13.518076806351528,3.6162302390186016,12.405338123694376,11.821085083756246,9.568102102279664,5.029237375323636,5.827178716424641,3.6162302390186016,False,True,5,C,4,False,False,True,True,2025-09-11,3.0,14.33614444732666,2.2201385828543567,True,True,0.9931971244453924,0.9727891465394931,True,2025-09-12,14.74517882043133,12.879584140669213,12.652235028693559,9.077489584193232,False,False,,True,True,True,True,True,39.039247383170014,-9.539923903622217,3.085561349013379,-0.7540109618566961,-7.239517027097064,10.081191079208818,30.446563724623978,False,False
US,AMAT,2026-05-20,425.8646240234375,447.41480043440583,4.8165989122498285,413.8470534960666,390.0729676509823,283.6954672241211,2.9038676066072577,6.828256030285473,4.8165989122498285,False,True,6,B,5,False,False,True,True,2026-05-26,3.0,454.40411376953125,1.0401606970954143,False,False,0.8993618608248843,0.5404699187335359,True,2026-05-27,460.7273258602551,437.5321405656147,5.034471365754375,2.9754325098150236,False,False,,True,True,True,True,True,39.0182545376397,-4.986772749031443,7.750218782263968,-0.9905255957860069,6.250810902384085,8.236852867666776,27.698269082253614,False,False
TSX,VZLA.TO,2025-05-15,3.369999885559082,3.5199999809265137,4.261366368756328,3.122151064758438,3.059435765170205,2.821399998664856,7.938399381063266,6.520491362586611,4.261366368756328,False,False,3,C,3,False,False,True,True,2025-05-20,2.0,3.569999933242798,0.7868520785532594,False,False,1.0,0.8333334989017844,True,2025-05-21,3.5999999046325684,3.3299999237060547,7.499999668863076,2.272725117600638,False,False,,True,True,True,True,True,38.88889256818804,0.0,5.185185904692608,0.0,8.88889389273575,22.777783149554544,34.166668101593345,False,False
HK,6069.HK,2025-03-14,8.170279502868652,8.430756673893356,3.089606082824049,7.582367580763936,7.140870840846455,5.551366753578186,7.753672132649148,10.380413246515484,3.089606082824049,False,False,4,C,4,False,False,True,True,2025-03-18,2.0,9.290328025817871,1.0446613949293715,False,False,0.8559997558593739,0.8559997558593739,True,2025-03-19,9.02985250810932,8.361295471645825,7.403853339388357,7.106074310875576,False,False,,True,True,True,True,True,38.846147154460375,-0.5769179629149246,5.24674725089429,-0.07792131157511317,22.307697739201604,34.80769955635679,27.11539318303433,False,False
US,STX,2025-08-26,163.7555694580078,163.795187388896,0.024187481646902216,154.48111420398578,144.8361673503577,107.35144634246826,6.003617530732908,32.461053485326175,1.0005380937658064,True,True,9,B,9,False,False,True,True,2025-08-27,1.0,165.73757934570312,0.8185784795827332,False,False,0.6391014535984304,0.5037630646031,True,2025-08-28,165.60875996037007,163.795187388896,1.095094590351404,1.1072196933162193,True,True,2.0,True,True,True,True,True,38.80677352990982,-1.9448430905034786,35.43691464812838,-1.775958997185252,10.095148056350943,17.77271395487594,31.56005125245731,False,False
TSX,SVM.TO,2025-12-18,11.658452987670898,12.187927813271157,4.344256330626816,10.984133989964205,10.00061080838482,7.0825313019752505,6.1390274219414565,51.48249229503652,5.199027794530997,False,True,5,C,4,False,False,True,True,2025-12-22,2.0,12.26784896850586,1.0084026121648428,False,False,0.28888865341414993,0.2666659602424434,False,2025-12-23,12.487630901081689,12.13797748605235,2.7999979964098047,2.459015941037923,False,True,0.0,False,False,False,False,True,38.720000778724284,-12.55999416805329,13.828581601976719,-4.485715412710253,-8.159999135943464,-0.4799981323523217,35.44000616376921,False,False
TSX,WGX.TO,2025-09-17,3.4292850494384766,3.565677008470698,3.8251349942298676,3.195370468592696,2.894235263662165,2.505082909464836,7.320421314051928,22.307812747334665,3.8251349942298676,True,True,7,B,6,False,False,True,True,2025-09-19,2.0,3.5754194259643555,0.7581033059334505,False,False,0.8571433437101946,0.7142866874203891,True,2025-09-22,3.702068876564446,3.5169655270658646,4.9999974519749895,3.8251324438453915,False,False,,True,True,True,True,True,38.68421335666681,-0.26315764707210976,7.736846614069098,-0.052631556235725914,3.684217896613462,31.842119653115873,36.5789488552025,False,False
HK,3393.HK,2025-12-30,16.620126724243164,17.49332047250911,4.991583785583636,15.659215485015732,14.353604713745062,10.078532502651214,6.1363945093349415,39.9611042017827,4.991583785583636,False,True,6,B,5,False,False,True,True,2026-01-02,2.0,17.640487670898438,0.7328008739393301,False,False,0.9784941384939727,0.5161283706736003,True,2026-01-05,17.6895446632911,16.747671124875538,5.324464571268,1.121709232334478,True,False,,True,True,True,True,True,38.65778739180244,-4.547984346101385,7.260408417478914,-0.8541674538775835,3.8269472478076105,20.354963688428484,33.111475806991834,False,False
US,FRO,2026-02-04,24.538883209228516,25.26982805728213,2.8925596422607,23.112608275829995,21.72546279593338,18.458066005706787,6.17098215994103,15.622856088922642,2.8925596422607,True,True,7,B,7,False,False,True,True,2026-02-06,2.0,25.55698585510254,0.8692263261516294,False,False,0.9801332617551404,0.9801332617551404,True,2026-02-09,25.043581625503652,24.269128346360247,3.092422205115917,-0.8953224029289664,True,False,,True,True,True,True,True,38.603195736265164,-0.3474648335089481,12.483158241588859,-0.11236008877898965,7.435727411910742,21.924949448785046,23.3148147532249,False,False
TSX,WRN.TO,2025-08-27,1.9299999475479126,1.9900000095367432,3.0150784774517727,1.7961445737005006,1.7500573268784536,1.6073500037193298,7.452371919685552,14.15991780673911,3.0150784774517727,False,False,4,C,4,False,False,True,True,2025-09-02,3.0,2.0199999809265137,2.676957969052932,True,True,0.8181820152219406,0.45454496194514854,True,2025-09-03,2.049999952316284,1.9299999475479126,5.853658905347007,3.015072487035231,False,False,,True,True,True,True,True,38.536584401400134,-1.9512176967531936,6.583332753843754,-0.3333330021964311,4.8780558720578515,11.707317810694008,34.63414900789375,False,False
US,TSEM,2025-11-04,82.44999694824219,85.98999786376953,4.116758929492734,77.92203185159829,70.72597500625054,49.64900001525879,5.810891976312127,61.74151560800698,4.116758929492734,False,False,6,B,4,False,False,True,True,2025-11-05,1.0,87.05999755859375,1.7744219954176212,True,True,0.7865456095919209,0.712806927849378,True,2025-11-06,86.5999984741211,80.9800033569336,6.489601866294419,0.7093855396042237,True,True,1.0,False,False,False,False,True,38.3602792217489,-6.893765965235154,5.911037381350594,-1.0622787202154695,22.886836078579243,13.775982119377117,32.87529067244832,False,False
US,PTGX,2025-09-25,64.69999694824219,66.69999694824219,2.998500886817069,60.8586448144267,57.846378326307544,48.063874893188476,6.311925192433621,9.332774942626276,2.998500886817069,False,True,4,C,5,False,False,True,True,2025-09-26,1.0,67.41999816894531,1.3122336627277544,True,False,0.8018861134403127,0.47641368538864876,True,2025-09-29,67.41999816894531,64.0199966430664,5.043016342656917,1.0794621493938505,True,True,0.0,False,False,False,False,True,38.31207732508124,-7.683175068468784,7.5970559526080175,-1.5235276958116888,-3.841584705179679,29.04183085557177,11.035305018494102,False,False
US,ALKS,2026-05-27,38.09000015258789,39.560001373291016,3.715877577536178,36.40085613904908,34.59592837034441,31.011050043106078,4.6403963881684,14.148882776980809,3.715877577536178,True,True,7,B,6,False,False,True,True,2026-05-28,1.0,39.939998626708984,1.3583220069893063,True,False,0.7157184576383847,0.6488286079169596,True,2026-05-29,40.0,37.79999923706055,5.500001907348633,1.1122310703610028,True,False,,True,True,True,True,True,38.19999694824219,-0.9000015258789018,6.945451581971747,-0.1636365843212529,8.450002670288082,12.299995422363285,37.70000457763671,False,False
US,UCTT,2026-06-09,91.87999725341797,94.94999694824219,3.2332804565519826,85.64081740017667,78.73311041420106,46.79910000801087,7.285287603091506,54.203889714624424,6.321374859185244,False,True,5,C,4,False,False,True,True,2026-06-11,2.0,104.83000183105469,1.2896299379943472,True,False,0.991870044771509,0.8569104309304262,True,2026-06-12,104.47000122070312,92.62999725341797,11.333400812614126,10.026334469131527,False,True,15.0,True,True,True,True,True,38.04920028288716,-15.238822612160929,3.357262388579625,-1.3445939894051975,16.090741229227113,13.735999144678201,-5.953863451731722,False,False
US,TER,2026-01-15,227.43154907226562,230.85750380253043,1.4840127237948824,212.11398632878513,193.25712314726,125.46385528564453,7.221382714357016,57.19985545769366,4.69613314360116,False,True,7,B,7,False,False,True,True,2026-01-21,3.0,231.61660766601562,1.123156722497515,False,False,0.6768893427348545,0.2957283698480645,True,2026-01-22,237.51963601681334,225.44390102608807,5.084099653078981,2.8858200857883043,False,True,1.0,False,False,False,False,True,37.92682616073086,-5.735911634690405,7.459890393328934,-1.1282059806236648,5.332214455356721,13.149696205751592,32.898269026033965,False,False
US,SVM,2025-12-18,8.451094627380371,8.860663263061264,4.622324802572301,7.908718318443194,7.177759036740131,5.097309577465057,6.857954564804158,60.45599331380238,5.474857894532138,False,True,5,C,4,False,False,True,True,2025-12-22,2.0,8.910611152648926,1.0676614923063348,False,False,0.2537314282623488,0.2388057152129537,False,2025-12-23,9.120390115222257,8.825700582984146,3.2311066578858725,2.931234879941269,False,True,0.0,False,False,False,False,True,37.787501722946246,-12.913471931511754,11.694910049076118,-3.9966096136117946,-6.0241007276165215,-1.533417458891051,34.50163289410655,False,False
TSX,SGD.TO,2025-02-19,6.050000190734863,6.25,3.1999969482421875,5.715179566310164,5.517719216108776,5.412275016307831,5.858444525494866,13.964137915226637,5.320808808368993,False,True,5,C,4,False,False,True,True,2025-02-20,1.0,6.369999885559082,1.3219210651450308,True,False,0.9473684210526315,0.7105269432073854,True,2025-02-21,6.400000095367432,6.010000228881836,6.093747823033515,2.4000015258789142,False,False,,True,True,True,True,True,37.65625450527288,-4.843749033752842,6.179490126410797,-0.7948719202727998,0.9374990919605031,11.718749825377017,37.03125511063254,False,False
US,WULF,2025-09-30,11.420000076293945,11.789999961853027,3.138251796066413,10.582084609144376,8.873842306540189,5.304899997711182,7.918245771967225,149.05098349008074,5.306801998793753,False,True,5,C,4,False,False,True,True,2025-10-03,3.0,11.920000076293945,0.956872413307439,False,False,0.3333333333333333,0.12643640361694733,True,2025-10-06,12.390000343322754,11.630000114440918,6.1339806926754195,5.089061776175141,False,True,1.0,False,False,False,False,True,37.610966623170185,-9.200971039013128,6.131575645173029,-1.5,9.039546848460533,12.429377878774384,25.100884346248577,False,False
TSX,PDN.TO,2025-12-30,8.510000228881836,8.9399995803833,4.8098363723080695,8.16237643105778,7.828527378737549,6.524949995279312,4.258855258149463,6.6187012420279245,6.9945291402234835,False,False,3,C,2,False,False,True,True,2026-01-02,2.0,9.5600004196167,6.487120418848168,True,True,0.9333338984739086,0.9333338984739086,True,2026-01-05,9.989999771118164,8.9399995803833,10.510512660575753,11.744969127726112,False,False,,True,True,True,True,True,37.43743600406062,-4.304297911443655,3.561903896894201,-0.40952311751536097,-1.5014977173866795,3.003004981063029,24.724727964156344,False,False
HK,9992.HK,2025-05-14,189.54713439941406,194.73349958432004,2.663314322382561,175.75580061948762,153.06082394825364,88.85572242736816,7.846872610358258,78.85995991102284,2.663314322382561,False,True,6,B,6,False,False,True,True,2025-05-19,3.0,202.56198120117188,0.9134822237248023,False,False,0.9537570571886963,0.9537570571886963,True,2025-05-20,202.75769152933816,186.4157363228176,8.059844774942091,4.120601726023843,False,False,,True,True,True,True,True,37.339174296712095,-0.7721963650058616,4.632741118389637,-0.09580784575487207,6.756756381159823,11.460875763879951,33.26843661372809,False,False
US,DELL,2026-04-14,183.63739013671875,190.4649551160058,3.5846830589536047,170.63982775773184,154.33861051200606,135.2498711013794,7.616957043252759,53.656344760412345,3.5846830589536047,True,False,6,B,5,False,False,True,True,2026-04-16,2.0,192.1768341064453,1.2754775662918314,True,False,0.9535943416831133,0.8836592364024757,True,2026-04-17,191.9180747200459,177.6558368563654,7.431419830823679,0.7629327942009434,True,False,,True,True,True,True,True,37.32655435903298,-0.5600797701598936,5.022802534209105,-0.07536645525486504,10.35439163958507,8.694965781012165,28.95140228193156,False,False
HK,0775.HK,2025-03-13,0.5600000023841858,0.5799999833106995,3.4482726727597,0.5225940974044349,0.49383368964991564,0.41480000033974646,7.157735834663015,11.669688313638481,8.196723073504641,False,False,3,C,3,False,False,True,True,2025-03-18,3.0,0.6000000238418579,3.826998105405568,True,True,0.5714289363550052,0.4285719151400071,True,2025-03-19,0.5899999737739563,0.5600000023841858,5.084741139541855,1.7241363363798445,True,True,0.0,False,False,False,False,True,37.28814209990405,-23.728812189493887,7.3333412806268825,-4.666670640313441,-8.474568565903095,-8.474568565903095,30.508477144698976,False,False
US,EFXT,2024-10-31,6.516330242156982,6.723354470912271,3.0791806329853926,6.325717869245853,6.066287190325234,5.53203724861145,3.013292354340402,19.76420968721162,3.0791806329853926,True,True,9,A,7,False,False,True,True,2024-11-04,2.0,6.772645950317383,1.301892551892552,True,False,0.9230769230769226,0.7692307692307676,True,2024-11-05,6.851511832630699,6.5360471868505545,4.60430710018958,1.9061520893013162,True,False,,True,True,True,True,True,37.26620769355515,-0.5755390352630285,8.093771089252655,-0.12500014068117576,4.1726589984919515,27.194253209600518,33.044860698636654,False,False
HK,1310.HK,2024-10-24,3.025632619857788,3.105959061964206,2.5862041483450735,2.8219232121568174,2.6254469974445733,2.467683607339859,7.218814701384946,20.609289178772052,2.5862041483450735,True,False,6,B,6,False,False,True,True,2024-10-28,2.0,3.1952106952667236,1.5358661089606562,True,True,0.8181818181818183,0.8181818181818183,True,2024-10-29,3.213060940262341,3.034557793336392,5.555548128239806,3.4482707647280897,False,True,2.0,False,False,False,False,True,37.22224518760715,-6.666667831762496,6.700013091129581,-1.200001814019876,4.722235590031731,3.8888920138469008,28.888909907912485,False,False
US,ENVA,2026-06-04,167.86000061035156,176.02000427246094,4.635838804706836,162.97981646608562,159.45499803422177,141.16015007019044,2.9943487789369616,6.776775764287257,4.992071785748214,False,True,6,B,5,False,False,True,True,2026-06-09,3.0,179.41000366210938,2.146470452977696,True,True,0.8012504577636719,0.8012504577636719,True,2026-06-10,179.58999633789062,173.0,3.669467382521596,2.0281740590709862,False,False,,True,True,True,True,True,37.19027223501883,-1.1526210299236728,10.13506003954784,-0.3141112618724559,7.912471186385961,20.59691867445055,31.633163715705102,False,False
US,PAYO,2024-10-07,7.679999828338623,7.835000038146973,1.9783051570349213,7.506154000207239,7.05217972034029,5.638499989509582,2.3160439837309976,36.4101172612926,2.290080179620793,True,True,10,A,9,True,True,True,True,2024-10-10,3.0,7.849999904632568,2.4389894219956183,True,True,0.8518519826713832,0.5555559480141496,True,2024-10-11,7.829999923706055,7.619999885559082,2.6819928504874944,-0.06381766964356217,True,False,,True,True,True,True,True,37.16474937122047,-0.06385842260073771,13.857139613353255,-0.023810064441124247,4.980847345119277,7.27968966000232,36.39847265950904,False,False
TSX,EFX.TO,2024-11-04,9.37440299987793,9.403820199968928,0.3128218050265961,8.779364556962099,8.337984706340427,7.519412024021149,6.777693750556946,22.684620934954513,0.3128218050265961,False,False,7,B,7,False,False,True,True,2024-11-05,1.0,9.511683464050293,0.7301673206151625,False,False,0.7647062123438999,0.7647062123438999,True,2024-11-06,9.52148927178534,9.384207179187769,1.44181323613286,1.2512901067249338,True,False,,True,True,True,True,True,37.07519287867977,0.0,25.71428250868365,0.0,7.312064201716706,26.158619012364493,33.858665132451215,False,False
US,NGL,2025-08-21,4.940000057220459,5.139999866485596,3.891046973934726,4.621043212897374,4.363498983380225,4.347049998044968,6.902269241561587,36.79159704165933,13.78708480319982,False,True,4,C,3,False,False,True,True,2025-08-25,2.0,5.190000057220459,1.8556332195978402,True,True,0.9090916972516834,0.9090916972516834,True,2025-08-26,5.21999979019165,4.889999866485596,6.321837872984644,1.556418789573888,True,False,,True,True,True,True,True,36.9731874089773,-4.02298026341692,5.848487125393752,-0.6363624541224749,4.597706084323638,12.452109607145534,24.52107780183177,False,False
US,APA,2026-02-26,28.704484939575195,29.67116566828923,3.25798028807195,27.335318083495572,26.08539301939609,21.991472396850586,5.008783332601108,16.96652853257381,3.25798028807195,False,True,7,B,5,False,False,True,True,2026-02-27,1.0,29.957223892211914,1.1863647015864884,False,False,0.960000610351564,0.6240005493164067,True,2026-03-02,32.07800197152242,28.773533061365374,10.30135515637982,8.11170120561011,False,False,,True,True,True,True,True,36.96187654425736,-7.164821312755542,3.5880596274137955,-0.6955222108149758,0.49199639546948504,5.996312383204461,36.50061722574407,False,False
US,ESLT,2026-02-18,707.4691162109375,738.9142973969222,4.255592468133456,683.2275290812968,641.0366545299925,501.7320252990723,3.5480987076497383,47.68073143469189,4.255592468133456,False,False,7,B,5,False,False,True,True,2026-02-23,3.0,743.8126831054688,1.4262268176596093,True,False,0.8431199621469838,0.6862399242939676,True,2026-02-24,740.6302458591422,725.4762464601597,2.0460951309656026,0.23222564081721853,True,True,0.0,False,False,False,False,True,36.86337340218595,-2.172713070561827,18.01645135863708,-1.061882723672026,11.714868334078998,21.577609987192446,21.62879468530441,False,False
US,UNFI,2024-11-20,22.84000015258789,23.5,2.808509988987699,21.160563874986316,19.606569914498824,14.48440001964569,7.936632915471686,64.98282772848982,2.808509988987699,False,True,6,B,6,False,False,True,True,2024-11-21,1.0,23.610000610351562,1.2724048149126448,True,False,0.9375003193103577,0.5982139055829074,True,2024-11-22,23.540000915527344,22.559999465942383,4.163132589083873,0.1702166618184897,True,False,,True,True,True,True,True,36.78844312066207,-1.3169131743174023,8.836721467177108,-0.31632746402804185,5.480029558230859,2.2514815577058034,9.940518921967234,False,False
TSX,ELVA.TO,2025-07-09,4.849999904632568,5.0,3.000001907348633,4.561309634583521,4.348583556570036,3.6338499867916108,6.329109250997078,30.13170335025983,3.000001907348633,False,False,5,C,4,False,False,True,True,2025-07-10,1.0,5.190000057220459,3.133248190719455,True,True,1.0,0.7948719202727998,True,2025-07-11,5.119999885559082,4.800000190734863,6.249994179233778,2.399997711181645,False,False,,True,True,True,True,True,36.71875305590226,-3.3203140643309204,5.875005960470162,-0.5312507450587702,0.9765662471182601,25.000004656612983,27.929694084741797,False,False
US,INDV,2025-07-01,14.65999984741211,15.229999542236328,3.7426113720061327,13.682895227564979,12.592508922001125,10.755799994468688,7.141066299175458,43.08869350004034,9.729063706737156,False,True,5,C,4,False,False,True,True,2025-07-02,1.0,15.399999618530273,0.661559968505889,False,False,0.9444442089692048,0.8999997880722843,True,2025-07-03,15.380000114440918,14.550000190734863,5.3966184494805916,0.9849020138746889,True,False,,True,True,True,True,True,36.60598226624641,-2.925876501409208,6.78313329150954,-0.5421684947341087,-0.06502099354632751,5.071519682492176,31.339405803858455,False,False
HK,2338.HK,2026-01-09,20.217742919921875,20.952933571052323,3.508771927507833,18.83593424005719,18.15391137956999,15.641530137062073,7.336024124176865,47.627279352142736,3.508771927507833,False,False,5,C,4,False,False,True,True,2026-01-14,3.0,21.107709884643555,1.852595412307452,True,True,0.5283016491376449,0.5283016491376449,True,2026-01-15,21.107710241348826,20.56599098326928,2.566452030492384,0.738687352640377,True,False,,True,True,True,True,True,36.571956422441666,0.0,14.250005839939734,0.0,14.023829776615937,22.82310065433213,35.563710200775645,False,False
US,RIG,2026-02-03,4.980000019073486,5.170000076293945,3.6750494084452376,4.6406781362375815,4.347378815350166,3.3603500044345855,7.311902977848184,28.293566786330636,3.6750494084452376,False,False,5,C,4,False,False,True,True,2026-02-04,1.0,5.340000152587891,1.3491281151079868,True,False,0.9473684870965394,0.9473684870965394,True,2026-02-05,5.099999904632568,4.980000019073486,2.352938976529794,-1.353968484107948,True,True,0.0,False,False,False,False,True,36.47059153520531,-4.509804379889626,15.500015894587099,-1.9166686534900539,17.6470610234702,24.70588730280796,20.196082922918347,False,False
US,NE,2026-01-16,31.652935028076172,32.39851165835937,2.3012681512819575,29.41326057959329,28.846474224120094,25.998862075805665,7.6145058533114485,15.882270537071275,2.3012681512819575,False,False,6,B,5,False,False,True,True,2026-01-21,2.0,32.91169738769531,1.5258516878374704,True,True,0.6165431433062205,0.5864673083762613,True,2026-01-22,32.8632794224335,32.1177078016543,2.2687073045736628,1.4345343050788495,True,False,,True,True,True,True,True,36.44669454512981,-1.178543686996103,16.06496107790286,-0.5194780678054807,2.0035432594584845,13.406028329853426,33.58869643711042,False,False
TSX,DRX.TO,2026-06-04,11.333248138427734,11.732657289253192,3.404251406808803,10.62981343191866,10.186368238952985,8.886572852134705,6.617563995966647,8.257260200043138,3.404251406808803,False,True,4,C,4,False,False,True,True,2026-06-09,3.0,13.360251426696777,10.647654093836247,True,True,0.9351352103702009,0.9351352103702009,True,2026-06-10,13.460102897198874,11.632804386638055,13.575665242062085,14.723396118694932,False,False,,True,True,True,False,True,36.42432884774818,-3.560827795998811,2.6830603287780743,-0.2622949028653224,14.020776795950617,4.970327930712393,31.528197475209584,False,False
HK,0981.HK,2025-09-12,62.75,65.6500015258789,4.417367034996549,58.11739447142367,53.69350485577075,44.00904995918274,7.971117030812835,46.18967859547618,4.417367034996549,True,True,7,B,6,False,False,True,True,2025-09-17,3.0,67.69999694824219,1.1345174008673673,False,False,0.975608281051851,0.8292663410839874,True,2025-09-18,68.55000305175781,63.70000076293945,7.075130667983233,4.4173670349965555,False,False,,True,True,True,True,True,36.3967845915397,-1.2399796727563084,5.144326839961334,-0.17525890770717925,11.96206649626388,30.780448628411893,0.8023273492023142,False,False
US,SA,2025-09-10,17.639999389648438,18.290000915527344,3.5538627301384427,17.058565797498353,16.225228679403443,13.428500022888183,3.408455312435188,14.460601962676268,14.160583724811627,False,False,4,C,3,False,False,True,True,2025-09-11,1.0,18.6200008392334,1.7976491290189325,True,True,0.947826534047843,0.8695655058373181,True,2025-09-12,18.829999923706055,17.530000686645508,6.903872768602144,2.952427452971196,False,False,,True,True,True,True,True,36.21879831363233,-1.6994142120062117,5.246156690249335,-0.2461537558651005,1.4869925001592899,14.551246851937783,27.137549819733774,False,False
TSX,APM.TO,2025-06-30,2.869999885559082,3.005000114440918,4.4925199248104795,2.674261151915645,2.349622133970532,1.688800001144409,7.319357479475186,70.80982656366281,4.4925199248104795,False,True,6,B,5,False,False,True,True,2025-07-02,1.0,3.1500000953674316,0.8249956117254695,False,False,0.9600000381469727,0.9200000762939453,True,2025-07-03,3.240000009536743,2.9100000858306885,10.18518280045432,7.820295712020209,False,False,,True,True,True,True,True,36.111106000973535,-4.012349199329335,3.545454873854868,-0.3939398318064908,0.6172833601125083,6.4814826397793235,12.345681919446161,False,False
US,PVLA,2025-10-29,75.16999816894531,77.7699966430664,3.3431896442712485,70.98678353436958,62.62607829321525,34.38479989051819,5.89294855506497,96.44282410844941,3.3431896442712485,True,True,8,A,6,False,False,True,True,2025-10-30,1.0,78.41999816894531,0.7781864439589613,False,False,0.9162697104893703,0.6698379605768435,True,2025-10-31,78.4000015258789,73.6050033569336,6.116068974007023,0.8100873215977744,True,True,1.0,False,False,False,False,True,36.10969006071889,-8.737242781634368,5.9040684815987525,-1.428571655873602,0.2933618916616254,2.678569430165001,31.109692493561482,False,False
US,RMBS,2025-08-26,75.02999877929688,78.16000366210938,4.004611996109555,72.3024021862104,68.29257389799332,58.77989994049072,3.772484053934644,26.81047381709929,4.004611996109555,True,False,8,A,6,False,False,True,True,2025-08-28,2.0,81.08999633789062,1.9765731740216341,True,True,0.8518513285739111,0.5999994348598241,True,2025-08-29,80.20999908447266,76.48999786376953,4.637827282338488,2.6228189947707037,False,True,0.0,False,False,False,False,True,36.0802926963361,-11.607028630917926,7.779567995930991,-2.502686694504377,-6.732329619143773,7.2559528254013905,27.939164590325483,False,False
US,LXRX,2026-04-14,1.75,1.840000033378601,4.89130607314954,1.6494092063229413,1.5666390411813123,1.330199999809265,6.098595381391592,48.1329507834485,4.89130607314954,True,False,6,B,5,False,False,True,True,2026-04-15,1.0,1.8600000143051147,0.9080994202399403,False,False,1.0,0.9166667494508922,True,2026-04-16,1.8600000143051147,1.7400000095367432,6.451613109971017,1.0869554654186597,True,True,5.0,False,False,False,False,True,36.02150279202896,-18.279571546434802,5.583332753843754,-2.8333334989017844,-2.1505355669564907,-16.666669871217433,31.182797766376847,False,False
HK,2155.HK,2025-07-21,7.031105041503906,7.285358943150995,3.4899296469958325,6.56957145154112,6.203703270755911,5.21620202422142,7.0253226312732675,25.093603538519726,14.509536827000154,False,False,3,C,2,False,False,True,True,2025-07-24,3.0,7.608066558837891,1.2204942240851855,True,False,0.8823531061719516,0.8235291917707276,True,2025-07-25,7.696077530093432,7.168011027239558,6.861501859733256,5.6375888977791,False,False,,True,True,True,True,True,35.95934086321617,-2.5412936743763326,5.24073906825613,-0.3703698878652088,15.628971107361501,18.932646082788686,28.843708184149875,False,False
TSX,SEA.TO,2025-09-10,22.890552520751953,23.610851287841797,3.050710702077715,22.05569953921689,20.930976677943672,17.562394824028015,3.785202913426633,14.434889048673295,13.807673397064047,False,False,4,C,3,False,False,True,True,2025-09-11,1.0,24.10664176940918,1.2690147651596417,True,False,0.9586204860022302,0.8620682866741006,True,2025-09-12,24.405986785888672,22.806360244750977,6.554238331648141,3.3676697563900237,False,False,,True,True,True,True,True,35.91414535089186,-1.8014552626235858,5.479529967269411,-0.27485348738769355,1.1498647286922958,15.331547951095704,28.7083164853124,False,False
US,TOST,2024-11-04,30.31999969482422,31.56999969482422,3.9594552172419966,29.475356546018418,28.036209705737832,24.53005000114441,2.8655909470920227,15.878677833653377,3.9594552172419966,False,True,8,A,6,False,False,True,True,2024-11-06,2.0,32.13999938964844,1.737205951692226,True,True,0.9928556247649877,0.9571419229323,True,2024-11-07,32.470001220703125,30.75,5.297200973329311,2.8508125897335868,False,False,,True,True,True,True,True,35.86387440705956,-0.4311653353408995,6.7703442983623425,-0.08139493621475843,22.94424597524194,30.890047435235914,17.09269796245596,False,False
US,SBSW,2026-01-05,14.103730201721191,14.746502694006542,4.3588131072365695,13.101291558822457,11.939024159958446,8.090827291011811,7.651449007130062,32.4720171399627,4.3588131072365695,False,True,6,B,5,False,False,True,True,2026-01-06,1.0,15.081862449645996,1.8804169764380634,True,True,0.8604663025699323,0.5581403343406051,True,2026-01-07,14.606769507684179,14.392511691412178,1.466839167683768,-0.9475683097332377,True,True,0.0,False,False,False,False,True,35.7780615462401,-5.931126961891586,24.39126411025411,-4.0434746307307945,9.311213002448081,10.841829916576607,9.502551542444193,False,False
US,TDS,2024-10-15,24.529691696166992,24.66619379207196,0.5533974842476223,23.124179580675772,22.442878716174604,18.983821897506715,6.07810586571369,7.614499542120168,0.5533974842476223,True,False,6,B,7,False,False,True,True,2024-10-16,1.0,25.253482818603516,1.0860571348923256,False,False,0.6321824212780974,0.5402285746857827,True,2024-10-17,25.263401994797796,24.66619379207196,2.363926294838719,2.421160750459128,False,False,,True,True,True,True,True,35.67502005781271,-1.7268392253290021,15.09142655407819,-0.7304962210959351,9.183662372635926,16.20878150940235,21.114597710919636,False,False
US,SIFY,2025-09-23,11.899999618530273,12.5,4.8000030517578125,11.112167305996252,9.236164281420862,5.286400011777878,7.089816872257648,169.73975635513082,4.8000030517578125,True,True,7,B,6,False,False,True,True,2025-09-26,3.0,12.890000343322754,1.0805488085078447,False,False,0.929134461372796,0.929134461372796,True,2025-09-29,13.15999984741211,11.710000038146973,11.018235760468315,5.279998779296879,False,True,13.0,True,True,True,True,True,35.638302343748876,-13.525833993996784,3.2344835524044107,-1.2275861842170168,0.5319125808195491,25.379940663484856,-6.306990374846189,False,False
TSX,CNL.TO,2025-01-13,6.360000133514404,6.5,2.1538440997783956,5.966289084026753,5.504152258429561,4.473849995136261,6.5989268026203085,39.404174331996366,2.1538440997783956,True,True,8,B,7,False,False,True,True,2025-01-16,3.0,6.53000020980835,2.3516505435324624,True,True,0.24242516194381708,0.09090961634884787,True,2025-01-17,6.570000171661377,6.449999809265137,1.8264894864667158,1.0769257178673275,True,False,,True,True,True,True,True,35.61643249027511,-1.0654515956226462,19.499938408719736,-0.5833330021974179,7.458139395972907,12.32876593022545,32.72450592377616,False,False
TSX,DLCG.TO,2024-11-15,5.5417561531066895,5.830891533220864,4.958682192368999,5.231952268905876,4.714635572048095,3.5199805653095244,5.921382082210802,38.07172226386519,4.958682192368999,False,True,7,B,5,False,False,True,True,2024-11-20,3.0,5.994733810424805,2.497930653913363,True,True,1.0,1.0,True,2024-11-21,6.023648151984581,5.676685294860894,5.760012012145414,3.305782960727477,False,False,,True,True,True,True,True,35.60659913149094,0.0,6.1816883465540995,0.0,3.359992376200416,24.359610729523638,26.60899818432394,False,False
TSX,UNI.TO,2026-04-21,1.8600000143051147,1.899999976158142,2.1052611765768803,1.7889218865124343,1.759998592227713,1.4750999957323074,3.9732382016550494,5.4694807476787455,2.1052611765768803,True,True,8,A,7,False,False,True,True,2026-04-22,1.0,1.9199999570846558,0.13333333333333333,False,False,,,False,2026-04-23,2.0,1.899999976158142,5.0000011920928955,5.2631592156154205,False,False,,True,True,True,True,True,35.50000190734863,0.0,7.099998688698127,0.0,3.4999966621398926,28.499996662139893,34.50000286102295,False,False
US,TPL,2024-10-08,319.9503173828125,328.13971243146614,2.4957037317950475,300.97006416516103,283.3171307766312,216.5085469055176,6.30635916243012,22.700414389982427,2.4957037317950475,True,True,8,B,7,False,False,True,True,2024-10-10,2.0,330.27850341796875,0.9860553060742141,False,False,0.8714048921041602,0.7499171223645676,True,2024-10-11,330.8717427359702,321.7924914645152,2.7440394868352627,0.8325814282764243,True,False,,True,True,True,True,True,35.46412682488131,0.0,12.924058489326828,0.0,6.1772773356762345,8.562749336983245,32.99897616962546,False,False
HK,2099.HK,2026-01-12,166.65121459960938,171.43832293753732,2.792321025954101,158.49665196080855,150.23756100223133,99.4721661567688,5.144943150481951,8.040075992241402,2.8488336607467275,False,False,4,C,4,False,False,True,True,2026-01-13,1.0,178.9181671142578,1.68076259043383,True,True,0.950412743730658,0.7603299427732657,True,2026-01-14,182.90742481825797,167.44905344750265,8.451472861812578,6.689928881828444,False,False,,True,True,True,True,True,35.33261870655255,-4.471099902473541,4.180646294943531,-0.5290320368507497,6.324982725569539,24.75464929001845,5.997820538873921,False,False
TSX,MDA.TO,2025-06-23,31.850000381469727,32.349998474121094,1.5455892310206716,29.530608304476512,27.972457218731186,25.115949983596803,7.854196747588227,5.453349255596307,3.8345368096990065,False,False,4,C,5,False,False,True,True,2025-06-25,2.0,33.13999938964844,2.292528477672777,True,True,0.9166669504985792,0.4047624724257297,True,2025-06-26,33.33000183105469,31.600000381469727,5.1905231159425265,3.029376825836838,False,False,,True,True,True,True,True,35.3135193413038,-0.7500749662937789,6.8034605669782,-0.14450854943501734,10.261020045185788,19.471939715654575,21.932184689479307,False,False
US,AXGN,2025-11-18,24.010000228881836,24.920000076293945,3.6516847697676367,22.25704174257499,19.67598143088616,15.742549943923951,7.8759724970711265,50.576131711907294,3.6516847697676367,True,True,7,B,6,False,False,True,True,2025-11-19,1.0,25.260000228881836,1.268013856812933,True,False,0.7432433012950214,0.5315318334007779,True,2025-11-20,25.309999465942383,23.610000610351562,6.716708381911944,1.5650055716470046,True,False,,True,True,True,True,True,35.28250652292899,-0.5926496313526819,5.252946014143561,-0.08823512912197952,12.801263688203424,29.830111828206896,25.24694362635438,False,False
TSX,ARG.TO,2026-01-02,4.085059642791748,4.148888675947978,1.5384609745318274,3.8021471640583835,3.349275215888973,2.1999900460243227,7.440860822214623,63.755629749073115,3.2397428004285245,False,True,7,B,7,False,False,True,True,2026-01-05,1.0,4.367730140686035,2.118508092892329,True,True,0.743589900340999,0.7179482790452019,True,2026-01-06,4.449796460829822,4.1032955719447735,7.786892994661414,7.252732198534839,False,False,,True,True,True,True,True,35.04099115245032,-2.6639329000188505,4.499996491087516,-0.34210472673057163,7.78689750018311,15.778689484335073,17.213124127783175,False,False
TSX,GMIN.TO,2025-09-16,23.6299991607666,24.799999237060547,4.7177423882559,21.92034808758001,20.12431659058362,16.92985001564026,7.7993792176834775,16.055592770027772,5.138501382923479,False,True,5,C,4,False,False,True,True,2025-09-19,3.0,25.31999969482422,10.308416613084274,True,True,0.8846151494885003,0.7756407043009503,True,2025-09-22,25.770000457763672,23.940000534057617,7.101280136588955,3.9112953650965343,False,False,,True,True,True,True,True,35.04073969302717,0.0,4.934425768176877,0.0,6.053548460347069,14.35777566886356,18.703917769516785,False,False
US,CRDO,2025-08-27,122.7300033569336,128.55999755859375,4.534843117901446,113.77441641837194,102.62854034343815,69.48827468872071,7.871353877685583,85.36354154350757,4.534843117901446,False,False,5,C,4,False,False,True,True,2025-08-28,1.0,131.82000732421875,1.2605943831528161,True,False,0.7626643611493614,0.7626643611493614,True,2025-08-29,130.8699951171875,123.69000244140625,5.486355118567802,1.796824519649598,True,True,0.0,False,False,False,False,True,35.019487690831056,-11.24015588287145,6.383015122792999,-2.048747417904231,7.602974385474304,23.779331807959615,9.215250254876706,False,False
US,FORM,2026-01-02,59.189998626708984,61.099998474121094,3.126022741589903,56.57217567960582,52.673856583434905,37.52239995956421,4.627403693874355,47.766031744093304,3.126022741589903,False,True,7,B,5,False,False,True,True,2026-01-05,1.0,62.689998626708984,1.0367474220106545,False,False,0.8498168805272946,0.7179485029756041,True,2026-01-06,63.380001068115234,60.369998931884766,4.749135508842267,3.7315919000551867,False,False,,True,True,True,True,True,34.88481606665235,-4.0233499433362745,7.345508672410253,-0.8471752250162853,15.367626245381572,25.27611263456242,17.844747842676778,False,False
US,RRX,2026-01-28,155.8324737548828,161.26083934286905,3.3662019930608014,152.35986816900297,147.979213025848,139.9111533355713,2.2792127793310524,5.467904357329001,4.2594739884186,False,True,6,B,5,False,False,True,True,2026-02-02,3.0,169.13497924804688,2.3078381334305504,True,True,0.9396153609899656,0.8563592756188688,True,2026-02-03,169.01568866650703,158.92445474439572,5.970590068725994,4.808885626069337,False,False,,True,True,True,True,True,34.88235387313683,-1.3529429716222507,5.842362894054797,-0.22660121630339053,27.40587808159074,28.852945086416405,26.382352131282595,False,False
US,MYE,2026-06-10,24.757320404052734,25.827265134948778,4.142694649648455,23.1333859217303,22.189341760830573,19.34351858139038,7.0198737349425055,10.749961744268477,4.618324261779664,False,False,4,C,4,False,False,True,True,2026-06-11,1.0,26.20372772216797,1.1339285714285714,False,False,0.9692315141129207,0.8076936620234905,True,2026-06-12,26.391955474230876,24.95545921649176,5.442932256920907,2.186411671276711,False,False,,True,True,True,True,True,34.87612023930542,-0.7507409421290134,6.407597705255112,-0.13792950319644712,3.411309830191689,21.256453852195456,14.842773671018538,False,False
TSX,VNP.TO,2025-07-02,9.319999694824219,9.539999961853027,2.3060824728355267,8.75742428058635,8.148165031465311,7.061699998378754,6.423982625633418,69.10307110295821,2.3060824728355267,True,True,8,B,7,False,False,True,True,2025-07-04,2.0,9.619999885559082,0.3083961248654467,False,False,0.6666649006061119,0.6666649006061119,True,2025-07-07,9.579999923706055,9.5,0.8350722791562033,0.41928681355316577,True,True,0.0,False,False,False,False,True,34.75991597312908,-2.9227529770467164,41.62503874305605,-3.5,3.235912547865394,17.223378201155203,30.167018437769965,False,False
US,ATEX,2026-06-08,66.23999786376953,68.30999755859375,3.030302691855099,61.66669345356216,53.23585152614273,31.514824895858766,7.416166092400078,62.233612422345374,7.736023837155984,False,True,5,C,4,False,False,True,True,2026-06-11,3.0,81.44000244140625,3.4085498395611222,True,True,0.9387692762000198,0.8210660334657343,True,2026-06-12,83.05999755859375,66.6449966430664,19.762823739487306,21.59273975577001,False,False,,True,False,False,False,True,34.721893588956945,-14.78449210239151,1.7569297812225344,-0.7480961373374599,-10.269683397569906,7.958103545197681,24.428126067802957,False,False
US,FORM,2026-04-07,105.12000274658203,110.08999633789062,4.51448247491496,98.18914049174106,90.71757782755209,55.938399982452395,7.058685125595887,71.56460794650495,4.51448247491496,False,False,5,C,4,False,False,True,True,2026-04-08,1.0,117.80000305175781,1.7037057781013838,True,True,0.9398914166181144,0.8210385774305408,True,2026-04-09,118.4000015258789,110.08999633789062,7.018585372375987,7.548374479442277,False,False,,True,True,True,True,True,34.366549229408605,-1.1402013992592885,4.89650654741193,-0.16245458860512538,9.476345816478915,23.46283006071619,25.94594019882177,False,False
US,CVNA,2024-10-07,35.94599914550781,36.56800079345703,1.7009451828181734,33.48135541107306,30.764173139860432,20.526459989547728,7.361242411409785,40.514576586746955,2.0064338829816992,True,True,8,B,8,False,False,True,True,2024-10-08,1.0,38.198001861572266,1.3070080495868746,True,False,0.9989148195473306,0.9620000455610114,True,2024-10-09,38.64799880981445,36.358001708984375,5.925266951334478,5.6880277051667205,False,False,,True,True,True,True,True,34.23204292501851,-2.8513698235998586,5.77729969065931,-0.48122217058215017,-0.6313379443056988,2.1268951464569197,21.962334502411874,False,False
HK,1177.HK,2025-07-07,5.333263397216797,5.564233988069176,4.150986305529666,4.979386114177909,4.51091091380837,3.5287188017368316,7.106845601534806,38.833741890851115,4.150986305529666,True,True,7,B,6,False,False,True,True,2025-07-09,2.0,5.730833530426025,1.616288815145793,True,True,0.9436620285860506,0.7746474427426062,True,2025-07-10,5.672652430974915,5.081145036052432,10.427351263275344,1.9484882040943896,True,False,,True,True,True,True,True,34.188025668739975,-0.6837637869015256,3.278687444734756,-0.06557406283124936,10.085472560467146,14.358970299314123,28.205133906868785,False,False
TSX,OM.TO,2025-02-28,0.38999998569488525,0.4000000059604645,2.5000050291418283,0.3622809460182852,0.33731396886747694,0.2579000002145767,7.651255187790373,55.147815932213675,2.5000050291418283,False,True,6,B,6,False,False,True,True,2025-03-03,1.0,0.4099999964237213,2.610038300346909,True,True,0.5,0.24999962747117,True,2025-03-04,0.4099999964237213,0.38999998569488525,4.87805143982653,2.4999975785613415,False,False,,True,True,True,True,True,34.14634554106735,-2.4390220854836775,6.99999701976936,-0.49999925494234,4.878051439826536,24.390242661414298,9.756095610793869,False,False
TSX,WELL.TO,2024-11-26,5.300000190734863,5.380000114440918,1.4869873978500494,4.957464832019181,4.734522476152174,4.25539999961853,6.909486407312881,6.457031318357975,1.4869873978500494,True,True,6,B,7,False,False,True,True,2024-11-27,1.0,5.440000057220459,1.059205753398732,False,False,0.916668653490054,0.7500019868233873,True,2024-11-28,5.420000076293945,5.329999923706055,1.660519397066695,0.7434936989250351,True,False,,True,True,True,True,True,34.13283908839997,-0.18450606533337854,20.55551964565761,-0.11111346585851736,17.527671510933285,23.431733635599983,30.258299693733303,False,False
TSX,ECOR.TO,2025-12-24,2.1530468463897705,2.1629687880372837,0.4587186695614083,1.9979086719637547,1.85686002146314,1.3902613881230355,7.765028332027302,33.40370714881282,1.363635033615391,False,True,8,B,8,False,False,True,True,2025-12-30,2.0,2.162968873977661,1.1052150045745655,False,False,0.4999999999999963,0.4999999999999963,True,2025-12-31,2.1530470081750273,2.1332032765697595,0.9216580748084904,-0.4587111897837226,True,True,1.0,True,True,True,True,True,34.10138313070201,-2.7649925179349832,37.000037283661705,-3.000019848477446,0.4608290374042534,11.981565651987047,27.188928238518795,False,False
TSX,TWM.TO,2026-02-19,6.309999942779541,6.539999961853027,3.5168198840221203,5.941107414230104,5.674612301708041,5.043849973678589,6.209154334861333,6.505740230707913,3.5168198840221203,False,False,3,C,3,False,False,True,True,2026-02-23,2.0,6.710000038146973,0.6362114326716096,False,False,0.6551726972872894,0.6551726972872894,True,2026-02-24,6.340000152587891,6.329999923706055,0.15773231295197995,-3.0581010769374584,True,False,,True,True,True,True,True,34.06939740420085,0.0,215.99504100705704,0.0,29.810715207585115,23.501573111318752,26.971608785355894,False,False
US,PSLV,2025-12-08,19.3799991607666,19.729999542236328,1.773950276686399,18.036508535798614,16.85493859799559,13.310400023460389,7.448728906159663,34.51586212346274,1.773950276686399,False,False,6,B,6,False,False,True,True,2025-12-09,1.0,20.06999969482422,2.6480204812882753,True,True,0.941175150624376,0.941175150624376,True,2025-12-10,20.149999618530273,19.59000015258789,2.7791537297469624,2.1287383985734154,False,False,,True,True,True,True,True,34.04466868596361,-1.2903237409629287,12.250012772436062,-0.4642865657814517,4.665015145673634,17.81637826576665,26.451613025364516,False,False
HK,2282.HK,2025-06-23,10.640410423278809,10.695926101484755,0.5190357307932397,10.22948263237358,9.95957621395989,9.448622174263,4.017092610380435,8.372821604270131,12.85122596408713,False,False,4,C,4,False,False,True,True,2025-06-24,1.0,11.177056312561035,1.761634635521442,True,True,0.9117641283981658,0.8823531061719543,True,2025-06-25,11.158551753880541,10.60339955110062,4.975127731847985,4.32525101619361,False,False,,True,True,True,True,True,33.99668058000631,-1.16086516128997,6.8333281902248615,-0.23333374012867253,12.27197508539193,27.694856044922368,30.348260801196258,False,False
TSX,PNP.TO,2025-04-11,15.710000038146973,16.43000030517578,4.382229176234366,14.78270821603142,13.894740115706188,10.025349988937378,6.272814213500677,43.75449793153101,4.382229176234366,False,False,5,C,4,False,False,True,True,2025-04-15,2.0,17.920000076293945,1.0280668558814254,False,False,0.9600003560384115,0.9600003560384115,True,2025-04-16,17.920000076293945,16.43000030517578,8.314730830214998,9.068775066600487,False,False,,True,True,True,True,True,33.9843757068073,-7.1986657926071285,4.087249052406012,-0.8657725595214474,-2.7343737111160893,-1.2276747344746153,19.921873212193276,False,False
US,HOOD,2024-10-17,26.31999969482422,27.329999923706055,3.695573478599835,24.538197816751563,22.803347217722354,18.74477496623993,7.261339611730855,6.0286130530264215,3.695573478599835,False,False,3,C,3,False,False,True,True,2024-10-22,3.0,27.40999984741211,0.886554439932695,False,False,0.7564097861570627,0.6538458716942376,True,2024-10-23,27.110000610351562,26.81999969482422,1.0697193249660464,-0.8049737064348306,True,True,0.0,False,False,False,False,True,33.97269965739489,-15.160459305863005,31.758517271316197,-14.172371155718082,3.393581909189103,-7.930658345533049,29.98893723746694,False,False
US,BROS,2025-01-31,62.52000045776367,63.97999954223633,2.281961698841275,59.153111609456566,54.496409273480474,40.35050002098083,5.691820356866661,74.32512155741387,2.281961698841275,True,True,9,A,7,False,False,True,True,2025-02-04,2.0,64.62000274658203,0.6315491299546554,False,False,0.8089200760023909,0.6305744400655059,True,2025-02-05,64.8499984741211,63.349998474121094,2.3130301238150173,1.3597982777577844,True,True,5.0,True,True,False,False,True,33.970700536081154,-4.225131732058484,14.686665852864584,-1.8266652425130208,-1.0177271368452256,31.056283521248606,8.851191979688512,False,False
TSX,SSRM.TO,2025-08-05,17.88304901123047,18.43252799582336,2.981028889349297,17.058268931713,16.788542678397835,13.332662026882172,4.83507490015076,14.077747603829316,2.981028889349297,True,True,7,B,7,False,False,True,True,2025-08-06,1.0,20.940149307250977,2.6847195357833655,True,True,0.9816509587487798,0.9541282718023927,True,2025-08-07,21.189912451506228,18.43252799582336,13.012722265810336,14.959339577879206,False,False,,True,True,True,False,True,33.946264570879926,-5.139077285662019,2.6086981553483586,-0.39492714750121477,6.1763442590388795,7.590767479522498,32.956169777515164,False,False
TSX,VLE.TO,2026-02-13,10.890000343322754,11.270000457763672,3.3717843744996805,10.132331863678118,9.131761234366618,7.758199968338013,7.4777305938891425,58.376295521765556,3.3717843744996805,False,True,6,B,5,False,False,True,True,2026-02-19,3.0,11.279999732971191,0.5531889540945515,False,False,0.5161278414072522,0.22580516152452323,True,2026-02-20,11.319999694824219,11.119999885559082,1.7667828149905473,0.4436489354896489,True,True,0.0,False,False,False,False,True,33.83392249963775,-6.09540281788864,19.150017881410484,-3.4500011920940326,-2.4734959409867696,1.5901087458339846,21.908132179937787,False,False
TSX,CG.TO,2025-09-16,12.308877944946289,12.911479827959607,4.66717906113591,11.520259086946469,10.678249808719016,9.16538479089737,6.845495852549011,19.314127798437596,4.66717906113591,False,True,6,B,5,False,False,True,True,2025-09-19,3.0,12.970752716064453,7.183945503083863,True,True,0.8888886534141484,0.8888886534141484,True,2025-09-22,13.27699240471886,12.575603556648703,5.282738941847033,2.8309115734955537,False,False,,True,True,True,True,True,33.705347417622164,-2.3065437174183523,6.3802788266946955,-0.43661890977559875,6.101201997915173,17.931554103888114,26.488115743538465,False,False
US,ESLT,2025-12-16,521.1339721679688,527.2537244920956,1.1606845129490504,491.12349164946556,484.8205073881273,443.0536015319824,6.11057728428166,5.876378234278645,1.1606845129490504,False,True,5,C,6,False,False,True,True,2025-12-17,1.0,536.9747314453125,2.549459311307121,True,True,0.06812763362164631,0.4186257115398862,False,2025-12-18,550.3049493997613,527.2537244920956,4.188809301607883,4.371941597922535,False,False,,True,True,True,True,True,33.70074890383607,-2.5454410043198483,8.045424481582383,-0.6076765068638414,5.537853135857507,7.314467074048969,32.49156977615606,False,False
US,NVT,2026-04-08,126.75515747070312,129.5732755642534,2.1749223219666316,118.14094188179841,115.13166849263635,100.33485218048095,7.291473600678877,17.694807266176426,2.1749223219666316,True,False,7,B,6,False,False,True,True,2026-04-10,2.0,130.19552612304688,0.5487165803938311,False,False,0.5870959485334277,0.24838920855873,True,2026-04-13,130.38499324034288,128.38061474950732,1.5372769833571471,0.6264545467070226,True,True,3.0,True,True,True,False,True,33.657411875519074,-1.6443550057918865,21.894175376266357,-1.069654345699564,3.0133969271538996,8.89440616038395,30.172357652925985,False,False
HK,1208.HK,2025-09-11,5.519999980926514,5.739999771118164,3.8327491108731166,5.112732333713059,4.557148814255796,3.161499997377396,7.965753351255156,47.574139176373784,3.8327491108731166,True,True,7,B,6,False,False,True,True,2025-09-12,1.0,5.820000171661377,1.1406450314955687,False,False,0.625000558793245,0.5312499534338962,True,2025-09-15,5.800000190734863,5.619999885559082,3.1034534354554064,1.0453035193241922,True,True,1.0,False,False,False,False,True,33.62068526101325,-7.9310348796504115,10.833313906667232,-2.5555514347475947,0.0,7.9310348796504115,16.379306517656712,False,False
HK,1772.HK,2025-07-10,24.687219619750977,25.584936200344917,3.508770057366169,22.9096063047311,21.44478677517957,21.04404351234436,7.759248637340299,20.70410672640497,11.904103873605699,False,True,4,C,3,False,False,True,True,2025-07-14,2.0,25.7844295501709,2.307503900024727,True,True,0.29268322183868534,0.17073195694042617,True,2025-07-15,25.63480961364509,25.185951123177457,1.750972592473285,0.19493272490356262,True,True,0.0,False,False,False,False,True,33.61868321202353,-7.393001985339909,19.20000538931134,-4.22222598864163,2.334623503374922,11.867702382934663,32.2957253646498,False,False
TSX,ARE.TO,2024-10-07,20.642786026000977,20.898570017689316,1.2239305917669707,19.34308724419499,17.991667833405053,15.176791520118714,6.719189989674668,40.87690728292428,1.2239305917669707,True,True,8,B,8,False,False,True,True,2024-10-09,2.0,20.94593620300293,0.7739016089108911,False,False,0.9777773068282942,0.799999999999995,True,2024-10-10,20.92699262034037,20.529101157266062,1.9013313106804046,0.13600261944715086,True,False,,True,True,True,True,True,33.5445802885505,-0.6337681696757969,17.64268021050279,-0.3333286345813137,3.6668181385297594,2.037117716808301,31.59799688927427,False,False
US,CLMT,2026-01-28,21.59000015258789,22.469999313354492,3.9163292730658683,20.617525726655707,19.95774374139131,16.773949999809265,4.716736813258371,5.574019988145262,3.9163292730658683,False,True,5,C,4,False,False,True,True,2026-02-02,3.0,22.729999542236328,0.909267374928141,False,False,0.5072458560061478,0.5072458560061478,True,2026-02-03,22.770000457763672,22.030000686645508,3.249889135886483,1.3351186184989317,True,False,,True,True,True,True,True,33.28941489380415,-1.141854298001066,10.24324630837713,-0.351351769324154,13.131311862133455,26.174786845208576,22.485721690616156,False,False
US,AIP,2024-12-03,8.729999542236328,8.880000114440918,1.6891956111650774,8.235695808547383,7.869503075796568,7.560500018596649,6.001966866915276,6.606734948740134,8.490570470184432,True,True,5,C,6,False,False,True,True,2024-12-04,1.0,9.220000267028809,2.211325834054418,True,True,0.91262126933041,0.5631063466520498,True,2024-12-05,9.300000190734863,8.279999732971191,10.967746632735004,4.7297305279414115,False,False,,True,True,True,True,True,33.225807410910676,-7.311831088490006,3.029410554739011,-0.6666666666666666,7.419350174537787,0.43010710787809714,31.72042740605616,False,False
TSX,III.TO,2025-11-26,7.349999904632568,7.489999771118164,1.8691571530541642,6.905909100820296,6.4286593170431265,4.5022499930858615,6.430591502565863,48.75989510415888,1.8691571530541642,True,False,7,B,7,False,False,True,True,2025-11-28,2.0,7.599999904632568,0.9077071231089435,False,False,0.7719296924735878,0.3508767526897372,True,2025-12-01,7.650000095367432,7.159999847412109,6.405231919566237,2.136185969807869,False,False,,True,True,True,True,True,33.20260723335158,-4.313724439113287,5.183669795300723,-0.6734688912568545,1.5686259354656729,8.235289277777458,32.0261471315004,False,False
US,NOK,2025-10-21,5.579999923706055,5.789999961853027,3.626943687919549,5.242747385015626,4.922532723170582,4.826697833538056,6.432744397609835,18.688468925217915,3.626943687919549,False,True,6,B,5,False,False,True,True,2025-10-23,2.0,6.170000076293945,2.742253458869292,True,True,0.8461539402045999,0.717949501704999,True,2025-10-24,6.150000095367432,5.789999961853027,5.8536606167791625,6.217618927223456,False,False,,True,True,True,True,True,33.170722819216316,-4.715446461073613,5.666663134540879,-0.805555150832809,15.934959412629679,12.357719353812001,-4.552848869372594,False,False
US,WLDN,2025-07-30,82.62000274658203,85.6500015258789,3.5376517516831214,76.72201033315699,66.70408690706424,46.18515007019043,7.6874841884534195,93.94604822042629,3.5376517516831214,True,True,7,B,6,False,False,True,True,2025-08-04,3.0,89.44999694824219,1.6519391959085097,True,True,0.9942072573506561,0.7548254444711195,True,2025-08-05,90.87000274658203,84.30000305175781,7.2301083924764615,6.094572244842178,False,False,,True,True,True,True,True,33.15725359604578,-5.645432736608402,4.5859967508300015,-0.7808226972755976,24.100355710958876,20.534824990325774,17.387471051834623,False,False
US,SSRM,2025-08-05,12.97775650024414,13.467294073533406,3.6350106459123723,12.4337457572722,12.204696295680153,9.498289139270783,4.375276393710736,12.181943078247603,3.6350106459123723,False,False,5,C,4,False,False,True,True,2025-08-06,1.0,15.225635528564453,5.204224636465258,True,True,0.9631899291999253,0.9509202956507178,True,2025-08-07,15.415456655395062,13.467294073533406,12.637722160373647,14.465879865876552,False,False,,True,True,True,False,True,33.11730766706545,-5.249516549555711,2.620512403010948,-0.4153847095971053,5.962419907609395,6.610503297361725,32.27478617680299,False,False
TSX,CLS.TO,2025-07-07,210.47000122070312,219.47999572753906,4.1051552224471894,195.14533966354603,173.14425170320968,135.3642003250122,7.852947748369843,107.8907969079037,4.1051552224471894,False,True,6,B,5,False,False,True,True,2025-07-09,2.0,220.30999755859375,1.0730644231439306,False,False,0.6511625461805058,0.5434967465004015,True,2025-07-10,222.49000549316406,212.75,4.377727202430817,1.3714278404495683,True,True,0.0,False,False,False,False,True,33.03968389227017,-5.838466974896617,7.54722310561614,-1.333675376495525,-1.5416458492000462,3.0922690701424838,24.26176205438477,False,False
US,B,2025-08-28,25.594581604003906,26.0912790489095,1.903691436416385,23.862318427862867,22.198772937648418,18.502080154418945,7.259408516308952,28.745416273847745,1.903691436416385,False,True,7,B,7,False,False,True,True,2025-09-02,2.0,26.378185272216797,1.350300618053901,True,False,0.5846156554808276,0.1076915853844634,False,2025-09-03,26.58388358249192,26.00597069870053,2.1739219628993696,1.8880045422802416,True,False,,True,True,True,True,True,33.01399145337096,-1.1790794614209954,15.186373759865813,-0.5423743269277482,7.442888402568282,6.263812604253882,20.74429263382458,False,False
US,DRD,2025-03-03,10.923225402832031,11.170830089008932,2.216528979529652,10.384910298720406,9.895003054693166,9.125987412929534,5.1836278660775115,20.730617199944888,9.685033053570823,False,False,6,B,4,False,False,True,True,2025-03-04,1.0,11.54223918914795,2.3233804949604884,True,True,0.49450536782490967,0.36263733960453015,True,2025-03-05,11.4089129900796,11.113690881998393,2.587644487585379,2.1312910425960174,False,False,,True,True,True,True,True,33.00230996476208,-0.4173559179553421,12.753803748194821,-0.16128796670395393,17.52921473612199,22.61546639309888,29.793364376983277,False,False
HK,0373.HK,2025-08-14,1.7034586668014526,1.71308266539903,0.5617941732739282,1.6078876395479278,1.5723597003402343,1.451597017645836,5.943887178608787,6.7771090391913535,1.6666651213610173,False,False,6,B,6,False,False,True,True,2025-08-15,1.0,1.7804511785507202,4.17689626129943,True,True,0.5714293012808171,0.5714293012808171,True,2025-08-18,1.8093233053582474,1.71308266539903,5.31915107013788,5.617979908564408,False,False,,True,True,True,True,True,32.97872372281982,-0.531914387692578,6.199997572538386,-0.09999986476766681,20.744679535492484,17.553195491062535,30.319158023229708,False,False
US,ERO,2025-12-31,28.290000915527344,29.027999877929688,2.54236931757552,26.236632598794383,24.054597637272845,17.182000012397765,7.8263409338106715,34.6810447385961,2.54236931757552,False,False,5,C,5,False,False,True,True,2026-01-02,1.0,29.049999237060547,1.8723985667233705,True,True,0.5053759581613556,0.07526854154382547,True,2026-01-05,29.940000534057617,28.110000610351562,6.112224085047616,3.141796403345487,False,True,2.0,False,False,False,False,True,32.92918863212591,-8.016030647027561,5.387431510026088,-1.3114752560589589,-2.237809166141469,-1.4028058410225586,14.19505015645164,False,False
TSX,ABX.TO,2025-08-28,35.2468376159668,36.103908745731346,2.3739012188420805,32.931198270338754,30.57864030748246,25.90687734603882,7.0317494268459235,30.617028915072076,2.3739012188420805,False,True,7,B,6,False,False,True,True,2025-09-02,2.0,36.418338775634766,0.804792129823544,False,False,0.6296311994612322,0.09876281571276231,False,2025-09-03,36.790561181278164,35.91878443402404,2.3695663215318126,1.9018783821516339,True,False,,True,True,True,True,True,32.907325573207544,-1.2513329787257943,13.88748872491339,-0.5280852311898421,7.641099802270657,5.7241684923567515,21.6986098998855,False,False
HK,2208.HK,2025-08-20,8.313565254211426,8.666085351188636,4.067812428467012,7.787271658430578,7.219019419042147,6.033238053321838,6.758382381730277,42.94120167747244,4.067812428467012,False,False,5,C,4,False,False,True,True,2025-08-25,3.0,9.322161674499512,3.8644778972712563,True,True,0.49411806944773223,0.49411806944773223,True,2025-08-26,9.400499426630207,8.666085351188636,7.812500614181045,8.474576993876926,False,True,3.0,False,False,False,False,True,32.81249142403839,-12.083347690729674,4.199998572093298,-1.5466683828217944,-9.166667635408231,5.5208206320225495,27.29166305208055,False,False
TSX,APM.TO,2025-05-30,2.109999895095825,2.200000047683716,4.090915938054087,1.9545050775624992,1.84192865314973,1.513900000154972,7.955713153083566,37.516694290932186,6.2222268846299915,False,False,4,C,3,False,False,True,True,2025-06-03,2.0,2.359999895095825,1.7038736148353957,True,True,0.9545454545454546,0.8181818181818182,True,2025-06-04,2.380000114440918,2.1500000953674316,9.663865882944096,8.18182103890026,False,False,,True,True,True,True,True,32.77310646571121,-0.21008883195338113,3.3913039421990483,-0.021739626201163067,14.28570999246277,20.16805704094107,32.35293881939132,False,False
HK,1184.HK,2026-04-21,4.726108551025391,4.726108551025391,0.0,4.494546718541304,4.37969632743451,4.19726518034935,5.152061976101541,17.870485075509123,0.9615329948400796,False,True,9,A,8,False,False,True,True,2026-04-22,1.0,4.735284805297852,1.3237221494102227,True,False,1.0,0.09090712050146227,True,2026-04-23,4.735285081045112,4.634339123465519,2.131782054340713,0.19416672132361867,True,False,,True,True,True,True,True,32.75193637996714,-0.9689890451225147,15.363642035206164,-0.4545441421413005,10.465108909682908,16.279060420212698,25.652419743841204,False,False
TSX,RIO.TO,2025-11-25,2.369999885559082,2.450000047683716,3.265312676229035,2.19738073585001,2.0599855028800884,1.4184999990463256,7.855677757286683,32.15766854010986,3.265312676229035,True,False,6,B,5,False,False,True,True,2025-11-26,1.0,2.4600000381469727,0.7069443271747557,False,False,0.8571431004269392,0.5714275982922431,True,2025-11-27,2.4800000190734863,2.3399999141693115,5.645165476913102,1.2244886043219827,True,True,3.0,False,False,False,False,True,32.66128776410866,-5.645165476913105,5.785709541674685,-1.0,0.0,0.4032254188043316,30.64516067008696,False,False
US,ARIS,2025-11-21,11.630000114440918,12.170000076293945,4.437140168182071,10.835634086998784,10.099898312996547,6.993354527950287,7.331052535220439,58.0606377255241,4.437140168182071,False,True,6,B,5,False,False,True,True,2025-11-24,1.0,12.789999961853027,1.7387518362031105,True,True,0.9585252767633086,0.9493084762746055,True,2025-11-25,12.8100004196167,11.75,8.27478832860504,5.258835984474786,False,False,,True,True,True,True,True,32.63075108959708,-0.9367746705896574,3.9433940535730834,-0.11320829408425259,10.070256983579595,12.021857231907163,28.25917070241126,False,False
US,SKE,2026-01-07,25.139999389648438,26.049999237060547,3.493281666271529,23.769144673905956,21.704366771981736,16.250749945640564,5.767370826967211,39.722530448506596,3.493281666271529,True,False,7,B,5,False,False,True,True,2026-01-12,3.0,26.450000762939453,0.9717037521568981,False,False,0.12000020345052083,0.02666473388671875,False,2026-01-13,26.90999984741211,26.049999237060547,3.1958402646898096,3.301346009746009,False,True,1.0,False,False,False,False,True,32.62727175430005,-3.753252451166278,10.209293660509926,-1.1744180372952928,8.286880545823493,24.117434839342565,25.120766851967492,False,False
US,FIX,2025-06-25,506.20196533203125,514.8679795872258,1.6831526913252963,490.9836522177068,457.80029046705874,417.3296144104004,3.0995559720950805,30.382587735723554,8.022012676761927,False,True,8,A,7,True,False,True,True,2025-06-27,2.0,533.5264892578125,1.4587682672233822,True,False,0.9248431910345742,0.7609622925805197,True,2025-06-30,533.6261652786499,514.8679795872258,3.515229745458389,3.6433001148105326,False,True,1.0,False,False,False,False,True,32.57337245778997,-4.690703028889153,9.266356629996707,-1.3343944403490138,1.192310759155757,1.4670241218423419,29.502907903012556,False,False
US,CIEN,2025-10-10,155.94000244140625,164.02000427246094,4.926229496758601,144.46372084293856,124.71961104631407,87.3407999420166,7.944057879379107,86.72068685700918,5.62817885656785,False,True,5,C,4,False,False,True,True,2025-10-13,1.0,164.77999877929688,1.0724011085728518,False,False,0.6464087000505817,0.10773478334176362,True,2025-10-14,161.5500030517578,160.10000610351562,0.8975530305484635,-1.5059146179511762,True,True,0.0,False,False,False,False,True,32.57195550799772,-1.572273907112276,36.28972818251655,-1.7517337177854715,7.16186434346453,12.992875170451201,29.21077161867176,False,False
US,LRCX,2025-12-18,164.21266174316406,169.1878920391159,2.9406538706691663,158.91076017229543,150.88023702178896,107.43518402099609,3.3364018680170915,28.313050515933334,2.9406538706691663,False,True,8,A,7,False,False,True,True,2025-12-19,1.0,171.76026916503906,3.615373518456126,True,True,0.8253336588541651,0.8253336588541651,True,2025-12-22,175.16016471797346,165.58858251559403,5.464474310006901,3.529964589591783,False,False,,True,True,True,True,True,32.57058354302054,-2.8005471234506585,5.960423948443708,-0.5125007392425867,0.10815510326309674,17.80511057674761,30.003419012252873,False,False
US,KEYS,2026-02-10,235.0,237.00999450683594,0.8480631844316441,221.14008632888132,210.43076144033319,177.61559997558595,6.267481351393744,26.47061855716273,1.2463979624682757,False,True,8,B,8,False,False,True,True,2026-02-11,1.0,238.02000427246094,0.8716693953187126,False,False,0.7600001284950658,0.42526405736019735,True,2026-02-12,239.1300048828125,234.41000366210938,1.973822240758201,0.8944814248815991,True,True,0.0,False,False,False,False,True,32.56387468203678,-4.508007593852426,16.497876054698864,-2.2838974557915495,0.17145000416038947,27.976411378935584,18.253666627019637,False,False
US,BABA,2025-09-05,134.34617614746094,137.5665894646513,2.340985067466441,125.32851360321892,120.8639127347994,110.47220237731933,7.195220213646891,5.471126631427992,7.113407372469154,False,False,3,C,3,False,False,True,True,2025-09-08,1.0,139.91502380371094,1.118620423995066,False,False,0.9918383355434005,0.5385515691438021,True,2025-09-09,144.07679586349548,137.50614706108212,4.560518411749435,4.732403721120848,False,False,,True,True,True,True,True,32.51032164098924,-1.4924293349260598,7.1286460673487655,-0.3272499308589703,8.693266798782862,12.964244732668728,28.76204959980406,False,False
TSX,MSA.TO,2025-08-20,2.8202033042907715,2.908029430065886,3.020125067067312,2.6314452184741164,2.501342751212001,1.9765388876199723,7.173171779958598,12.81132905210538,3.020125067067312,False,True,5,C,5,False,False,True,True,2025-08-22,2.0,2.9958558082580566,1.2772991850989523,True,False,0.9333333333333317,0.8666666666666635,True,2025-08-25,3.093440740323342,2.8592371039302042,7.570975365400326,6.375840228455165,False,False,,True,True,True,True,True,32.49210398789533,-2.5236643595971775,4.291666848684463,-0.3333341132148487,10.725551207144113,20.82018760766493,28.391161054440772,False,False
US,GFI,2025-08-21,28.75087547302246,30.18557118222208,4.752918871532203,27.38637724885705,25.34371714317094,19.35895366191864,4.982397678109685,28.058271489477438,4.752918871532203,True,True,8,A,6,False,False,True,True,2025-08-25,2.0,30.717641830444336,1.2961730126618278,True,False,0.8000010899123142,0.3857145192669199,True,2025-08-26,30.651130997228638,30.18556881358521,1.5189070304959456,1.5423256767152171,True,True,2.0,True,False,False,False,True,32.48606974985317,-1.5499058841754731,21.38779339196685,-1.0204086577105431,6.602604232069775,10.756363798083136,29.541243769543925,False,False
US,CIEN,2026-01-29,253.52999877929688,261.1300048828125,2.910430039216016,239.06825265601168,223.03335922714237,137.1585495376587,6.049212290890749,37.196303677797026,2.910430039216016,True,False,6,B,6,False,False,True,True,2026-02-02,2.0,268.489990234375,1.0281420410283044,False,False,0.891977680227076,0.8165211889981554,True,2026-02-03,276.54998779296875,246.02999877929688,11.035975541796008,5.905098082112881,False,True,2.0,False,False,False,False,True,32.30880855088121,-13.733495622926096,2.9275897204120875,-1.2444296900544858,4.74778718581681,9.322003224457331,20.437541864424922,False,False
TSX,PSLV.TO,2025-11-26,24.80500030517578,25.5,2.7254889993106617,23.498996491558785,22.446951212373296,18.110299944877625,5.55770036429486,28.42442363448372,2.7254889993106617,False,True,7,B,6,False,False,True,True,2025-11-28,2.0,26.100000381469727,2.164380394574599,True,True,0.9090913594681225,0.857142149407236,True,2025-12-01,26.780000686645508,25.399999618530273,5.153103184210915,5.019610535864727,False,False,,True,True,True,True,True,32.22553748876549,-1.8297227727948284,6.253617739987119,-0.35507202308719343,0.5601180533392425,4.910375627304364,29.014183536932237,False,False
US,WRBY,2024-11-01,17.450000762939453,18.365999221801758,4.98746867948763,16.684473215665818,15.966874564265657,14.661899991035462,4.588263215615607,5.54581989369316,4.98746867948763,False,True,5,C,4,False,False,True,True,2024-11-05,2.0,18.420000076293945,1.9527179844943794,True,True,0.9502494738180597,0.905473241109945,True,2024-11-06,18.6299991607666,17.46500015258789,6.253349761990933,1.4374384740877932,True,False,,True,True,True,True,True,32.04509656272827,-2.5764871919434773,5.124468929837343,-0.4120171252220467,13.955987646768842,23.778854024347098,27.160502422066692,False,False
HK,1818.HK,2025-08-27,22.56146812438965,22.939482094574668,1.6478749111533877,21.524070264587507,20.81805393175743,16.17100775718689,4.819710431390489,6.905370616856543,2.4096362799380473,False,True,6,B,6,False,False,True,True,2025-08-28,1.0,22.95937728881836,0.8991330613497379,False,False,0.4883718351342232,0.20930253189261977,True,2025-08-29,23.297600283123494,22.541572252213456,3.2450897162043573,1.5611433033770217,True,False,,True,True,True,True,True,32.02392000380845,-0.2561890083131013,9.86842361981457,-0.07894666425825335,15.456884919854685,22.801031778136416,25.533733397228353,False,False
US,PAHC,2025-08-14,30.095775604248047,31.30669622325523,3.867928478852672,28.118166066715315,26.850807619531572,22.926562070846558,7.033209537352136,21.427243122281503,3.867928478852672,False,False,5,C,4,False,False,True,True,2025-08-19,3.0,31.355918884277344,0.9675698108733028,False,False,0.7909082081710649,0.5454537572955944,True,2025-08-20,31.10979988466402,30.4994141615921,1.962036802984448,-0.628927233928156,True,True,0.0,False,False,False,False,True,31.982352666689053,-3.1329106302754983,16.3005875414981,-1.5967644569714712,3.291127865245258,21.26691610953109,22.489282462667994,False,False
US,TPC,2025-07-08,46.986698150634766,48.62101807786062,3.3613445210231707,44.06802893587563,38.380513437016816,28.212696313858032,6.623099070317284,108.10632038538319,3.3613445210231707,False,True,6,B,5,False,False,True,True,2025-07-11,3.0,48.81035614013672,0.7650415953820637,False,False,0.8954248528971785,0.6862745586915356,True,2025-07-14,48.302132456551,47.44510223238119,1.7743113618031918,-0.6558596136324479,True,True,6.0,True,True,True,True,True,31.957896908937332,-10.212515047472959,18.011436773114752,-5.7557626397061545,3.3216237218489875,-1.1553695398403119,16.381243722779892,False,False
TSX,CG.TO,2026-01-05,20.154630661010742,21.09690081918311,4.466391373066387,19.249717733159162,17.854349100818958,12.348345057964325,4.700915308969944,22.225249930237823,4.466391373066387,False,True,7,B,5,False,False,True,True,2026-01-07,2.0,21.22584342956543,1.088954612672051,False,False,0.9658111855393628,0.6923071907038768,True,2026-01-08,20.710072343416407,20.105040359961475,2.9214382906164382,-1.8335796289802198,True,False,,True,True,True,True,True,31.94444959128544,-0.9099551453334853,10.934494044899026,-0.31147505263288777,6.178163300155659,16.666674554068006,14.559397833405407,False,False
HK,3993.HK,2025-08-05,9.195074081420898,9.536716572782787,3.5823911589961197,8.555659892531699,7.743539360413457,6.11891594171524,7.473581195617052,45.92889415131254,3.5823911589961197,True,True,7,B,6,False,False,True,True,2025-08-08,3.0,9.74170207977295,1.493250928996014,True,False,0.891303942199047,0.8695643159978849,True,2025-08-11,9.819792868729838,9.341492004678484,4.870783635105542,2.968278377433742,False,False,,True,True,True,True,True,31.90853875909192,-2.783306908213601,6.551007219683352,-0.5714289766749799,8.846913119625178,7.256447985963921,25.745504405308207,False,False
US,GOLD,2025-12-15,30.691932678222656,31.416937760805467,2.3076885726504477,28.52024313124504,26.838743075038963,23.49293222427368,7.614554816324293,12.137618096706237,2.3076923076923057,False,True,6,B,6,False,False,True,True,2025-12-17,2.0,31.610273361206055,1.8070102903344358,True,True,0.9589057560159898,0.09589005304000242,True,2025-12-18,31.900275072047272,30.256926880881394,5.151517306525883,1.5384609248734415,True,False,,True,True,True,True,True,31.787887926775007,-1.3878793427438474,6.170587428000381,-0.2694117597131435,5.424252933592255,5.363648798679566,27.00000657966004,False,False
US,BVN,2025-12-19,27.549930572509766,28.074689253115235,1.8691522313011557,25.619377101323476,23.888162022939387,18.272485628128052,7.535520725390943,30.14566051164971,1.8691522313011557,False,True,7,B,7,False,False,True,True,2025-12-22,1.0,28.298200607299805,0.8461026760185326,False,False,0.32743461418359526,0.1150435905442709,False,2025-12-23,28.618887029062396,27.93864162131965,2.3769107689336706,1.9383928742391143,True,True,3.0,False,False,False,False,True,31.680799008478843,-6.349752085780924,13.32856050910631,-2.6714305681022896,-3.2258108117541484,4.38030089052952,23.97281880551081,False,False
HK,1818.HK,2025-08-07,21.825336456298828,22.08397860909785,1.171175526734442,20.590705941291844,20.07883894771276,15.608501105308532,5.996057243142405,6.045306655717586,1.171175526734442,False,False,5,C,5,False,False,True,True,2025-08-08,1.0,22.50178337097168,1.0708258691923171,False,False,0.763159479794607,0.763159479794607,True,2025-08-11,21.9845000555633,21.92481466388935,0.2714885101917278,-0.45045575933301274,True,True,0.0,False,False,False,False,True,31.674205870386785,-5.97284925809406,116.66867908339157,-22.000375831286462,0.9049760398629481,-3.1674208513058244,27.78280593263174,False,False
US,W,2025-07-17,56.56999969482422,59.5099983215332,4.940343991986251,53.305291525912544,47.57615952385844,43.047099905014036,6.1245480053788715,95.26349971302557,4.940343991986251,False,True,6,B,5,False,False,True,True,2025-07-22,3.0,60.43000030517578,1.2341034373386612,True,False,0.8896246943188785,0.810155181589744,True,2025-07-23,62.22999954223633,56.400001525878906,9.36846867948396,4.570662573382922,False,False,,True,True,True,True,True,31.672831502742472,-0.7713314249834569,3.3807906698885493,-0.08233271107289869,7.1669659842161115,18.399487139909397,26.868066091914034,False,False
US,WPM,2026-01-05,120.45889282226562,123.75437141638265,2.6629189388624472,116.04072373676128,110.54445415328091,95.4000745010376,3.8074297912231048,7.262303568523665,3.6857226409656954,False,True,6,B,6,False,False,True,True,2026-01-06,1.0,124.95906066894531,1.0091077395092691,False,False,0.8480731037250805,0.6077093151196847,True,2026-01-07,121.3848162113608,121.23547238619466,0.12303336597395949,-1.9147244480352765,True,True,0.0,False,False,False,False,True,31.528866066551764,-2.1079394138957763,256.2627285449134,-17.13307115682694,7.283472020222748,12.86908852783062,15.01804366937105,False,False
HK,2600.HK,2025-10-23,8.276881217956543,8.541137507489756,3.09392383978698,7.748955373707414,7.127982359121466,5.173640491962433,6.812864686773223,35.95359520554562,3.09392383978698,False,True,6,B,5,False,False,True,True,2025-10-24,1.0,8.588326454162598,1.703998360293601,True,True,0.7000007152547149,0.30000166892766966,True,2025-10-27,8.729891220934595,8.324069618613661,4.648644433824778,2.2099364783592312,False,False,,True,True,True,True,True,31.459464996990395,-3.567566742768169,6.767449187570235,-0.767442378859868,9.405406056309374,19.567571582110443,14.3783825347636,False,False
US,CGAU,2026-01-05,14.649862289428711,15.344169423512339,4.524892256596959,14.036197594825534,12.962047792084892,8.98839099407196,4.372015216068248,26.83363662404723,4.524892256596959,False,True,7,B,5,False,False,True,True,2026-01-08,3.0,15.344169616699219,0.6347811498917533,False,False,0.981819474403348,0.7454553020897656,True,2026-01-09,15.393763893258196,14.80856193313999,3.8015521361510554,0.3232137783219624,True,False,,True,True,True,True,True,31.443281353230358,-1.8041280823895889,8.27116930850924,-0.47457670387659173,3.4793701976227664,18.298961631939537,11.662354636183148,False,False
TSX,MAU.TO,2025-03-17,2.5799999237060547,2.5999999046325684,0.7692300638503318,2.3909282872562487,2.317724125248725,1.9899249982833862,7.90787567563469,20.23118067526427,1.1494242373779509,True,False,8,B,8,False,False,True,True,2025-03-18,1.0,2.865000009536743,4.544973233719631,True,True,0.9499996821087633,0.9499996821087633,True,2025-03-19,2.930000066757202,2.5799999237060547,11.945397101595038,12.692314393421844,False,False,,True,True,True,False,True,31.399311157476607,-6.143346848330222,2.628569891015506,-0.5142856948229811,7.849829823657317,11.262795774311506,29.692828182149512,False,False
US,STX,2026-01-15,319.2784118652344,330.9204606212703,3.5180806693485023,298.0650443587175,278.5069465144934,183.70316623687745,7.117026269268556,42.017395092382756,3.5180806693485023,True,False,6,B,5,False,False,True,True,2026-01-21,3.0,343.1007385253906,1.136278113873853,False,False,0.7945263658203165,0.37818028663461983,True,2026-01-22,348.86194699383844,322.55773800059467,7.540005214070641,5.421691465944645,False,False,,True,True,True,True,True,31.38284868108354,-5.714285714285716,4.162178644454917,-0.7578623027504154,26.551419522275243,19.60857365606996,16.848570406306294,False,False
US,GNRC,2026-02-04,177.17999267578125,181.11000061035156,2.169956336660565,165.67958956063035,160.74563338406136,156.77849979400634,6.941351765566961,7.4877397909025145,12.826571869234318,False,True,3,C,3,False,False,True,True,2026-02-06,2.0,183.52999877929688,0.9007778581765558,False,False,0.9503112418588077,0.9503112418588077,True,2026-02-09,183.60000610351562,175.8800048828125,4.204793553411162,1.3748580888811146,True,False,,True,True,True,True,True,31.312629805666536,-1.4869340389830454,7.446888749214331,-0.3536283101882049,22.249449611507586,23.88343648529263,12.80500747564286,False,False
US,PRIM,2025-07-08,83.01944732666016,84.93229203401745,2.25219955984604,78.16787507742741,73.68079016017998,70.34457515716552,6.206606287336247,35.2653763137597,8.067310615563777,False,True,6,B,5,False,False,True,True,2025-07-11,3.0,86.28721618652344,1.0544980016033987,False,False,0.7627736413300709,0.6277364133007348,True,2025-07-14,86.1178578210306,84.20500139741199,2.2212076240840646,1.3958951991290824,True,True,2.0,False,False,False,False,True,31.270241201605376,-3.1466842720108468,14.078036137886901,-1.4166547232649682,2.371586469754128,7.392423482745314,28.62100651385264,False,False
TSX,K.TO,2026-01-05,39.95212173461914,40.79877415372613,2.0751908278343794,38.59867532531456,36.80834350496737,27.145631284713744,3.5064581825608343,8.543605233983165,3.1627175676118653,False,False,6,B,5,False,False,True,True,2026-01-06,1.0,41.83468246459961,1.0108219050284541,False,False,0.9936316410976641,0.95541419845177,True,2026-01-07,40.659326146986615,40.280821462314634,0.9309172594342983,-0.34179459954871705,True,True,0.0,False,False,False,False,True,31.234698803622507,-2.204805322409198,33.55260468863074,-2.368422435038979,13.424782074538232,23.88536008714526,11.170996059417849,False,False
HK,0613.HK,2025-07-23,2.200000047683716,2.2799999713897705,3.508768627628134,2.042222431003155,1.6513683827572856,0.5920999989658594,7.7257802228261285,932.6360274395228,3.508768627628134,True,False,6,B,5,False,False,True,True,2025-07-25,2.0,2.450000047683716,2.1295680002305026,True,True,0.8846154904224502,0.8846154904224502,True,2025-07-28,2.5,2.2200000286102295,11.19999885559082,9.649124182932711,False,False,,True,True,True,False,True,31.199998855590817,0.0,2.7857144681775026,0.0,8.000001907348642,17.600002288818352,20.79999923706055,False,False
US,TPL,2024-10-18,348.8422546386719,355.0115072818874,1.7377613166541703,324.74753717387335,299.724631036364,223.27193115234374,7.419522769744047,25.56063726637636,1.7377613166541703,False,True,7,B,7,False,False,True,True,2024-10-22,2.0,359.783447265625,0.7475536067589968,False,False,0.8284255112965868,0.3508311255949153,True,2024-10-23,357.1304885162832,353.38681260438403,1.0482655590264687,0.5968767746768577,True,True,0.0,False,False,False,False,True,31.188179231096647,-1.5964111543148696,29.752173924383555,-1.5229071875617715,2.327274282712999,14.715609811602516,31.046999377417016,False,False
US,STRL,2025-07-14,241.30999755859375,242.22999572753906,0.3798035689932179,226.2427991392742,204.09651123814578,165.78014961242675,6.659747172790342,62.78574537241948,1.2966288548524516,True,True,9,B,9,False,False,True,True,2025-07-16,2.0,243.22999572753906,0.8095443876729623,False,False,0.8588585698902559,0.23123009599743397,True,2025-07-17,245.2899932861328,237.50999450683594,3.171755469951618,1.2632612032225987,True,True,3.0,True,False,False,False,True,31.187580966481242,-6.233435404882948,9.832908388412733,-1.965295075215251,3.2002961059885315,7.362718949694647,19.23437939823922,False,False
US,HPE,2026-04-16,25.749345779418945,26.281440458357142,2.024602417745326,24.001107456760995,23.070122277244273,22.367784948348998,7.283990231731918,16.04367654038139,2.024602417745326,True,True,8,B,7,False,False,True,True,2026-04-17,1.0,26.296358108520508,0.9619849824501906,False,False,0.8195502092350216,0.5112791874969507,True,2026-04-20,26.306304402118606,25.75431889195786,2.0983012350312986,0.0946064725822815,True,False,,True,True,True,True,True,31.172013600887038,-0.4158813125846539,14.855833414415388,-0.19819905056599557,6.465024097673244,8.015116645739951,25.141765037768927,False,False
TSX,ARG.TO,2025-11-21,2.8781933784484863,2.9940338524300527,3.8690435609987035,2.777293201785419,2.558606570548961,1.9172378659248352,3.633040134120602,36.386495691469875,3.8690435609987035,False,True,8,A,6,False,False,True,True,2025-11-25,2.0,3.083142042160034,0.8511026394031702,False,False,0.8333336644699064,0.4999990065902809,True,2025-11-26,3.100964132327851,2.9940337641647163,3.448294259465158,3.5714452530658747,False,False,,True,True,True,True,True,31.147028407820866,0.0,9.032590047188108,0.0,8.99014308955357,13.059113434234204,28.794614121710428,False,False
US,RVMD,2025-11-04,58.56999969482422,60.08000183105469,2.513319058272674,54.23416219578968,48.85030710928874,40.804924983978275,7.994661157264349,52.71593290381396,6.13782329711368,False,True,5,C,5,False,False,True,True,2025-11-06,2.0,61.380001068115234,1.293082331594466,True,False,0.5279998779296875,0.44000040690104164,True,2025-11-07,60.86000061035156,59.400001525878906,2.398946877802574,1.298266903337053,True,True,0.0,False,False,False,False,True,31.145254092933207,-3.1975010285767547,12.982886107699946,-1.3328769628719985,5.783760446541453,14.820894762745397,30.857703895754838,False,False
US,CDNA,2026-09-14,52.369998931884766,53.67100143432617,2.424032471302704,49.02103903825591,43.32187650430921,25.91537492752075,6.831678722711976,125.14973521229047,2.424032471302704,False,True,7,B,6,False,False,True,True,2026-09-17,3.0,54.279998779296875,0.703602219972774,False,False,0.5496408832768156,0.14329528394526667,True,2026-09-18,53.970001220703125,53.20600128173828,1.4156011148500216,0.5570974611733615,True,True,0.0,False,False,False,False,True,31.09134407960694,-1.574953251052169,21.963350942190356,-1.1125685297436563,13.711316553283615,22.716327328018448,,False,False
US,EAT,2024-10-07,82.44999694824219,83.93000030517578,1.76337823370927,76.81645065481543,72.63358371113007,57.84439989089966,7.333775832395362,22.040487773023077,2.252521114700238,True,True,8,B,8,False,False,True,True,2024-10-08,1.0,84.5,0.8730021598272139,False,False,0.8807329817279527,0.7293560161967123,True,2024-10-09,84.0,82.58000183105469,1.6904740106491816,0.08340247178564297,True,True,0.0,False,False,False,False,True,30.988093784877236,-2.095240638369611,18.331008693222724,-1.2394397223326634,6.583331880115328,10.630952744256872,30.738094874790733,False,False
US,LRCX,2026-06-01,316.5604553222656,332.7418658914837,4.863052181866196,296.1016218615309,271.96150461378056,193.33135906219482,6.909395947281283,26.63091839193301,4.863052181866196,False,False,5,C,4,False,False,True,True,2026-06-02,1.0,333.8199768066406,0.9412867945719318,False,False,0.9223972810483597,0.6800536810134586,True,2026-06-03,334.45882227668557,320.29386589900565,4.235186945064873,0.516002511617164,True,True,2.0,False,False,False,False,True,30.96819269500788,-9.643341063979793,7.312119416852214,-2.276957591026027,-2.3548573285104957,10.234303877080887,16.85887531826047,False,False
US,LFST,2026-06-17,8.609999656677246,8.890000343322754,3.149613901374203,7.997559508412336,7.611461412447938,6.620174999237061,7.657837964452874,21.991485554849532,3.149613901374203,False,False,5,C,4,False,False,True,True,2026-06-18,1.0,8.979999542236328,2.6776044096890796,True,True,0.7399997711181641,0.6999988555908203,True,2026-06-22,8.979999542236328,8.609999656677246,4.120266196215634,1.0123644031259538,True,False,,True,True,True,True,True,30.957692966131177,-0.16703107364193226,7.51351769324154,-0.040538903480396835,14.476617561286842,22.38307718645247,26.28063174448494,False,False
TSX,EXE.TO,2025-10-16,14.516918182373047,15.016825595380192,3.3289819464969868,14.246672379957534,13.70531126406254,12.556139225959777,1.89690473121078,5.600582352790973,3.3289819464969868,True,True,7,B,7,False,False,True,True,2025-10-20,2.0,15.105043411254883,0.9432449764856776,False,False,0.9148937465378588,0.9148937465378588,True,2025-10-21,15.095242473723594,14.683552603931885,2.7272822580249474,0.5221934412525053,True,False,,True,True,True,True,True,30.932008960575196,-1.1688269867544565,11.341696984079546,-0.42856839746425807,5.00000997735448,6.19098760090675,28.653229662119585,False,False
US,IRON,2025-10-10,69.9000015258789,72.68000030517578,3.8249845454374634,65.89428230756329,62.413106631076126,54.93955009460449,6.07900879718033,16.255178742307596,3.8249845454374634,False,True,6,B,5,False,False,True,True,2025-10-14,2.0,73.0,0.8717754172989378,False,False,0.793372992266508,0.5886942296252231,True,2025-10-15,73.30000305175781,70.96499633789062,3.1855479081200273,0.8530582608402559,True,False,,True,True,True,True,True,30.900399663682144,-1.3478943392392972,9.700183627725826,-0.4231279447417776,17.557973507995463,19.52250608842312,17.42154994734364,False,False
US,CGAU,2025-09-16,8.966469764709473,9.353297979604749,4.135741379551587,8.386137864363056,7.798958505624115,6.614772408008576,6.920133078333257,16.598963565302437,4.135741379551587,False,True,6,B,5,False,False,True,True,2025-09-19,3.0,9.462403297424316,2.4898596945600873,True,True,0.9032265011167248,0.9032265011167248,True,2025-09-22,9.700450442027119,9.184681032525072,5.31696350168937,3.7115514033590147,False,False,,True,True,True,True,True,30.87935649149709,-2.965234864734745,5.807705183924194,-0.5576932893732661,4.907984544576105,16.25767627800201,21.165656130118915,False,False
HK,6618.HK,2025-08-07,51.79999923706055,52.599998474121094,1.5209111411935534,48.47429486210978,44.95056982590092,35.10359997749329,6.8607586441661095,29.728589852026378,3.80686962887422,False,True,7,B,7,False,False,True,True,2025-08-08,1.0,52.79999923706055,0.5795155482636389,False,False,0.9459447756239084,0.9459447756239084,True,2025-08-11,53.0,51.04999923706055,3.67924672252727,0.760459196734975,True,False,,True,True,True,True,True,30.84905372475677,-2.169814199771525,8.384611321625803,-0.5897441415076069,15.566037735849058,19.811320754716988,20.471695234190747,False,False
US,ARCB,2026-05-26,129.37510681152344,134.8471256863653,4.0579425382554914,120.73109390997877,113.48024626754165,87.00642488479615,7.159723830540243,20.06710700247809,4.0579425382554914,False,False,5,C,4,False,False,True,True,2026-05-29,3.0,136.5687255859375,1.0846770361453417,False,False,0.8518101695383362,0.4898194145731873,True,2026-06-01,134.96015315153153,129.04540772373278,4.382586481772697,0.08381896506204356,True,False,,True,True,True,True,True,30.803963854726014,-0.8217357086949484,7.028717854819429,-0.18750016961731822,14.813438603723593,28.101854742615195,7.943429882273834,False,False
US,SBSW,2025-12-11,12.231306076049805,12.48282523416972,2.0149217296691964,11.37091379457626,10.638004413781818,7.344838726520538,7.566606316934155,45.451671314243455,2.0149217296691964,False,True,7,B,6,False,False,True,True,2025-12-15,2.0,12.641189575195312,1.0966269084748432,False,False,0.7499995415022969,0.01923122772847288,False,2025-12-16,12.641190021811036,12.277884024006777,2.8739857337593464,1.2686614181524947,True,False,,True,True,True,True,True,30.80324025616237,-0.5895351916372471,10.717951691385007,-0.2051280856102562,11.643324041636639,7.5902728952594645,29.182022056675127,False,False
HK,6821.HK,2026-09-03,133.8000030517578,139.6999969482422,4.223331442641533,124.13544261488182,117.81432786754031,93.73226093292236,7.7854964168930785,47.47380169691755,4.223331442641533,False,False,5,C,4,False,False,True,True,2026-09-08,3.0,140.3000030517578,0.694123007834938,False,False,0.6948052720127936,0.6558448121087457,True,2026-09-09,136.3000030517578,129.60000610351562,4.915624943675143,-2.4337823699051686,True,False,,True,True,True,True,True,30.594274405413824,-3.961855491098465,6.223882976421744,-0.8059718828215564,14.746874831025437,17.754949674544473,,False,False
US,COKE,2026-02-12,163.258544921875,168.75104098901028,3.25479240598757,154.41815409208397,152.51098189392832,129.7178660583496,5.724968596969027,7.6374541469802715,3.25479240598757,False,False,4,C,3,False,False,True,True,2026-02-18,3.0,169.83078002929688,1.129743817939101,False,False,0.9427419109056743,0.5712378727078811,True,2026-02-19,167.75639856554335,162.76988573385543,2.9724725103344776,-0.5894140964331607,True,False,,True,True,True,True,True,30.580803781724786,-0.0891796856822058,10.28800221882748,-0.030001853800886453,18.97627660054939,23.268530766369544,26.538253116118348,False,False
US,INTC,2025-09-16,25.270000457763672,26.530000686645508,4.749341109199769,24.20246926054644,23.24766552979538,21.70349994659424,4.41083587680644,12.007249714399881,8.275857867283703,True,True,6,B,5,False,False,True,True,2025-09-18,2.0,30.56999969482422,6.548034360469974,True,True,0.18468451439961509,0.5450451921094234,False,2025-09-19,30.3799991607666,26.530000686645508,12.67280638734535,14.511867223807041,False,False,,True,True,False,False,True,30.513504348886844,-5.431203634334258,2.4077937763932566,-0.4285714993450608,11.882826258804613,22.778144395838517,21.26399331888027,False,False
US,LITE,2025-08-06,110.01000213623047,114.12000274658203,3.60147258274988,103.73064452154863,94.19080236381637,79.07389984130859,6.053522219634333,57.19609256759852,3.60147258274988,True,True,7,B,6,False,False,True,True,2025-08-08,2.0,116.2699966430664,1.286754962143732,True,False,0.980768772271526,0.8341338703258452,True,2025-08-11,116.69000244140625,112.19000244140625,3.85637150214269,2.252015100745508,False,True,7.0,True,True,True,False,True,30.49104557943645,-4.704777940098825,7.906667073567708,-1.220001220703125,-0.7112878684456758,2.2709690985009745,28.0315286405987,False,False
US,ATRC,2026-08-06,39.4900016784668,41.290000915527344,4.359407113463266,36.683176088757726,33.565645101702735,33.185100107192994,7.651533724663717,35.98284724660188,8.545619732815709,False,False,4,C,3,False,False,True,True,2026-08-07,1.0,41.38999938964844,0.5585007883347619,False,False,0.9463411457121856,0.9463411457121856,True,2026-08-10,41.0099983215332,39.45000076293945,3.803944458526444,-0.6781365652351989,True,False,,True,True,True,True,True,30.45599168412705,0.0,8.006423862435932,0.0,8.022436113585151,19.43428809290708,25.62790189316335,False,False
US,CHRD,2026-03-03,109.23493194580078,110.63514338743789,1.265611810827281,101.39491512386772,97.06647347130168,94.52055950164795,7.732159756093693,19.84247509875402,3.371757892922173,False,True,7,B,7,False,False,True,True,2026-03-04,1.0,110.84905242919922,1.2154571159283694,True,False,0.7792972009632123,0.7050789166249443,True,2026-03-05,111.8214103232122,106.96933767136254,4.339126682291951,1.0722333785206706,True,False,,True,True,True,True,True,30.419416396163946,-0.0347834048063822,7.010492807298318,-0.00801622246898973,8.521746810178676,14.743077286938334,20.349308380504993,False,False
HK,1357.HK,2025-06-09,6.535376071929932,6.865900048314572,4.813993417596817,6.076521342081074,5.583324271647702,3.766500426530838,7.551273237060818,28.3296286531058,4.813993417596817,True,True,7,B,6,False,False,True,True,2025-06-10,1.0,7.205422401428223,2.3803133274426616,True,True,0.9139785607821362,0.7204303225419421,True,2025-06-11,7.195711073494705,6.380003494275002,11.336024624784475,4.8036094737658575,False,False,,True,True,True,False,True,30.36437914254284,-2.0242863916206333,2.6785738517324496,-0.17857110041864635,3.238873032933487,11.875843387110097,28.205136792619932,False,False
US,ATI,2026-02-02,121.7699966430664,127.11000061035156,4.201088774796433,121.03177638014685,113.79447357700062,88.59045022964477,0.6099392118321889,17.755863597369803,4.201088774796433,False,False,7,B,6,False,False,True,True,2026-02-03,1.0,128.33999633789062,3.4354842871149183,True,True,0.39861092052344,0.02361085429606392,True,2026-02-04,129.0500030517578,122.5999984741211,4.998066195356717,1.5262390308322216,True,False,,True,True,True,True,True,30.29058149050401,-4.447892566776557,6.06046024733415,-0.8899227006854622,6.191390968949051,15.125923138980557,25.39326113717173,False,False
US,SITM,2025-08-25,231.6300048828125,243.35499572753906,4.818060467455493,216.65454218084088,208.730436796177,197.10072521209716,6.912138813813407,5.958727514259055,13.628901779095878,True,True,3,C,3,False,False,True,True,2025-08-26,1.0,245.94000244140625,1.2973924364986558,True,False,0.8238843277160504,0.8045835262155723,True,2025-08-27,245.0,232.27999877929688,5.191837232940051,0.6759689759164411,True,True,3.0,False,False,False,False,True,30.204081632653068,-9.338777503188778,5.817609504593231,-1.798742349613372,-8.371426329320785,0.23265605070152962,19.873470384247447,False,False
TSX,DML.TO,2025-09-12,3.299999952316284,3.450000047683716,4.3478287911369655,3.130632423105665,2.90919276565095,2.5078499990701677,5.410010065717086,40.89850118547411,4.3478287911369655,False,True,7,B,5,False,False,True,True,2025-09-15,1.0,3.5299999713897705,1.4626376937657992,True,False,0.8484849579516227,0.7878789411322717,True,2025-09-16,3.549999952316284,3.25,8.450702995658968,2.8985479203023967,False,False,,True,True,True,True,True,30.140843594790766,-4.225348139821284,3.5666670110491134,-0.49999960263563836,8.169013119670886,9.295779339639632,26.47886849092924,False,False
US,ZYME,2024-10-09,12.729999542236328,13.270000457763672,4.0693360730927015,12.3682362366084,11.690951633861859,10.373149986267089,2.9249385175645015,24.945946739176094,4.0693360730927015,True,True,9,A,7,False,False,True,True,2024-10-14,3.0,13.300000190734863,0.5306156405990017,False,False,0.5652190138158658,0.39130579005854743,True,2024-10-15,13.34000015258789,13.170000076293945,1.274363375932692,0.5275033339073198,True,True,4.0,True,True,True,True,True,30.134935620550294,-7.1214377691055875,23.647050903746255,-5.588231664217034,-1.2743633759326967,-0.749628038424921,29.910042919633128,False,False
US,NTRA,2024-11-06,126.97000122070312,133.53900146484375,4.919162321181514,123.88313657284077,122.38513112252959,103.7694002532959,2.49175532139303,6.170301184694904,4.919162321181514,False,True,6,B,5,False,False,True,True,2024-11-08,2.0,134.11000061035156,1.4118363524592519,True,False,0.955284288093488,0.5569118928658932,True,2024-11-11,135.0,129.41000366210938,4.14073802806713,1.094061299792548,True,False,,True,True,True,True,True,30.096299913194446,-1.4740781430844896,7.268341949959874,-0.3559940602599728,8.192590784143515,23.896292227285887,24.296298556857643,False,False
US,ANNX,2026-01-05,5.21999979019165,5.480000019073486,4.744529707607458,4.852693912908508,4.280861690510313,2.7825500059127806,7.569112824241442,60.56674487813787,7.77385281064341,False,False,4,C,3,False,False,True,True,2026-01-07,2.0,5.53000020980835,1.054762240438259,False,False,0.6825400429607495,0.6825400429607495,True,2026-01-08,5.519999980926514,5.099999904632568,7.608697060601252,0.7299263086460783,True,False,,True,True,True,True,True,30.072461107753192,-7.246378564303779,3.9523798711177514,-0.9523810064441124,21.014490061962054,26.08695764848099,1.99275604881326,False,False
US,ASX,2025-10-13,11.613175392150879,11.781482500373604,1.4285732565268268,11.186865652112356,10.779226842785583,9.748445134162903,3.8108059334566624,7.2355122255997495,1.4285732565268268,False,False,6,B,6,False,False,True,True,2025-10-15,2.0,11.811184883117676,1.3110079053605765,True,False,0.7619073569482266,0.3809536784741176,True,2025-10-16,12.484411914705435,11.652778535195358,6.66137408146949,5.966391872241372,False,False,,True,True,True,True,True,29.976208486884094,-2.379059596084776,4.500003771034485,-0.3571424704555791,-1.1895304878794533,14.43299413436585,18.873911194199344,False,False
US,NESR,2026-01-02,15.789999961853027,15.829999923706055,0.252684535981114,14.92550054182496,13.82340837306853,9.11517499923706,5.792096671100078,53.02720903714351,0.315657766750049,True,False,9,A,8,False,False,True,True,2026-01-05,1.0,16.1200008392334,1.2245458289479705,True,False,0.7337294000537218,0.15384754290409303,True,2026-01-06,16.209999084472656,15.5,4.380006937525092,2.400500079583301,False,False,,True,True,True,True,True,29.858114904053657,-0.6785854979368677,6.816910413599682,-0.15492795048409108,9.80876151998633,13.170884327358934,28.624315601853834,False,False
TSX,RBY.TO,2026-02-26,2.740000009536743,2.75,0.3636360168457031,2.6289698647967272,2.5424945372903265,2.2345500093698503,4.223332729171503,7.386091127827843,0.3636360168457031,True,True,8,A,8,False,False,True,True,2026-03-02,2.0,2.8499999046325684,0.6095096266354643,False,False,0.44444326707074133,0.11111081676768533,True,2026-03-03,2.8499999046325684,2.75,3.5087687010102084,3.6363601684570312,False,True,6.0,True,True,True,False,True,29.824567420844605,-3.508768701010212,8.500009536752259,-1.0,7.719299507786914,9.824569093957503,27.71930620023848,False,False
US,EAT,2025-01-15,143.63999938964844,144.10000610351562,0.3192274076218548,136.40874267170636,125.87805863652925,83.12499998092652,5.301168074941853,61.99636646054536,2.7158785456146353,False,True,9,A,8,False,False,True,True,2025-01-17,2.0,144.1199951171875,0.7074376580422235,False,False,0.3007486017496056,0.5037659543955256,False,2025-01-21,148.0800018310547,143.32000732421875,3.21447491084356,2.7619677716599123,False,False,,True,True,True,True,True,29.808210996653028,-1.0669920391122911,9.27311981689432,-0.33193354084455573,2.5256654827915614,27.72825300572277,12.797134463749082,False,False
TSX,DPM.TO,2026-07-30,52.25163650512695,53.10085273625265,1.5992515889409131,49.26225976953599,48.13775838040775,45.24489637374878,6.0682899030133575,8.36062501108341,12.807327331375564,False,False,2,C,3,False,False,True,True,2026-08-04,2.0,53.49049377441406,1.223227987456353,True,False,0.9362325795337443,0.527536610069042,True,2026-08-05,55.84830956568657,50.26348093446386,9.999995836318124,5.174035232692598,False,False,,True,True,True,False,True,29.76743865255207,-1.0196774226568395,2.976745104677171,-0.10196778472182562,11.41323484732193,11.270123018636458,5.43828184739632,False,False
US,CLS,2025-06-09,122.6500015258789,124.66999816894531,1.6202748638281264,113.98462759008981,104.76502327982188,86.97545011520386,7.602230334910964,43.84314552129853,14.985791991626757,True,True,6,B,6,False,False,True,True,2025-06-11,2.0,127.69000244140625,1.538736592857877,True,True,0.7556741670316686,0.6381836146394629,True,2025-06-12,126.3499984741211,122.02999877929688,3.4190738005501737,1.3475578165158542,True,False,,True,True,True,True,True,29.75860619564812,-1.2900651152376708,8.703703965342767,-0.3773142056863718,7.8353792207655815,18.836561701453427,27.447566857136852,False,False
HK,9900.HK,2025-12-16,5.260000228881836,5.510000228881836,4.537204893197135,4.94132610233722,4.353598918410831,2.4555374974012376,6.449162025430488,132.51270924610878,4.537204893197135,False,True,6,B,5,False,False,True,True,2025-12-18,2.0,5.550000190734863,1.0897814557787504,False,False,0.5593225681311221,0.4406782400672421,True,2025-12-19,5.550000190734863,5.21999979019165,5.945952958598336,0.7259520905890104,True,False,,True,True,True,True,True,29.729721834690626,-3.783784341080665,4.999992775203342,-0.6363629795639402,9.729728708018781,7.027024379866864,24.864857480681213,False,False
US,CVNA,2024-10-23,39.46799850463867,39.61800003051758,0.37861963189297976,37.062989953084085,33.72423777268876,22.21370999336243,6.488976077210573,51.3363696218603,1.57605983424236,False,True,8,B,8,False,False,True,True,2024-10-24,1.0,40.04399871826172,1.2223254341496332,True,False,0.5629521672283823,0.1917506479740976,True,2024-10-25,40.0,39.26599884033203,1.835002899169922,0.9642081104249911,True,False,,True,True,True,True,True,29.69499588012696,-1.2150001525878862,16.182533495483696,-0.6621243776440384,23.65500450134277,20.714998245239258,24.18999671936035,False,False
HK,6185.HK,2025-07-23,39.29999923706055,40.5,2.9629648467640815,37.15178328742923,35.502078356751475,31.852000026702882,5.782268735288909,8.017481147651239,6.872041406278178,False,False,3,C,3,False,False,True,True,2025-07-24,1.0,42.849998474121094,5.712142176576126,True,True,0.6320752747841997,0.6320752747841997,True,2025-07-25,42.95000076293945,39.5,8.032597675565999,6.049384599850494,False,False,,True,True,True,True,True,29.685680497127432,-1.62980384285224,3.69565135664979,-0.20289872699710415,4.307330480229976,16.088474329841198,13.667051985130229,False,False
US,JBL,2026-04-07,272.7294921875,283.6346579752073,3.8447931101073403,263.83955779484467,256.29503003648995,227.42597877502442,3.369447124213254,26.0340571007742,3.8447931101073403,True,False,8,A,6,False,False,True,True,2026-04-08,1.0,287.01318359375,0.953176072145867,False,False,0.558069585017864,0.5282640128217618,True,2026-04-09,287.0131867465545,281.58555886641227,1.8910726512838067,1.1911551273266818,True,False,,True,True,True,True,True,29.682376917111796,-0.09055156103663364,15.696053188099944,-0.04788370292128298,6.202544584250447,17.155384956412757,29.67192947758972,False,False
TSX,CLS.TO,2025-07-24,223.80999755859375,229.5500030517578,2.500546903443009,214.07857566624105,192.4367193171408,145.20930030822754,4.545724326718448,65.39701605371782,5.75627354509005,False,True,6,B,5,False,False,True,True,2025-07-25,1.0,233.2899932861328,0.8824235503273402,False,False,0.980837863767189,0.980837863767189,True,2025-07-28,232.3000030517578,225.10000610351562,3.0994390243886416,1.197996063358775,True,False,,True,True,True,True,True,29.655617083353782,-0.5596224858715027,9.568059526256784,-0.18055605594043983,15.73396580783266,21.519588823262303,15.05811247008262,False,False
US,CDE,2025-08-05,9.739063262939453,9.95881737182319,2.2066285652099125,9.13762018237159,8.741916918829743,6.96228166103363,6.582053845137659,67.13062992844887,2.2066285652099125,False,False,6,B,5,False,False,True,True,2025-08-07,2.0,11.26734733581543,2.750720030593831,True,True,0.9788727570185718,0.866196814190672,True,2025-08-08,11.367234782871826,9.87890706183547,13.093137860396546,14.14241629767725,False,False,,True,True,False,False,True,29.613357104747084,-4.042179942168723,2.2617463758874834,-0.30872507303198143,1.8453466075222469,2.54833444798388,28.91037007561723,False,False
TSX,III.TO,2025-05-21,3.819999933242798,3.890000104904175,1.7994902255433567,3.541338891838466,3.1356730483864093,2.3318999975919725,7.868804706788923,53.94401924165262,3.5353561503925115,False,False,6,B,6,False,False,True,True,2025-05-22,1.0,4.300000190734863,3.2234206471494606,True,True,0.9629630120202656,0.9629630120202656,True,2025-05-23,4.269999980926514,3.7799999713897705,11.475410110667541,9.768634081610127,False,False,,True,True,True,False,True,29.5082022133508,-1.8735345213911736,2.5714289884873023,-0.16326514724293248,8.430916513406883,22.482436590987277,7.0257656223635,False,False
US,WDS,2026-02-23,18.214101791381836,18.50849134255364,1.590564815485316,17.262480713606745,16.398876032014662,15.302314696311951,5.512655414728407,9.936778906687472,2.2426122081389868,False,True,6,B,6,False,False,True,True,2026-02-24,1.0,18.584461212158203,0.8007769981747241,False,False,0.8888865341414891,0.25925768942765476,True,2026-02-25,18.983310563672823,18.356547747322942,3.3016518075054737,2.565412881748541,False,False,,True,True,True,True,True,29.506791507445797,-1.7008461166304834,8.936978587617732,-0.5151500569393889,7.653826527477592,10.021641098061608,25.136772524026597,False,False
US,PAM,2024-11-05,67.69000244140625,69.58999633789062,2.7302687116967976,65.75832205317107,61.72897251357873,49.51134992599487,2.9375451318135237,41.578699850538435,2.7302687116967976,True,True,9,A,8,False,False,True,True,2024-11-08,3.0,70.16000366210938,1.7942929200479998,True,True,0.6613758749586236,0.13491922527308398,False,2024-11-11,69.87000274658203,67.66000366210938,3.1630155969627,0.40236589082696117,True,False,,True,True,True,True,True,29.383137215206688,-1.3882942358272254,9.28959605618827,-0.43891476133103646,9.317295335521369,21.554310815209554,25.74781330554561,False,False
